 KEGG:hsa04740	Olfactory transduction	0.0	0	OR10G3|OR10G4|OR10G8|OR10G9|OR10H1|OR10H3|OR10H4|OR10J1|OR10J3|OR10J5|OR11A1|OR12D3|OR13F1|OR14A16|OR14I1|OR1C1|OR1D5|OR1E1|OR1E2|OR1J4|OR1K1|OR1L1|OR1L4|OR1M1|OR1N1|OR1S2|OR2A12|OR2A14|OR2A2|OR2B6|OR2D3|OR2G6|OR2S2|OR2T10|OR2T12|OR2T2|OR2T33|OR4A16|OR4B1|OR4C3|OR4D10|OR4D9|OR4F17|OR4K15|OR4K2|OR4L1|OR4M1|OR4N5|OR4S1|OR4X2|OR52W1|OR5AP2|OR5AS1|OR5B12|OR5D13|OR5H6|OR5I1|OR5M9|OR5R1|OR6C3|OR6C4|OR6C6|OR6C70|OR6S1|OR6V1|OR6X1|OR7A10|OR7A5|OR7C1|OR7C2|OR7D2|OR7D4|OR8D1|OR8G5|OR8H1|OR9A2|OR9A4|SLC8A1|SLC8A2|SLC8A3
 REACT:R-HSA-162582	Signal Transduction	0.0	0	ADORA3|ANXA1|APH1A|AR|AVPR2|CSF2RA|GRP|HRH4|IL2RB|IL2RG|ITGB1|KALRN|LRAT|MC3R|MC4R|NR3C1|OR10G3|OR10G4|OR10G8|OR10G9|OR10H1|OR10H3|OR10H4|OR10J1|OR10J3|OR10J5|OR11A1|OR12D3|OR13F1|OR14A16|OR14I1|OR1C1|OR1D5|OR1E1|OR1E2|OR1J4|OR1K1|OR1L1|OR1L4|OR1M1|OR1N1|OR1S2|OR2A12|OR2A14|OR2A2|OR2B6|OR2D3|OR2G6|OR2S2|OR2T10|OR2T12|OR2T2|OR2T33|OR4A16|OR4B1|OR4C3|OR4D10|OR4D9|OR4F17|OR4K15|OR4K2|OR4L1|OR4M1|OR4N5|OR4S1|OR4X2|OR52W1|OR5AP2|OR5AS1|OR5B12|OR5D13|OR5H6|OR5I1|OR5M9|OR5R1|OR6C3|OR6C4|OR6C6|OR6C70|OR6S1|OR6V1|OR6X1|OR7A10|OR7A5|OR7C1|OR7C2|OR7D2|OR7D4|OR8D1|OR8G5|OR8H1|OR9A2|OR9A4|RBP3|RDH8|RLBP1|TBXA2R
 REACT:R-HSA-372790	Signaling by GPCR	0.0	0	ADORA3|ANXA1|AVPR2|CSF2RA|GRP|HRH4|IL2RB|IL2RG|KALRN|MC3R|MC4R|OR10G3|OR10G4|OR10G8|OR10G9|OR10H1|OR10H3|OR10H4|OR10J1|OR10J3|OR10J5|OR11A1|OR12D3|OR13F1|OR14A16|OR14I1|OR1C1|OR1D5|OR1E1|OR1E2|OR1J4|OR1K1|OR1L1|OR1L4|OR1M1|OR1N1|OR1S2|OR2A12|OR2A14|OR2A2|OR2B6|OR2D3|OR2G6|OR2S2|OR2T10|OR2T12|OR2T2|OR2T33|OR4A16|OR4B1|OR4C3|OR4D10|OR4D9|OR4F17|OR4K15|OR4K2|OR4L1|OR4M1|OR4N5|OR4S1|OR4X2|OR52W1|OR5AP2|OR5AS1|OR5B12|OR5D13|OR5H6|OR5I1|OR5M9|OR5R1|OR6C3|OR6C4|OR6C6|OR6C70|OR6S1|OR6V1|OR6X1|OR7A10|OR7A5|OR7C1|OR7C2|OR7D2|OR7D4|OR8D1|OR8G5|OR8H1|OR9A2|OR9A4|TBXA2R
 REACT:R-HSA-381753	Olfactory Signaling Pathway	0.0	0	OR10G3|OR10G4|OR10G8|OR10G9|OR10H1|OR10H3|OR10H4|OR10J1|OR10J3|OR10J5|OR11A1|OR12D3|OR13F1|OR14A16|OR14I1|OR1C1|OR1D5|OR1E1|OR1E2|OR1J4|OR1K1|OR1L1|OR1L4|OR1M1|OR1N1|OR1S2|OR2A12|OR2A14|OR2A2|OR2B6|OR2D3|OR2G6|OR2S2|OR2T10|OR2T12|OR2T2|OR2T33|OR4A16|OR4B1|OR4C3|OR4D10|OR4D9|OR4F17|OR4K15|OR4K2|OR4L1|OR4M1|OR4N5|OR4S1|OR4X2|OR52W1|OR5AP2|OR5AS1|OR5B12|OR5D13|OR5H6|OR5I1|OR5M9|OR5R1|OR6C3|OR6C4|OR6C6|OR6C70|OR6S1|OR6V1|OR6X1|OR7A10|OR7A5|OR7C1|OR7C2|OR7D2|OR7D4|OR8D1|OR8G5|OR8H1|OR9A2|OR9A4
 REACT:R-HSA-388396	GPCR downstream signaling	0.0	0	ADORA3|ANXA1|AVPR2|CSF2RA|GRP|HRH4|IL2RB|IL2RG|KALRN|MC3R|MC4R|OR10G3|OR10G4|OR10G8|OR10G9|OR10H1|OR10H3|OR10H4|OR10J1|OR10J3|OR10J5|OR11A1|OR12D3|OR13F1|OR14A16|OR14I1|OR1C1|OR1D5|OR1E1|OR1E2|OR1J4|OR1K1|OR1L1|OR1L4|OR1M1|OR1N1|OR1S2|OR2A12|OR2A14|OR2A2|OR2B6|OR2D3|OR2G6|OR2S2|OR2T10|OR2T12|OR2T2|OR2T33|OR4A16|OR4B1|OR4C3|OR4D10|OR4D9|OR4F17|OR4K15|OR4K2|OR4L1|OR4M1|OR4N5|OR4S1|OR4X2|OR52W1|OR5AP2|OR5AS1|OR5B12|OR5D13|OR5H6|OR5I1|OR5M9|OR5R1|OR6C3|OR6C4|OR6C6|OR6C70|OR6S1|OR6V1|OR6X1|OR7A10|OR7A5|OR7C1|OR7C2|OR7D2|OR7D4|OR8D1|OR8G5|OR8H1|OR9A2|OR9A4|TBXA2R
 REACT:R-HSA-383280	Nuclear Receptor transcription pathway	3.92009177256e-05	0.0154386	AR|NR0B1|NR1I2|NR3C1|NR3C2|VDR
