 KEGG:hsa04080	Neuroactive ligand-receptor interaction	1.05669766106e-05	0.0113255	AVPR2|PTGER1|PTGER3|TRPV1
 REACT:R-HSA-391908	Prostanoid ligand receptors	1.12381996992e-05	0.0113255	PTGER1|PTGER3
 REACT:R-HSA-372790	Signaling by GPCR	1.50016432018e-05	0.0113255	AVPR2|GPR31|OR10S1|OR4K5|PTGER1|PTGER3
 REACT:R-HSA-373076	Class A/1 (Rhodopsin-like receptors)	1.91713879805e-05	0.0113255	AVPR2|GPR31|PTGER1|PTGER3
 REACT:R-HSA-391903	Eicosanoid ligand-binding receptors	3.27215778327e-05	0.0154642	PTGER1|PTGER3
 REACT:R-HSA-500792	GPCR ligand binding	7.40710231272e-05	0.0291716	AVPR2|GPR31|PTGER1|PTGER3
 REACT:R-HSA-388396	GPCR downstream signaling	9.27299524346e-05	0.031303	AVPR2|OR10S1|OR4K5|PTGER1|PTGER3
