 KEGG:hsa04060	Cytokine-cytokine receptor interaction	8.67751748235e-08	0.00020505	CD27|CRLF2|CSF1|CSF2RA|EDA2R|FAS|FLT1|IFNAR2|IFNLR1|IL10RA|IL12RB1|IL5RA|IL6ST|PRLR|RELT|TNFRSF18|TNFRSF25|TNFRSF4|TNFRSF6B|VEGFC
 REACT:R-HSA-168256	Immune System	2.03018078526e-06	0.00239866	ANAPC10|BCL6|BTNL8|C8A|CD27|CD3D|CD44|CD68|CLEC12A|CLEC2B|CLEC2D|CLEC5A|CLEC6A|CLEC7A|CSF1|CSF2RA|EBI3|EDA2R|FBXO44|FBXO6|FGF1|FGF2|FGF20|FOXO1|GAB2|GATA3|IFNAR2|IFNLR1|IL10RA|IL12RB1|IL1RN|IL5RA|IL6ST|KLRB1|KLRC1|KLRC2|KLRC4-KLRK1|KLRD1|KLRF1|KLRG1|LAMP1|LAT|MEF2A|MEF2C|MUC15|MUC7|NCAM1|NFAM1|NLRP1|NRG1|NRG2|OLR1|PELI3|PRG2|PRG3|PRLR|RNF135|SERPINB6|SIGLEC7|SLAMF6|STAT5A|TNFRSF18|TNFRSF25|TNFRSF4|TNFRSF6B|TNRC6A
 REACT:R-HSA-5669034	TNFs bind their physiological receptors	1.32508483873e-05	0.00908725	CD27|EDA2R|TNFRSF18|TNFRSF25|TNFRSF4|TNFRSF6B
 REACT:R-HSA-1280215	Cytokine Signaling in Immune system	1.53825582732e-05	0.00908725	BCL6|CD27|CD44|CSF1|CSF2RA|EBI3|EDA2R|FGF1|FGF2|FGF20|FOXO1|GAB2|GATA3|IFNAR2|IFNLR1|IL10RA|IL12RB1|IL1RN|IL5RA|IL6ST|LAT|NCAM1|NRG1|NRG2|PELI3|PRLR|STAT5A|TNFRSF18|TNFRSF25|TNFRSF4|TNFRSF6B
 REACT:R-HSA-198933	Immunoregulatory interactions between a Lymphoid and a non-Lymphoid cell	2.5961294579e-05	0.0122693	CD3D|CLEC2B|CLEC2D|KLRB1|KLRC1|KLRC4-KLRK1|KLRD1|KLRF1|KLRG1|SIGLEC7|SLAMF6
