 KEGG:hsa04060	Cytokine-cytokine receptor interaction	0.0	0	CSF2RA|IFNA1|IFNA10|IFNA13|IFNA14|IFNA16|IFNA17|IFNA2|IFNA21|IFNA4|IFNA5|IFNA6|IFNA7|IFNA8|IFNAR2|IFNB1|IFNLR1|IL10RA|IL10RB|IL12RB1|IL13RA1|IL24|IL5RA|IL6ST|RELT|TNFRSF11A|TNFRSF18|VEGFA
 KEGG:hsa04622	RIG-I-like receptor signaling pathway	0.0	0	IFNA1|IFNA10|IFNA13|IFNA14|IFNA16|IFNA17|IFNA2|IFNA21|IFNA4|IFNA5|IFNA6|IFNA7|IFNA8|IFNB1
 KEGG:hsa04623	Cytosolic DNA-sensing pathway	0.0	0	IFNA1|IFNA10|IFNA13|IFNA14|IFNA16|IFNA17|IFNA2|IFNA21|IFNA4|IFNA5|IFNA6|IFNA7|IFNA8|IFNB1
 KEGG:hsa04630	Jak-STAT signaling pathway	0.0	0	CSF2RA|IFNA1|IFNA10|IFNA13|IFNA14|IFNA16|IFNA17|IFNA2|IFNA21|IFNA4|IFNA5|IFNA6|IFNA7|IFNA8|IFNAR2|IFNB1|IFNLR1|IL10RA|IL10RB|IL12RB1|IL13RA1|IL24|IL27RA|IL5RA|IL6ST
 KEGG:hsa05320	Autoimmune thyroid disease	0.0	0	IFNA1|IFNA10|IFNA13|IFNA14|IFNA16|IFNA17|IFNA2|IFNA21|IFNA4|IFNA5|IFNA6|IFNA7|IFNA8
 REACT:R-HSA-168928	RIG-I/MDA5 mediated induction of IFN-alpha/beta pathways	0.0	0	IFNA1|IFNA10|IFNA13|IFNA14|IFNA16|IFNA17|IFNA2|IFNA21|IFNA4|IFNA5|IFNA6|IFNA7|IFNA8|IFNB1|RNF216
 REACT:R-HSA-428790	Facilitative Na+-independent glucose transporters	0.0	0	SLC2A1|SLC2A10|SLC2A11|SLC2A14|SLC2A2|SLC2A3|SLC2A5|SLC2A6|SLC2A8|SLC2A9
 REACT:R-HSA-432047	Passive transport by Aquaporins	0.0	0	AQP1|AQP10|AQP12A|AQP2|AQP3|AQP4|AQP5|AQP6|AQP7|AQP9|MIP
 REACT:R-HSA-909733	Interferon alpha/beta signaling	0.0	0	IFNA1|IFNA10|IFNA13|IFNA14|IFNA16|IFNA17|IFNA2|IFNA21|IFNA4|IFNA5|IFNA6|IFNA7|IFNA8|IFNAR2|IFNB1
 REACT:R-HSA-912694	Regulation of IFNA signaling	0.0	0	IFNA1|IFNA10|IFNA13|IFNA14|IFNA16|IFNA17|IFNA2|IFNA21|IFNA4|IFNA5|IFNA6|IFNA7|IFNA8|IFNAR2|IFNB1
 REACT:R-HSA-933541	TRAF6 mediated IRF7 activation	0.0	0	IFNA1|IFNA10|IFNA13|IFNA14|IFNA16|IFNA17|IFNA2|IFNA21|IFNA4|IFNA5|IFNA6|IFNA7|IFNA8|IFNB1
 KEGG:hsa04620	Toll-like receptor signaling pathway	5.62219160116e-11	1.1071e-08	IFNA1|IFNA10|IFNA13|IFNA14|IFNA16|IFNA17|IFNA2|IFNA21|IFNA4|IFNA5|IFNA6|IFNA7|IFNA8|IFNAR2|IFNB1
 REACT:R-HSA-425366	"Transport of glucose and other sugars bile salts and organic acids metal ions and amine compounds"	6.6331273807e-11	1.2057e-08	SLC13A3|SLC22A6|SLC22A8|SLC2A1|SLC2A10|SLC2A11|SLC2A14|SLC2A2|SLC2A3|SLC2A5|SLC2A6|SLC2A8|SLC2A9|SLC30A8|SLC39A8
 KEGG:hsa05160	Hepatitis C	1.95615745824e-10	3.30171e-08	CLDN7|IFNA1|IFNA10|IFNA13|IFNA14|IFNA16|IFNA17|IFNA2|IFNA21|IFNA4|IFNA5|IFNA6|IFNA7|IFNA8|IFNAR2|IFNB1
 KEGG:hsa04650	Natural killer cell mediated cytotoxicity	2.22384888282e-10	3.5033e-08	IFNA1|IFNA10|IFNA13|IFNA14|IFNA16|IFNA17|IFNA2|IFNA21|IFNA4|IFNA5|IFNA6|IFNA7|IFNA8|IFNAR2|IFNB1|LAT
 REACT:R-HSA-382551	Transmembrane transport of small molecules	2.80549583564e-10	4.14337e-08	AQP1|AQP10|AQP12A|AQP2|AQP3|AQP4|AQP5|AQP6|AQP7|AQP9|ASIC3|ATP6V0A1|CLCN2|DMTN|ERLEC1|MIP|OS9|SLC13A3|SLC22A6|SLC22A8|SLC28A1|SLC2A1|SLC2A10|SLC2A11|SLC2A14|SLC2A2|SLC2A3|SLC2A5|SLC2A6|SLC2A8|SLC2A9|SLC30A8|SLC35A3|SLC39A8|TRPC4
 REACT:R-HSA-445717	Aquaporin-mediated transport	3.59528296023e-10	4.99744e-08	AQP1|AQP10|AQP12A|AQP2|AQP3|AQP4|AQP5|AQP6|AQP7|AQP9|MIP
 KEGG:hsa05162	Measles	2.34357133699e-09	3.07659e-07	IFNA1|IFNA10|IFNA13|IFNA14|IFNA16|IFNA17|IFNA2|IFNA21|IFNA4|IFNA5|IFNA6|IFNA7|IFNA8|IFNAR2|IFNB1
 KEGG:hsa05152	Tuberculosis	2.59879107123e-09	3.23208e-07	ATP6V0A1|IFNA1|IFNA10|IFNA13|IFNA14|IFNA16|IFNA17|IFNA2|IFNA21|IFNA4|IFNA5|IFNA6|IFNA7|IFNA8|IFNB1|IL10RA|IL10RB
 REACT:R-HSA-1280215	Cytokine Signaling in Immune system	6.41554798175e-09	7.57997e-07	CD44|CRLF1|CSF2RA|EBI3|IFNA1|IFNA10|IFNA13|IFNA14|IFNA16|IFNA17|IFNA2|IFNA21|IFNA4|IFNA5|IFNA6|IFNA7|IFNA8|IFNAR2|IFNB1|IFNLR1|IL10RA|IL10RB|IL12RB1|IL13RA1|IL1RN|IL24|IL27RA|IL5RA|IL6ST|LAT|NRG1|TNFRSF11A|TNFRSF18|TRIM17|VEGFA
 REACT:R-HSA-913531	Interferon Signaling	1.77648805666e-08	1.99897e-06	CD44|IFNA1|IFNA10|IFNA13|IFNA14|IFNA16|IFNA17|IFNA2|IFNA21|IFNA4|IFNA5|IFNA6|IFNA7|IFNA8|IFNAR2|IFNB1|TRIM17
 KEGG:hsa05168	Herpes simplex infection	3.24063932355e-08	3.48074e-06	IFNA1|IFNA10|IFNA13|IFNA14|IFNA16|IFNA17|IFNA2|IFNA21|IFNA4|IFNA5|IFNA6|IFNA7|IFNA8|IFNAR2|IFNB1|MCRS1
 KEGG:hsa05161	Hepatitis B	5.59588287929e-08	5.74916e-06	IFNA1|IFNA10|IFNA13|IFNA14|IFNA16|IFNA17|IFNA2|IFNA21|IFNA4|IFNA5|IFNA6|IFNA7|IFNA8|IFNB1
 KEGG:hsa04621	NOD-like receptor signaling pathway	6.80401975872e-08	6.69912e-06	IFNA1|IFNA10|IFNA13|IFNA14|IFNA16|IFNA17|IFNA2|IFNA21|IFNA4|IFNA5|IFNA6|IFNA7|IFNA8|IFNAR2|IFNB1
 KEGG:hsa05164	Influenza A	8.58897687417e-08	8.1183e-06	IFNA1|IFNA10|IFNA13|IFNA14|IFNA16|IFNA17|IFNA2|IFNA21|IFNA4|IFNA5|IFNA6|IFNA7|IFNA8|IFNAR2|IFNB1
 REACT:R-HSA-983231	Factors involved in megakaryocyte development and platelet production	1.66152082315e-07	1.51007e-05	IFNA1|IFNA10|IFNA13|IFNA14|IFNA16|IFNA17|IFNA2|IFNA21|IFNA4|IFNA5|IFNA6|IFNA7|IFNA8|IFNB1
 REACT:R-HSA-425407	SLC-mediated transmembrane transport	2.56318016845e-06	0.000224326	SLC13A3|SLC22A6|SLC22A8|SLC28A1|SLC2A1|SLC2A10|SLC2A11|SLC2A14|SLC2A2|SLC2A3|SLC2A5|SLC2A6|SLC2A8|SLC2A9|SLC30A8|SLC35A3|SLC39A8
 REACT:R-HSA-168256	Immune System	6.07181852563e-06	0.000512418	AGL|ANAPC10|ATP6V0A1|BTNL8|CD44|CD68|CHI3L1|CRLF1|CRP|CSF2RA|DCTN4|EBI3|FBXO44|FCAR|FCER1A|IFNA1|IFNA10|IFNA13|IFNA14|IFNA16|IFNA17|IFNA2|IFNA21|IFNA4|IFNA5|IFNA6|IFNA7|IFNA8|IFNAR2|IFNB1|IFNLR1|IL10RA|IL10RB|IL12RB1|IL13RA1|IL1RN|IL24|IL27RA|IL5RA|IL6ST|LAMTOR1|LAT|MGRN1|NFAM1|NRG1|OLR1|PGM1|RNF216|SEMG1|SLC2A3|SLC2A5|STIM1|TNFRSF11A|TNFRSF18|TNRC6A|TRIM17|VEGFA|WIPF1
 REACT:R-HSA-428776	Class II GLUTs	1.50697879358e-05	0.00122793	SLC2A11|SLC2A5|SLC2A9
 REACT:R-HSA-1980148	Signaling by NOTCH3	1.78249643962e-05	0.00135872	APH1A|APH1B|DLL4|JAG2
 REACT:R-HSA-1980150	Signaling by NOTCH4	1.78249643962e-05	0.00135872	APH1A|APH1B|DLL4|JAG2
 KEGG:hsa04151	PI3K-Akt signaling pathway	2.60221845587e-05	0.00192158	COMP|IFNA1|IFNA10|IFNA13|IFNA14|IFNA16|IFNA17|IFNA2|IFNA21|IFNA4|IFNA5|IFNA6|IFNA7|IFNA8|IFNAR2|IFNB1|VEGFA
 REACT:R-HSA-109582	Hemostasis	6.1409694997e-05	0.00439731	CD44|CSF2RA|GYPB|IFNA1|IFNA10|IFNA13|IFNA14|IFNA16|IFNA17|IFNA2|IFNA21|IFNA4|IFNA5|IFNA6|IFNA7|IFNA8|IFNB1|IL5RA|LAT|OLR1|PDPN|SERPINB8|STIM1|VEGFA
 REACT:R-HSA-196836	Vitamin C (ascorbate) metabolism	0.000201383237451	0.0139961	SLC23A1|SLC2A1|SLC2A3
 REACT:R-HSA-6788467	IL-6-type cytokine receptor ligand interactions	0.000234264335599	0.0158162	CRLF1|EBI3|IL27RA|IL6ST
 REACT:R-HSA-432030	Transport of glycerol from adipocytes to the liver by Aquaporins	0.000245341172388	0.0161039	AQP7|AQP9
 REACT:R-HSA-2979096	NOTCH2 Activation and Transmission of Signal to the Nucleus	0.000285854105019	0.018256	APH1A|APH1B|DLL4|JAG2
 REACT:R-HSA-168249	Innate Immune System	0.000458746735174	0.0285268	AGL|ATP6V0A1|CD44|CD68|CHI3L1|CRP|CSF2RA|FCAR|FCER1A|IFNA1|IFNA10|IFNA13|IFNA14|IFNA16|IFNA17|IFNA2|IFNA21|IFNA4|IFNA5|IFNA6|IFNA7|IFNA8|IFNB1|IL5RA|LAMTOR1|LAT|NFAM1|NRG1|OLR1|PGM1|RNF216|SEMG1|SLC2A3|SLC2A5|TNRC6A|WIPF1
 REACT:R-HSA-6783589	Interleukin-6 family signaling	0.000778786747199	0.0471865	CRLF1|EBI3|IL27RA|IL6ST
