 REACT:R-HSA-372790	Signaling by GPCR	0.0	0	ADORA3|ANXA1|AVPR2|CSF2RA|GPR31|GRP|HRH4|KALRN|MC1R|MC3R|MC4R|OR10H3|OR10H5|OR10J1|OR10J5|OR11L1|OR12D3|OR14A16|OR1A2|OR1C1|OR1D2|OR1D5|OR1E1|OR1E2|OR1F1|OR1J1|OR1J4|OR1N1|OR1S2|OR2T2|OR4C12|OR4C3|OR4K15|OR4K2|OR4S1|OR52W1|OR5AK2|OR5AS1|OR5B12|OR5D13|OR5D14|OR5H6|OR5M9|OR7D2|OR8D1|OR9A4|PPP2R1A|PPP2R1B|PTGER1|PTGER3|TBXA2R
 REACT:R-HSA-388396	GPCR downstream signaling	0.0	0	ADORA3|ANXA1|AVPR2|CSF2RA|GRP|HRH4|KALRN|MC1R|MC3R|MC4R|OR10H3|OR10H5|OR10J1|OR10J5|OR11L1|OR12D3|OR14A16|OR1A2|OR1C1|OR1D2|OR1D5|OR1E1|OR1E2|OR1F1|OR1J1|OR1J4|OR1N1|OR1S2|OR2T2|OR4C12|OR4C3|OR4K15|OR4K2|OR4S1|OR52W1|OR5AK2|OR5AS1|OR5B12|OR5D13|OR5D14|OR5H6|OR5M9|OR7D2|OR8D1|OR9A4|PTGER1|PTGER3|TBXA2R
 KEGG:hsa04740	Olfactory transduction	1.18327569965e-12	8.15961e-10	OR10H3|OR10H5|OR10J1|OR10J5|OR11L1|OR12D3|OR14A16|OR1A2|OR1C1|OR1D2|OR1D5|OR1E1|OR1E2|OR1F1|OR1J1|OR1J4|OR1N1|OR1S2|OR2T2|OR4C12|OR4C3|OR4K15|OR4K2|OR4S1|OR52W1|OR5AK2|OR5AS1|OR5B12|OR5D13|OR5D14|OR5H6|OR5M9|OR7D2|OR8D1|OR9A4|SLC8A1|SLC8A2|SLC8A3
 REACT:R-HSA-162582	Signal Transduction	1.38122846494e-12	8.15961e-10	ADORA3|ANXA1|APH1A|APH1B|AR|AVPR2|CRABP1|CRABP2|CSF2RA|FABP5|GPR31|GRP|HRH4|KALRN|LRAT|MC1R|MC3R|MC4R|NR3C1|NUP107|OR10H3|OR10H5|OR10J1|OR10J5|OR11L1|OR12D3|OR14A16|OR1A2|OR1C1|OR1D2|OR1D5|OR1E1|OR1E2|OR1F1|OR1J1|OR1J4|OR1N1|OR1S2|OR2T2|OR4C12|OR4C3|OR4K15|OR4K2|OR4S1|OR52W1|OR5AK2|OR5AS1|OR5B12|OR5D13|OR5D14|OR5H6|OR5M9|OR7D2|OR8D1|OR9A4|PGR|PPP2R1A|PPP2R1B|PTGER1|PTGER3|RBP1|RBP2|RBP3|RBP4|RDH11|RDH12|RDH13|RDH14|RDH8|RLBP1|TBXA2R
 REACT:R-HSA-381753	Olfactory Signaling Pathway	8.40760794318e-12	3.97344e-09	OR10H3|OR10H5|OR10J1|OR10J5|OR11L1|OR12D3|OR14A16|OR1A2|OR1C1|OR1D2|OR1D5|OR1E1|OR1E2|OR1F1|OR1J1|OR1J4|OR1N1|OR1S2|OR2T2|OR4C12|OR4C3|OR4K15|OR4K2|OR4S1|OR52W1|OR5AK2|OR5AS1|OR5B12|OR5D13|OR5D14|OR5H6|OR5M9|OR7D2|OR8D1|OR9A4
 REACT:R-HSA-163560	Hormone-sensitive lipase (HSL)-mediated triacylglycerol hydrolysis	1.49251722092e-11	5.87803e-09	FABP1|FABP2|FABP3|FABP4|FABP5|FABP6|FABP7|FABP9
 REACT:R-HSA-2453902	The canonical retinoid cycle in rods (twilight vision)	5.4757864909e-11	1.84847e-08	LRAT|RBP1|RBP3|RBP4|RDH11|RDH12|RDH8|RLBP1
 REACT:R-HSA-383280	Nuclear Receptor transcription pathway	1.74357084326e-10	5.15007e-08	AR|NR0B1|NR1I2|NR1I3|NR2C1|NR3C1|NR3C2|NR4A3|PGR|VDR
 REACT:R-HSA-556833	Metabolism of lipids and lipoproteins	1.25591256284e-08	3.29747e-06	CDIPT|CYP11B1|ELOVL1|ELOVL3|ELOVL4|ELOVL7|FABP1|FABP2|FABP3|FABP4|FABP5|FABP6|FABP7|FABP9|HSD3B7|OSBPL10|OSBPL3|OSBPL5|OSBPL6|OSBPL7|OSBPL8|OSBPL9|PTGR2|SRD5A1|SRD5A2|SRD5A3|TECR|TECRL|TMEM86B
 KEGG:hsa_M00415	"Fatty acid biosynthesis elongation endoplasmic reticulum"	1.82277931193e-07	4.30723e-05	ELOVL1|ELOVL3|ELOVL4|ELOVL7|TECR
 REACT:R-HSA-75876	Synthesis of very long-chain fatty acyl-CoAs	4.9846376271e-07	0.000107079	ELOVL1|ELOVL3|ELOVL4|ELOVL7|TECR|TECRL
 REACT:R-HSA-2187338	Visual phototransduction	1.63714156221e-06	0.00032238	LRAT|RBP1|RBP2|RBP3|RBP4|RDH11|RDH12|RDH8|RLBP1
 KEGG:hsa00062	Fatty acid elongation	6.76579626502e-06	0.00110957	ELOVL1|ELOVL3|ELOVL4|ELOVL7|TECR
 REACT:R-HSA-194068	Bile acid and bile salt metabolism	7.04338756163e-06	0.00110957	FABP6|HSD3B7|OSBPL3|OSBPL6|OSBPL7|OSBPL9
 REACT:R-HSA-5362517	Signaling by Retinoic Acid	7.04338756163e-06	0.00110957	CRABP1|CRABP2|FABP5|RDH11|RDH13|RDH14
 KEGG:hsa03320	PPAR signaling pathway	1.38138542294e-05	0.00204013	FABP1|FABP2|FABP3|FABP4|FABP5|FABP6|FABP7
 REACT:R-HSA-75105	Fatty Acyl-CoA Biosynthesis	2.70194430886e-05	0.0037557	ELOVL1|ELOVL3|ELOVL4|ELOVL7|TECR|TECRL
 REACT:R-HSA-192105	Synthesis of bile acids and bile salts	3.27218997498e-05	0.00429566	HSD3B7|OSBPL3|OSBPL6|OSBPL7|OSBPL9
 REACT:R-HSA-73923	"Lipid digestion mobilization and transport"	3.91493850138e-05	0.00486895	FABP1|FABP2|FABP3|FABP4|FABP5|FABP6|FABP7|FABP9
 KEGG:hsa04080	Neuroactive ligand-receptor interaction	5.52709148383e-05	0.00653026	ADORA3|AVPR2|HRH4|MC1R|MC3R|MC4R|NR3C1|PRLR|PTGER1|PTGER3|TBXA2R|TRPV1
 REACT:R-HSA-2453864	Retinoid cycle disease events	0.000105342391892	0.0105232	RBP1|RBP4|RLBP1
 REACT:R-HSA-2474795	Diseases associated with visual transduction	0.000105342391892	0.0105232	RBP1|RBP4|RLBP1
 REACT:R-HSA-391908	Prostanoid ligand receptors	0.000105342391892	0.0105232	PTGER1|PTGER3|TBXA2R
 REACT:R-HSA-5365859	RA biosynthesis pathway	0.000106879453672	0.0105232	CRABP1|RDH11|RDH13|RDH14
 REACT:R-HSA-975634	Retinoid metabolism and transport	0.000116915395242	0.0110508	LRAT|RBP1|RBP2|RBP4|RDH11
 REACT:R-HSA-193048	Androgen biosynthesis	0.000203597479591	0.0185039	SRD5A1|SRD5A2|SRD5A3
 REACT:R-HSA-373076	Class A/1 (Rhodopsin-like receptors)	0.000228899664685	0.020033	ADORA3|ANXA1|AVPR2|GPR31|GRP|HRH4|MC1R|MC3R|MC4R|PTGER1|PTGER3|TBXA2R
 REACT:R-HSA-75109	Triglyceride Biosynthesis	0.000266281657001	0.0224723	ELOVL1|ELOVL3|ELOVL4|ELOVL7|TECR|TECRL
 REACT:R-HSA-6806667	Metabolism of fat-soluble vitamins	0.000285377772564	0.0232534	LRAT|RBP1|RBP2|RBP4|RDH11
 REACT:R-HSA-425561	Sodium/Calcium exchangers	0.000347236856219	0.0273507	SLC8A1|SLC8A2|SLC8A3
 REACT:R-HSA-196071	Metabolism of steroid hormones	0.000401920371468	0.0306367	CYP11B1|SRD5A1|SRD5A2|SRD5A3
 REACT:R-HSA-418359	Reduction of cytosolic Ca++ levels	0.000438378668628	0.0323715	SLC8A1|SLC8A2|SLC8A3
 REACT:R-HSA-391903	Eicosanoid ligand-binding receptors	0.000543562415045	0.0389224	PTGER1|PTGER3|TBXA2R
