 KEGG:hsa04740	Olfactory transduction	0.0	0	OR10G8|OR10H3|OR10H5|OR10J1|OR10J5|OR11A1|OR11L1|OR12D3|OR14A16|OR14I1|OR1A2|OR1C1|OR1D2|OR1D5|OR1E1|OR1E2|OR1F1|OR1J1|OR1J4|OR1K1|OR1L4|OR1N1|OR1S2|OR2G6|OR2T2|OR2V2|OR4A16|OR4C12|OR4C3|OR4K15|OR4K2|OR4S1|OR52M1|OR52W1|OR5AK2|OR5AS1|OR5B12|OR5D13|OR5D14|OR5H6|OR5M9|OR5R1|OR7D2|OR8D1|OR9A2|OR9A4|SLC8A1|SLC8A2|SLC8A3
 REACT:R-HSA-162582	Signal Transduction	0.0	0	ADORA3|ANXA1|APH1A|APH1B|AR|AVPR2|CRABP1|CRABP2|CSF2RA|FABP5|GPR31|GRP|HRH4|ITGB1|ITGB3|KALRN|LRAT|MC1R|MC3R|MC4R|NR3C1|NUP107|OR10G8|OR10H3|OR10H5|OR10J1|OR10J5|OR11A1|OR11L1|OR12D3|OR14A16|OR14I1|OR1A2|OR1C1|OR1D2|OR1D5|OR1E1|OR1E2|OR1F1|OR1J1|OR1J4|OR1K1|OR1L4|OR1N1|OR1S2|OR2G6|OR2T2|OR2V2|OR4A16|OR4C12|OR4C3|OR4K15|OR4K2|OR4S1|OR52M1|OR52W1|OR5AK2|OR5AS1|OR5B12|OR5D13|OR5D14|OR5H6|OR5M9|OR5R1|OR7D2|OR8D1|OR9A2|OR9A4|PGR|PPP2R1A|PPP2R1B|PTGER1|PTGER3|RBP1|RBP2|RBP3|RBP4|RDH11|RDH12|RDH13|RDH14|RDH8|RLBP1|RPE65|TBXA2R
 REACT:R-HSA-2453902	The canonical retinoid cycle in rods (twilight vision)	0.0	0	LRAT|RBP1|RBP3|RBP4|RDH11|RDH12|RDH8|RLBP1|RPE65
 REACT:R-HSA-372790	Signaling by GPCR	0.0	0	ADORA3|ANXA1|AVPR2|CSF2RA|GPR31|GRP|HRH4|ITGB3|KALRN|MC1R|MC3R|MC4R|OR10G8|OR10H3|OR10H5|OR10J1|OR10J5|OR11A1|OR11L1|OR12D3|OR14A16|OR14I1|OR1A2|OR1C1|OR1D2|OR1D5|OR1E1|OR1E2|OR1F1|OR1J1|OR1J4|OR1K1|OR1L4|OR1N1|OR1S2|OR2G6|OR2T2|OR2V2|OR4A16|OR4C12|OR4C3|OR4K15|OR4K2|OR4S1|OR52M1|OR52W1|OR5AK2|OR5AS1|OR5B12|OR5D13|OR5D14|OR5H6|OR5M9|OR5R1|OR7D2|OR8D1|OR9A2|OR9A4|PPP2R1A|PPP2R1B|PTGER1|PTGER3|TBXA2R
 REACT:R-HSA-381753	Olfactory Signaling Pathway	0.0	0	OR10G8|OR10H3|OR10H5|OR10J1|OR10J5|OR11A1|OR11L1|OR12D3|OR14A16|OR14I1|OR1A2|OR1C1|OR1D2|OR1D5|OR1E1|OR1E2|OR1F1|OR1J1|OR1J4|OR1K1|OR1L4|OR1N1|OR1S2|OR2G6|OR2T2|OR2V2|OR4A16|OR4C12|OR4C3|OR4K15|OR4K2|OR4S1|OR52M1|OR52W1|OR5AK2|OR5AS1|OR5B12|OR5D13|OR5D14|OR5H6|OR5M9|OR5R1|OR7D2|OR8D1|OR9A2|OR9A4
 REACT:R-HSA-388396	GPCR downstream signaling	0.0	0	ADORA3|ANXA1|AVPR2|CSF2RA|GRP|HRH4|KALRN|MC1R|MC3R|MC4R|OR10G8|OR10H3|OR10H5|OR10J1|OR10J5|OR11A1|OR11L1|OR12D3|OR14A16|OR14I1|OR1A2|OR1C1|OR1D2|OR1D5|OR1E1|OR1E2|OR1F1|OR1J1|OR1J4|OR1K1|OR1L4|OR1N1|OR1S2|OR2G6|OR2T2|OR2V2|OR4A16|OR4C12|OR4C3|OR4K15|OR4K2|OR4S1|OR52M1|OR52W1|OR5AK2|OR5AS1|OR5B12|OR5D13|OR5D14|OR5H6|OR5M9|OR5R1|OR7D2|OR8D1|OR9A2|OR9A4|PTGER1|PTGER3|TBXA2R
 REACT:R-HSA-163560	Hormone-sensitive lipase (HSL)-mediated triacylglycerol hydrolysis	7.89502907494e-11	2.66514e-08	FABP1|FABP2|FABP3|FABP4|FABP5|FABP6|FABP7|FABP9
 REACT:R-HSA-383280	Nuclear Receptor transcription pathway	1.15737175399e-09	3.41859e-07	AR|NR0B1|NR1I2|NR1I3|NR2C1|NR3C1|NR3C2|NR4A3|PGR|VDR
 KEGG:hsa_M00415	"Fatty acid biosynthesis elongation endoplasmic reticulum"	4.89211898658e-07	0.000128445	ELOVL1|ELOVL3|ELOVL4|ELOVL7|TECR
 REACT:R-HSA-2187338	Visual phototransduction	9.8476519772e-07	0.0002327	LRAT|RBP1|RBP2|RBP3|RBP4|RDH11|RDH12|RDH8|RLBP1|RPE65
 REACT:R-HSA-556833	Metabolism of lipids and lipoproteins	1.13183712847e-06	0.000243139	CDIPT|CYP11B1|ELOVL1|ELOVL3|ELOVL4|ELOVL7|FABP1|FABP2|FABP3|FABP4|FABP5|FABP6|FABP7|FABP9|HSD3B7|OSBPL10|OSBPL3|OSBPL5|OSBPL6|OSBPL7|OSBPL8|OSBPL9|PTGR2|SRD5A1|SRD5A2|SRD5A3|TECR|TECRL|TMEM86B
 REACT:R-HSA-75876	Synthesis of very long-chain fatty acyl-CoAs	1.5942747007e-06	0.000313939	ELOVL1|ELOVL3|ELOVL4|ELOVL7|TECR|TECRL
 KEGG:hsa00062	Fatty acid elongation	1.77226768233e-05	0.00322144	ELOVL1|ELOVL3|ELOVL4|ELOVL7|TECR
 REACT:R-HSA-194068	Bile acid and bile salt metabolism	2.18391592891e-05	0.0034404	FABP6|HSD3B7|OSBPL3|OSBPL6|OSBPL7|OSBPL9
 REACT:R-HSA-5362517	Signaling by Retinoic Acid	2.18391592891e-05	0.0034404	CRABP1|CRABP2|FABP5|RDH11|RDH13|RDH14
 KEGG:hsa03320	PPAR signaling pathway	4.95576016802e-05	0.00731904	FABP1|FABP2|FABP3|FABP4|FABP5|FABP6|FABP7
 REACT:R-HSA-6806667	Metabolism of fat-soluble vitamins	7.36117832454e-05	0.010232	GC|LRAT|RBP1|RBP2|RBP4|RDH11
 REACT:R-HSA-75105	Fatty Acyl-CoA Biosynthesis	8.1901377691e-05	0.010469	ELOVL1|ELOVL3|ELOVL4|ELOVL7|TECR|TECRL
 REACT:R-HSA-192105	Synthesis of bile acids and bile salts	8.41776262243e-05	0.010469	HSD3B7|OSBPL3|OSBPL6|OSBPL7|OSBPL9
 REACT:R-HSA-73923	"Lipid digestion mobilization and transport"	0.000157742099386	0.0186372	FABP1|FABP2|FABP3|FABP4|FABP5|FABP6|FABP7|FABP9
 REACT:R-HSA-2453864	Retinoid cycle disease events	0.000189427666757	0.0194616	RBP1|RBP4|RLBP1
 REACT:R-HSA-2474795	Diseases associated with visual transduction	0.000189427666757	0.0194616	RBP1|RBP4|RLBP1
 REACT:R-HSA-391908	Prostanoid ligand receptors	0.000189427666757	0.0194616	PTGER1|PTGER3|TBXA2R
 REACT:R-HSA-5365859	RA biosynthesis pathway	0.000229228185851	0.0219219	CRABP1|RDH11|RDH13|RDH14
 KEGG:hsa00830	Retinol metabolism	0.000231928628049	0.0219219	LRAT|RDH11|RDH12|RDH8|RETSAT|RPE65
 REACT:R-HSA-975634	Retinoid metabolism and transport	0.000294816535615	0.0260207	LRAT|RBP1|RBP2|RBP4|RDH11
 REACT:R-HSA-216083	Integrin cell surface interactions	0.00029731685726	0.0260207	ITGB1|ITGB2|ITGB3|ITGB5|ITGB6|ITGB7
 KEGG:hsa04080	Neuroactive ligand-receptor interaction	0.000362180586684	0.0297236	ADORA3|AVPR2|HRH4|MC1R|MC3R|MC4R|NR3C1|PRLR|PTGER1|PTGER3|TBXA2R|TRPV1
 REACT:R-HSA-193048	Androgen biosynthesis	0.000364784074457	0.0297236	SRD5A1|SRD5A2|SRD5A3
 KEGG:hsa05412	Arrhythmogenic right ventricular cardiomyopathy (ARVC)	0.000406075539646	0.0319852	ITGB1|ITGB3|ITGB5|ITGB6|ITGB7|SLC8A1
 REACT:R-HSA-425561	Sodium/Calcium exchangers	0.000619892388815	0.0472518	SLC8A1|SLC8A2|SLC8A3
