 KEGG:hsa04740	Olfactory transduction	2.64673405415e-09	3.14924e-06	OR10H3|OR10H4|OR10J3|OR10J5|OR2A12|OR2A14|OR2A2|OR2D3|OR2T10|OR4S1|OR5AK2|OR5D13|OR5H6
 REACT:R-HSA-372790	Signaling by GPCR	2.66545763239e-09	3.14924e-06	AVPR2|FGA|FGB|FGG|MC1R|MC3R|MC4R|NRG1|OR10H3|OR10H4|OR10J3|OR10J5|OR2A12|OR2A14|OR2A2|OR2D3|OR2T10|OR4S1|OR5AK2|OR5D13|OR5H6
 REACT:R-HSA-381753	Olfactory Signaling Pathway	4.18343282238e-09	3.29515e-06	OR10H3|OR10H4|OR10J3|OR10J5|OR2A12|OR2A14|OR2A2|OR2D3|OR2T10|OR4S1|OR5AK2|OR5D13|OR5H6
 REACT:R-HSA-388396	GPCR downstream signaling	6.57209067167e-08	3.88246e-05	AVPR2|MC1R|MC3R|MC4R|OR10H3|OR10H4|OR10J3|OR10J5|OR2A12|OR2A14|OR2A2|OR2D3|OR2T10|OR4S1|OR5AK2|OR5D13|OR5H6
 REACT:R-HSA-156590	Glutathione conjugation	3.26654965854e-07	0.000154377	GSTA2|GSTA3|GSTA4|GSTM3|GSTM5
 KEGG:hsa00480	Glutathione metabolism	1.72027700418e-06	0.000677502	GSTA2|GSTA3|GSTA4|GSTM3|GSTM5
 KEGG:hsa00982	Drug metabolism - cytochrome P450	5.8610719128e-06	0.00197853	GSTA2|GSTA3|GSTA4|GSTM3|GSTM5
 KEGG:hsa00980	Metabolism of xenobiotics by cytochrome P450	7.74586653396e-06	0.00203372	GSTA2|GSTA3|GSTA4|GSTM3|GSTM5
 KEGG:hsa01524	Platinum drug resistance	7.74586653396e-06	0.00203372	GSTA2|GSTA3|GSTA4|GSTM3|GSTM5
 REACT:R-HSA-162582	Signal Transduction	1.33542656756e-05	0.00294724	AVPR2|CD19|FGA|FGB|FGG|FLT1|MC1R|MC3R|MC4R|NRG1|OR10H3|OR10H4|OR10J3|OR10J5|OR2A12|OR2A14|OR2A2|OR2D3|OR2T10|OR4S1|OR5AK2|OR5D13|OR5H6
 KEGG:hsa05204	Chemical carcinogenesis	1.37196839378e-05	0.00294724	GSTA2|GSTA3|GSTA4|GSTM3|GSTM5
 REACT:R-HSA-354194	GRB2:SOS provides linkage to MAPK signaling for Integrins	2.76343763849e-05	0.00466429	FGA|FGB|FGG
 REACT:R-HSA-372708	p130Cas linkage to MAPK signaling for integrins	2.76343763849e-05	0.00466429	FGA|FGB|FGG
 REACT:R-HSA-5686938	Regulation of TLR by endogenous ligand	2.76343763849e-05	0.00466429	FGA|FGB|FGG
 REACT:R-HSA-156580	Phase II conjugation	4.98312293803e-05	0.00785008	GSTA2|GSTA3|GSTA4|GSTM3|GSTM5
 REACT:R-HSA-140875	Common Pathway of Fibrin Clot Formation	7.4794281707e-05	0.0110462	FGA|FGB|FGG
 REACT:R-HSA-354192	Integrin alphaIIb beta3 signaling	0.000156596610624	0.0217669	FGA|FGB|FGG
 KEGG:hsa05418	Fluid shear stress and atherosclerosis	0.000190381713597	0.0249929	GSTA2|GSTA3|GSTA4|GSTM3|GSTM5
 REACT:R-HSA-6802948	Signaling by high-kinase activity BRAF mutants	0.000307109475339	0.0381947	FGA|FGB|FGG
 REACT:R-HSA-76009	Platelet Aggregation (Plug Formation)	0.000392708225104	0.0417768	FGA|FGB|FGG
 REACT:R-HSA-140877	Formation of Fibrin Clot (Clotting Cascade)	0.000424309065701	0.0417768	FGA|FGB|FGG
 REACT:R-HSA-5674135	MAP2K and MAPK activation	0.000424309065701	0.0417768	FGA|FGB|FGG
 REACT:R-HSA-6802946	Signaling by moderate kinase activity BRAF mutants	0.000424309065701	0.0417768	FGA|FGB|FGG
 REACT:R-HSA-6802955	Paradoxical activation of RAF signaling by kinase inactive BRAF	0.000424309065701	0.0417768	FGA|FGB|FGG
