 REACT:R-HSA-2453902	The canonical retinoid cycle in rods (twilight vision)	0.0	0	LRAT|RBP1|RBP3|RBP4|RDH11|RDH12|RDH8|RLBP1
 REACT:R-HSA-383280	Nuclear Receptor transcription pathway	2.6741164838e-11	3.15947e-08	AR|NR0B1|NR1I2|NR1I3|NR3C1|NR3C2|NR4A3|PGR|VDR
 REACT:R-HSA-556833	Metabolism of lipids and lipoproteins	5.58976753773e-10	4.40287e-07	ELOVL1|ELOVL3|ELOVL4|ELOVL7|FABP2|FABP3|FABP4|FABP5|FABP7|FABP9|HSD3B7|OSBPL10|OSBPL3|OSBPL5|OSBPL7|OSBPL8|OSBPL9|SRD5A1|SRD5A2|SRD5A3|TECR|TECRL|TMEM86B
 REACT:R-HSA-163560	Hormone-sensitive lipase (HSL)-mediated triacylglycerol hydrolysis	1.97632221699e-09	1.16751e-06	FABP2|FABP3|FABP4|FABP5|FABP7|FABP9
 KEGG:hsa_M00415	"Fatty acid biosynthesis elongation endoplasmic reticulum"	1.14478990731e-08	5.41028e-06	ELOVL1|ELOVL3|ELOVL4|ELOVL7|TECR
 REACT:R-HSA-2187338	Visual phototransduction	1.39729864346e-08	5.50303e-06	LRAT|RBP1|RBP2|RBP3|RBP4|RDH11|RDH12|RDH8|RLBP1
 REACT:R-HSA-75876	Synthesis of very long-chain fatty acyl-CoAs	1.85926951612e-08	6.27636e-06	ELOVL1|ELOVL3|ELOVL4|ELOVL7|TECR|TECRL
 REACT:R-HSA-5362517	Signaling by Retinoic Acid	2.79019968019e-07	8.24155e-05	CRABP1|CRABP2|FABP5|RDH11|RDH13|RDH14
 KEGG:hsa00062	Fatty acid elongation	4.45361778012e-07	0.000116932	ELOVL1|ELOVL3|ELOVL4|ELOVL7|TECR
 REACT:R-HSA-75105	Fatty Acyl-CoA Biosynthesis	1.11836251315e-06	0.000264269	ELOVL1|ELOVL3|ELOVL4|ELOVL7|TECR|TECRL
 REACT:R-HSA-1430728	Metabolism	3.36530223055e-06	0.000722928	COX7A2L|ELOVL1|ELOVL3|ELOVL4|ELOVL7|FABP2|FABP3|FABP4|FABP5|FABP7|FABP9|HSD3B7|LRAT|OSBPL10|OSBPL3|OSBPL5|OSBPL7|OSBPL8|OSBPL9|PPP2R1A|PPP2R1B|RBP1|RBP2|RBP4|RDH11|SRD5A1|SRD5A2|SRD5A3|TECR|TECRL|TMEM86B
 REACT:R-HSA-975634	Retinoid metabolism and transport	8.28385920248e-06	0.00163123	LRAT|RBP1|RBP2|RBP4|RDH11
 REACT:R-HSA-75109	Triglyceride Biosynthesis	1.22671291896e-05	0.00208891	ELOVL1|ELOVL3|ELOVL4|ELOVL7|TECR|TECRL
 REACT:R-HSA-5365859	RA biosynthesis pathway	1.23761294153e-05	0.00208891	CRABP1|RDH11|RDH13|RDH14
 REACT:R-HSA-2453864	Retinoid cycle disease events	2.0429387067e-05	0.00290976	RBP1|RBP4|RLBP1
 REACT:R-HSA-2474795	Diseases associated with visual transduction	2.0429387067e-05	0.00290976	RBP1|RBP4|RLBP1
 REACT:R-HSA-6806667	Metabolism of fat-soluble vitamins	2.09335490223e-05	0.00290976	LRAT|RBP1|RBP2|RBP4|RDH11
 REACT:R-HSA-193048	Androgen biosynthesis	3.97616799519e-05	0.00521982	SRD5A1|SRD5A2|SRD5A3
 KEGG:hsa00830	Retinol metabolism	5.67741013854e-05	0.00706091	LRAT|RDH11|RDH12|RDH8|RETSAT
 REACT:R-HSA-192105	Synthesis of bile acids and bile salts	6.14630865392e-05	0.00726186	HSD3B7|OSBPL3|OSBPL7|OSBPL9
 REACT:R-HSA-425561	Sodium/Calcium exchangers	6.82894367401e-05	0.00768419	SLC8A1|SLC8A2|SLC8A3
 REACT:R-HSA-418359	Reduction of cytosolic Ca++ levels	8.65152662008e-05	0.00914611	SLC8A1|SLC8A2|SLC8A3
 REACT:R-HSA-73923	"Lipid digestion mobilization and transport"	8.96410186686e-05	0.00914611	FABP2|FABP3|FABP4|FABP5|FABP7|FABP9
 KEGG:hsa03320	PPAR signaling pathway	9.28932171527e-05	0.00914611	FABP2|FABP3|FABP4|FABP5|FABP7
 REACT:R-HSA-194068	Bile acid and bile salt metabolism	0.000156609265166	0.0148027	HSD3B7|OSBPL3|OSBPL7|OSBPL9
 REACT:R-HSA-418346	Platelet homeostasis	0.000281051531972	0.0255433	PPP2R1A|PPP2R1B|SLC8A1|SLC8A2|SLC8A3
 REACT:R-HSA-1482801	Acyl chain remodelling of PS	0.000352827073992	0.0308789	OSBPL10|OSBPL5|OSBPL8
 KEGG:hsa_M00154	Cytochrome c oxidase	0.000459482600851	0.038777	COX7A1|COX7A2|COX7A2L
 REACT:R-HSA-1251985	Nuclear signaling by ERBB4	0.000519751561012	0.0423508	APH1A|APH1B|PGR
 REACT:R-HSA-2187335	The retinoid cycle in cones (daylight vision)	0.000593552756803	0.0467522	RBP3|RLBP1
