 KEGG:hsa04060	Cytokine-cytokine receptor interaction	0.0	0	CD40|CRLF2|CSF1|CSF2RA|CSF2RB|EGFR|FLT1|IFNA1|IFNA10|IFNA13|IFNA14|IFNA16|IFNA17|IFNA2|IFNA21|IFNA4|IFNA5|IFNA6|IFNA7|IFNA8|IFNAR2|IFNB1|IFNE|IFNG|IFNLR1|IFNW1|IL10RA|IL10RB|IL12B|IL12RB1|IL13RA1|IL17RA|IL19|IL1A|IL1B|IL1R1|IL1R2|IL1RAP|IL20|IL20RB|IL21R|IL22|IL22RA1|IL22RA2|IL24|IL2RB|IL2RG|IL4R|IL5RA|IL6R|IL6ST|OSMR|RELT|TNFRSF10D|TNFRSF11A|TNFRSF11B|TNFRSF18|TNFRSF1B|TNFRSF25|VEGFA|VEGFC
 KEGG:hsa04151	PI3K-Akt signaling pathway	0.0	0	CD19|CHAD|COMP|CREB3L3|CREB5|CSF1|EFNA1|EFNA2|EFNA3|EFNA4|EGFR|FGF1|FGF10|FGF11|FGF12|FGF13|FGF14|FGF16|FGF17|FGF18|FGF19|FGF2|FGF20|FGF21|FGF22|FGF23|FGF3|FGF4|FGF5|FGF6|FGF7|FGF8|FGF9|FLT1|IFNA1|IFNA10|IFNA13|IFNA14|IFNA16|IFNA17|IFNA2|IFNA21|IFNA4|IFNA5|IFNA6|IFNA7|IFNA8|IFNAR2|IFNB1|IL2RB|IL2RG|IL4R|IL6R|ITGB3|ITGB5|ITGB7|LAMB4|LAMC3|OSMR|PHLPP1|PHLPP2|PIK3AP1|THBS1|THBS2|THBS3|THBS4|TLR2|TLR4|TNXB|VEGFA|VEGFC
 KEGG:hsa04630	Jak-STAT signaling pathway	0.0	0	CRLF2|CSF2RA|CSF2RB|IFNA1|IFNA10|IFNA13|IFNA14|IFNA16|IFNA17|IFNA2|IFNA21|IFNA4|IFNA5|IFNA6|IFNA7|IFNA8|IFNAR2|IFNB1|IFNE|IFNG|IFNLR1|IFNW1|IL10RA|IL10RB|IL12B|IL12RB1|IL13RA1|IL13RA2|IL19|IL20|IL20RB|IL21R|IL22|IL22RA1|IL22RA2|IL24|IL27RA|IL2RB|IL2RG|IL4R|IL5RA|IL6R|IL6ST|OSMR|STAT5A
 KEGG:hsa05152	Tuberculosis	0.0	0	ATP6V0A1|CD14|CLEC4E|CLEC4M|CLEC7A|FCGR2A|FCGR2B|FCGR2C|FCGR3A|FCGR3B|IFNA1|IFNA10|IFNA13|IFNA14|IFNA16|IFNA17|IFNA2|IFNA21|IFNA4|IFNA5|IFNA6|IFNA7|IFNA8|IFNB1|IFNG|IL10RA|IL10RB|IL12B|IL1A|IL1B|ITGB2|LAMP1|LSP1|MRC1|PLA2R1|RFXAP|TLR1|TLR2|TLR4|TLR6
 KEGG:hsa05218	Melanoma	0.0	0	EGFR|FGF1|FGF10|FGF11|FGF12|FGF13|FGF14|FGF16|FGF17|FGF18|FGF19|FGF2|FGF20|FGF21|FGF22|FGF23|FGF3|FGF4|FGF5|FGF6|FGF7|FGF8|FGF9|MITF
 REACT:R-HSA-1280215	Cytokine Signaling in Immune system	0.0	0	CD4|CD40|CD44|CRLF1|CSF1|CSF2RA|CSF2RB|EBI3|EGFR|ERBB3|FCGR1B|FGA|FGB|FGF1|FGF10|FGF16|FGF17|FGF18|FGF19|FGF2|FGF20|FGF22|FGF23|FGF3|FGF4|FGF5|FGF6|FGF7|FGF8|FGF9|FGG|GAB2|HBEGF|ICAM1|IFNA1|IFNA10|IFNA13|IFNA14|IFNA16|IFNA17|IFNA2|IFNA21|IFNA4|IFNA5|IFNA6|IFNA7|IFNA8|IFNAR2|IFNB1|IFNG|IFNLR1|IL10RA|IL10RB|IL12B|IL12RB1|IL13RA1|IL13RA2|IL17RA|IL19|IL1A|IL1B|IL1R1|IL1R2|IL1RAP|IL1RL1|IL1RN|IL20|IL20RB|IL22|IL22RA1|IL22RA2|IL24|IL27RA|IL2RB|IL2RG|IL34|IL36A|IL36B|IL4R|IL5RA|IL6R|IL6ST|ITGB2|ITGB3|JUNB|LAT|LGALS9|NFKB2|NRG1|NRG4|OSMR|PELI3|POM121|SOX2|STAT5A|TNFRSF11A|TNFRSF11B|TNFRSF18|TNFRSF1B|TNFRSF25|TNIP2|TRIM14|TRIM17|VEGFA
 REACT:R-HSA-1280218	Adaptive Immune System	0.0	0	ANAPC10|AP1M2|BTLA|BTNL8|CALR|CANX|CD14|CD160|CD19|CD1B|CD1C|CD1D|CD207|CD22|CD28|CD3D|CD3G|CD4|CD40|CLEC2B|CLEC2D|CXADR|DCTN4|EGFR|ERBB3|FBXL13|FBXL14|FBXL15|FBXL19|FBXL4|FBXL5|FBXL7|FBXO17|FBXO44|FBXO6|FCGR1B|FCGR2B|FCGR3A|FGF1|FGF10|FGF16|FGF17|FGF18|FGF19|FGF2|FGF20|FGF22|FGF23|FGF3|FGF4|FGF5|FGF6|FGF7|FGF8|FGF9|HBEGF|HERC6|ICAM1|ICAM3|ICAM4|ICOS|ITGB2|ITGB5|ITGB7|KIR2DL1|KIR2DL3|KIR2DL4|KIR2DS1|KIR3DL2|KIR3DS1|KLRB1|KLRC1|KLRC4-KLRK1|KLRD1|KLRF1|KLRG1|LAIR2|LAT|LILRA1|LILRA3|LILRA4|LILRA5|LILRB5|MGRN1|MRC1|NRG1|NRG4|PHLPP1|PHLPP2|PIK3AP1|SELL|SIGLEC1|SIGLEC10|SIGLEC11|SIGLEC12|SIGLEC5|SIGLEC6|SIGLEC7|SIGLEC8|SIGLEC9|SKP2|SPSB4|STIM1|TLR1|TLR2|TLR4|TLR6|TNRC6A|TRPC1
 REACT:R-HSA-168249	Innate Immune System	0.0	0	A1BG|AGL|ATP6V0A1|ATP6V1E2|B4GALT1|C1R|C8A|CD14|CD180|CD19|CD28|CD3G|CD4|CD44|CD46|CD47|CD58|CD59|CD68|CEACAM1|CEACAM8|CFP|CHI3L1|CLEC10A|CLEC12A|CLEC4A|CLEC4C|CLEC4D|CLEC4E|CLEC5A|CLEC6A|CLEC7A|COLEC11|CRP|CSF2RA|CSF2RB|CSNK2B|DEFB112|DEFB119|DEGS1|DSN1|EGFR|ERBB3|FAF2|FCAR|FCER1A|FCGR2A|FCGR2C|FCGR3A|FCGR3B|FCN3|FGA|FGB|FGF1|FGF10|FGF16|FGF17|FGF18|FGF19|FGF2|FGF20|FGF22|FGF23|FGF3|FGF4|FGF5|FGF6|FGF7|FGF8|FGF9|FGG|GAA|GAB2|GLA|GUSB|GYG1|HBEGF|HEXB|ICAM3|ICOS|IFNA1|IFNA10|IFNA13|IFNA14|IFNA16|IFNA17|IFNA2|IFNA21|IFNA4|IFNA5|IFNA6|IFNA7|IFNA8|IFNB1|IL1B|IL2RB|IL2RG|IL5RA|ITGB2|ITGB3|ITLN1|KIR2DS4|KIR2DS5|KIR3DS1|KLRC2|KLRC4-KLRK1|KLRD1|LAMP1|LAMTOR1|LAT|LGALS3|LILRA3|LRG1|MASP2|MBL2|MEF2C|MEFV|MGAM|MUC15|NEU1|NFAM1|NFASC|NFKB2|NLRC3|NRG1|NRG4|OLR1|PELI3|PGLYRP1|PGLYRP2|PGLYRP3|PGLYRP4|PGM1|PHLPP1|PHLPP2|PIK3AP1|PLAUR|POLR3H|PRG2|PRG3|PTX3|REG3A|REG3G|RNF135|RNF216|SELL|SEMG1|SERPINB6|SIGLEC14|SIGLEC15|SIGLEC5|SIGLEC9|SLC2A3|SLC2A5|SLPI|STBD1|STK11IP|TLR1|TLR10|TLR2|TLR3|TLR4|TLR5|TLR6|TNFRSF1B|TNIP2|TNRC6A|VAPA|WIPF1
 REACT:R-HSA-168256	Immune System	0.0	0	A1BG|AGL|ANAPC10|AP1M2|ATP6V0A1|ATP6V1E2|B4GALT1|BTLA|BTNL8|C1R|C8A|CALR|CANX|CD14|CD160|CD180|CD19|CD1B|CD1C|CD1D|CD207|CD22|CD28|CD3D|CD3G|CD4|CD40|CD44|CD46|CD47|CD58|CD59|CD68|CEACAM1|CEACAM8|CFP|CHI3L1|CLEC10A|CLEC12A|CLEC2B|CLEC2D|CLEC4A|CLEC4C|CLEC4D|CLEC4E|CLEC5A|CLEC6A|CLEC7A|COLEC11|CRLF1|CRP|CSF1|CSF2RA|CSF2RB|CSNK2B|CXADR|DCTN4|DEFB112|DEFB119|DEGS1|DSN1|EBI3|EGFR|ERBB3|FAF2|FBXL13|FBXL14|FBXL15|FBXL19|FBXL4|FBXL5|FBXL7|FBXO17|FBXO44|FBXO6|FCAR|FCER1A|FCGR1B|FCGR2A|FCGR2B|FCGR2C|FCGR3A|FCGR3B|FCN3|FGA|FGB|FGF1|FGF10|FGF16|FGF17|FGF18|FGF19|FGF2|FGF20|FGF22|FGF23|FGF3|FGF4|FGF5|FGF6|FGF7|FGF8|FGF9|FGG|GAA|GAB2|GLA|GUSB|GYG1|HBEGF|HERC6|HEXB|ICAM1|ICAM3|ICAM4|ICOS|IFNA1|IFNA10|IFNA13|IFNA14|IFNA16|IFNA17|IFNA2|IFNA21|IFNA4|IFNA5|IFNA6|IFNA7|IFNA8|IFNAR2|IFNB1|IFNG|IFNLR1|IL10RA|IL10RB|IL12B|IL12RB1|IL13RA1|IL13RA2|IL17RA|IL19|IL1A|IL1B|IL1R1|IL1R2|IL1RAP|IL1RL1|IL1RN|IL20|IL20RB|IL22|IL22RA1|IL22RA2|IL24|IL27RA|IL2RB|IL2RG|IL34|IL36A|IL36B|IL4R|IL5RA|IL6R|IL6ST|ITGB2|ITGB3|ITGB5|ITGB7|ITLN1|JUNB|KIR2DL1|KIR2DL3|KIR2DL4|KIR2DS1|KIR2DS4|KIR2DS5|KIR3DL2|KIR3DS1|KLRB1|KLRC1|KLRC2|KLRC4-KLRK1|KLRD1|KLRF1|KLRG1|LAIR2|LAMP1|LAMTOR1|LAT|LGALS3|LGALS9|LILRA1|LILRA3|LILRA4|LILRA5|LILRB5|LRG1|MASP2|MBL2|MEF2C|MEFV|MGAM|MGRN1|MRC1|MUC15|NEU1|NFAM1|NFASC|NFKB2|NLRC3|NRG1|NRG4|OLR1|OSMR|PELI3|PGLYRP1|PGLYRP2|PGLYRP3|PGLYRP4|PGM1|PHLPP1|PHLPP2|PIK3AP1|PLAUR|POLR3H|POM121|PRG2|PRG3|PTX3|REG3A|REG3G|RNF135|RNF216|SELL|SEMG1|SERPINB6|SIGLEC1|SIGLEC10|SIGLEC11|SIGLEC12|SIGLEC14|SIGLEC15|SIGLEC5|SIGLEC6|SIGLEC7|SIGLEC8|SIGLEC9|SKP2|SLC2A3|SLC2A5|SLPI|SOX2|SPSB4|STAT5A|STBD1|STIM1|STK11IP|TLR1|TLR10|TLR2|TLR3|TLR4|TLR5|TLR6|TNFRSF11A|TNFRSF11B|TNFRSF18|TNFRSF1B|TNFRSF25|TNIP2|TNRC6A|TRIM14|TRIM17|TRPC1|VAPA|VEGFA|WIPF1
 REACT:R-HSA-1839130	Signaling by activated point mutants of FGFR3	0.0	0	FGF1|FGF16|FGF17|FGF18|FGF2|FGF20|FGF23|FGF4|FGF5|FGF8|FGF9
 REACT:R-HSA-190241	FGFR2 ligand binding and activation	0.0	0	FGF1|FGF10|FGF16|FGF17|FGF18|FGF2|FGF20|FGF22|FGF23|FGF3|FGF4|FGF5|FGF6|FGF7|FGF8|FGF9
 REACT:R-HSA-190242	FGFR1 ligand binding and activation	0.0	0	FGF1|FGF10|FGF17|FGF2|FGF20|FGF22|FGF23|FGF3|FGF4|FGF5|FGF6|FGF8|FGF9
 REACT:R-HSA-190322	FGFR4 ligand binding and activation	0.0	0	FGF1|FGF16|FGF17|FGF18|FGF19|FGF2|FGF20|FGF23|FGF4|FGF6|FGF8|FGF9
 REACT:R-HSA-190375	FGFR2c ligand binding and activation	0.0	0	FGF1|FGF16|FGF17|FGF18|FGF2|FGF20|FGF23|FGF4|FGF5|FGF6|FGF8|FGF9
 REACT:R-HSA-198933	Immunoregulatory interactions between a Lymphoid and a non-Lymphoid cell	0.0	0	CD160|CD19|CD1B|CD1C|CD1D|CD22|CD3D|CD3G|CD40|CLEC2B|CLEC2D|CXADR|FCGR2B|FCGR3A|ICAM1|ICAM3|ICAM4|ITGB2|ITGB7|KIR2DL1|KIR2DL3|KIR2DL4|KIR2DS1|KIR3DL2|KIR3DS1|KLRB1|KLRC1|KLRC4-KLRK1|KLRD1|KLRF1|KLRG1|LAIR2|LILRA1|LILRA3|LILRA4|LILRA5|LILRB5|SELL|SIGLEC1|SIGLEC10|SIGLEC11|SIGLEC12|SIGLEC5|SIGLEC6|SIGLEC7|SIGLEC8|SIGLEC9
 REACT:R-HSA-199418	Negative regulation of the PI3K/AKT network	0.0	0	CD19|CD28|EGFR|ERBB3|FGF1|FGF10|FGF16|FGF17|FGF18|FGF19|FGF2|FGF20|FGF22|FGF23|FGF3|FGF4|FGF5|FGF6|FGF7|FGF8|FGF9|HBEGF|ICOS|NRG1|NRG4|PHLPP1|PHLPP2|PIK3AP1
 REACT:R-HSA-2033514	FGFR3 mutant receptor activation	0.0	0	FGF1|FGF16|FGF17|FGF18|FGF2|FGF20|FGF23|FGF4|FGF5|FGF8|FGF9
 REACT:R-HSA-2033519	Activated point mutants of FGFR2	0.0	0	FGF1|FGF10|FGF16|FGF17|FGF18|FGF2|FGF20|FGF22|FGF23|FGF3|FGF4|FGF5|FGF6|FGF7|FGF8|FGF9
 REACT:R-HSA-2219530	Constitutive Signaling by Aberrant PI3K in Cancer	0.0	0	CD19|CD28|EGFR|ERBB3|FGF1|FGF10|FGF16|FGF17|FGF18|FGF19|FGF2|FGF20|FGF22|FGF23|FGF3|FGF4|FGF5|FGF6|FGF7|FGF8|FGF9|HBEGF|ICOS|NRG1|NRG4|PIK3AP1
 REACT:R-HSA-5654219	Phospholipase C-mediated cascade: FGFR1	0.0	0	FGF1|FGF10|FGF17|FGF2|FGF20|FGF22|FGF23|FGF3|FGF4|FGF5|FGF6|FGF8|FGF9
 REACT:R-HSA-5654221	Phospholipase C-mediated cascade; FGFR2	0.0	0	FGF1|FGF10|FGF16|FGF17|FGF18|FGF2|FGF20|FGF22|FGF23|FGF3|FGF4|FGF5|FGF6|FGF7|FGF8|FGF9
 REACT:R-HSA-5654695	PI-3K cascade:FGFR2	0.0	0	FGF1|FGF10|FGF16|FGF17|FGF18|FGF2|FGF20|FGF22|FGF23|FGF3|FGF4|FGF5|FGF6|FGF7|FGF8|FGF9
 REACT:R-HSA-5654699	SHC-mediated cascade:FGFR2	0.0	0	FGF1|FGF10|FGF16|FGF17|FGF18|FGF2|FGF20|FGF22|FGF23|FGF3|FGF4|FGF5|FGF6|FGF7|FGF8|FGF9
 REACT:R-HSA-5654700	FRS-mediated FGFR2 signaling	0.0	0	FGF1|FGF10|FGF16|FGF17|FGF18|FGF2|FGF20|FGF22|FGF23|FGF3|FGF4|FGF5|FGF6|FGF7|FGF8|FGF9
 REACT:R-HSA-912694	Regulation of IFNA signaling	0.0	0	IFNA1|IFNA10|IFNA13|IFNA14|IFNA16|IFNA17|IFNA2|IFNA21|IFNA4|IFNA5|IFNA6|IFNA7|IFNA8|IFNAR2|IFNB1
 REACT:R-HSA-5654687	Downstream signaling of activated FGFR1	6.60138610442e-13	5.99964e-11	FGF1|FGF10|FGF17|FGF2|FGF20|FGF22|FGF23|FGF3|FGF4|FGF5|FGF6|FGF8|FGF9|FLRT1|FLRT2|FLRT3
 REACT:R-HSA-5654228	Phospholipase C-mediated cascade; FGFR4	1.85473858494e-12	1.62324e-10	FGF1|FGF16|FGF17|FGF18|FGF19|FGF2|FGF20|FGF23|FGF4|FGF6|FGF8|FGF9
 REACT:R-HSA-190239	FGFR3 ligand binding and activation	2.36111130647e-12	1.79978e-10	FGF1|FGF16|FGF17|FGF18|FGF2|FGF20|FGF23|FGF4|FGF5|FGF8|FGF9
 REACT:R-HSA-190372	FGFR3c ligand binding and activation	2.36111130647e-12	1.79978e-10	FGF1|FGF16|FGF17|FGF18|FGF2|FGF20|FGF23|FGF4|FGF5|FGF8|FGF9
 REACT:R-HSA-432047	Passive transport by Aquaporins	2.36111130647e-12	1.79978e-10	AQP1|AQP10|AQP12A|AQP2|AQP3|AQP4|AQP5|AQP6|AQP7|AQP9|MIP
 REACT:R-HSA-5654227	Phospholipase C-mediated cascade; FGFR3	2.36111130647e-12	1.79978e-10	FGF1|FGF16|FGF17|FGF18|FGF2|FGF20|FGF23|FGF4|FGF5|FGF8|FGF9
 REACT:R-HSA-1839122	Signaling by activated point mutants of FGFR1	2.79409828607e-12	2.06327e-10	FGF1|FGF17|FGF2|FGF20|FGF23|FGF4|FGF5|FGF6|FGF8|FGF9
 REACT:R-HSA-5654696	Downstream signaling of activated FGFR2	5.51225731726e-12	3.94711e-10	FGF1|FGF10|FGF16|FGF17|FGF18|FGF2|FGF20|FGF22|FGF23|FGF3|FGF4|FGF5|FGF6|FGF7|FGF8|FGF9
 REACT:R-HSA-428790	Facilitative Na+-independent glucose transporters	1.89097626446e-11	1.31423e-09	FGF21|SLC2A1|SLC2A10|SLC2A11|SLC2A14|SLC2A2|SLC2A3|SLC2A5|SLC2A6|SLC2A8|SLC2A9
 KEGG:hsa04650	Natural killer cell mediated cytotoxicity	3.13766790327e-11	2.11837e-09	FCGR3A|FCGR3B|ICAM1|IFNA1|IFNA10|IFNA13|IFNA14|IFNA16|IFNA17|IFNA2|IFNA21|IFNA4|IFNA5|IFNA6|IFNA7|IFNA8|IFNAR2|IFNB1|IFNG|ITGB2|KIR2DL1|KIR2DL3|KIR2DL4|KIR2DS1|KIR2DS4|KIR2DS5|KIR3DL2|KLRC1|KLRC2|KLRC4-KLRK1|KLRD1|LAT|TNFRSF10D
 REACT:R-HSA-6811558	"PI5P PP2A and IER3 Regulate PI3K/AKT Signaling"	5.02383690204e-11	3.29759e-09	CD19|CD28|EGFR|ERBB3|FGF1|FGF10|FGF16|FGF17|FGF18|FGF19|FGF2|FGF20|FGF22|FGF23|FGF3|FGF4|FGF5|FGF6|FGF7|FGF8|FGF9|HBEGF|ICOS|NRG1|NRG4|PIK3AP1
 REACT:R-HSA-1839126	FGFR2 mutant receptor activation	5.18413090234e-11	3.31084e-09	FGF1|FGF10|FGF16|FGF17|FGF18|FGF2|FGF20|FGF22|FGF23|FGF3|FGF4|FGF5|FGF6|FGF7|FGF8|FGF9
 REACT:R-HSA-449147	Signaling by Interleukins	5.52355938765e-11	3.43478e-09	CD4|CRLF1|CSF1|CSF2RA|CSF2RB|EBI3|EGFR|ERBB3|FGA|FGB|FGF1|FGF10|FGF16|FGF17|FGF18|FGF19|FGF2|FGF20|FGF22|FGF23|FGF3|FGF4|FGF5|FGF6|FGF7|FGF8|FGF9|FGG|GAB2|HBEGF|ICAM1|IFNLR1|IL10RA|IL10RB|IL12B|IL12RB1|IL13RA1|IL13RA2|IL17RA|IL19|IL1A|IL1B|IL1R1|IL1R2|IL1RAP|IL1RL1|IL1RN|IL20|IL20RB|IL22|IL22RA1|IL22RA2|IL24|IL27RA|IL2RB|IL2RG|IL34|IL36A|IL36B|IL4R|IL5RA|IL6R|IL6ST|ITGB2|ITGB3|JUNB|LAT|LGALS9|NFKB2|NRG1|NRG4|OSMR|PELI3|SOX2|STAT5A|TNFRSF1B|TNIP2|VEGFA
 REACT:R-HSA-5654688	SHC-mediated cascade:FGFR1	7.61953833361e-11	4.50124e-09	FGF1|FGF10|FGF17|FGF2|FGF20|FGF22|FGF23|FGF3|FGF4|FGF5|FGF6|FGF8|FGF9
 REACT:R-HSA-5654689	PI-3K cascade:FGFR1	7.61953833361e-11	4.50124e-09	FGF1|FGF10|FGF17|FGF2|FGF20|FGF22|FGF23|FGF3|FGF4|FGF5|FGF6|FGF8|FGF9
 REACT:R-HSA-190373	FGFR1c ligand binding and activation	1.15634057885e-10	6.66447e-09	FGF1|FGF17|FGF2|FGF20|FGF23|FGF4|FGF5|FGF6|FGF8|FGF9
 KEGG:hsa04640	Hematopoietic cell lineage	1.19378951169e-10	6.71649e-09	CD14|CD19|CD1B|CD1C|CD1D|CD1E|CD2|CD22|CD3D|CD3G|CD4|CD44|CD59|CSF1|CSF2RA|GP1BA|GP1BB|GP5|GP9|IL1A|IL1B|IL1R1|IL1R2|IL4R|IL5RA|IL6R|ITGB3
 REACT:R-HSA-2219528	PI3K/AKT Signaling in Cancer	1.34592004208e-10	7.24545e-09	CD19|CD28|EGFR|ERBB3|FGF1|FGF10|FGF16|FGF17|FGF18|FGF19|FGF2|FGF20|FGF22|FGF23|FGF3|FGF4|FGF5|FGF6|FGF7|FGF8|FGF9|HBEGF|ICOS|NRG1|NRG4|PIK3AP1
 REACT:R-HSA-5654727	Negative regulation of FGFR2 signaling	1.34913080707e-10	7.24545e-09	FGF1|FGF10|FGF16|FGF17|FGF18|FGF2|FGF20|FGF22|FGF23|FGF3|FGF4|FGF5|FGF6|FGF7|FGF8|FGF9
 KEGG:hsa05162	Measles	2.35489849842e-10	1.23658e-08	CD28|CD3D|CD3G|CD46|CLEC4M|CSNK2B|FCGR2B|IFNA1|IFNA10|IFNA13|IFNA14|IFNA16|IFNA17|IFNA2|IFNA21|IFNA4|IFNA5|IFNA6|IFNA7|IFNA8|IFNAR2|IFNB1|IFNG|IL12B|IL1A|IL1B|IL2RB|IL2RG|STAT5A|TLR2|TLR4|TNFRSF10D
 REACT:R-HSA-5654693	FRS-mediated FGFR1 signaling	3.91388699228e-10	2.01055e-08	FGF1|FGF10|FGF17|FGF2|FGF20|FGF22|FGF23|FGF3|FGF4|FGF5|FGF6|FGF8|FGF9
 REACT:R-HSA-5658623	FGFRL1 modulation of FGFR1 signaling	5.29062460508e-10	2.65995e-08	FGF10|FGF17|FGF18|FGF2|FGF22|FGF23|FGF3|FGF4|FGF5|FGF8
 REACT:R-HSA-5654719	SHC-mediated cascade:FGFR4	7.79572517651e-10	3.75945e-08	FGF1|FGF16|FGF17|FGF18|FGF19|FGF2|FGF20|FGF23|FGF4|FGF6|FGF8|FGF9
 REACT:R-HSA-5654720	PI-3K cascade:FGFR4	7.79572517651e-10	3.75945e-08	FGF1|FGF16|FGF17|FGF18|FGF19|FGF2|FGF20|FGF23|FGF4|FGF6|FGF8|FGF9
 KEGG:hsa05224	Breast cancer	2.25449592328e-09	1.06547e-07	DLL4|EGFR|FGF1|FGF10|FGF11|FGF12|FGF13|FGF14|FGF16|FGF17|FGF18|FGF19|FGF2|FGF20|FGF21|FGF22|FGF23|FGF3|FGF4|FGF5|FGF6|FGF7|FGF8|FGF9|HEY1|JAG2|LEF1|NFKB2|SP1|TCF7|TCF7L1|TCF7L2
 KEGG:hsa04145	Phagosome	2.84091961067e-09	1.29742e-07	ATP6V0A1|ATP6V1E2|C1R|CALR|CANX|CD14|CLEC4M|CLEC7A|COLEC11|COLEC12|COMP|FCAR|FCGR2A|FCGR2B|FCGR2C|FCGR3A|FCGR3B|ITGB2|ITGB3|ITGB5|LAMP1|MBL2|MRC1|OLR1|PLA2R1|SFTPD|THBS1|THBS2|THBS3|THBS4|TLR2|TLR4|TLR6
 REACT:R-HSA-933541	TRAF6 mediated IRF7 activation	2.85509094144e-09	1.29742e-07	IFNA1|IFNA10|IFNA13|IFNA14|IFNA16|IFNA17|IFNA2|IFNA21|IFNA4|IFNA5|IFNA6|IFNA7|IFNA8|IFNB1|RNF135
 REACT:R-HSA-5654704	SHC-mediated cascade:FGFR3	3.12431258642e-09	1.36718e-07	FGF1|FGF16|FGF17|FGF18|FGF2|FGF20|FGF23|FGF4|FGF5|FGF8|FGF9
 REACT:R-HSA-5654710	PI-3K cascade:FGFR3	3.12431258642e-09	1.36718e-07	FGF1|FGF16|FGF17|FGF18|FGF2|FGF20|FGF23|FGF4|FGF5|FGF8|FGF9
 REACT:R-HSA-5654712	FRS-mediated FGFR4 signaling	3.53109275153e-09	1.51709e-07	FGF1|FGF16|FGF17|FGF18|FGF19|FGF2|FGF20|FGF23|FGF4|FGF6|FGF8|FGF9
 REACT:R-HSA-8854691	"Interleukin-19 20 22 24"	4.11202893957e-09	1.73513e-07	IL10RB|IL19|IL20|IL20RB|IL22|IL22RA1|IL22RA2|IL24
 REACT:R-HSA-1257604	PIP3 activates AKT signaling	4.48542558651e-09	1.85948e-07	CD19|CD28|EGFR|ERBB3|FGF1|FGF10|FGF16|FGF17|FGF18|FGF19|FGF2|FGF20|FGF22|FGF23|FGF3|FGF4|FGF5|FGF6|FGF7|FGF8|FGF9|HBEGF|ICOS|NRG1|NRG4|PHLPP1|PHLPP2|PIK3AP1|TNRC6A
 KEGG:hsa04514	Cell adhesion molecules (CAMs)	7.57301699128e-09	3.08535e-07	ALCAM|CD2|CD22|CD276|CD28|CD4|CD40|CD58|CDH15|CDH2|CDH4|CLDN7|ESAM|ICAM1|ICAM3|ICOS|ITGB2|ITGB7|LRRC4|LRRC4C|MAG|NFASC|NLGN4Y|NRXN1|NRXN3|NTNG1|SELE|SELL|SELP|SIGLEC1|VCAN
 REACT:R-HSA-180292	GAB1 signalosome	8.03375332925e-09	3.16396e-07	CD19|CD28|EGFR|ERBB3|FGF1|FGF10|FGF16|FGF17|FGF18|FGF19|FGF2|FGF20|FGF22|FGF23|FGF3|FGF4|FGF5|FGF6|FGF7|FGF8|FGF9|HBEGF|ICOS|NRG1|NRG4|PHLPP1|PHLPP2|PIK3AP1|TNRC6A
 REACT:R-HSA-198203	PI3K/AKT activation	8.03375332925e-09	3.16396e-07	CD19|CD28|EGFR|ERBB3|FGF1|FGF10|FGF16|FGF17|FGF18|FGF19|FGF2|FGF20|FGF22|FGF23|FGF3|FGF4|FGF5|FGF6|FGF7|FGF8|FGF9|HBEGF|ICOS|NRG1|NRG4|PHLPP1|PHLPP2|PIK3AP1|TNRC6A
 REACT:R-HSA-5655253	Signaling by FGFR2 in disease	1.00101946732e-08	3.87772e-07	FGF1|FGF10|FGF16|FGF17|FGF18|FGF2|FGF20|FGF22|FGF23|FGF3|FGF4|FGF5|FGF6|FGF7|FGF8|FGF9
 REACT:R-HSA-2730905	Role of LAT2/NTAL/LAB on calcium mobilization	1.03509368854e-08	3.94504e-07	CD19|CD28|EGFR|ERBB3|FGF1|FGF10|FGF16|FGF17|FGF18|FGF19|FGF2|FGF20|FGF22|FGF23|FGF3|FGF4|FGF5|FGF6|FGF7|FGF8|FGF9|GAB2|HBEGF|ICOS|NRG1|NRG4|PHLPP1|PHLPP2|PIK3AP1|TNRC6A
 KEGG:hsa05144	Malaria	1.1900291641e-08	4.46355e-07	CD40|COMP|GYPB|ICAM1|IFNG|IL1B|ITGB2|KLRB1|KLRC4-KLRK1|SELE|SELP|THBS1|THBS2|THBS3|THBS4|TLR2|TLR4
 REACT:R-HSA-5654706	FRS-mediated FGFR3 signaling	1.45793362938e-08	5.38296e-07	FGF1|FGF16|FGF17|FGF18|FGF2|FGF20|FGF23|FGF4|FGF5|FGF8|FGF9
 REACT:R-HSA-5654736	Signaling by FGFR1	1.68932032807e-08	6.14133e-07	FGF1|FGF10|FGF17|FGF18|FGF2|FGF20|FGF22|FGF23|FGF3|FGF4|FGF5|FGF6|FGF8|FGF9|FLRT1|FLRT2|FLRT3
 KEGG:hsa04620	Toll-like receptor signaling pathway	2.4539870247e-08	8.78602e-07	CD14|CD40|IFNA1|IFNA10|IFNA13|IFNA14|IFNA16|IFNA17|IFNA2|IFNA21|IFNA4|IFNA5|IFNA6|IFNA7|IFNA8|IFNAR2|IFNB1|IL12B|IL1B|TLR1|TLR2|TLR3|TLR4|TLR5|TLR6
 KEGG:hsa05320	Autoimmune thyroid disease	3.30319029906e-08	1.16499e-06	CD28|CD40|CGA|IFNA1|IFNA10|IFNA13|IFNA14|IFNA16|IFNA17|IFNA2|IFNA21|IFNA4|IFNA5|IFNA6|IFNA7|IFNA8|TSHR
 REACT:R-HSA-5655332	Signaling by FGFR3 in disease	5.38718486487e-08	1.84492e-06	FGF1|FGF16|FGF17|FGF18|FGF2|FGF20|FGF23|FGF4|FGF5|FGF8|FGF9
 REACT:R-HSA-8853338	Signaling by FGFR3 point mutants in cancer	5.38718486487e-08	1.84492e-06	FGF1|FGF16|FGF17|FGF18|FGF2|FGF20|FGF23|FGF4|FGF5|FGF8|FGF9
 REACT:R-HSA-5654716	Downstream signaling of activated FGFR4	6.94514540323e-08	2.34448e-06	FGF1|FGF16|FGF17|FGF18|FGF19|FGF2|FGF20|FGF23|FGF4|FGF6|FGF8|FGF9
 KEGG:hsa04015	Rap1 signaling pathway	9.75298359851e-08	3.24596e-06	BCAR1|CSF1|EFNA1|EFNA2|EFNA3|EFNA4|EGFR|FGF1|FGF10|FGF11|FGF12|FGF13|FGF14|FGF16|FGF17|FGF18|FGF19|FGF2|FGF20|FGF21|FGF22|FGF23|FGF3|FGF4|FGF5|FGF6|FGF7|FGF8|FGF9|FLT1|ITGB2|ITGB3|LAT|RASSF5|THBS1|VEGFA|VEGFC
 REACT:R-HSA-5654726	Negative regulation of FGFR1 signaling	1.11924103541e-07	3.67329e-06	FGF1|FGF10|FGF17|FGF2|FGF20|FGF22|FGF23|FGF3|FGF4|FGF5|FGF6|FGF8|FGF9
 REACT:R-HSA-1226099	Signaling by FGFR in disease	1.35713635441e-07	4.39303e-06	FGF1|FGF10|FGF16|FGF17|FGF18|FGF2|FGF20|FGF22|FGF23|FGF3|FGF4|FGF5|FGF6|FGF7|FGF8|FGF9|GAB2|STAT5A
 REACT:R-HSA-2022857	Keratan sulfate degradation	1.88684335156e-07	6.02515e-06	FMOD|HEXA|HEXB|KERA|LUM|OGN|OMD|PRELP
 REACT:R-HSA-109704	PI3K Cascade	2.4819327793e-07	7.81974e-06	FGF1|FGF10|FGF16|FGF17|FGF18|FGF19|FGF2|FGF20|FGF22|FGF23|FGF3|FGF4|FGF5|FGF6|FGF7|FGF8|FGF9|LAMTOR1|PRKAB1|PRKAB2
 REACT:R-HSA-5654708	Downstream signaling of activated FGFR3	2.81094839849e-07	8.73983e-06	FGF1|FGF16|FGF17|FGF18|FGF2|FGF20|FGF23|FGF4|FGF5|FGF8|FGF9
 REACT:R-HSA-1839124	FGFR1 mutant receptor activation	4.35977990598e-07	1.32079e-05	FGF1|FGF17|FGF2|FGF20|FGF23|FGF4|FGF5|FGF6|FGF8|FGF9|GAB2|STAT5A
 REACT:R-HSA-5654733	Negative regulation of FGFR4 signaling	4.35977990598e-07	1.32079e-05	FGF1|FGF16|FGF17|FGF18|FGF19|FGF2|FGF20|FGF23|FGF4|FGF6|FGF8|FGF9
 REACT:R-HSA-190371	FGFR3b ligand binding and activation	6.90561795635e-07	1.99e-05	FGF1|FGF17|FGF18|FGF20|FGF8|FGF9
 REACT:R-HSA-3656225	Defective CHST6 causes MCDC1	6.90561795635e-07	1.99e-05	FMOD|KERA|LUM|OGN|OMD|PRELP
 REACT:R-HSA-3656243	Defective ST3GAL3 causes MCT12 and EIEE15	6.90561795635e-07	1.99e-05	FMOD|KERA|LUM|OGN|OMD|PRELP
 REACT:R-HSA-3656244	Defective B4GALT1 causes B4GALT1-CDG (CDG-2d)	6.90561795635e-07	1.99e-05	FMOD|KERA|LUM|OGN|OMD|PRELP
 REACT:R-HSA-109582	Hemostasis	7.5947781697e-07	2.16222e-05	A1BG|AKAP1|APOH|BCAR1|BSG|CD2|CD44|CD47|CD58|CD84|CEACAM1|CEACAM8|CLEC1B|CLEC3B|CSF2RA|CSF2RB|CXADR|ESAM|F3|FGA|FGB|FGG|GAB2|GAS6|GATA6|GP1BA|GP1BB|GP5|GP9|GYPB|IFNA1|IFNA10|IFNA13|IFNA14|IFNA16|IFNA17|IFNA2|IFNA21|IFNA4|IFNA5|IFNA6|IFNA7|IFNA8|IFNB1|IL2RB|IL2RG|IL5RA|ITGB2|ITGB3|LAT|MAG|NFE2|OLR1|PCDH7|PDPN|PLAUR|PSG11|PSG2|PSG4|PSG5|PSG6|PSG8|SCG3|SELE|SELL|SELP|SERPINB2|SERPINB6|SERPINB8|SERPINC1|SERPINF2|SERPING1|STIM1|THBS1|TNFRSF10D|VEGFA|VEGFC
 KEGG:hsa04622	RIG-I-like receptor signaling pathway	7.68828582354e-07	2.16279e-05	IFNA1|IFNA10|IFNA13|IFNA14|IFNA16|IFNA17|IFNA2|IFNA21|IFNA4|IFNA5|IFNA6|IFNA7|IFNA8|IFNB1|IFNE|IFNW1|IL12B|TBKBP1
 REACT:R-HSA-1638074	Keratan sulfate/keratin metabolism	9.63975879897e-07	2.67985e-05	B4GALT1|B4GALT2|B4GALT3|B4GALT4|FMOD|HEXA|HEXB|KERA|LUM|OGN|OMD|PRELP
 REACT:R-HSA-3781865	Diseases of glycosylation	1.08095075124e-06	2.9701e-05	ADAMTS17|ADAMTSL1|ADAMTSL2|ADAMTSL4|BCAN|BGN|CFP|DCN|FMOD|KERA|LUM|MUC15|OGN|OMD|PRELP|THBS1|THBS2|THSD1|THSD7B|VCAN
 REACT:R-HSA-5654732	Negative regulation of FGFR3 signaling	1.68967659153e-06	4.58932e-05	FGF1|FGF16|FGF17|FGF18|FGF2|FGF20|FGF23|FGF4|FGF5|FGF8|FGF9
 REACT:R-HSA-190236	Signaling by FGFR	1.92388994003e-06	5.16608e-05	FGF1|FGF10|FGF16|FGF17|FGF18|FGF19|FGF2|FGF20|FGF22|FGF23|FGF3|FGF4|FGF5|FGF6|FGF7|FGF8|FGF9|FLRT1|FLRT2|FLRT3
 KEGG:hsa04380	Osteoclast differentiation	1.97242450695e-06	5.2369e-05	CSF1|FCGR2A|FCGR2B|FCGR2C|FCGR3A|FCGR3B|GAB2|IFNAR2|IFNB1|IFNG|IL1A|IL1B|IL1R1|ITGB3|JUNB|LILRA1|LILRA3|LILRA4|LILRA5|LILRB5|MITF|NFKB2|SPI1|TNFRSF11A|TNFRSF11B
 KEGG:hsa04014	Ras signaling pathway	2.01328288763e-06	5.28599e-05	CSF1|EFNA1|EFNA2|EFNA3|EFNA4|EGFR|FGF1|FGF10|FGF11|FGF12|FGF13|FGF14|FGF16|FGF17|FGF18|FGF19|FGF2|FGF20|FGF21|FGF22|FGF23|FGF3|FGF4|FGF5|FGF6|FGF7|FGF8|FGF9|FLT1|GAB2|LAT|PLA2G4D|RASSF5|SHOC2|VEGFA|VEGFC
 REACT:R-HSA-6798695	Neutrophil degranulation	3.50066536647e-06	9.09019e-05	A1BG|AGL|ATP6V0A1|B4GALT1|CD14|CD44|CD47|CD58|CD59|CD68|CEACAM1|CEACAM8|CFP|CHI3L1|CLEC12A|CLEC4C|CLEC4D|CLEC5A|CSNK2B|DEGS1|DSN1|FAF2|FCAR|FCGR2A|FCGR2C|FCGR3B|GAA|GLA|GUSB|GYG1|HEXB|ITGB2|LAMP1|LAMTOR1|LGALS3|LILRA3|LRG1|MGAM|NEU1|NFAM1|NFASC|OLR1|PGLYRP1|PGM1|PLAUR|PRG2|PRG3|PTX3|SELL|SERPINB6|SIGLEC14|SIGLEC5|SIGLEC9|SLC2A3|SLC2A5|SLPI|STBD1|STK11IP|TLR2|TNFRSF1B|VAPA
 REACT:R-HSA-202733	Cell surface interactions at the vascular wall	3.7512818668e-06	9.55134e-05	BSG|CD2|CD44|CD47|CD58|CD84|CEACAM1|CEACAM8|CXADR|ESAM|GAS6|GYPB|ITGB2|ITGB3|MAG|OLR1|PSG11|PSG2|PSG4|PSG5|PSG6|PSG8|SELE|SELL|SELP|TNFRSF10D
 KEGG:hsa04623	Cytosolic DNA-sensing pathway	3.75909730477e-06	9.55134e-05	IFNA1|IFNA10|IFNA13|IFNA14|IFNA16|IFNA17|IFNA2|IFNA21|IFNA4|IFNA5|IFNA6|IFNA7|IFNA8|IFNB1|IL1B|POLR3H
 REACT:R-HSA-5686938	Regulation of TLR by endogenous ligand	3.82415568112e-06	9.61328e-05	CD14|FGA|FGB|FGG|TLR1|TLR2|TLR4|TLR6
 REACT:R-HSA-3560782	Diseases associated with glycosaminoglycan metabolism	4.36687009908e-06	0.00010862	BCAN|BGN|DCN|FMOD|KERA|LUM|OGN|OMD|PRELP|VCAN
 REACT:R-HSA-5655302	Signaling by FGFR1 in disease	5.33686194593e-06	0.000131365	FGF1|FGF17|FGF2|FGF20|FGF23|FGF4|FGF5|FGF6|FGF8|FGF9|GAB2|STAT5A
 REACT:R-HSA-422475	Axon guidance	5.62236394097e-06	0.000136965	ABLIM1|ALCAM|APH1A|APH1B|ARHGEF7|CD72|CNTN6|CSF2RA|CSF2RB|CSNK2B|EFNA1|EFNA2|EFNA3|EFNA4|EGFR|EPHA3|ERBB3|FGA|FGB|FGF1|FGF10|FGF16|FGF17|FGF18|FGF19|FGF2|FGF20|FGF22|FGF23|FGF3|FGF4|FGF5|FGF6|FGF7|FGF8|FGF9|FGG|GAB2|HBEGF|IL2RB|IL2RG|IL5RA|ITGB3|LAT|NFASC|NRG1|NRG4|NTN4|PLXNA1|PLXNA2|PLXNC1|PLXND1|PSEN2|ROBO1|ROBO2|SCN3B|SCN4B|SEMA3E|SLIT1|SLIT2|SLIT3|TRPC1|TRPC4|UNC5B|UNC5C|VEGFA
 REACT:R-HSA-1643685	Disease	6.18204306579e-06	0.000149063	ADAMTS17|ADAMTSL1|ADAMTSL2|ADAMTSL4|AP1M2|APH1A|APH1B|AVPR2|BCAN|BGN|CALR|CANX|CD14|CD19|CD28|CD320|CD4|CFP|CSF2RA|CSF2RB|DCN|DKK1|DKK2|DLL4|EGFR|EPM2A|ERBB3|ERLEC1|FGA|FGB|FGF1|FGF10|FGF16|FGF17|FGF18|FGF19|FGF2|FGF20|FGF22|FGF23|FGF3|FGF4|FGF5|FGF6|FGF7|FGF8|FGF9|FGG|FMOD|GAB2|GYG1|GYG2|HBEGF|HDAC9|HEY1|ICOS|ITGB3|JAG2|KERA|LUM|MUC15|NFKB2|NRG1|NRG4|OGN|OMD|OS9|PIK3AP1|POM121|PORCN|PRELP|PSEN2|RANGAP1|RPL10L|RPS20|RPS23|SFTPD|STAT5A|TAF4B|TAF6|TCF7L2|THBS1|THBS2|THSD1|THSD7B|TLR1|TLR10|TLR2|TLR3|TLR4|TLR5|TLR6|VCAN
 REACT:R-HSA-1266738	Developmental Biology	6.65306556058e-06	0.0001588	ABLIM1|ALCAM|APH1A|APH1B|ARHGEF7|CD72|CDH15|CDH2|CDH4|CDSN|CFC1|CNTN6|CSF2RA|CSF2RB|CSNK2B|DSC2|EFNA1|EFNA2|EFNA3|EFNA4|EGFR|EPHA3|ERBB3|FAM120B|FGA|FGB|FGF1|FGF10|FGF16|FGF17|FGF18|FGF19|FGF2|FGF20|FGF22|FGF23|FGF3|FGF4|FGF5|FGF6|FGF7|FGF8|FGF9|FGG|FOXP1|GAB2|HBEGF|HNF1B|HOXA2|HOXA4|HOXB1|IL2RB|IL2RG|IL5RA|INSM1|ITGB3|KRT14|KRT7|KRTAP10-1|KRTAP10-2|KRTAP10-3|KRTAP1-1|KRTAP1-3|KRTAP13-1|KRTAP13-2|KRTAP1-5|KRTAP19-5|KRTAP2-4|KRTAP24-1|KRTAP26-1|KRTAP3-3|KRTAP4-1|KRTAP4-3|KRTAP4-6|LAT|LCE2B|LIN28A|MED26|MEF2C|NFASC|NRG1|NRG4|NTN3|NTN4|PDX1|PLXNA1|PLXNA2|PLXNC1|PLXND1|PSEN2|ROBO1|ROBO2|SALL1|SCN3B|SCN4B|SEMA3E|SLC2A2|SLIT1|SLIT2|SLIT3|SOX2|SPINK9|SPRR3|TCF12|TCF4|TDGF1|TRPC1|TRPC4|UNC5B|UNC5C|VEGFA
 REACT:R-HSA-190370	FGFR1b ligand binding and activation	8.66029155167e-06	0.000204643	FGF1|FGF10|FGF2|FGF22|FGF3
 KEGG:hsa04512	ECM-receptor interaction	8.84693619951e-06	0.000206983	CD44|CD47|CHAD|COMP|GP1BA|GP1BB|GP5|GP9|ITGB3|ITGB5|ITGB7|LAMB4|LAMC3|THBS1|THBS2|THBS3|THBS4|TNXB
 REACT:R-HSA-2022854	Keratan sulfate biosynthesis	9.50562148638e-06	0.000220214	B4GALT1|B4GALT2|B4GALT3|B4GALT4|FMOD|KERA|LUM|OGN|OMD|PRELP
 REACT:R-HSA-216083	Integrin cell surface interactions	1.08913975699e-05	0.000249868	BSG|CD44|CD47|COMP|FGA|FGB|FGG|ICAM1|ICAM3|ICAM4|ITGB2|ITGB3|ITGB5|ITGB7|LUM|THBS1
 REACT:R-HSA-5654743	Signaling by FGFR4	1.28471555212e-05	0.000291902	FGF1|FGF16|FGF17|FGF18|FGF19|FGF2|FGF20|FGF23|FGF4|FGF6|FGF8|FGF9
 REACT:R-HSA-71387	Metabolism of carbohydrates	1.30998934196e-05	0.00029481	AGL|AMY1A|AMY2A|AMY2B|B3GAT3|B4GALT1|B4GALT2|B4GALT3|B4GALT4|BCAN|BGN|CD44|DCN|EPM2A|FGF21|FMOD|GAA|GLCE|GUSB|GYG1|GYG2|HEXA|HEXB|KERA|LUM|MGAM|NAGLU|OGN|OMD|PGM1|POM121|PRELP|SI|SLC25A10|SLC2A1|SLC2A14|SLC2A2|SLC2A3|SLC2A5|VCAN|XYLT2
 REACT:R-HSA-2172127	DAP12 interactions	1.58371797234e-05	0.00035305	CD19|CD28|CLEC5A|CSF2RA|CSF2RB|EGFR|ERBB3|FGA|FGB|FGF1|FGF10|FGF16|FGF17|FGF18|FGF19|FGF2|FGF20|FGF22|FGF23|FGF3|FGF4|FGF5|FGF6|FGF7|FGF8|FGF9|FGG|HBEGF|ICOS|IL2RB|IL2RG|IL5RA|ITGB3|KIR2DS4|KIR2DS5|KIR3DS1|KLRC2|KLRC4-KLRK1|KLRD1|LAT|NRG1|NRG4|PHLPP1|PHLPP2|PIK3AP1|SIGLEC14|SIGLEC15|TNRC6A
 REACT:R-HSA-5260271	Diseases of Immune System	1.69675750586e-05	0.000371244	CD14|NFKB2|TLR1|TLR10|TLR2|TLR3|TLR4|TLR5|TLR6
 REACT:R-HSA-5602358	Diseases associated with the TLR signaling cascade	1.69675750586e-05	0.000371244	CD14|NFKB2|TLR1|TLR10|TLR2|TLR3|TLR4|TLR5|TLR6
 REACT:R-HSA-190377	FGFR2b ligand binding and activation	1.72917104471e-05	0.000374865	FGF1|FGF10|FGF2|FGF22|FGF3|FGF7
 KEGG:hsa00500	Starch and sucrose metabolism	1.8781436623e-05	0.000403459	AGL|AMY1A|AMY2A|AMY2B|GAA|GYG1|GYG2|MGAM|PGM1|PGM2L1|SI
 REACT:R-HSA-425366	"Transport of glucose and other sugars bile salts and organic acids metal ions and amine compounds"	2.68087392487e-05	0.000570712	BSG|EMB|FGF21|SLC13A3|SLC14A1|SLC14A2|SLC22A6|SLC22A8|SLC2A1|SLC2A10|SLC2A11|SLC2A14|SLC2A2|SLC2A3|SLC2A5|SLC2A6|SLC2A8|SLC2A9|SLC30A8|SLC39A8
 REACT:R-HSA-1630316	Glycosaminoglycan metabolism	3.43137853628e-05	0.00072396	B3GAT3|B4GALT1|B4GALT2|B4GALT3|B4GALT4|BCAN|BGN|CD44|DCN|FMOD|GLCE|GUSB|HEXA|HEXB|KERA|LUM|NAGLU|OGN|OMD|PRELP|VCAN|XYLT2
 REACT:R-HSA-5654738	Signaling by FGFR2	4.02208105359e-05	0.000841078	FGF1|FGF10|FGF16|FGF17|FGF18|FGF2|FGF20|FGF22|FGF23|FGF3|FGF4|FGF5|FGF6|FGF7|FGF8|FGF9
 REACT:R-HSA-168928	RIG-I/MDA5 mediated induction of IFN-alpha/beta pathways	4.76436275032e-05	0.00098756	IFNA1|IFNA10|IFNA13|IFNA14|IFNA16|IFNA17|IFNA2|IFNA21|IFNA4|IFNA5|IFNA6|IFNA7|IFNA8|IFNB1|NFKB2|RNF135|RNF216
 REACT:R-HSA-909733	Interferon alpha/beta signaling	5.52646080931e-05	0.00113557	IFNA1|IFNA10|IFNA13|IFNA14|IFNA16|IFNA17|IFNA2|IFNA21|IFNA4|IFNA5|IFNA6|IFNA7|IFNA8|IFNAR2|IFNB1
 REACT:R-HSA-5654741	Signaling by FGFR3	5.60443961818e-05	0.00114083	FGF1|FGF16|FGF17|FGF18|FGF2|FGF20|FGF23|FGF4|FGF5|FGF8|FGF9
 KEGG:hsa04612	Antigen processing and presentation	5.6486483481e-05	0.00114083	CALR|CANX|CD4|IFNG|KIR2DL1|KIR2DL3|KIR2DL4|KIR2DS1|KIR2DS4|KIR2DS5|KIR3DL2|KIR3DL3|KLRC1|KLRC2|KLRD1|RFXAP
 KEGG:hsa05150	Staphylococcus aureus infection	6.87298639237e-05	0.00137634	C1R|FCAR|FCGR2A|FCGR2B|FCGR2C|FCGR3A|FCGR3B|FGG|ICAM1|ITGB2|MASP2|MBL2|SELP
 KEGG:hsa04610	Complement and coagulation cascades	7.82776745528e-05	0.00155437	C1R|C8A|CD46|CD59|F3|FGA|FGB|FGG|ITGB2|MASP2|MBL2|PLAUR|SERPINB2|SERPINC1|SERPINF2|SERPING1
 REACT:R-HSA-1168372	Downstream signaling events of B Cell Receptor (BCR)	7.99029827442e-05	0.00157342	CD19|CD28|EGFR|ERBB3|FGF1|FGF10|FGF16|FGF17|FGF18|FGF19|FGF2|FGF20|FGF22|FGF23|FGF3|FGF4|FGF5|FGF6|FGF7|FGF8|FGF9|HBEGF|ICOS|NRG1|NRG4|PHLPP1|PHLPP2|PIK3AP1|TNRC6A
 KEGG:hsa_M00071	"Glycosphingolipid biosynthesis neolacto-series LacCer => nLc4Cer"	0.000105538336377	0.00206105	B4GALT1|B4GALT2|B4GALT3|B4GALT4
 REACT:R-HSA-5684996	MAPK1/MAPK3 signaling	0.000110676106145	0.00214367	CSF2RA|CSF2RB|EGFR|ERBB3|FGA|FGB|FGF1|FGF10|FGF16|FGF17|FGF18|FGF19|FGF2|FGF20|FGF22|FGF23|FGF3|FGF4|FGF5|FGF6|FGF7|FGF8|FGF9|FGG|HBEGF|IL2RB|IL2RG|IL5RA|IL6R|IL6ST|ITGB3|LAT|NRG1|NRG4
 REACT:R-HSA-451927	Interleukin-2 signaling	0.000116803144322	0.00224395	CSF2RA|CSF2RB|EGFR|ERBB3|FGA|FGB|FGF1|FGF10|FGF16|FGF17|FGF18|FGF19|FGF2|FGF20|FGF22|FGF23|FGF3|FGF4|FGF5|FGF6|FGF7|FGF8|FGF9|FGG|GAB2|HBEGF|IL2RB|IL2RG|IL5RA|ITGB3|LAT|LGALS9|NRG1|NRG4|STAT5A
 KEGG:hsa04810	Regulation of actin cytoskeleton	0.000126008750772	0.00240128	ARHGEF7|BCAR1|CD14|EGFR|FGF1|FGF10|FGF11|FGF12|FGF13|FGF14|FGF16|FGF17|FGF18|FGF19|FGF2|FGF20|FGF21|FGF22|FGF23|FGF3|FGF4|FGF5|FGF6|FGF7|FGF8|FGF9|ITGB2|ITGB3|ITGB5|ITGB7
 REACT:R-HSA-5663202	Diseases of signal transduction	0.000129652607712	0.00245095	APH1A|APH1B|CD19|CD28|DKK1|DKK2|DLL4|EGFR|ERBB3|ERLEC1|FGA|FGB|FGF1|FGF10|FGF16|FGF17|FGF18|FGF19|FGF2|FGF20|FGF22|FGF23|FGF3|FGF4|FGF5|FGF6|FGF7|FGF8|FGF9|FGG|GAB2|HBEGF|HDAC9|HEY1|ICOS|ITGB3|JAG2|NRG1|NRG4|OS9|PIK3AP1|PORCN|PSEN2|STAT5A|TCF7L2
 REACT:R-HSA-983705	Signaling by the B Cell Receptor (BCR)	0.000146064995381	0.0027393	CD19|CD22|CD28|EGFR|ERBB3|FGF1|FGF10|FGF16|FGF17|FGF18|FGF19|FGF2|FGF20|FGF22|FGF23|FGF3|FGF4|FGF5|FGF6|FGF7|FGF8|FGF9|HBEGF|ICOS|NRG1|NRG4|PHLPP1|PHLPP2|PIK3AP1|STIM1|TNRC6A|TRPC1
 KEGG:hsa04010	MAPK signaling pathway	0.000151068124146	0.00281082	CD14|EGFR|ELK4|FGF1|FGF10|FGF11|FGF12|FGF13|FGF14|FGF16|FGF17|FGF18|FGF19|FGF2|FGF20|FGF21|FGF22|FGF23|FGF3|FGF4|FGF5|FGF6|FGF7|FGF8|FGF9|IL1A|IL1B|IL1R1|IL1R2|MAPT|MEF2C|NFKB2|NTRK2|PLA2G4D
 REACT:R-HSA-189085	Digestion of dietary carbohydrate	0.000152573452047	0.00281665	AMY1A|AMY2A|AMY2B|MGAM|SI
 KEGG:hsa04360	Axon guidance	0.000158065769846	0.00289542	ABLIM1|EFNA1|EFNA2|EFNA3|EFNA4|EPHA3|LRRC4|LRRC4C|NTN3|NTN4|NTNG1|PLXNA1|PLXNA2|PLXNC1|ROBO1|ROBO2|SEMA3B|SEMA3E|SEMA3G|SLIT1|SLIT2|SLIT3|TRPC1|TRPC4|UNC5B|UNC5C
 KEGG:hsa05168	Herpes simplex infection	0.000161230846742	0.00293068	CFP|CSNK2B|IFNA1|IFNA10|IFNA13|IFNA14|IFNA16|IFNA17|IFNA2|IFNA21|IFNA4|IFNA5|IFNA6|IFNA7|IFNA8|IFNAR2|IFNB1|IFNG|IL12B|IL1B|MCRS1|PILRA|SKP2|TAF4B|TAF6|TLR2|TLR3
 REACT:R-HSA-445717	Aquaporin-mediated transport	0.000166285025572	0.00299948	AQP1|AQP10|AQP12A|AQP2|AQP3|AQP4|AQP5|AQP6|AQP7|AQP9|AVPR2|MIP
 REACT:R-HSA-186797	Signaling by PDGF	0.000187982265445	0.00336517	BCAR1|CD19|CD28|CSF2RA|CSF2RB|EGFR|ERBB3|FGA|FGB|FGF1|FGF10|FGF16|FGF17|FGF18|FGF19|FGF2|FGF20|FGF22|FGF23|FGF3|FGF4|FGF5|FGF6|FGF7|FGF8|FGF9|FGG|HBEGF|ICOS|IL2RB|IL2RG|IL5RA|ITGB3|LAT|NRG1|NRG4|PHLPP1|PHLPP2|PIK3AP1|STAT5A|THBS1|THBS2|THBS3|THBS4|TNRC6A
 REACT:R-HSA-2024101	CS/DS degradation	0.000194534035612	0.00345627	BCAN|BGN|DCN|HEXA|HEXB|VCAN
 REACT:R-HSA-140877	Formation of Fibrin Clot (Clotting Cascade)	0.000230132623713	0.00405823	F3|FGA|FGB|FGG|GP1BA|GP1BB|GP5|GP9|SERPINC1|SERPING1
 REACT:R-HSA-1433557	Signaling by SCF-KIT	0.000253775564424	0.00444201	CD19|CD28|CSF2RA|CSF2RB|EGFR|ERBB3|FGA|FGB|FGF1|FGF10|FGF16|FGF17|FGF18|FGF19|FGF2|FGF20|FGF22|FGF23|FGF3|FGF4|FGF5|FGF6|FGF7|FGF8|FGF9|FGG|GAB2|HBEGF|ICOS|IL2RB|IL2RG|IL5RA|ITGB3|LAT|NRG1|NRG4|PHLPP1|PHLPP2|PIK3AP1|STAT5A|TNRC6A
 REACT:R-HSA-2586552	Signaling by Leptin	0.000283984593208	0.00493423	CSF2RA|CSF2RB|EGFR|ERBB3|FGA|FGB|FGF1|FGF10|FGF16|FGF17|FGF18|FGF19|FGF2|FGF20|FGF22|FGF23|FGF3|FGF4|FGF5|FGF6|FGF7|FGF8|FGF9|FGG|HBEGF|IL2RB|IL2RG|IL5RA|ITGB3|LAT|NRG1|NRG4|STAT5A
 REACT:R-HSA-5357572	Lysosomal glycogen catabolism	0.000325432728449	0.00561312	GAA|GYG1|GYG2
 REACT:R-HSA-912526	Interleukin receptor SHC signaling	0.000328457178349	0.00562423	CSF2RA|CSF2RB|EGFR|ERBB3|FGA|FGB|FGF1|FGF10|FGF16|FGF17|FGF18|FGF19|FGF2|FGF20|FGF22|FGF23|FGF3|FGF4|FGF5|FGF6|FGF7|FGF8|FGF9|FGG|GAB2|HBEGF|IL2RB|IL2RG|IL5RA|ITGB3|LAT|NRG1|NRG4
 REACT:R-HSA-112412	SOS-mediated signalling	0.000340753762681	0.00567043	CSF2RA|CSF2RB|EGFR|ERBB3|FGA|FGB|FGF1|FGF10|FGF16|FGF17|FGF18|FGF19|FGF2|FGF20|FGF22|FGF23|FGF3|FGF4|FGF5|FGF6|FGF7|FGF8|FGF9|FGG|HBEGF|IL2RB|IL2RG|IL5RA|ITGB3|LAT|NRG1|NRG4
 REACT:R-HSA-179812	GRB2 events in EGFR signaling	0.000340753762681	0.00567043	CSF2RA|CSF2RB|EGFR|ERBB3|FGA|FGB|FGF1|FGF10|FGF16|FGF17|FGF18|FGF19|FGF2|FGF20|FGF22|FGF23|FGF3|FGF4|FGF5|FGF6|FGF7|FGF8|FGF9|FGG|HBEGF|IL2RB|IL2RG|IL5RA|ITGB3|LAT|NRG1|NRG4
 REACT:R-HSA-180336	SHC1 events in EGFR signaling	0.000340753762681	0.00567043	CSF2RA|CSF2RB|EGFR|ERBB3|FGA|FGB|FGF1|FGF10|FGF16|FGF17|FGF18|FGF19|FGF2|FGF20|FGF22|FGF23|FGF3|FGF4|FGF5|FGF6|FGF7|FGF8|FGF9|FGG|HBEGF|IL2RB|IL2RG|IL5RA|ITGB3|LAT|NRG1|NRG4
 REACT:R-HSA-5673001	RAF/MAP kinase cascade	0.000340753762681	0.00567043	CSF2RA|CSF2RB|EGFR|ERBB3|FGA|FGB|FGF1|FGF10|FGF16|FGF17|FGF18|FGF19|FGF2|FGF20|FGF22|FGF23|FGF3|FGF4|FGF5|FGF6|FGF7|FGF8|FGF9|FGG|HBEGF|IL2RB|IL2RG|IL5RA|ITGB3|LAT|NRG1|NRG4
 KEGG:hsa04659	Th17 cell differentiation	0.000344333157427	0.00568992	CD3D|CD3G|CD4|IFNG|IL12RB1|IL1B|IL1R1|IL1RAP|IL21R|IL22|IL27RA|IL2RB|IL2RG|IL4R|IL6R|IL6ST|LAT|STAT5A
 REACT:R-HSA-6783783	Interleukin-10 signaling	0.000399461574531	0.00655505	CSF1|ICAM1|IL10RA|IL10RB|IL12B|IL1A|IL1B|IL1R1|IL1R2|IL1RN|TNFRSF1B
 REACT:R-HSA-5218921	VEGFR2 mediated cell proliferation	0.000406807659682	0.00662956	CSF2RA|CSF2RB|EGFR|ERBB3|FGA|FGB|FGF1|FGF10|FGF16|FGF17|FGF18|FGF19|FGF2|FGF20|FGF22|FGF23|FGF3|FGF4|FGF5|FGF6|FGF7|FGF8|FGF9|FGG|HBEGF|IL2RB|IL2RG|IL5RA|ITGB3|LAT|NRG1|NRG4|VEGFA
 REACT:R-HSA-2424491	DAP12 signaling	0.000413455542318	0.00669175	CD19|CD28|CSF2RA|CSF2RB|EGFR|ERBB3|FGA|FGB|FGF1|FGF10|FGF16|FGF17|FGF18|FGF19|FGF2|FGF20|FGF22|FGF23|FGF3|FGF4|FGF5|FGF6|FGF7|FGF8|FGF9|FGG|HBEGF|ICOS|IL2RB|IL2RG|IL5RA|ITGB3|KLRC2|KLRC4-KLRK1|KLRD1|LAT|NRG1|NRG4|PHLPP1|PHLPP2|PIK3AP1|TNRC6A
 REACT:R-HSA-373752	Netrin-1 signaling	0.000441218531631	0.00709251	ABLIM1|NTN4|ROBO1|SLIT1|SLIT2|SLIT3|TRPC1|TRPC4|UNC5B|UNC5C
 REACT:R-HSA-170984	ARMS-mediated activation	0.000455176218553	0.00721867	CSF2RA|CSF2RB|EGFR|ERBB3|FGA|FGB|FGF1|FGF10|FGF16|FGF17|FGF18|FGF19|FGF2|FGF20|FGF22|FGF23|FGF3|FGF4|FGF5|FGF6|FGF7|FGF8|FGF9|FGG|HBEGF|IL2RB|IL2RG|IL5RA|ITGB3|LAT|NRG1|NRG4
 REACT:R-HSA-187706	Signalling to p38 via RIT and RIN	0.000455176218553	0.00721867	CSF2RA|CSF2RB|EGFR|ERBB3|FGA|FGB|FGF1|FGF10|FGF16|FGF17|FGF18|FGF19|FGF2|FGF20|FGF22|FGF23|FGF3|FGF4|FGF5|FGF6|FGF7|FGF8|FGF9|FGG|HBEGF|IL2RB|IL2RG|IL5RA|ITGB3|LAT|NRG1|NRG4
 REACT:R-HSA-512988	"Interleukin-3 5 and GM-CSF signaling"	0.000478193044551	0.00753313	CSF2RA|CSF2RB|EGFR|ERBB3|FGA|FGB|FGF1|FGF10|FGF16|FGF17|FGF18|FGF19|FGF2|FGF20|FGF22|FGF23|FGF3|FGF4|FGF5|FGF6|FGF7|FGF8|FGF9|FGG|GAB2|HBEGF|IL2RB|IL2RG|IL5RA|ITGB3|LAT|NRG1|NRG4|STAT5A
 REACT:R-HSA-170968	Frs2-mediated activation	0.000488625150747	0.00759029	CSF2RA|CSF2RB|EGFR|ERBB3|FGA|FGB|FGF1|FGF10|FGF16|FGF17|FGF18|FGF19|FGF2|FGF20|FGF22|FGF23|FGF3|FGF4|FGF5|FGF6|FGF7|FGF8|FGF9|FGG|HBEGF|IL2RB|IL2RG|IL5RA|ITGB3|LAT|NRG1|NRG4
 REACT:R-HSA-1980148	Signaling by NOTCH3	0.000497881949448	0.00759029	APH1A|APH1B|DLL4|JAG2|PSEN2
 REACT:R-HSA-1980150	Signaling by NOTCH4	0.000497881949448	0.00759029	APH1A|APH1B|DLL4|JAG2|PSEN2
 REACT:R-HSA-5602498	MyD88 deficiency (TLR2/4)	0.000497881949448	0.00759029	CD14|TLR1|TLR2|TLR4|TLR6
 REACT:R-HSA-5603041	IRAK4 deficiency (TLR2/4)	0.000497881949448	0.00759029	CD14|TLR1|TLR2|TLR4|TLR6
 REACT:R-HSA-169893	Prolonged ERK activation events	0.000562105509962	0.00851446	CSF2RA|CSF2RB|EGFR|ERBB3|FGA|FGB|FGF1|FGF10|FGF16|FGF17|FGF18|FGF19|FGF2|FGF20|FGF22|FGF23|FGF3|FGF4|FGF5|FGF6|FGF7|FGF8|FGF9|FGG|HBEGF|IL2RB|IL2RG|IL5RA|ITGB3|LAT|NRG1|NRG4
 REACT:R-HSA-186763	Downstream signal transduction	0.000625916166743	0.00942064	BCAR1|CD19|CD28|CSF2RA|CSF2RB|EGFR|ERBB3|FGA|FGB|FGF1|FGF10|FGF16|FGF17|FGF18|FGF19|FGF2|FGF20|FGF22|FGF23|FGF3|FGF4|FGF5|FGF6|FGF7|FGF8|FGF9|FGG|HBEGF|ICOS|IL2RB|IL2RG|IL5RA|ITGB3|LAT|NRG1|NRG4|PHLPP1|PHLPP2|PIK3AP1|STAT5A|TNRC6A
 REACT:R-HSA-3595172	Defective CHST3 causes SEDCJD	0.000660240879101	0.00969037	BCAN|BGN|DCN|VCAN
 REACT:R-HSA-3595174	"Defective CHST14 causes EDS musculocontractural type"	0.000660240879101	0.00969037	BCAN|BGN|DCN|VCAN
 REACT:R-HSA-3595177	Defective CHSY1 causes TPBS	0.000660240879101	0.00969037	BCAN|BGN|DCN|VCAN
 REACT:R-HSA-4411364	Binding of TCF/LEF:CTNNB1 to target gene promoters	0.000660240879101	0.00969037	LEF1|TCF7|TCF7L1|TCF7L2
 KEGG:hsa05146	Amoebiasis	0.000712262214393	0.0103894	C8A|CD14|CD1D|IFNG|IL12B|IL1B|IL1R1|IL1R2|ITGB2|LAMB4|LAMC3|SERPINB13|SERPINB6|SERPINB9|TLR2|TLR4
 REACT:R-HSA-5083635	Defective B3GALTL causes Peters-plus syndrome (PpS)	0.000717425720797	0.0104005	ADAMTS17|ADAMTSL1|ADAMTSL2|ADAMTSL4|CFP|THBS1|THBS2|THSD1|THSD7B
 REACT:R-HSA-167044	Signalling to RAS	0.000738856883382	0.0106458	CSF2RA|CSF2RB|EGFR|ERBB3|FGA|FGB|FGF1|FGF10|FGF16|FGF17|FGF18|FGF19|FGF2|FGF20|FGF22|FGF23|FGF3|FGF4|FGF5|FGF6|FGF7|FGF8|FGF9|FGG|HBEGF|IL2RB|IL2RG|IL5RA|ITGB3|LAT|NRG1|NRG4
 REACT:R-HSA-5683057	MAPK family signaling cascades	0.000812497771838	0.011636	CSF2RA|CSF2RB|EGFR|ERBB3|FGA|FGB|FGF1|FGF10|FGF16|FGF17|FGF18|FGF19|FGF2|FGF20|FGF22|FGF23|FGF3|FGF4|FGF5|FGF6|FGF7|FGF8|FGF9|FGG|HBEGF|IL2RB|IL2RG|IL5RA|IL6R|IL6ST|ITGB3|LAT|NRG1|NRG4|TNRC6A
 KEGG:hsa05161	Hepatitis B	0.00084127231177	0.0119755	CREB3L3|CREB5|EGR3|IFNA1|IFNA10|IFNA13|IFNA14|IFNA16|IFNA17|IFNA2|IFNA21|IFNA4|IFNA5|IFNA6|IFNA7|IFNA8|IFNB1|STAT5A|TLR2|TLR3|TLR4
 REACT:R-HSA-76009	Platelet Aggregation (Plug Formation)	0.000883522209839	0.0125016	BCAR1|FGA|FGB|FGG|GP1BA|GP1BB|GP5|GP9|ITGB3
 REACT:R-HSA-8853659	RET signaling	0.000911354133358	0.0128186	CSF2RA|CSF2RB|EGFR|ERBB3|FGA|FGB|FGF1|FGF10|FGF16|FGF17|FGF18|FGF19|FGF2|FGF20|FGF22|FGF23|FGF3|FGF4|FGF5|FGF6|FGF7|FGF8|FGF9|FGG|GAB2|HBEGF|IL2RB|IL2RG|IL5RA|ITGB3|LAT|NRG1|NRG4
 KEGG:hsa00052	Galactose metabolism	0.000927848268063	0.0129734	B4GALT1|B4GALT2|GAA|GALM|GLA|MGAM|PGM1|SI
 REACT:R-HSA-112399	IRS-mediated signalling	0.00103842146842	0.0144341	CSF2RA|CSF2RB|EGFR|ERBB3|FGA|FGB|FGF1|FGF10|FGF16|FGF17|FGF18|FGF19|FGF2|FGF20|FGF22|FGF23|FGF3|FGF4|FGF5|FGF6|FGF7|FGF8|FGF9|FGG|HBEGF|IL2RB|IL2RG|IL5RA|ITGB3|LAMTOR1|LAT|NRG1|NRG4|PRKAB1|PRKAB2
 REACT:R-HSA-5173214	O-glycosylation of TSR domain-containing proteins	0.00107953906733	0.0149178	ADAMTS17|ADAMTSL1|ADAMTSL2|ADAMTSL4|CFP|THBS1|THBS2|THSD1|THSD7B
 REACT:R-HSA-6794362	Protein-protein interactions at synapses	0.00113368252494	0.015575	DLGAP4|GRIA4|LRFN1|LRFN2|LRFN3|LRFN4|LRRTM1|LRRTM2|LRRTM3|LRRTM4|NLGN4Y|NRXN1|NRXN3
 REACT:R-HSA-1251985	Nuclear signaling by ERBB4	0.00114717879804	0.0156693	APH1A|APH1B|HBEGF|NRG1|NRG4|PSEN2|STAT5A
 REACT:R-HSA-187687	Signalling to ERKs	0.00116752854972	0.0158556	CSF2RA|CSF2RB|EGFR|ERBB3|FGA|FGB|FGF1|FGF10|FGF16|FGF17|FGF18|FGF19|FGF2|FGF20|FGF22|FGF23|FGF3|FGF4|FGF5|FGF6|FGF7|FGF8|FGF9|FGG|HBEGF|IL2RB|IL2RG|IL5RA|ITGB3|LAT|NRG1|NRG4
 REACT:R-HSA-177929	Signaling by EGFR	0.00121336932687	0.0162111	ARHGEF7|CD19|CD28|CSF2RA|CSF2RB|EGFR|ERBB3|FGA|FGB|FGF1|FGF10|FGF16|FGF17|FGF18|FGF19|FGF2|FGF20|FGF22|FGF23|FGF3|FGF4|FGF5|FGF6|FGF7|FGF8|FGF9|FGG|HBEGF|ICOS|IL2RB|IL2RG|IL5RA|ITGB3|LAT|LRIG1|NRG1|NRG4|PHLPP1|PHLPP2|PIK3AP1|TNRC6A
 REACT:R-HSA-428542	Regulation of Commissural axon pathfinding by Slit and Robo	0.00123473428042	0.0162111	ROBO1|ROBO2|SLIT2
 REACT:R-HSA-428776	Class II GLUTs	0.00123473428042	0.0162111	SLC2A11|SLC2A5|SLC2A9
 REACT:R-HSA-75205	Dissolution of Fibrin Clot	0.00123487836732	0.0162111	PLAUR|SERPINB2|SERPINB6|SERPINB8|SERPINF2
 REACT:R-HSA-8847993	ERBB2 Activates PTK6 Signaling	0.00123487836732	0.0162111	EGFR|ERBB3|HBEGF|NRG1|NRG4
 REACT:R-HSA-1474244	Extracellular matrix organization	0.00124229011842	0.0162111	ASPN|BCAN|BGN|BSG|CD44|CD47|CEACAM1|CEACAM8|COL8A2|COMP|DCN|FGA|FGB|FGF2|FGG|FMOD|ICAM1|ICAM3|ICAM4|ITGB2|ITGB3|ITGB5|ITGB7|LAMC3|LTBP1|LTBP3|LUM|NRXN1|NTN4|OPTC|P4HB|PCOLCE|THBS1|TNXB|VCAN
 REACT:R-HSA-74751	Insulin receptor signalling cascade	0.00124229011842	0.0162111	CSF2RA|CSF2RB|EGFR|ERBB3|FGA|FGB|FGF1|FGF10|FGF16|FGF17|FGF18|FGF19|FGF2|FGF20|FGF22|FGF23|FGF3|FGF4|FGF5|FGF6|FGF7|FGF8|FGF9|FGG|HBEGF|IL2RB|IL2RG|IL5RA|ITGB3|LAMTOR1|LAT|NRG1|NRG4|PRKAB1|PRKAB2
 REACT:R-HSA-446210	Synthesis of UDP-N-acetyl-glucosamine	0.00124859043977	0.0162111	AMDHD2|NAGK|PGM3|RENBP
 REACT:R-HSA-416700	Other semaphorin interactions	0.00130470626432	0.0168298	CD72|PLXNA1|PLXNA2|PLXNC1|PLXND1|SEMA3E
 REACT:R-HSA-2428924	IGF1R signaling cascade	0.00131761164891	0.0168298	CSF2RA|CSF2RB|EGFR|ERBB3|FGA|FGB|FGF1|FGF10|FGF16|FGF17|FGF18|FGF19|FGF2|FGF20|FGF22|FGF23|FGF3|FGF4|FGF5|FGF6|FGF7|FGF8|FGF9|FGG|HBEGF|IL2RB|IL2RG|IL5RA|ITGB3|LAMTOR1|LAT|NRG1|NRG4|PRKAB1|PRKAB2
 REACT:R-HSA-2428928	IRS-related events triggered by IGF1R	0.00131761164891	0.0168298	CSF2RA|CSF2RB|EGFR|ERBB3|FGA|FGB|FGF1|FGF10|FGF16|FGF17|FGF18|FGF19|FGF2|FGF20|FGF22|FGF23|FGF3|FGF4|FGF5|FGF6|FGF7|FGF8|FGF9|FGG|HBEGF|IL2RB|IL2RG|IL5RA|ITGB3|LAMTOR1|LAT|NRG1|NRG4|PRKAB1|PRKAB2
 REACT:R-HSA-2404192	Signaling by Type 1 Insulin-like Growth Factor 1 Receptor (IGF1R)	0.00139688773206	0.0177465	CSF2RA|CSF2RB|EGFR|ERBB3|FGA|FGB|FGF1|FGF10|FGF16|FGF17|FGF18|FGF19|FGF2|FGF20|FGF22|FGF23|FGF3|FGF4|FGF5|FGF6|FGF7|FGF8|FGF9|FGG|HBEGF|IL2RB|IL2RG|IL5RA|ITGB3|LAMTOR1|LAT|NRG1|NRG4|PRKAB1|PRKAB2
 KEGG:hsa05321	Inflammatory bowel disease (IBD)	0.00142205816933	0.0179696	IFNG|IL12B|IL12RB1|IL1A|IL1B|IL21R|IL22|IL2RG|IL4R|TLR2|TLR4|TLR5
 REACT:R-HSA-74752	Signaling by Insulin receptor	0.00144719391713	0.018169	ATP6V0A1|ATP6V1E2|CSF2RA|CSF2RB|EGFR|ERBB3|FGA|FGB|FGF1|FGF10|FGF16|FGF17|FGF18|FGF19|FGF2|FGF20|FGF22|FGF23|FGF3|FGF4|FGF5|FGF6|FGF7|FGF8|FGF9|FGG|HBEGF|IL2RB|IL2RG|IL5RA|ITGB3|LAMTOR1|LAT|NRG1|NRG4|PRKAB1|PRKAB2
 REACT:R-HSA-163125	Post-translational modification: synthesis of GPI-anchored proteins	0.0014532148681	0.018169	CNTN3|CNTN4|FCGR3B|GP2|LYPD4|LYPD6B|MDGA1|MDGA2|NTM|NTNG1|PLAUR|PSCA|RTN4RL1|SPACA4|TEX101
 REACT:R-HSA-3000178	ECM proteoglycans	0.00152811267654	0.0190049	ASPN|BCAN|BGN|COMP|DCN|FMOD|ITGB3|ITGB5|LUM|TNXB|VCAN
 KEGG:hsa05332	Graft-versus-host disease	0.00157686493794	0.0195085	CD28|IFNG|IL1A|IL1B|KIR2DL1|KIR2DL3|KIR3DL2|KLRC1|KLRD1
 KEGG:hsa05164	Influenza A	0.00175772205882	0.0216328	ICAM1|IFNA1|IFNA10|IFNA13|IFNA14|IFNA16|IFNA17|IFNA2|IFNA21|IFNA4|IFNA5|IFNA6|IFNA7|IFNA8|IFNAR2|IFNB1|IFNG|IL12B|IL1A|IL1B|TLR3|TLR4|TNFRSF10D
 REACT:R-HSA-6785631	ERBB2 Regulates Cell Motility	0.00181284741054	0.0221956	EGFR|ERBB3|HBEGF|NRG1|NRG4
 KEGG:hsa05200	Pathways in cancer	0.00182666574757	0.0222495	AGTR1|CSF2RA|EGFR|FGF1|FGF10|FGF11|FGF12|FGF13|FGF14|FGF16|FGF17|FGF18|FGF19|FGF2|FGF20|FGF21|FGF22|FGF23|FGF3|FGF4|FGF5|FGF6|FGF7|FGF8|FGF9|HHIP|LAMB4|LAMC3|LEF1|MITF|NFKB2|PAX8|RASSF5|SKP2|SLC2A1|SPI1|STAT5A|TCF7|TCF7L1|TCF7L2|TGFA|VEGFA|VEGFC
 REACT:R-HSA-2871796	FCERI mediated MAPK activation	0.00190954605423	0.0231398	CSF2RA|CSF2RB|EGFR|ERBB3|FGA|FGB|FGF1|FGF10|FGF16|FGF17|FGF18|FGF19|FGF2|FGF20|FGF22|FGF23|FGF3|FGF4|FGF5|FGF6|FGF7|FGF8|FGF9|FGG|HBEGF|IL2RB|IL2RG|IL5RA|ITGB3|LAT|NRG1|NRG4
 REACT:R-HSA-1236394	Signaling by ERBB4	0.00224303917221	0.0270424	APH1A|APH1B|EGFR|ERBB3|HBEGF|NRG1|NRG4|PSEN2|STAT5A
 REACT:R-HSA-2454202	Fc epsilon receptor (FCERI) signaling	0.0024680519223	0.0296041	CD19|CD28|CSF2RA|CSF2RB|EGFR|ERBB3|FCER1A|FGA|FGB|FGF1|FGF10|FGF16|FGF17|FGF18|FGF19|FGF2|FGF20|FGF22|FGF23|FGF3|FGF4|FGF5|FGF6|FGF7|FGF8|FGF9|FGG|GAB2|HBEGF|ICOS|IL2RB|IL2RG|IL5RA|ITGB3|LAT|NRG1|NRG4|PHLPP1|PHLPP2|PIK3AP1|TNRC6A
 REACT:R-HSA-375165	NCAM signaling for neurite out-growth	0.00255614950697	0.030506	CSF2RA|CSF2RB|EGFR|ERBB3|FGA|FGB|FGF1|FGF10|FGF16|FGF17|FGF18|FGF19|FGF2|FGF20|FGF22|FGF23|FGF3|FGF4|FGF5|FGF6|FGF7|FGF8|FGF9|FGG|HBEGF|IL2RB|IL2RG|IL5RA|ITGB3|LAT|NRG1|NRG4
 KEGG:hsa05323	Rheumatoid arthritis	0.00291380519787	0.03423	ATP6V0A1|ATP6V1E2|CD28|CSF1|FLT1|ICAM1|IFNG|IL1A|IL1B|ITGB2|TLR2|TLR4|TNFRSF11A|VEGFA
 REACT:R-HSA-375170	CDO in myogenesis	0.00292613836846	0.03423	CDH15|CDH2|CDH4|MEF2C|NTN3|TCF12|TCF4
 REACT:R-HSA-525793	Myogenesis	0.00292613836846	0.03423	CDH15|CDH2|CDH4|MEF2C|NTN3|TCF12|TCF4
 REACT:R-HSA-5621480	Dectin-2 family	0.00292613836846	0.03423	CLEC10A|CLEC4A|CLEC4C|CLEC4D|CLEC4E|CLEC6A|MUC15
 REACT:R-HSA-140837	Intrinsic Pathway of Fibrin Clot Formation	0.00300369266321	0.0349642	GP1BA|GP1BB|GP5|GP9|SERPINC1|SERPING1
 REACT:R-HSA-430116	GP1b-IX-V activation signalling	0.00335043652607	0.0388092	GP1BA|GP1BB|GP5|GP9
 REACT:R-HSA-1963642	PI3K events in ERBB2 signaling	0.00352393370793	0.0404226	EGFR|ERBB3|HBEGF|NRG1|NRG4
 REACT:R-HSA-372708	p130Cas linkage to MAPK signaling for integrins	0.00352393370793	0.0404226	BCAR1|FGA|FGB|FGG|ITGB3
 REACT:R-HSA-2122948	Activated NOTCH1 Transmits Signal to the Nucleus	0.00359392437741	0.0410263	APH1A|APH1B|DLK1|DLL4|DNER|JAG2|PSEN2
 KEGG:hsa05160	Hepatitis C	0.0037260284474	0.0423298	CLDN7|EGFR|IFNA1|IFNA10|IFNA13|IFNA14|IFNA16|IFNA17|IFNA2|IFNA21|IFNA4|IFNA5|IFNA6|IFNA7|IFNA8|IFNAR2|IFNB1|TLR3
 REACT:R-HSA-187037	NGF signalling via TRKA from the plasma membrane	0.00376925880187	0.0426161	CD19|CD28|CSF2RA|CSF2RB|EGFR|ERBB3|FGA|FGB|FGF1|FGF10|FGF16|FGF17|FGF18|FGF19|FGF2|FGF20|FGF22|FGF23|FGF3|FGF4|FGF5|FGF6|FGF7|FGF8|FGF9|FGG|HBEGF|ICOS|IL2RB|IL2RG|IL5RA|ITGB3|LAT|MEF2C|NRG1|NRG4|NTRK2|PHLPP1|PHLPP2|PIK3AP1|TNRC6A
 KEGG:hsa04658	Th1 and Th2 cell differentiation	0.00397442396496	0.0447217	CD3D|CD3G|CD4|DLL4|IFNG|IL12B|IL12RB1|IL2RB|IL2RG|IL4R|JAG2|LAT|RUNX3|STAT5A
