 REACT:R-HSA-2453902	The canonical retinoid cycle in rods (twilight vision)	1.0267807049e-08	2.42628e-05	LRAT|RBP3|RDH11|RDH12|RDH8|RLBP1
 REACT:R-HSA-383280	Nuclear Receptor transcription pathway	6.7143753113e-08	7.93303e-05	AR|NR0B1|NR3C1|NR3C2|NR4A3|PGR|VDR
 KEGG:hsa_M00415	"Fatty acid biosynthesis elongation endoplasmic reticulum"	1.66568023574e-06	0.001312	ELOVL1|ELOVL3|ELOVL4|ELOVL7
 REACT:R-HSA-216083	Integrin cell surface interactions	8.63518821081e-06	0.00510124	ITGB1|ITGB2|ITGB3|ITGB5|ITGB6|ITGB7
 KEGG:hsa05412	Arrhythmogenic right ventricular cardiomyopathy (ARVC)	1.20486108103e-05	0.00569417	ITGB1|ITGB3|ITGB5|ITGB6|ITGB7|SLC8A1
 KEGG:hsa05410	Hypertrophic cardiomyopathy (HCM)	2.734006731e-05	0.0093175	ITGB1|ITGB3|ITGB5|ITGB6|ITGB7|SLC8A1
 KEGG:hsa00062	Fatty acid elongation	2.76015672372e-05	0.0093175	ELOVL1|ELOVL3|ELOVL4|ELOVL7
 REACT:R-HSA-162582	Signal Transduction	4.00641327306e-05	0.0103855	AGTR1|ANXA1|APH1A|APH1B|AR|CSF2RA|CX3CR1|ERBB3|GPR132|GRP|ITGB1|ITGB3|LRAT|MC1R|NR3C1|NUP107|OR10G7|OR10S1|OR2V2|OR4C12|OR51A4|OR52M1|OR5AK2|OR5D14|PGR|PPP2R1A|PPP2R1B|RBP3|RDH11|RDH12|RDH13|RDH14|RDH8|RLBP1|TSHR
 KEGG:hsa05414	Dilated cardiomyopathy	4.06788274522e-05	0.0103855	ITGB1|ITGB3|ITGB5|ITGB6|ITGB7|SLC8A1
 REACT:R-HSA-75876	Synthesis of very long-chain fatty acyl-CoAs	4.39505861334e-05	0.0103855	ELOVL1|ELOVL3|ELOVL4|ELOVL7
 REACT:R-HSA-2129379	Molecules associated with elastic fibres	6.644607052e-05	0.0142738	ITGB1|ITGB3|ITGB5|ITGB6
 REACT:R-HSA-2187338	Visual phototransduction	8.28625577649e-05	0.016317	LRAT|RBP3|RDH11|RDH12|RDH8|RLBP1
 REACT:R-HSA-425561	Sodium/Calcium exchangers	9.62293007095e-05	0.0174915	SLC8A1|SLC8A2|SLC8A3
 REACT:R-HSA-418359	Reduction of cytosolic Ca++ levels	0.000121841118884	0.020565	SLC8A1|SLC8A2|SLC8A3
 KEGG:hsa04740	Olfactory transduction	0.000179718862408	0.0283117	OR10G7|OR10S1|OR2V2|OR4C12|OR51A4|OR52M1|OR5AK2|OR5D14|SLC8A1|SLC8A2|SLC8A3
 REACT:R-HSA-1566948	Elastic fibre formation	0.000222632817818	0.0328801	ITGB1|ITGB3|ITGB5|ITGB6
 REACT:R-HSA-1236394	Signaling by ERBB4	0.000244136042674	0.0339349	APH1A|APH1B|ERBB3|PGR
 KEGG:hsa04512	ECM-receptor interaction	0.000295691021724	0.0388177	ITGB1|ITGB3|ITGB5|ITGB6|ITGB7
 REACT:R-HSA-3000170	Syndecan interactions	0.000369928958671	0.0460075	ITGB1|ITGB3|ITGB5
