 KEGG:hsa04740	Olfactory transduction	0.0	0	CNGB1|OR10G3|OR10G4|OR10G8|OR10G9|OR10H1|OR10H4|OR10J3|OR10T2|OR11A1|OR11L1|OR12D3|OR13F1|OR14A16|OR14I1|OR14J1|OR1A1|OR1A2|OR1C1|OR1D5|OR1E1|OR1E2|OR1J1|OR1J4|OR1K1|OR1L1|OR1L4|OR1M1|OR1N1|OR2A12|OR2A14|OR2B6|OR2G3|OR2G6|OR2S2|OR2T10|OR2T12|OR2T2|OR2T33|OR2W3|OR3A3|OR4B1|OR4C3|OR4D1|OR4D10|OR4D9|OR4F17|OR4K15|OR4K2|OR4L1|OR4M1|OR4N5|OR4S1|OR4X2|OR52E2|OR56A3|OR5A2|OR5AP2|OR5AS1|OR5B12|OR5D13|OR5I1|OR5M9|OR5R1|OR6C3|OR6C4|OR6C6|OR6C70|OR6S1|OR6V1|OR6X1|OR7A10|OR7A5|OR7C1|OR7C2|OR7D2|OR7D4|OR8D1|OR8G1|OR8G5|OR8H1|OR8H3|OR9A4
 REACT:R-HSA-162582	Signal Transduction	0.0	0	ADORA3|AXL|B4GALT1|BCAR1|CNGB1|EGFR|ERBB2|ERBB3|ERBB4|FES|FGFR1|FGFR2|FGFR3|FLT1|FUZ|GNAS|IL2RB|IL2RG|IRAK1|KALRN|KDR|KIT|LIMK2|MAP3K7|MET|NTRK1|NTRK2|OR10G3|OR10G4|OR10G8|OR10G9|OR10H1|OR10H4|OR10J3|OR10T2|OR11A1|OR11L1|OR12D3|OR13F1|OR14A16|OR14I1|OR14J1|OR1A1|OR1A2|OR1C1|OR1D5|OR1E1|OR1E2|OR1J1|OR1J4|OR1K1|OR1L1|OR1L4|OR1M1|OR1N1|OR2A12|OR2A14|OR2B6|OR2G3|OR2G6|OR2S2|OR2T10|OR2T12|OR2T2|OR2T33|OR2T35|OR2W3|OR3A3|OR4B1|OR4C3|OR4D1|OR4D10|OR4D9|OR4F17|OR4K15|OR4K2|OR4L1|OR4M1|OR4N5|OR4S1|OR4X2|OR52E2|OR56A3|OR5A2|OR5AP2|OR5AS1|OR5B12|OR5D13|OR5I1|OR5M9|OR5R1|OR6C3|OR6C4|OR6C6|OR6C70|OR6S1|OR6V1|OR6X1|OR7A10|OR7A5|OR7C1|OR7C2|OR7D2|OR7D4|OR8D1|OR8G1|OR8G5|OR8H1|OR8H3|OR9A4|PRKAB2|PTK2|PTK2B|RDH11|RDH12|RDH13|RDH14|RDH8|RET|ROR2|RYK|STAT6|TEK
 REACT:R-HSA-372790	Signaling by GPCR	0.0	0	ADORA3|EGFR|ERBB2|ERBB3|ERBB4|FGFR1|FGFR2|FGFR3|GNAS|IL2RB|IL2RG|KALRN|KIT|MET|OR10G3|OR10G4|OR10G8|OR10G9|OR10H1|OR10H4|OR10J3|OR10T2|OR11A1|OR11L1|OR12D3|OR13F1|OR14A16|OR14I1|OR14J1|OR1A1|OR1A2|OR1C1|OR1D5|OR1E1|OR1E2|OR1J1|OR1J4|OR1K1|OR1L1|OR1L4|OR1M1|OR1N1|OR2A12|OR2A14|OR2B6|OR2G3|OR2G6|OR2S2|OR2T10|OR2T12|OR2T2|OR2T33|OR2T35|OR2W3|OR3A3|OR4B1|OR4C3|OR4D1|OR4D10|OR4D9|OR4F17|OR4K15|OR4K2|OR4L1|OR4M1|OR4N5|OR4S1|OR4X2|OR52E2|OR56A3|OR5A2|OR5AP2|OR5AS1|OR5B12|OR5D13|OR5I1|OR5M9|OR5R1|OR6C3|OR6C4|OR6C6|OR6C70|OR6S1|OR6V1|OR6X1|OR7A10|OR7A5|OR7C1|OR7C2|OR7D2|OR7D4|OR8D1|OR8G1|OR8G5|OR8H1|OR8H3|OR9A4|PTK2|RET|TEK
 REACT:R-HSA-388396	GPCR downstream signaling	0.0	0	ADORA3|GNAS|IL2RB|IL2RG|KALRN|OR10G3|OR10G4|OR10G8|OR10G9|OR10H1|OR10H4|OR10J3|OR10T2|OR11A1|OR11L1|OR12D3|OR13F1|OR14A16|OR14I1|OR14J1|OR1A1|OR1A2|OR1C1|OR1D5|OR1E1|OR1E2|OR1J1|OR1J4|OR1K1|OR1L1|OR1L4|OR1M1|OR1N1|OR2A12|OR2A14|OR2B6|OR2G3|OR2G6|OR2S2|OR2T10|OR2T12|OR2T2|OR2T33|OR2T35|OR2W3|OR3A3|OR4B1|OR4C3|OR4D1|OR4D10|OR4D9|OR4F17|OR4K15|OR4K2|OR4L1|OR4M1|OR4N5|OR4S1|OR4X2|OR52E2|OR56A3|OR5A2|OR5AP2|OR5AS1|OR5B12|OR5D13|OR5I1|OR5M9|OR5R1|OR6C3|OR6C4|OR6C6|OR6C70|OR6S1|OR6V1|OR6X1|OR7A10|OR7A5|OR7C1|OR7C2|OR7D2|OR7D4|OR8D1|OR8G1|OR8G5|OR8H1|OR8H3|OR9A4
 REACT:R-HSA-381753	Olfactory Signaling Pathway	3.94639876333e-12	1.86507e-09	OR10G3|OR10G4|OR10G8|OR10G9|OR10H1|OR10H4|OR10J3|OR10T2|OR11A1|OR11L1|OR12D3|OR13F1|OR14A16|OR14I1|OR14J1|OR1A1|OR1A2|OR1C1|OR1D5|OR1E1|OR1E2|OR1J1|OR1J4|OR1K1|OR1L1|OR1L4|OR1M1|OR1N1|OR2A12|OR2A14|OR2B6|OR2G3|OR2G6|OR2S2|OR2T10|OR2T12|OR2T2|OR2T33|OR2T35|OR2W3|OR3A3|OR4B1|OR4C3|OR4D1|OR4D10|OR4D9|OR4F17|OR4K15|OR4K2|OR4L1|OR4M1|OR4N5|OR4S1|OR4X2|OR52E2|OR56A3|OR5A2|OR5AP2|OR5AS1|OR5B12|OR5D13|OR5I1|OR5M9|OR5R1|OR6C3|OR6C4|OR6C6|OR6C70|OR6S1|OR6V1|OR6X1|OR7A10|OR7A5|OR7C1|OR7C2|OR7D2|OR7D4|OR8D1|OR8G1|OR8G5|OR8H1|OR8H3|OR9A4
 KEGG:hsa05230	Central carbon metabolism in cancer	8.86621998042e-09	3.49181e-06	EGFR|ERBB2|FGFR1|FGFR2|FGFR3|FLT3|KIT|MET|NTRK1|NTRK3|RET
 REACT:R-HSA-2219530	Constitutive Signaling by Aberrant PI3K in Cancer	1.2214498073e-06	0.000412327	EGFR|ERBB2|ERBB3|ERBB4|FGFR1|FGFR2|FGFR3|KIT|MET
 REACT:R-HSA-194138	Signaling by VEGF	3.850027262e-06	0.0011372	AXL|BCAR1|EGFR|ERBB2|ERBB3|ERBB4|FGFR1|FGFR2|FGFR3|FLT1|IL2RB|IL2RG|KDR|KIT|MET|PTK2|PTK2B|RET|TEK
 REACT:R-HSA-4420097	VEGFA-VEGFR2 Pathway	1.05984669971e-05	0.00278269	AXL|BCAR1|EGFR|ERBB2|ERBB3|ERBB4|FGFR1|FGFR2|FGFR3|IL2RB|IL2RG|KDR|KIT|MET|PTK2|PTK2B|RET|TEK
 REACT:R-HSA-6811558	"PI5P PP2A and IER3 Regulate PI3K/AKT Signaling"	1.42758239779e-05	0.00331397	EGFR|ERBB2|ERBB3|ERBB4|FGFR1|FGFR2|FGFR3|KIT|MET
 REACT:R-HSA-170984	ARMS-mediated activation	1.87282781068e-05	0.00331397	EGFR|ERBB2|ERBB3|ERBB4|FGFR1|FGFR2|FGFR3|IL2RB|IL2RG|KIT|MET|NTRK1|PTK2|RET|TEK
 REACT:R-HSA-187706	Signalling to p38 via RIT and RIN	1.87282781068e-05	0.00331397	EGFR|ERBB2|ERBB3|ERBB4|FGFR1|FGFR2|FGFR3|IL2RB|IL2RG|KIT|MET|NTRK1|PTK2|RET|TEK
 REACT:R-HSA-2219528	PI3K/AKT Signaling in Cancer	1.8826534702e-05	0.00331397	EGFR|ERBB2|ERBB3|ERBB4|FGFR1|FGFR2|FGFR3|KIT|MET
 REACT:R-HSA-170968	Frs2-mediated activation	1.96341870364e-05	0.00331397	EGFR|ERBB2|ERBB3|ERBB4|FGFR1|FGFR2|FGFR3|IL2RB|IL2RG|KIT|MET|NTRK1|PTK2|RET|TEK
 REACT:R-HSA-169893	Prolonged ERK activation events	2.15632106009e-05	0.00339692	EGFR|ERBB2|ERBB3|ERBB4|FGFR1|FGFR2|FGFR3|IL2RB|IL2RG|KIT|MET|NTRK1|PTK2|RET|TEK
 REACT:R-HSA-167044	Signalling to RAS	2.59309103958e-05	0.00372094	EGFR|ERBB2|ERBB3|ERBB4|FGFR1|FGFR2|FGFR3|IL2RB|IL2RG|KIT|MET|NTRK1|PTK2|RET|TEK
 REACT:R-HSA-199418	Negative regulation of the PI3K/AKT network	2.67693641135e-05	0.00372094	EGFR|ERBB2|ERBB3|ERBB4|FGFR1|FGFR2|FGFR3|KIT|MET
 REACT:R-HSA-5218921	VEGFR2 mediated cell proliferation	2.83946242773e-05	0.00372758	EGFR|ERBB2|ERBB3|ERBB4|FGFR1|FGFR2|FGFR3|IL2RB|IL2RG|KDR|KIT|MET|PTK2|RET|TEK
 REACT:R-HSA-451927	Interleukin-2 signaling	3.39498554058e-05	0.00419199	EGFR|ERBB2|ERBB3|ERBB4|FGFR1|FGFR2|FGFR3|IL2RB|IL2RG|KIT|MET|PTK2|PTK2B|RET|TEK
 REACT:R-HSA-187687	Signalling to ERKs	3.54802253713e-05	0.00419199	EGFR|ERBB2|ERBB3|ERBB4|FGFR1|FGFR2|FGFR3|IL2RB|IL2RG|KIT|MET|NTRK1|PTK2|RET|TEK
 REACT:R-HSA-8847993	ERBB2 Activates PTK6 Signaling	4.83798730254e-05	0.00537257	EGFR|ERBB2|ERBB3|ERBB4
 KEGG:hsa01521	EGFR tyrosine kinase inhibitor resistance	5.04342057298e-05	0.00537257	AXL|EGFR|ERBB2|ERBB3|FGFR2|FGFR3|KDR|MET
 REACT:R-HSA-198203	PI3K/AKT activation	5.61783166132e-05	0.00537257	EGFR|ERBB2|ERBB3|ERBB4|FGFR1|FGFR2|FGFR3|KIT|MET|NTRK1
 KEGG:hsa00240	Pyrimidine metabolism	5.98895667311e-05	0.00537257	CMPK1|DCK|DUT|POLR3H|RRM1|TK2|TYMS|UCKL1|UPRT
 REACT:R-HSA-112412	SOS-mediated signalling	6.36614581091e-05	0.00537257	EGFR|ERBB2|ERBB3|ERBB4|FGFR1|FGFR2|FGFR3|IL2RB|IL2RG|KIT|MET|PTK2|RET|TEK
 REACT:R-HSA-179812	GRB2 events in EGFR signaling	6.36614581091e-05	0.00537257	EGFR|ERBB2|ERBB3|ERBB4|FGFR1|FGFR2|FGFR3|IL2RB|IL2RG|KIT|MET|PTK2|RET|TEK
 REACT:R-HSA-180336	SHC1 events in EGFR signaling	6.36614581091e-05	0.00537257	EGFR|ERBB2|ERBB3|ERBB4|FGFR1|FGFR2|FGFR3|IL2RB|IL2RG|KIT|MET|PTK2|RET|TEK
 REACT:R-HSA-5673001	RAF/MAP kinase cascade	6.36614581091e-05	0.00537257	EGFR|ERBB2|ERBB3|ERBB4|FGFR1|FGFR2|FGFR3|IL2RB|IL2RG|KIT|MET|PTK2|RET|TEK
 REACT:R-HSA-6785631	ERBB2 Regulates Cell Motility	6.68469770053e-05	0.00544688	EGFR|ERBB2|ERBB3|ERBB4
 REACT:R-HSA-449147	Signaling by Interleukins	7.2802860011e-05	0.00573444	EGFR|ERBB2|ERBB3|ERBB4|FGFR1|FGFR2|FGFR3|FLT3|IL2RB|IL2RG|IL4R|IRAK1|IRAK3|IRAK4|KIT|MAP3K7|MET|PTK2|PTK2B|RET|STAT6|TEK
 REACT:R-HSA-5684996	MAPK1/MAPK3 signaling	8.25861526416e-05	0.0062952	EGFR|ERBB2|ERBB3|ERBB4|FGFR1|FGFR2|FGFR3|IL2RB|IL2RG|KIT|MET|PTK2|RET|TEK
 REACT:R-HSA-2586552	Signaling by Leptin	8.99004787517e-05	0.00663859	EGFR|ERBB2|ERBB3|ERBB4|FGFR1|FGFR2|FGFR3|IL2RB|IL2RG|KIT|MET|PTK2|RET|TEK
 REACT:R-HSA-912526	Interleukin receptor SHC signaling	9.77724952191e-05	0.0070011	EGFR|ERBB2|ERBB3|ERBB4|FGFR1|FGFR2|FGFR3|IL2RB|IL2RG|KIT|MET|PTK2|RET|TEK
 REACT:R-HSA-5683057	MAPK family signaling cascades	0.0001075894105	0.00747746	EGFR|ERBB2|ERBB3|ERBB4|FGFR1|FGFR2|FGFR3|IL2RB|IL2RG|KALRN|KIT|MET|PTK2|RET|TEK
 REACT:R-HSA-1963642	PI3K events in ERBB2 signaling	0.000118387538274	0.00799285	EGFR|ERBB2|ERBB3|ERBB4
 REACT:R-HSA-112399	IRS-mediated signalling	0.0001252590221	0.00822186	EGFR|ERBB2|ERBB3|ERBB4|FGFR1|FGFR2|FGFR3|IL2RB|IL2RG|KIT|MET|PRKAB2|PTK2|RET|TEK
 REACT:R-HSA-74751	Insulin receptor signalling cascade	0.00014012213154	0.00881014	EGFR|ERBB2|ERBB3|ERBB4|FGFR1|FGFR2|FGFR3|IL2RB|IL2RG|KIT|MET|PRKAB2|PTK2|RET|TEK
 REACT:R-HSA-2428924	IGF1R signaling cascade	0.000145406486338	0.00881014	EGFR|ERBB2|ERBB3|ERBB4|FGFR1|FGFR2|FGFR3|IL2RB|IL2RG|KIT|MET|PRKAB2|PTK2|RET|TEK
 REACT:R-HSA-2428928	IRS-related events triggered by IGF1R	0.000145406486338	0.00881014	EGFR|ERBB2|ERBB3|ERBB4|FGFR1|FGFR2|FGFR3|IL2RB|IL2RG|KIT|MET|PRKAB2|PTK2|RET|TEK
 REACT:R-HSA-2404192	Signaling by Type 1 Insulin-like Growth Factor 1 Receptor (IGF1R)	0.000150863430698	0.00891226	EGFR|ERBB2|ERBB3|ERBB4|FGFR1|FGFR2|FGFR3|IL2RB|IL2RG|KIT|MET|PRKAB2|PTK2|RET|TEK
 REACT:R-HSA-8853659	RET signaling	0.000178445389011	0.0101905	EGFR|ERBB2|ERBB3|ERBB4|FGFR1|FGFR2|FGFR3|IL2RB|IL2RG|KIT|MET|PTK2|RET|TEK
 REACT:R-HSA-2871796	FCERI mediated MAPK activation	0.000185438128128	0.0101905	EGFR|ERBB2|ERBB3|ERBB4|FGFR1|FGFR2|FGFR3|IL2RB|IL2RG|KIT|MET|PTK2|RET|TEK
 REACT:R-HSA-512988	"Interleukin-3 5 and GM-CSF signaling"	0.000185438128128	0.0101905	EGFR|ERBB2|ERBB3|ERBB4|FGFR1|FGFR2|FGFR3|IL2RB|IL2RG|KIT|MET|PTK2|RET|TEK
 REACT:R-HSA-15869	Metabolism of nucleotides	0.000216222172732	0.0116121	AK5|CMPK1|DCK|DGUOK|DUT|RRM1|TK2|TYMS
 REACT:R-HSA-375165	NCAM signaling for neurite out-growth	0.000224067392858	0.011766	EGFR|ERBB2|ERBB3|ERBB4|FGFR1|FGFR2|FGFR3|IL2RB|IL2RG|KIT|MET|PTK2|RET|TEK
 REACT:R-HSA-1257604	PIP3 activates AKT signaling	0.000246603676093	0.0126679	EGFR|ERBB2|ERBB3|ERBB4|FGFR1|FGFR2|FGFR3|KIT|MET
 REACT:R-HSA-186763	Downstream signal transduction	0.000280649324902	0.0141101	BCAR1|EGFR|ERBB2|ERBB3|ERBB4|FGFR1|FGFR2|FGFR3|IL2RB|IL2RG|KIT|MET|PTK2|RET|STAT6|TEK
 REACT:R-HSA-180292	GAB1 signalosome	0.000294513355705	0.0144986	EGFR|ERBB2|ERBB3|ERBB4|FGFR1|FGFR2|FGFR3|KIT|MET
 REACT:R-HSA-74752	Signaling by Insulin receptor	0.000336143711946	0.0162104	EGFR|ERBB2|ERBB3|ERBB4|FGFR1|FGFR2|FGFR3|IL2RB|IL2RG|KIT|MET|PRKAB2|PTK2|RET|TEK
 KEGG:hsa04144	Endocytosis	0.000431056380546	0.0203717	EGFR|ERBB3|ERBB4|FGFR2|FGFR3|FLT1|IL2RB|IL2RG|KDR|KIT|MET|NTRK1|RET
 REACT:R-HSA-1250196	SHC1 events in ERBB2 signaling	0.000439824444853	0.0203785	EGFR|ERBB2|ERBB3|ERBB4
 REACT:R-HSA-2730905	Role of LAT2/NTAL/LAB on calcium mobilization	0.000486558712042	0.0221104	EGFR|ERBB2|ERBB3|ERBB4|FGFR1|FGFR2|FGFR3|KIT|MET
 REACT:R-HSA-1433557	Signaling by SCF-KIT	0.000542507946474	0.0241877	EGFR|ERBB2|ERBB3|ERBB4|FES|FGFR1|FGFR2|FGFR3|IL2RB|IL2RG|KIT|MET|PTK2|RET|TEK
 REACT:R-HSA-186797	Signaling by PDGF	0.000580307352599	0.0253938	BCAR1|EGFR|ERBB2|ERBB3|ERBB4|FGFR1|FGFR2|FGFR3|IL2RB|IL2RG|KIT|MET|PTK2|RET|STAT6|TEK
 REACT:R-HSA-187037	NGF signalling via TRKA from the plasma membrane	0.000791003044788	0.0339844	EGFR|ERBB2|ERBB3|ERBB4|FGFR1|FGFR2|FGFR3|IL2RB|IL2RG|KIT|MET|NTRK1|NTRK2|PTK2|RET|TEK
 KEGG:hsa04015	Rap1 signaling pathway	0.00081208196916	0.034267	BCAR1|EGFR|FGFR1|FGFR2|FGFR3|FLT1|GNAS|KDR|KIT|MET|TEK
 REACT:R-HSA-73848	Pyrimidine metabolism	0.000853071817649	0.0353651	DCK|DUT|TK2|TYMS
 REACT:R-HSA-1280215	Cytokine Signaling in Immune system	0.000893948188995	0.0364207	CIITA|EGFR|ERBB2|ERBB3|ERBB4|FGFR1|FGFR2|FGFR3|FLT3|IL2RB|IL2RG|IL4R|IRAK1|IRAK3|IRAK4|ISG20|KIT|MAP3K7|MET|OAS2|PTK2|PTK2B|RET|STAT6|TEK
 REACT:R-HSA-166520	Signalling by NGF	0.00108037600257	0.04327	EGFR|ERBB2|ERBB3|ERBB4|FGFR1|FGFR2|FGFR3|IL2RB|IL2RG|IRAK1|KALRN|KIT|MET|NTRK1|NTRK2|PTK2|RET|TEK
