 KEGG:hsa04740	Olfactory transduction	1.57749066032e-08	3.41511e-05	OR10G7|OR10H3|OR10H4|OR10H5|OR10J5|OR1D2|OR1F1|OR2A12|OR2A14|OR2A2|OR2D3|OR2T10|OR51A4|OR52W1|OR5AK2|OR5D13|OR5H6|OR6C3|OR6V1
 REACT:R-HSA-381753	Olfactory Signaling Pathway	2.89048608382e-08	3.41511e-05	OR10G7|OR10H3|OR10H4|OR10H5|OR10J5|OR1D2|OR1F1|OR2A12|OR2A14|OR2A2|OR2D3|OR2T10|OR51A4|OR52W1|OR5AK2|OR5D13|OR5H6|OR6C3|OR6V1
 REACT:R-HSA-388396	GPCR downstream signaling	6.85235327369e-08	5.39737e-05	ADORA3|AVPR2|GAB2|HRH4|MC1R|MC3R|MC4R|OR10G7|OR10H3|OR10H4|OR10H5|OR10J5|OR1D2|OR1F1|OR2A12|OR2A14|OR2A2|OR2D3|OR2T10|OR51A4|OR52W1|OR5AK2|OR5D13|OR5H6|OR6C3|OR6V1|PTGER1|TBXA2R|TSHR
 REACT:R-HSA-372790	Signaling by GPCR	2.33663078442e-06	0.00138036	ADORA3|AVPR2|GAB2|GPR31|HRH4|MC1R|MC3R|MC4R|NRG1|OR10G7|OR10H3|OR10H4|OR10H5|OR10J5|OR1D2|OR1F1|OR2A12|OR2A14|OR2A2|OR2D3|OR2T10|OR51A4|OR52W1|OR5AK2|OR5D13|OR5H6|OR6C3|OR6V1|PTGER1|TBXA2R|TSHR
 REACT:R-HSA-5621480	Dectin-2 family	7.60956661483e-06	0.00359628	CLEC10A|CLEC4A|CLEC4C|CLEC4D|CLEC4E
 KEGG:hsa04514	Cell adhesion molecules (CAMs)	9.64175227425e-06	0.00379724	CD2|CD4|CD58|NFASC|OCLN|SELE|SELL|SELP|VCAN
 KEGG:hsa04145	Phagosome	0.000114615523177	0.0386909	CLEC4M|CLEC7A|COLEC11|COLEC12|MBL2|MRC1|SFTPD|TLR4
