 KEGG:hsa04740	Olfactory transduction	0.0	0	OR10J1|OR11L1|OR12D3|OR1C1|OR1E2|OR1F1|OR1J1|OR1N1|OR1S2|OR2T2|OR4C12|OR4K2|OR4X2|OR52W1|OR5AK2|OR5R1|OR7C1|OR7D2|OR8G1|SLC8A1|SLC8A2|SLC8A3
 REACT:R-HSA-2453902	The canonical retinoid cycle in rods (twilight vision)	0.0	0	LRAT|RBP1|RBP3|RBP4|RDH11|RDH12|RDH8|RLBP1|RPE65
 REACT:R-HSA-381753	Olfactory Signaling Pathway	9.36428823373e-10	7.37594e-07	OR10J1|OR11L1|OR12D3|OR1C1|OR1E2|OR1F1|OR1J1|OR1N1|OR1S2|OR2T2|OR4C12|OR4K2|OR4X2|OR52W1|OR5AK2|OR5R1|OR7C1|OR7D2|OR8G1
 REACT:R-HSA-388396	GPCR downstream signaling	2.325779902e-09	1.37395e-06	ADORA3|AVPR2|HRH4|KALRN|MC3R|MC4R|OR10J1|OR11L1|OR12D3|OR1C1|OR1E2|OR1F1|OR1J1|OR1N1|OR1S2|OR2T2|OR4C12|OR4K2|OR4X2|OR52W1|OR5AK2|OR5R1|OR7C1|OR7D2|OR8G1|PTGER1|PTGER3|TBXA2R
 REACT:R-HSA-162582	Signal Transduction	1.68476518292e-08	7.9622e-06	ADORA3|APH1B|AVPR2|CRABP1|CRABP2|HRH4|ITGB1|ITGB3|KALRN|LRAT|MC3R|MC4R|OR10J1|OR11L1|OR12D3|OR1C1|OR1E2|OR1F1|OR1J1|OR1N1|OR1S2|OR2T2|OR4C12|OR4K2|OR4X2|OR52W1|OR5AK2|OR5R1|OR7C1|OR7D2|OR8G1|PGR|PTGER1|PTGER3|RBP1|RBP3|RBP4|RDH11|RDH12|RDH13|RDH14|RDH8|RLBP1|RPE65|TBXA2R
 KEGG:hsa_M00415	"Fatty acid biosynthesis elongation endoplasmic reticulum"	3.45933601764e-08	1.3624e-05	ELOVL1|ELOVL3|ELOVL4|ELOVL5|ELOVL7
 REACT:R-HSA-2187338	Visual phototransduction	9.66042997819e-08	3.26109e-05	LRAT|RBP1|RBP3|RBP4|RDH11|RDH12|RDH8|RLBP1|RPE65
 REACT:R-HSA-372790	Signaling by GPCR	2.52010162294e-07	7.44375e-05	ADORA3|AVPR2|HRH4|ITGB3|KALRN|MC3R|MC4R|OR10J1|OR11L1|OR12D3|OR1C1|OR1E2|OR1F1|OR1J1|OR1N1|OR1S2|OR2T2|OR4C12|OR4K2|OR4X2|OR52W1|OR5AK2|OR5R1|OR7C1|OR7D2|OR8G1|PTGER1|PTGER3|TBXA2R
 KEGG:hsa00062	Fatty acid elongation	1.3247526619e-06	0.000347821	ELOVL1|ELOVL3|ELOVL4|ELOVL5|ELOVL7
 REACT:R-HSA-75876	Synthesis of very long-chain fatty acyl-CoAs	2.40490169923e-06	0.000568278	ELOVL1|ELOVL3|ELOVL4|ELOVL5|ELOVL7
 REACT:R-HSA-383280	Nuclear Receptor transcription pathway	2.86987007303e-06	0.0006165	NR0B1|NR1I2|NR1I3|NR4A3|PGR|VDR
 KEGG:hsa00830	Retinol metabolism	1.20403954847e-05	0.00237095	LRAT|RDH11|RDH12|RDH8|RETSAT|RPE65
 REACT:R-HSA-216083	Integrin cell surface interactions	1.56533917242e-05	0.0028453	ITGB1|ITGB2|ITGB3|ITGB5|ITGB6|ITGB7
 REACT:R-HSA-5362517	Signaling by Retinoic Acid	2.14442706645e-05	0.00343159	CRABP1|CRABP2|RDH11|RDH13|RDH14
 KEGG:hsa05412	Arrhythmogenic right ventricular cardiomyopathy (ARVC)	2.17832702364e-05	0.00343159	ITGB1|ITGB3|ITGB5|ITGB6|ITGB7|SLC8A1
 REACT:R-HSA-5365859	RA biosynthesis pathway	2.93510965119e-05	0.00433479	CRABP1|RDH11|RDH13|RDH14
 REACT:R-HSA-2453864	Retinoid cycle disease events	3.93000001416e-05	0.00488768	RBP1|RBP4|RLBP1
 REACT:R-HSA-2474795	Diseases associated with visual transduction	3.93000001416e-05	0.00488768	RBP1|RBP4|RLBP1
 REACT:R-HSA-391908	Prostanoid ligand receptors	3.93000001416e-05	0.00488768	PTGER1|PTGER3|TBXA2R
 KEGG:hsa05410	Hypertrophic cardiomyopathy (HCM)	4.90715321546e-05	0.0057978	ITGB1|ITGB3|ITGB5|ITGB6|ITGB7|SLC8A1
 REACT:R-HSA-2046105	Linoleic acid (LA) metabolism	5.58200229352e-05	0.00628108	ELOVL1|ELOVL3|ELOVL5
 REACT:R-HSA-6806667	Metabolism of fat-soluble vitamins	6.00568144479e-05	0.00645065	GC|LRAT|RBP1|RBP4|RDH11
 REACT:R-HSA-75105	Fatty Acyl-CoA Biosynthesis	6.57730416419e-05	0.00675747	ELOVL1|ELOVL3|ELOVL4|ELOVL5|ELOVL7
 KEGG:hsa05414	Dilated cardiomyopathy	7.27243709199e-05	0.00716032	ITGB1|ITGB3|ITGB5|ITGB6|ITGB7|SLC8A1
 REACT:R-HSA-2129379	Molecules associated with elastic fibres	9.9351416698e-05	0.0093907	ITGB1|ITGB3|ITGB5|ITGB6
 REACT:R-HSA-425561	Sodium/Calcium exchangers	0.000130757163289	0.0118838	SLC8A1|SLC8A2|SLC8A3
 REACT:R-HSA-192105	Synthesis of bile acids and bile salts	0.000143793577491	0.0125846	OSBPL3|OSBPL6|OSBPL7|OSBPL9
 REACT:R-HSA-418359	Reduction of cytosolic Ca++ levels	0.000165462396827	0.0139638	SLC8A1|SLC8A2|SLC8A3
 REACT:R-HSA-2046104	alpha-linolenic (omega3) and linoleic (omega6) acid metabolism	0.000205640528126	0.0156751	ELOVL1|ELOVL3|ELOVL5
 REACT:R-HSA-2046106	alpha-linolenic acid (ALA) metabolism	0.000205640528126	0.0156751	ELOVL1|ELOVL3|ELOVL5
 REACT:R-HSA-391903	Eicosanoid ligand-binding receptors	0.000205640528126	0.0156751	PTGER1|PTGER3|TBXA2R
 REACT:R-HSA-1566948	Elastic fibre formation	0.000330634739091	0.0244153	ITGB1|ITGB3|ITGB5|ITGB6
 REACT:R-HSA-194068	Bile acid and bile salt metabolism	0.000362346581912	0.0259462	OSBPL3|OSBPL6|OSBPL7|OSBPL9
 REACT:R-HSA-975634	Retinoid metabolism and transport	0.000396176972822	0.0275343	LRAT|RBP1|RBP4|RDH11
 REACT:R-HSA-75109	Triglyceride Biosynthesis	0.000450323004868	0.0304032	ELOVL1|ELOVL3|ELOVL4|ELOVL5|ELOVL7
 KEGG:hsa04512	ECM-receptor interaction	0.000476589807028	0.0312828	ITGB1|ITGB3|ITGB5|ITGB6|ITGB7
 REACT:R-HSA-3000170	Syndecan interactions	0.000500623373233	0.0319722	ITGB1|ITGB3|ITGB5
 KEGG:hsa04020	Calcium signaling pathway	0.000578904814317	0.0359987	ORAI3|PTGER1|PTGER3|SLC8A1|SLC8A2|SLC8A3|TBXA2R
 REACT:R-HSA-1482801	Acyl chain remodelling of PS	0.00066855373256	0.0405075	OSBPL10|OSBPL5|OSBPL8
