 KEGG:hsa04514	Cell adhesion molecules (CAMs)	0.0	0	ALCAM|CADM1|CD2|CD22|CD276|CD28|CD4|CD40|CD58|CDH15|CDH2|CDH4|CLDN11|CLDN2|CLDN7|ESAM|ICAM1|ICAM2|ICAM3|ITGB1|ITGB2|ITGB7|JAM2|LRRC4|LRRC4C|MAG|NCAM1|NFASC|NLGN4Y|NRXN1|NRXN3|NTNG1|OCLN|PDCD1LG2|PVR|SELE|SELL|SELP|SIGLEC1
 KEGG:hsa04740	Olfactory transduction	0.0	0	CNGB1|OR10G4|OR10G8|OR10G9|OR10H1|OR10H3|OR10H4|OR10J1|OR10J3|OR10J5|OR11A1|OR11L1|OR12D3|OR14A16|OR14I1|OR1A1|OR1A2|OR1C1|OR1D2|OR1D5|OR1E1|OR1E2|OR1F1|OR1J1|OR1J4|OR1K1|OR1L4|OR1M1|OR1N1|OR1S2|OR2A14|OR2A2|OR2B6|OR2D3|OR2G3|OR2G6|OR2T10|OR2T12|OR2T2|OR2T33|OR2V2|OR2W3|OR3A3|OR4A16|OR4C12|OR4C3|OR4K15|OR4K2|OR4L1|OR4M1|OR4N5|OR4S1|OR4X2|OR52E2|OR52M1|OR52W1|OR56A3|OR5A2|OR5AK2|OR5AS1|OR5B12|OR5D13|OR5D14|OR5H6|OR5M9|OR5R1|OR6C4|OR6S1|OR6X1|OR7A10|OR7A5|OR7C2|OR7D2|OR8D1|OR8G1|OR9A2|OR9A4|SLC8A1|SLC8A2|SLC8A3
 REACT:R-HSA-168256	Immune System	0.0	0	A1BG|AGA|AGER|AGL|ANAPC10|ANXA1|AP1M2|ARSA|ATP6V0A1|BCL6|BTC|BTLA|BTNL8|C8A|CD14|CD180|CD19|CD207|CD22|CD27|CD28|CD3D|CD3E|CD3G|CD4|CD40|CD44|CD46|CD47|CD58|CD59|CD68|CEACAM1|CEACAM8|CFP|CHI3L1|CLEC10A|CLEC12A|CLEC2B|CLEC2D|CLEC4A|CLEC4C|CLEC4D|CLEC4E|CLEC5A|CLEC6A|CLEC7A|CRLF1|CSF1|CSF2RA|CSF2RB|CSNK2B|CXADR|DCTN4|DEFB119|EBI3|EDA2R|EGFR|ERBB3|FABP5|FAF2|FBXL12|FBXL13|FBXL14|FBXL15|FBXL19|FBXL4|FBXL5|FBXL7|FBXO17|FBXO44|FBXO6|FCAR|FCER1A|FCGR1B|FCGR2A|FCGR2B|FCGR2C|FCGR3A|FCGR3B|FCN3|FGA|FGB|FGF1|FGF16|FGF17|FGF18|FGF19|FGF2|FGF20|FGF22|FGF23|FGF3|FGF4|FGF5|FGF6|FGF7|FGF8|FGF9|FGG|FOXO1|GATA3|HBEGF|HERC6|HEXB|ICAM1|ICAM2|ICAM3|ICAM4|IFNAR2|IFNG|IFNLR1|IL10RA|IL10RB|IL12B|IL12RB1|IL13RA1|IL13RA2|IL17RA|IL19|IL1A|IL1R1|IL1R2|IL1RAP|IL1RL1|IL1RN|IL20|IL20RB|IL22|IL22RA1|IL22RA2|IL24|IL27RA|IL2RG|IL34|IL5RA|IL6R|IL6ST|ITGB1|ITGB2|ITGB3|ITGB5|ITGB7|ITLN1|JUNB|KIR2DL1|KIR2DL3|KIR2DL4|KIR2DS1|KIR2DS4|KIR2DS5|KIR3DL2|KIR3DS1|KLRB1|KLRC1|KLRC2|KLRC4-KLRK1|KLRD1|KLRF1|KLRG1|LAIR2|LAMP1|LAMTOR1|LAT|LGALS3|LGALS9|LILRA1|LILRA3|LILRA4|LILRA5|LILRB5|LRG1|LTBR|MASP2|MBL2|MEF2A|MEF2C|MEFV|MGRN1|MRC1|MUC15|MUC7|NCAM1|NEU1|NFAM1|NFASC|NFKB2|NLRC3|NLRP1|NLRP4|NRG1|NRG2|NRG4|NUP107|OLR1|OSMR|PDCD1LG2|PELI3|PGLYRP1|PGLYRP2|PGLYRP3|PGLYRP4|PGM1|PHLPP1|PHLPP2|PIK3AP1|PLAUR|POLR3H|POM121|PPP2R1A|PPP2R1B|PRG2|PRG3|PRLR|PTX3|PVR|RNF135|RNF216|SEC31A|SELL|SEMG1|SERPINB6|SIGLEC1|SIGLEC10|SIGLEC11|SIGLEC12|SIGLEC14|SIGLEC15|SIGLEC5|SIGLEC6|SIGLEC7|SIGLEC8|SIGLEC9|SKP2|SLAMF6|SLPI|SOX2|SPSB4|STAT5A|STAT6|STIM1|STK11IP|TLR1|TLR10|TLR2|TLR3|TLR5|TLR6|TNFRSF11A|TNFRSF11B|TNFRSF14|TNFRSF18|TNFRSF1B|TNFRSF25|TNFRSF4|TNFRSF6B|TNRC6A|TRIM14|TRIM17|TRPC1|VAPA|WIPF1
 REACT:R-HSA-1839130	Signaling by activated point mutants of FGFR3	0.0	0	FGF1|FGF16|FGF17|FGF18|FGF2|FGF20|FGF23|FGF4|FGF5|FGF8|FGF9
 REACT:R-HSA-190322	FGFR4 ligand binding and activation	0.0	0	FGF1|FGF16|FGF17|FGF18|FGF19|FGF2|FGF20|FGF23|FGF4|FGF6|FGF8|FGF9
 REACT:R-HSA-190375	FGFR2c ligand binding and activation	0.0	0	FGF1|FGF16|FGF17|FGF18|FGF2|FGF20|FGF23|FGF4|FGF5|FGF6|FGF8|FGF9
 REACT:R-HSA-198933	Immunoregulatory interactions between a Lymphoid and a non-Lymphoid cell	0.0	0	CD19|CD22|CD3D|CD3E|CD3G|CD40|CLEC2B|CLEC2D|CXADR|FCGR2B|FCGR3A|ICAM1|ICAM2|ICAM3|ICAM4|ITGB1|ITGB2|ITGB7|KIR2DL1|KIR2DL3|KIR2DL4|KIR2DS1|KIR3DL2|KIR3DS1|KLRB1|KLRC1|KLRC4-KLRK1|KLRD1|KLRF1|KLRG1|LAIR2|LILRA1|LILRA3|LILRA4|LILRA5|LILRB5|PVR|SELL|SIGLEC1|SIGLEC10|SIGLEC11|SIGLEC12|SIGLEC5|SIGLEC6|SIGLEC7|SIGLEC8|SIGLEC9|SLAMF6
 REACT:R-HSA-2033514	FGFR3 mutant receptor activation	0.0	0	FGF1|FGF16|FGF17|FGF18|FGF2|FGF20|FGF23|FGF4|FGF5|FGF8|FGF9
 REACT:R-HSA-2033519	Activated point mutants of FGFR2	0.0	0	FGF1|FGF16|FGF17|FGF18|FGF2|FGF20|FGF22|FGF23|FGF3|FGF4|FGF5|FGF6|FGF7|FGF8|FGF9
 REACT:R-HSA-2219530	Constitutive Signaling by Aberrant PI3K in Cancer	0.0	0	BTC|CD19|CD28|EGFR|ERBB3|FGF1|FGF16|FGF17|FGF18|FGF19|FGF2|FGF20|FGF22|FGF23|FGF3|FGF4|FGF5|FGF6|FGF7|FGF8|FGF9|HBEGF|NRG1|NRG2|NRG4|PIK3AP1
 REACT:R-HSA-5654221	Phospholipase C-mediated cascade; FGFR2	0.0	0	FGF1|FGF16|FGF17|FGF18|FGF2|FGF20|FGF22|FGF23|FGF3|FGF4|FGF5|FGF6|FGF7|FGF8|FGF9
 REACT:R-HSA-5654695	PI-3K cascade:FGFR2	0.0	0	FGF1|FGF16|FGF17|FGF18|FGF2|FGF20|FGF22|FGF23|FGF3|FGF4|FGF5|FGF6|FGF7|FGF8|FGF9
 REACT:R-HSA-5654699	SHC-mediated cascade:FGFR2	0.0	0	FGF1|FGF16|FGF17|FGF18|FGF2|FGF20|FGF22|FGF23|FGF3|FGF4|FGF5|FGF6|FGF7|FGF8|FGF9
 REACT:R-HSA-190241	FGFR2 ligand binding and activation	3.44413386699e-12	5.81321e-10	FGF1|FGF16|FGF17|FGF18|FGF2|FGF20|FGF22|FGF23|FGF3|FGF4|FGF5|FGF6|FGF7|FGF8|FGF9
 REACT:R-HSA-381753	Olfactory Signaling Pathway	5.0718318434e-12	7.98983e-10	OR10G4|OR10G8|OR10G9|OR10H1|OR10H3|OR10H4|OR10J1|OR10J3|OR10J5|OR11A1|OR11L1|OR12D3|OR14A16|OR14I1|OR1A1|OR1A2|OR1C1|OR1D2|OR1D5|OR1E1|OR1E2|OR1F1|OR1J1|OR1J4|OR1K1|OR1L4|OR1M1|OR1N1|OR1S2|OR2A14|OR2A2|OR2B6|OR2D3|OR2G3|OR2G6|OR2T10|OR2T12|OR2T2|OR2T33|OR2T35|OR2V2|OR2W3|OR3A3|OR4A16|OR4C12|OR4C3|OR4K15|OR4K2|OR4L1|OR4M1|OR4N5|OR4S1|OR4X2|OR52E2|OR52M1|OR52W1|OR56A3|OR5A2|OR5AK2|OR5AS1|OR5B12|OR5D13|OR5D14|OR5H6|OR5M9|OR5R1|OR6C4|OR6S1|OR6X1|OR7A10|OR7A5|OR7C2|OR7D2|OR8D1|OR8G1|OR9A2|OR9A4|REEP1
 REACT:R-HSA-199418	Negative regulation of the PI3K/AKT network	1.03366204485e-11	1.52659e-09	BTC|CD19|CD28|EGFR|ERBB3|FGF1|FGF16|FGF17|FGF18|FGF19|FGF2|FGF20|FGF22|FGF23|FGF3|FGF4|FGF5|FGF6|FGF7|FGF8|FGF9|HBEGF|NRG1|NRG2|NRG4|PHLPP1|PHLPP2|PIK3AP1|PPP2R1A|PPP2R1B
 REACT:R-HSA-5654228	Phospholipase C-mediated cascade; FGFR4	1.74333880665e-11	2.42324e-09	FGF1|FGF16|FGF17|FGF18|FGF19|FGF2|FGF20|FGF23|FGF4|FGF6|FGF8|FGF9
 REACT:R-HSA-5654700	FRS-mediated FGFR2 signaling	4.08365563587e-11	4.77645e-09	FGF1|FGF16|FGF17|FGF18|FGF2|FGF20|FGF22|FGF23|FGF3|FGF4|FGF5|FGF6|FGF7|FGF8|FGF9
 REACT:R-HSA-190239	FGFR3 ligand binding and activation	4.24483781458e-11	4.77645e-09	FGF1|FGF16|FGF17|FGF18|FGF2|FGF20|FGF23|FGF4|FGF5|FGF8|FGF9
 REACT:R-HSA-190372	FGFR3c ligand binding and activation	4.24483781458e-11	4.77645e-09	FGF1|FGF16|FGF17|FGF18|FGF2|FGF20|FGF23|FGF4|FGF5|FGF8|FGF9
 REACT:R-HSA-5654227	Phospholipase C-mediated cascade; FGFR3	4.24483781458e-11	4.77645e-09	FGF1|FGF16|FGF17|FGF18|FGF2|FGF20|FGF23|FGF4|FGF5|FGF8|FGF9
 REACT:R-HSA-6811558	"PI5P PP2A and IER3 Regulate PI3K/AKT Signaling"	4.53171944415e-11	4.86748e-09	BTC|CD19|CD28|EGFR|ERBB3|FGF1|FGF16|FGF17|FGF18|FGF19|FGF2|FGF20|FGF22|FGF23|FGF3|FGF4|FGF5|FGF6|FGF7|FGF8|FGF9|HBEGF|NRG1|NRG2|NRG4|PIK3AP1|PPP2R1A|PPP2R1B
 REACT:R-HSA-190242	FGFR1 ligand binding and activation	7.08620939704e-11	6.97696e-09	FGF1|FGF17|FGF2|FGF20|FGF22|FGF23|FGF3|FGF4|FGF5|FGF6|FGF8|FGF9
 REACT:R-HSA-5654219	Phospholipase C-mediated cascade: FGFR1	7.08620939704e-11	6.97696e-09	FGF1|FGF17|FGF2|FGF20|FGF22|FGF23|FGF3|FGF4|FGF5|FGF6|FGF8|FGF9
 REACT:R-HSA-1839122	Signaling by activated point mutants of FGFR1	8.32920399318e-11	7.87276e-09	FGF1|FGF17|FGF2|FGF20|FGF23|FGF4|FGF5|FGF6|FGF8|FGF9
 REACT:R-HSA-190373	FGFR1c ligand binding and activation	5.33687094517e-10	4.85039e-08	FGF1|FGF17|FGF2|FGF20|FGF23|FGF4|FGF5|FGF6|FGF8|FGF9
 REACT:R-HSA-2219528	PI3K/AKT Signaling in Cancer	7.21256387948e-10	6.31233e-08	BTC|CD19|CD28|EGFR|ERBB3|FGF1|FGF16|FGF17|FGF18|FGF19|FGF2|FGF20|FGF22|FGF23|FGF3|FGF4|FGF5|FGF6|FGF7|FGF8|FGF9|FOXO1|HBEGF|NRG1|NRG2|NRG4|PIK3AP1
 REACT:R-HSA-1280218	Adaptive Immune System	1.01940511588e-09	8.60305e-08	ANAPC10|AP1M2|BTC|BTLA|BTNL8|CD14|CD19|CD207|CD22|CD28|CD3D|CD3E|CD3G|CD4|CD40|CLEC2B|CLEC2D|CXADR|DCTN4|EGFR|ERBB3|FBXL12|FBXL13|FBXL14|FBXL15|FBXL19|FBXL4|FBXL5|FBXL7|FBXO17|FBXO44|FBXO6|FCGR1B|FCGR2B|FCGR3A|FGF1|FGF16|FGF17|FGF18|FGF19|FGF2|FGF20|FGF22|FGF23|FGF3|FGF4|FGF5|FGF6|FGF7|FGF8|FGF9|FOXO1|HBEGF|HERC6|ICAM1|ICAM2|ICAM3|ICAM4|ITGB1|ITGB2|ITGB5|ITGB7|KIR2DL1|KIR2DL3|KIR2DL4|KIR2DS1|KIR3DL2|KIR3DS1|KLRB1|KLRC1|KLRC4-KLRK1|KLRD1|KLRF1|KLRG1|LAIR2|LAT|LILRA1|LILRA3|LILRA4|LILRA5|LILRB5|MGRN1|MRC1|NRG1|NRG2|NRG4|PDCD1LG2|PHLPP1|PHLPP2|PIK3AP1|PPP2R1A|PPP2R1B|PVR|SEC31A|SELL|SIGLEC1|SIGLEC10|SIGLEC11|SIGLEC12|SIGLEC5|SIGLEC6|SIGLEC7|SIGLEC8|SIGLEC9|SKP2|SLAMF6|SPSB4|STIM1|TLR1|TLR2|TLR6|TNFRSF14|TNRC6A|TRPC1
 REACT:R-HSA-5654727	Negative regulation of FGFR2 signaling	1.24472099294e-09	1.01423e-07	FGF1|FGF16|FGF17|FGF18|FGF2|FGF20|FGF22|FGF23|FGF3|FGF4|FGF5|FGF6|FGF7|FGF8|FGF9|PPP2R1A
 KEGG:hsa05218	Melanoma	1.3462402304e-09	1.06039e-07	EGFR|FGF1|FGF11|FGF12|FGF13|FGF14|FGF16|FGF17|FGF18|FGF19|FGF2|FGF20|FGF21|FGF22|FGF23|FGF3|FGF4|FGF5|FGF6|FGF7|FGF8|FGF9|MITF
 REACT:R-HSA-5654696	Downstream signaling of activated FGFR2	1.42055267549e-09	1.08283e-07	FGF1|FGF16|FGF17|FGF18|FGF2|FGF20|FGF22|FGF23|FGF3|FGF4|FGF5|FGF6|FGF7|FGF8|FGF9
 REACT:R-HSA-1257604	PIP3 activates AKT signaling	1.76331715895e-09	1.3021e-07	BTC|CD19|CD28|EGFR|ERBB3|FGF1|FGF16|FGF17|FGF18|FGF19|FGF2|FGF20|FGF22|FGF23|FGF3|FGF4|FGF5|FGF6|FGF7|FGF8|FGF9|FOXO1|HBEGF|NRG1|NRG2|NRG4|PHLPP1|PHLPP2|PIK3AP1|PPP2R1A|PPP2R1B|TNRC6A
 REACT:R-HSA-5654687	Downstream signaling of activated FGFR1	2.53502041581e-09	1.81523e-07	FGF1|FGF17|FGF2|FGF20|FGF22|FGF23|FGF3|FGF4|FGF5|FGF6|FGF8|FGF9|FLRT1|FLRT2|FLRT3
 REACT:R-HSA-180292	GAB1 signalosome	3.36706695858e-09	2.27325e-07	BTC|CD19|CD28|EGFR|ERBB3|FGF1|FGF16|FGF17|FGF18|FGF19|FGF2|FGF20|FGF22|FGF23|FGF3|FGF4|FGF5|FGF6|FGF7|FGF8|FGF9|FOXO1|HBEGF|NRG1|NRG2|NRG4|PHLPP1|PHLPP2|PIK3AP1|PPP2R1A|PPP2R1B|TNRC6A
 REACT:R-HSA-198203	PI3K/AKT activation	3.36706695858e-09	2.27325e-07	BTC|CD19|CD28|EGFR|ERBB3|FGF1|FGF16|FGF17|FGF18|FGF19|FGF2|FGF20|FGF22|FGF23|FGF3|FGF4|FGF5|FGF6|FGF7|FGF8|FGF9|FOXO1|HBEGF|NRG1|NRG2|NRG4|PHLPP1|PHLPP2|PIK3AP1|PPP2R1A|PPP2R1B|TNRC6A
 REACT:R-HSA-5654719	SHC-mediated cascade:FGFR4	4.10942013751e-09	2.57384e-07	FGF1|FGF16|FGF17|FGF18|FGF19|FGF2|FGF20|FGF23|FGF4|FGF6|FGF8|FGF9
 REACT:R-HSA-5654720	PI-3K cascade:FGFR4	4.10942013751e-09	2.57384e-07	FGF1|FGF16|FGF17|FGF18|FGF19|FGF2|FGF20|FGF23|FGF4|FGF6|FGF8|FGF9
 KEGG:hsa04060	Cytokine-cytokine receptor interaction	4.13905654195e-09	2.57384e-07	CD27|CD40|CRLF2|CSF1|CSF2RA|CSF2RB|CX3CL1|EDA2R|EGFR|FAS|FLT1|IFNAR2|IFNE|IFNG|IFNLR1|IL10RA|IL10RB|IL12B|IL12RB1|IL13RA1|IL17B|IL17RA|IL19|IL1A|IL1R1|IL1R2|IL1RAP|IL20|IL20RB|IL22|IL22RA1|IL22RA2|IL24|IL2RG|IL5RA|IL6R|IL6ST|LTBR|OSMR|PRLR|RELT|TNFRSF10D|TNFRSF11A|TNFRSF11B|TNFRSF14|TNFRSF18|TNFRSF1B|TNFRSF25|TNFRSF4|TNFRSF6B|VEGFC
 REACT:R-HSA-1839126	FGFR2 mutant receptor activation	7.54624795984e-09	4.57225e-07	FGF1|FGF16|FGF17|FGF18|FGF2|FGF20|FGF22|FGF23|FGF3|FGF4|FGF5|FGF6|FGF7|FGF8|FGF9
 REACT:R-HSA-5654688	SHC-mediated cascade:FGFR1	8.89222495637e-09	5.12496e-07	FGF1|FGF17|FGF2|FGF20|FGF22|FGF23|FGF3|FGF4|FGF5|FGF6|FGF8|FGF9
 REACT:R-HSA-5654689	PI-3K cascade:FGFR1	8.89222495637e-09	5.12496e-07	FGF1|FGF17|FGF2|FGF20|FGF22|FGF23|FGF3|FGF4|FGF5|FGF6|FGF8|FGF9
 REACT:R-HSA-449147	Signaling by Interleukins	1.01715362799e-08	5.7227e-07	ANXA1|BCL6|BTC|CD4|CRLF1|CSF1|CSF2RA|CSF2RB|EBI3|EGFR|ERBB3|FGA|FGB|FGF1|FGF16|FGF17|FGF18|FGF19|FGF2|FGF20|FGF22|FGF23|FGF3|FGF4|FGF5|FGF6|FGF7|FGF8|FGF9|FGG|FOXO1|GATA3|HBEGF|ICAM1|IFNLR1|IL10RA|IL10RB|IL12B|IL12RB1|IL13RA1|IL13RA2|IL17RA|IL19|IL1A|IL1R1|IL1R2|IL1RAP|IL1RL1|IL1RN|IL20|IL20RB|IL22|IL22RA1|IL22RA2|IL24|IL27RA|IL2RG|IL34|IL5RA|IL6R|IL6ST|ITGB1|ITGB2|ITGB3|JUNB|LAT|LGALS9|NCAM1|NFKB2|NRG1|NRG2|NRG4|OSMR|PELI3|PPP2R1A|PPP2R1B|SOX2|STAT5A|STAT6|TNFRSF1B
 REACT:R-HSA-8854691	"Interleukin-19 20 22 24"	1.29391699577e-08	7.11053e-07	IL10RB|IL19|IL20|IL20RB|IL22|IL22RA1|IL22RA2|IL24
 REACT:R-HSA-5654704	SHC-mediated cascade:FGFR3	1.42733426189e-08	7.49509e-07	FGF1|FGF16|FGF17|FGF18|FGF2|FGF20|FGF23|FGF4|FGF5|FGF8|FGF9
 REACT:R-HSA-5654710	PI-3K cascade:FGFR3	1.42733426189e-08	7.49509e-07	FGF1|FGF16|FGF17|FGF18|FGF2|FGF20|FGF23|FGF4|FGF5|FGF8|FGF9
 REACT:R-HSA-5654712	FRS-mediated FGFR4 signaling	1.81256165632e-08	9.31105e-07	FGF1|FGF16|FGF17|FGF18|FGF19|FGF2|FGF20|FGF23|FGF4|FGF6|FGF8|FGF9
 KEGG:hsa05224	Breast cancer	1.98855270028e-08	9.85414e-07	DLL4|EGFR|FGF1|FGF11|FGF12|FGF13|FGF14|FGF16|FGF17|FGF18|FGF19|FGF2|FGF20|FGF21|FGF22|FGF23|FGF3|FGF4|FGF5|FGF6|FGF7|FGF8|FGF9|HEY1|JAG2|LEF1|NFKB2|PGR|SP1|TCF7|TCF7L1|TCF7L2|WNT2
 REACT:R-HSA-2730905	Role of LAT2/NTAL/LAB on calcium mobilization	2.00168711606e-08	9.85414e-07	BTC|CD19|CD28|EGFR|ERBB3|FGF1|FGF16|FGF17|FGF18|FGF19|FGF2|FGF20|FGF22|FGF23|FGF3|FGF4|FGF5|FGF6|FGF7|FGF8|FGF9|FOXO1|HBEGF|NRG1|NRG2|NRG4|PHLPP1|PHLPP2|PIK3AP1|PPP2R1A|PPP2R1B|TNRC6A
 REACT:R-HSA-5654693	FRS-mediated FGFR1 signaling	3.5183075564e-08	1.69669e-06	FGF1|FGF17|FGF2|FGF20|FGF22|FGF23|FGF3|FGF4|FGF5|FGF6|FGF8|FGF9
 REACT:R-HSA-5654706	FRS-mediated FGFR3 signaling	6.49085345472e-08	3.01397e-06	FGF1|FGF16|FGF17|FGF18|FGF2|FGF20|FGF23|FGF4|FGF5|FGF8|FGF9
 REACT:R-HSA-5658623	FGFRL1 modulation of FGFR1 signaling	6.50496648769e-08	3.01397e-06	FGF17|FGF18|FGF2|FGF22|FGF23|FGF3|FGF4|FGF5|FGF8
 REACT:R-HSA-5654736	Signaling by FGFR1	1.39008037192e-07	6.31685e-06	FGF1|FGF17|FGF18|FGF2|FGF20|FGF22|FGF23|FGF3|FGF4|FGF5|FGF6|FGF8|FGF9|FLRT1|FLRT2|FLRT3|PPP2R1A
 REACT:R-HSA-1280215	Cytokine Signaling in Immune system	2.25369754636e-07	1.00481e-05	ANXA1|BCL6|BTC|CD27|CD4|CD40|CD44|CRLF1|CSF1|CSF2RA|CSF2RB|EBI3|EDA2R|EGFR|ERBB3|FCGR1B|FGA|FGB|FGF1|FGF16|FGF17|FGF18|FGF19|FGF2|FGF20|FGF22|FGF23|FGF3|FGF4|FGF5|FGF6|FGF7|FGF8|FGF9|FGG|FOXO1|GATA3|HBEGF|ICAM1|IFNAR2|IFNG|IFNLR1|IL10RA|IL10RB|IL12B|IL12RB1|IL13RA1|IL13RA2|IL17RA|IL19|IL1A|IL1R1|IL1R2|IL1RAP|IL1RL1|IL1RN|IL20|IL20RB|IL22|IL22RA1|IL22RA2|IL24|IL27RA|IL2RG|IL34|IL5RA|IL6R|IL6ST|ITGB1|ITGB2|ITGB3|JUNB|LAT|LGALS9|LTBR|NCAM1|NFKB2|NRG1|NRG2|NRG4|NUP107|OSMR|PELI3|POM121|PPP2R1A|PPP2R1B|PRLR|SOX2|STAT5A|STAT6|TNFRSF11A|TNFRSF11B|TNFRSF14|TNFRSF18|TNFRSF1B|TNFRSF25|TNFRSF4|TNFRSF6B|TRIM14|TRIM17
 REACT:R-HSA-5655332	Signaling by FGFR3 in disease	2.3488515144e-07	1.00915e-05	FGF1|FGF16|FGF17|FGF18|FGF2|FGF20|FGF23|FGF4|FGF5|FGF8|FGF9
 REACT:R-HSA-8853338	Signaling by FGFR3 point mutants in cancer	2.3488515144e-07	1.00915e-05	FGF1|FGF16|FGF17|FGF18|FGF2|FGF20|FGF23|FGF4|FGF5|FGF8|FGF9
 REACT:R-HSA-5654733	Negative regulation of FGFR4 signaling	2.47841481671e-07	1.0458e-05	FGF1|FGF16|FGF17|FGF18|FGF19|FGF2|FGF20|FGF23|FGF4|FGF6|FGF8|FGF9|PPP2R1A
 KEGG:hsa04151	PI3K-Akt signaling pathway	2.92356464593e-07	1.212e-05	CD19|CHAD|COMP|CREB3L3|CREB5|CSF1|EFNA1|EFNA2|EFNA3|EFNA4|EGFR|FGF1|FGF11|FGF12|FGF13|FGF14|FGF16|FGF17|FGF18|FGF19|FGF2|FGF20|FGF21|FGF22|FGF23|FGF3|FGF4|FGF5|FGF6|FGF7|FGF8|FGF9|FLT1|IFNAR2|IL2RG|IL6R|ITGB1|ITGB3|ITGB5|ITGB6|ITGB7|LAMB4|LAMC3|OSMR|PHLPP1|PHLPP2|PIK3AP1|PPP2R1A|PPP2R1B|PRLR|THBS3|THBS4|TLR2|TNXB|VEGFC
 KEGG:hsa04640	Hematopoietic cell lineage	3.07632481045e-07	1.25334e-05	CD14|CD19|CD2|CD22|CD3D|CD3E|CD3G|CD4|CD44|CD59|CSF1|CSF2RA|GP1BA|GP1BB|GP5|GP9|IL1A|IL1R1|IL1R2|IL5RA|IL6R|ITGB3|MS4A1|TFRC
 REACT:R-HSA-5654716	Downstream signaling of activated FGFR4	3.35455002221e-07	1.34353e-05	FGF1|FGF16|FGF17|FGF18|FGF19|FGF2|FGF20|FGF23|FGF4|FGF6|FGF8|FGF9
 REACT:R-HSA-5655253	Signaling by FGFR2 in disease	5.18577259356e-07	2.04233e-05	FGF1|FGF16|FGF17|FGF18|FGF2|FGF20|FGF22|FGF23|FGF3|FGF4|FGF5|FGF6|FGF7|FGF8|FGF9
 REACT:R-HSA-2022857	Keratan sulfate degradation	5.73275790394e-07	2.22074e-05	FMOD|HEXA|HEXB|KERA|LUM|OGN|OMD|PRELP
 REACT:R-HSA-5654726	Negative regulation of FGFR1 signaling	5.92691195567e-07	2.25892e-05	FGF1|FGF17|FGF2|FGF20|FGF22|FGF23|FGF3|FGF4|FGF5|FGF6|FGF8|FGF9|PPP2R1A
 REACT:R-HSA-216083	Integrin cell surface interactions	8.38493392386e-07	3.14502e-05	BSG|CD44|CD47|COMP|FGA|FGB|FGG|ICAM1|ICAM2|ICAM3|ICAM4|ITGB1|ITGB2|ITGB3|ITGB5|ITGB6|ITGB7|JAM2|LUM
 REACT:R-HSA-5654732	Negative regulation of FGFR3 signaling	8.62406489888e-07	3.18417e-05	FGF1|FGF16|FGF17|FGF18|FGF2|FGF20|FGF23|FGF4|FGF5|FGF8|FGF9|PPP2R1A
 REACT:R-HSA-5654708	Downstream signaling of activated FGFR3	1.18764110724e-06	4.31753e-05	FGF1|FGF16|FGF17|FGF18|FGF2|FGF20|FGF23|FGF4|FGF5|FGF8|FGF9
 REACT:R-HSA-190371	FGFR3b ligand binding and activation	1.62041034435e-06	5.54932e-05	FGF1|FGF17|FGF18|FGF20|FGF8|FGF9
 REACT:R-HSA-3656225	Defective CHST6 causes MCDC1	1.62041034435e-06	5.54932e-05	FMOD|KERA|LUM|OGN|OMD|PRELP
 REACT:R-HSA-3656243	Defective ST3GAL3 causes MCT12 and EIEE15	1.62041034435e-06	5.54932e-05	FMOD|KERA|LUM|OGN|OMD|PRELP
 REACT:R-HSA-3656244	Defective B4GALT1 causes B4GALT1-CDG (CDG-2d)	1.62041034435e-06	5.54932e-05	FMOD|KERA|LUM|OGN|OMD|PRELP
 REACT:R-HSA-1266738	Developmental Biology	3.54536597946e-06	0.000119681	ABLIM1|ALCAM|APH1A|APH1B|ARHGAP39|ARHGEF7|BTC|CD72|CDH15|CDH2|CDH4|CDSN|CEBPB|CFC1|CNTN6|CSF2RA|CSF2RB|CSNK2B|DPPA4|DSC2|EFNA1|EFNA2|EFNA3|EFNA4|EGFR|EGR2|ERBB3|FABP4|FAM120B|FGA|FGB|FGF1|FGF16|FGF17|FGF18|FGF19|FGF2|FGF20|FGF22|FGF23|FGF3|FGF4|FGF5|FGF6|FGF7|FGF8|FGF9|FGG|FOXO1|FOXP1|GAP43|HBEGF|HNF1A|HNF1B|HOXA2|IL2RG|IL5RA|INSM1|ITGB1|ITGB3|IVL|KALRN|KRT14|KRT7|KRT82|KRTAP10-1|KRTAP10-12|KRTAP10-2|KRTAP10-3|KRTAP1-1|KRTAP1-3|KRTAP13-2|KRTAP13-4|KRTAP1-5|KRTAP19-5|KRTAP2-1|KRTAP2-4|KRTAP24-1|KRTAP26-1|KRTAP27-1|KRTAP3-3|KRTAP4-1|KRTAP4-3|KRTAP4-6|KRTAP4-7|LAT|LCE2B|LIN28A|MED26|MEF2A|MEF2C|NCAM1|NFASC|NRG1|NRG2|NRG4|NTN3|NTN4|NUMB|PDX1|PLXNA1|PLXNA2|PPP2R1A|PPP2R1B|PSEN2|RBBP5|ROBO1|ROBO2|SALL1|SCN3B|SCN4B|SEMA3E|SLIT1|SLIT2|SLIT3|SOX2|SPINK9|SPRR3|TCF12|TCF4|TDGF1|TRPC1|TRPC4|UNC5B|UNC5C|ZSCAN10
 REACT:R-HSA-168249	Innate Immune System	5.23588664259e-06	0.000174259	A1BG|AGA|AGER|AGL|ARSA|ATP6V0A1|BTC|C8A|CD14|CD180|CD19|CD28|CD3G|CD4|CD44|CD46|CD47|CD58|CD59|CD68|CEACAM1|CEACAM8|CFP|CHI3L1|CLEC10A|CLEC12A|CLEC4A|CLEC4C|CLEC4D|CLEC4E|CLEC5A|CLEC6A|CLEC7A|CSF2RA|CSF2RB|CSNK2B|DEFB119|EGFR|ERBB3|FABP5|FAF2|FCAR|FCER1A|FCGR2A|FCGR2C|FCGR3A|FCGR3B|FCN3|FGA|FGB|FGF1|FGF16|FGF17|FGF18|FGF19|FGF2|FGF20|FGF22|FGF23|FGF3|FGF4|FGF5|FGF6|FGF7|FGF8|FGF9|FGG|FOXO1|HBEGF|HEXB|ICAM2|ICAM3|IL2RG|IL5RA|ITGB2|ITGB3|ITLN1|KIR2DS4|KIR2DS5|KIR3DS1|KLRC2|KLRC4-KLRK1|KLRD1|LAMP1|LAMTOR1|LAT|LGALS3|LILRA3|LRG1|MASP2|MBL2|MEF2A|MEF2C|MEFV|MUC15|MUC7|NCAM1|NEU1|NFAM1|NFASC|NFKB2|NLRC3|NLRP1|NLRP4|NRG1|NRG2|NRG4|OLR1|PELI3|PGLYRP1|PGLYRP2|PGLYRP3|PGLYRP4|PGM1|PHLPP1|PHLPP2|PIK3AP1|PLAUR|POLR3H|PPP2R1A|PPP2R1B|PRG2|PRG3|PTX3|RNF135|RNF216|SELL|SEMG1|SERPINB6|SIGLEC14|SIGLEC15|SIGLEC5|SIGLEC9|SLPI|STAT6|STK11IP|TLR1|TLR10|TLR2|TLR3|TLR5|TLR6|TNFRSF1B|TNRC6A|VAPA|WIPF1
 REACT:R-HSA-202733	Cell surface interactions at the vascular wall	5.6599696967e-06	0.000185757	BSG|CD2|CD44|CD47|CD58|CD84|CEACAM1|CEACAM8|CXADR|ESAM|GAS6|GYPB|ITGB1|ITGB2|ITGB3|JAM2|MAG|OLR1|PSG11|PSG2|PSG4|PSG5|PSG6|PSG8|SELE|SELL|SELP|TNFRSF10D
 REACT:R-HSA-5654743	Signaling by FGFR4	1.00040897185e-05	0.000323831	FGF1|FGF16|FGF17|FGF18|FGF19|FGF2|FGF20|FGF23|FGF4|FGF6|FGF8|FGF9|PPP2R1A
 REACT:R-HSA-1251985	Nuclear signaling by ERBB4	1.03727241914e-05	0.000331226	APH1A|APH1B|BTC|HBEGF|NRG1|NRG2|NRG4|PGR|PSEN2|STAT5A
 KEGG:hsa04630	Jak-STAT signaling pathway	1.28737953877e-05	0.00040561	CRLF2|CSF2RA|CSF2RB|IFNAR2|IFNE|IFNG|IFNLR1|IL10RA|IL10RB|IL12B|IL12RB1|IL13RA1|IL13RA2|IL19|IL20|IL20RB|IL22|IL22RA1|IL22RA2|IL24|IL27RA|IL2RG|IL5RA|IL6R|IL6ST|OSMR|PRLR|STAT5A|STAT6
 REACT:R-HSA-1839124	FGFR1 mutant receptor activation	1.44606653966e-05	0.000449613	FGF1|FGF17|FGF2|FGF20|FGF23|FGF4|FGF5|FGF6|FGF8|FGF9|STAT5A
 REACT:R-HSA-190236	Signaling by FGFR	1.66515880851e-05	0.000511009	FGF1|FGF16|FGF17|FGF18|FGF19|FGF2|FGF20|FGF22|FGF23|FGF3|FGF4|FGF5|FGF6|FGF7|FGF8|FGF9|FLRT1|FLRT2|FLRT3|PPP2R1A
 KEGG:hsa04015	Rap1 signaling pathway	2.07614448288e-05	0.000628965	BCAR1|CSF1|EFNA1|EFNA2|EFNA3|EFNA4|EGFR|FGF1|FGF11|FGF12|FGF13|FGF14|FGF16|FGF17|FGF18|FGF19|FGF2|FGF20|FGF21|FGF22|FGF23|FGF3|FGF4|FGF5|FGF6|FGF7|FGF8|FGF9|FLT1|GNAS|ITGB1|ITGB2|ITGB3|LAT|VEGFC
 REACT:R-HSA-8847993	ERBB2 Activates PTK6 Signaling	2.19390047063e-05	0.000656226	BTC|EGFR|ERBB3|HBEGF|NRG1|NRG2|NRG4
 REACT:R-HSA-1226099	Signaling by FGFR in disease	2.31026630293e-05	0.000682395	FGF1|FGF16|FGF17|FGF18|FGF2|FGF20|FGF22|FGF23|FGF3|FGF4|FGF5|FGF6|FGF7|FGF8|FGF9|STAT5A
 REACT:R-HSA-1638074	Keratan sulfate/keratin metabolism	2.85088500173e-05	0.000831684	B4GALT2|B4GALT3|B4GALT4|FMOD|HEXA|HEXB|KERA|LUM|OGN|OMD|PRELP
 REACT:R-HSA-109704	PI3K Cascade	3.57916427545e-05	0.00101965	FGF1|FGF16|FGF17|FGF18|FGF19|FGF2|FGF20|FGF22|FGF23|FGF3|FGF4|FGF5|FGF6|FGF7|FGF8|FGF9|LAMTOR1|PRKAB1
 REACT:R-HSA-2453902	The canonical retinoid cycle in rods (twilight vision)	3.5814989541e-05	0.00101965	LRAT|RBP1|RBP3|RBP4|RDH11|RDH12|RDH8|RLBP1|RPE65
 REACT:R-HSA-6785631	ERBB2 Regulates Cell Motility	4.08686400868e-05	0.00113748	BTC|EGFR|ERBB3|HBEGF|NRG1|NRG2|NRG4
 REACT:R-HSA-5654741	Signaling by FGFR3	4.09164375933e-05	0.00113748	FGF1|FGF16|FGF17|FGF18|FGF2|FGF20|FGF23|FGF4|FGF5|FGF8|FGF9|PPP2R1A
 KEGG:hsa04512	ECM-receptor interaction	6.06022054561e-05	0.00166515	CD44|CD47|CHAD|COMP|GP1BA|GP1BB|GP5|GP9|ITGB1|ITGB3|ITGB5|ITGB6|ITGB7|LAMB4|LAMC3|THBS3|THBS4|TNXB
 KEGG:hsa04145	Phagosome	6.55222058301e-05	0.00177964	ATP6V0A1|CD14|CLEC4M|CLEC7A|COLEC12|COMP|FCAR|FCGR2A|FCGR2B|FCGR2C|FCGR3A|FCGR3B|ITGB1|ITGB2|ITGB3|ITGB5|LAMP1|MBL2|MRC1|OLR1|PLA2R1|SFTPD|TFRC|THBS3|THBS4|TLR2|TLR6
 REACT:R-HSA-2172127	DAP12 interactions	7.59606741633e-05	0.00203972	BTC|CD19|CD28|CLEC5A|CSF2RA|CSF2RB|EGFR|ERBB3|FGA|FGB|FGF1|FGF16|FGF17|FGF18|FGF19|FGF2|FGF20|FGF22|FGF23|FGF3|FGF4|FGF5|FGF6|FGF7|FGF8|FGF9|FGG|FOXO1|HBEGF|IL2RG|IL5RA|ITGB3|KIR2DS4|KIR2DS5|KIR3DS1|KLRC2|KLRC4-KLRK1|KLRD1|LAT|NCAM1|NRG1|NRG2|NRG4|PHLPP1|PHLPP2|PIK3AP1|PPP2R1A|PPP2R1B|SIGLEC14|SIGLEC15|TNRC6A
 REACT:R-HSA-1168372	Downstream signaling events of B Cell Receptor (BCR)	7.73168572089e-05	0.00205281	BTC|CD19|CD28|EGFR|ERBB3|FGF1|FGF16|FGF17|FGF18|FGF19|FGF2|FGF20|FGF22|FGF23|FGF3|FGF4|FGF5|FGF6|FGF7|FGF8|FGF9|FOXO1|HBEGF|NRG1|NRG2|NRG4|PHLPP1|PHLPP2|PIK3AP1|PPP2R1A|PPP2R1B|TNRC6A
 REACT:R-HSA-163560	Hormone-sensitive lipase (HSL)-mediated triacylglycerol hydrolysis	8.19169111753e-05	0.00213035	FABP1|FABP2|FABP3|FABP4|FABP5|FABP6|FABP7|FABP9
 KEGG:hsa05144	Malaria	8.20406246954e-05	0.00213035	CD40|COMP|GYPB|ICAM1|IFNG|ITGB2|KLRB1|KLRC4-KLRK1|SELE|SELP|THBS3|THBS4|TLR2
 REACT:R-HSA-422475	Axon guidance	8.64863345166e-05	0.00222138	ABLIM1|ALCAM|APH1A|APH1B|ARHGAP39|ARHGEF7|BTC|CD72|CNTN6|CSF2RA|CSF2RB|CSNK2B|EFNA1|EFNA2|EFNA3|EFNA4|EGFR|ERBB3|FGA|FGB|FGF1|FGF16|FGF17|FGF18|FGF19|FGF2|FGF20|FGF22|FGF23|FGF3|FGF4|FGF5|FGF6|FGF7|FGF8|FGF9|FGG|GAP43|HBEGF|IL2RG|IL5RA|ITGB1|ITGB3|KALRN|LAT|NCAM1|NFASC|NRG1|NRG2|NRG4|NTN4|NUMB|PLXNA1|PLXNA2|PPP2R1A|PPP2R1B|PSEN2|ROBO1|ROBO2|SCN3B|SCN4B|SEMA3E|SLIT1|SLIT2|SLIT3|TRPC1|TRPC4|UNC5B|UNC5C
 REACT:R-HSA-1236394	Signaling by ERBB4	8.9915288931e-05	0.00228462	APH1A|APH1B|BTC|EGFR|ERBB3|HBEGF|NRG1|NRG2|NRG4|PGR|PSEN2|STAT5A
 REACT:R-HSA-1963642	PI3K events in ERBB2 signaling	0.000118214876937	0.00294044	BTC|EGFR|ERBB3|HBEGF|NRG1|NRG2|NRG4
 REACT:R-HSA-5686938	Regulation of TLR by endogenous ligand	0.000118214876937	0.00294044	CD14|FGA|FGB|FGG|TLR1|TLR2|TLR6
 REACT:R-HSA-5655302	Signaling by FGFR1 in disease	0.000122568656942	0.00301698	FGF1|FGF17|FGF2|FGF20|FGF23|FGF4|FGF5|FGF6|FGF8|FGF9|STAT5A
 REACT:R-HSA-5663202	Diseases of signal transduction	0.000137240874501	0.0033433	APH1A|APH1B|BTC|CD19|CD28|DKK1|DKK2|DLL4|EGFR|ERBB3|ERLEC1|FGA|FGB|FGF1|FGF16|FGF17|FGF18|FGF19|FGF2|FGF20|FGF22|FGF23|FGF3|FGF4|FGF5|FGF6|FGF7|FGF8|FGF9|FGG|FOXO1|HBEGF|HDAC9|HEY1|ITGB3|JAG2|MAMLD1|NRG1|NRG2|NRG4|OS9|PIK3AP1|PPP2R1A|PPP2R1B|PSEN2|RBP1|RBP4|RLBP1|STAT5A|TCF7L2
 REACT:R-HSA-5684996	MAPK1/MAPK3 signaling	0.000178686126798	0.00430852	BTC|CSF2RA|CSF2RB|EGFR|ERBB3|FGA|FGB|FGF1|FGF16|FGF17|FGF18|FGF19|FGF2|FGF20|FGF22|FGF23|FGF3|FGF4|FGF5|FGF6|FGF7|FGF8|FGF9|FGG|HBEGF|IL2RG|IL5RA|IL6R|IL6ST|ITGB3|LAT|NCAM1|NRG1|NRG2|NRG4|PPP2R1A|PPP2R1B
 REACT:R-HSA-983705	Signaling by the B Cell Receptor (BCR)	0.000198846589302	0.00474621	BTC|CD19|CD22|CD28|EGFR|ERBB3|FGF1|FGF16|FGF17|FGF18|FGF19|FGF2|FGF20|FGF22|FGF23|FGF3|FGF4|FGF5|FGF6|FGF7|FGF8|FGF9|FOXO1|HBEGF|NRG1|NRG2|NRG4|PHLPP1|PHLPP2|PIK3AP1|PPP2R1A|PPP2R1B|STIM1|TNRC6A|TRPC1
 REACT:R-HSA-2022854	Keratan sulfate biosynthesis	0.000210569095938	0.00497575	B4GALT2|B4GALT3|B4GALT4|FMOD|KERA|LUM|OGN|OMD|PRELP
 REACT:R-HSA-5654738	Signaling by FGFR2	0.000218275648081	0.00510679	FGF1|FGF16|FGF17|FGF18|FGF2|FGF20|FGF22|FGF23|FGF3|FGF4|FGF5|FGF6|FGF7|FGF8|FGF9|PPP2R1A
 KEGG:hsa_M00415	"Fatty acid biosynthesis elongation endoplasmic reticulum"	0.000261404338261	0.00605587	ELOVL1|ELOVL3|ELOVL4|ELOVL5|ELOVL7|TECR
 REACT:R-HSA-163125	Post-translational modification: synthesis of GPI-anchored proteins	0.000285445767139	0.00654862	CNTN3|CNTN4|FCGR3B|GP2|LSAMP|LYPD4|LYPD6B|MDGA1|MDGA2|NTM|NTNG1|OPCML|PIGQ|PLAUR|PSCA|RTN4RL1|SPACA4|TEX101
 REACT:R-HSA-5260271	Diseases of Immune System	0.000359015624341	0.00807956	CD14|NFKB2|TLR1|TLR10|TLR2|TLR3|TLR5|TLR6
 REACT:R-HSA-5602358	Diseases associated with the TLR signaling cascade	0.000359015624341	0.00807956	CD14|NFKB2|TLR1|TLR10|TLR2|TLR3|TLR5|TLR6
 REACT:R-HSA-5669034	TNFs bind their physiological receptors	0.00037740892443	0.00841337	CD27|EDA2R|TNFRSF11B|TNFRSF14|TNFRSF18|TNFRSF1B|TNFRSF25|TNFRSF4|TNFRSF6B
 REACT:R-HSA-5683057	MAPK family signaling cascades	0.000410899889576	0.00907436	BTC|CSF2RA|CSF2RB|EGFR|ERBB3|FGA|FGB|FGF1|FGF16|FGF17|FGF18|FGF19|FGF2|FGF20|FGF22|FGF23|FGF3|FGF4|FGF5|FGF6|FGF7|FGF8|FGF9|FGG|FOXO1|HBEGF|IL2RG|IL5RA|IL6R|IL6ST|ITGB3|KALRN|LAT|NCAM1|NRG1|NRG2|NRG4|PPP2R1A|PPP2R1B|TNRC6A
 REACT:R-HSA-451927	Interleukin-2 signaling	0.000422849801678	0.0092518	BTC|CSF2RA|CSF2RB|EGFR|ERBB3|FGA|FGB|FGF1|FGF16|FGF17|FGF18|FGF19|FGF2|FGF20|FGF22|FGF23|FGF3|FGF4|FGF5|FGF6|FGF7|FGF8|FGF9|FGG|HBEGF|IL2RG|IL5RA|ITGB3|LAT|LGALS9|NCAM1|NRG1|NRG2|NRG4|PPP2R1A|PPP2R1B|STAT5A
 REACT:R-HSA-2586552	Signaling by Leptin	0.000435180611802	0.00943424	BTC|CSF2RA|CSF2RB|EGFR|ERBB3|FGA|FGB|FGF1|FGF16|FGF17|FGF18|FGF19|FGF2|FGF20|FGF22|FGF23|FGF3|FGF4|FGF5|FGF6|FGF7|FGF8|FGF9|FGG|HBEGF|IL2RG|IL5RA|ITGB3|LAT|NCAM1|NRG1|NRG2|NRG4|PPP2R1A|PPP2R1B|STAT5A
 REACT:R-HSA-112412	SOS-mediated signalling	0.000482497204018	0.0100897	BTC|CSF2RA|CSF2RB|EGFR|ERBB3|FGA|FGB|FGF1|FGF16|FGF17|FGF18|FGF19|FGF2|FGF20|FGF22|FGF23|FGF3|FGF4|FGF5|FGF6|FGF7|FGF8|FGF9|FGG|HBEGF|IL2RG|IL5RA|ITGB3|LAT|NCAM1|NRG1|NRG2|NRG4|PPP2R1A|PPP2R1B
 REACT:R-HSA-179812	GRB2 events in EGFR signaling	0.000482497204018	0.0100897	BTC|CSF2RA|CSF2RB|EGFR|ERBB3|FGA|FGB|FGF1|FGF16|FGF17|FGF18|FGF19|FGF2|FGF20|FGF22|FGF23|FGF3|FGF4|FGF5|FGF6|FGF7|FGF8|FGF9|FGG|HBEGF|IL2RG|IL5RA|ITGB3|LAT|NCAM1|NRG1|NRG2|NRG4|PPP2R1A|PPP2R1B
 REACT:R-HSA-180336	SHC1 events in EGFR signaling	0.000482497204018	0.0100897	BTC|CSF2RA|CSF2RB|EGFR|ERBB3|FGA|FGB|FGF1|FGF16|FGF17|FGF18|FGF19|FGF2|FGF20|FGF22|FGF23|FGF3|FGF4|FGF5|FGF6|FGF7|FGF8|FGF9|FGG|HBEGF|IL2RG|IL5RA|ITGB3|LAT|NCAM1|NRG1|NRG2|NRG4|PPP2R1A|PPP2R1B
 REACT:R-HSA-5673001	RAF/MAP kinase cascade	0.000482497204018	0.0100897	BTC|CSF2RA|CSF2RB|EGFR|ERBB3|FGA|FGB|FGF1|FGF16|FGF17|FGF18|FGF19|FGF2|FGF20|FGF22|FGF23|FGF3|FGF4|FGF5|FGF6|FGF7|FGF8|FGF9|FGG|HBEGF|IL2RG|IL5RA|ITGB3|LAT|NCAM1|NRG1|NRG2|NRG4|PPP2R1A|PPP2R1B
 KEGG:hsa04380	Osteoclast differentiation	0.000494520685475	0.0102505	CSF1|FCGR2A|FCGR2B|FCGR2C|FCGR3A|FCGR3B|IFNAR2|IFNG|IL1A|IL1R1|ITGB3|JUNB|LILRA1|LILRA3|LILRA4|LILRA5|LILRB5|MITF|NFKB2|SPI1|TNFRSF11A|TNFRSF11B
 REACT:R-HSA-190370	FGFR1b ligand binding and activation	0.00052208701256	0.0107278	FGF1|FGF2|FGF22|FGF3
 REACT:R-HSA-1250342	PI3K events in ERBB4 signaling	0.000563476758713	0.0113803	BTC|HBEGF|NRG1|NRG2|NRG4
 REACT:R-HSA-190377	FGFR2b ligand binding and activation	0.000563476758713	0.0113803	FGF1|FGF2|FGF22|FGF3|FGF7
 KEGG:hsa04360	Axon guidance	0.000631152901245	0.0126391	ABLIM1|EFNA1|EFNA2|EFNA3|EFNA4|ITGB1|LRRC4|LRRC4C|NTN3|NTN4|NTNG1|PLXNA1|PLXNA2|ROBO1|ROBO2|SEMA3B|SEMA3C|SEMA3E|SEMA3F|SEMA3G|SLIT1|SLIT2|SLIT3|TRPC1|TRPC4|UNC5B|UNC5C
 REACT:R-HSA-170984	ARMS-mediated activation	0.000652503443387	0.0128489	BTC|CSF2RA|CSF2RB|EGFR|ERBB3|FGA|FGB|FGF1|FGF16|FGF17|FGF18|FGF19|FGF2|FGF20|FGF22|FGF23|FGF3|FGF4|FGF5|FGF6|FGF7|FGF8|FGF9|FGG|HBEGF|IL2RG|IL5RA|ITGB3|LAT|NCAM1|NRG1|NRG2|NRG4|PPP2R1A|PPP2R1B
 REACT:R-HSA-187706	Signalling to p38 via RIT and RIN	0.000652503443387	0.0128489	BTC|CSF2RA|CSF2RB|EGFR|ERBB3|FGA|FGB|FGF1|FGF16|FGF17|FGF18|FGF19|FGF2|FGF20|FGF22|FGF23|FGF3|FGF4|FGF5|FGF6|FGF7|FGF8|FGF9|FGG|HBEGF|IL2RG|IL5RA|ITGB3|LAT|NCAM1|NRG1|NRG2|NRG4|PPP2R1A|PPP2R1B
 REACT:R-HSA-3560782	Diseases associated with glycosaminoglycan metabolism	0.000661045276355	0.0129095	BGN|DCN|FMOD|KERA|LUM|OGN|OMD|PRELP
 KEGG:hsa04810	Regulation of actin cytoskeleton	0.000667591422807	0.0129305	ARHGEF7|BCAR1|CD14|EGFR|FGF1|FGF11|FGF12|FGF13|FGF14|FGF16|FGF17|FGF18|FGF19|FGF2|FGF20|FGF21|FGF22|FGF23|FGF3|FGF4|FGF5|FGF6|FGF7|FGF8|FGF9|ITGB1|ITGB2|ITGB3|ITGB5|ITGB6|ITGB7
 REACT:R-HSA-170968	Frs2-mediated activation	0.000702503185015	0.0134961	BTC|CSF2RA|CSF2RB|EGFR|ERBB3|FGA|FGB|FGF1|FGF16|FGF17|FGF18|FGF19|FGF2|FGF20|FGF22|FGF23|FGF3|FGF4|FGF5|FGF6|FGF7|FGF8|FGF9|FGG|HBEGF|IL2RG|IL5RA|ITGB3|LAT|NCAM1|NRG1|NRG2|NRG4|PPP2R1A|PPP2R1B
 REACT:R-HSA-140877	Formation of Fibrin Clot (Clotting Cascade)	0.000724500677422	0.0138064	F3|FGA|FGB|FGG|GP1BA|GP1BB|GP5|GP9|SERPINC1|SERPING1
 REACT:R-HSA-169893	Prolonged ERK activation events	0.00081273514043	0.0153639	BTC|CSF2RA|CSF2RB|EGFR|ERBB3|FGA|FGB|FGF1|FGF16|FGF17|FGF18|FGF19|FGF2|FGF20|FGF22|FGF23|FGF3|FGF4|FGF5|FGF6|FGF7|FGF8|FGF9|FGG|HBEGF|IL2RG|IL5RA|ITGB3|LAT|NCAM1|NRG1|NRG2|NRG4|PPP2R1A|PPP2R1B
 REACT:R-HSA-1980148	Signaling by NOTCH3	0.000965643161173	0.017967	APH1A|APH1B|DLL4|JAG2|PSEN2
 REACT:R-HSA-1980150	Signaling by NOTCH4	0.000965643161173	0.017967	APH1A|APH1B|DLL4|JAG2|PSEN2
 REACT:R-HSA-186763	Downstream signal transduction	0.000973938129258	0.0179798	BCAR1|BTC|CD19|CD28|CSF2RA|CSF2RB|EGFR|ERBB3|FGA|FGB|FGF1|FGF16|FGF17|FGF18|FGF19|FGF2|FGF20|FGF22|FGF23|FGF3|FGF4|FGF5|FGF6|FGF7|FGF8|FGF9|FGG|FOXO1|HBEGF|IL2RG|IL5RA|ITGB3|LAT|NCAM1|NRG1|NRG2|NRG4|PHLPP1|PHLPP2|PIK3AP1|PPP2R1A|PPP2R1B|STAT5A|STAT6|TNRC6A
 REACT:R-HSA-1963640	GRB2 events in ERBB2 signaling	0.000991082498926	0.0181545	BTC|EGFR|HBEGF|NRG1|NRG2|NRG4
 REACT:R-HSA-912526	Interleukin receptor SHC signaling	0.00100660930021	0.0182971	BTC|CSF2RA|CSF2RB|EGFR|ERBB3|FGA|FGB|FGF1|FGF16|FGF17|FGF18|FGF19|FGF2|FGF20|FGF22|FGF23|FGF3|FGF4|FGF5|FGF6|FGF7|FGF8|FGF9|FGG|HBEGF|IL2RG|IL5RA|ITGB3|LAT|NCAM1|NRG1|NRG2|NRG4|PPP2R1A|PPP2R1B
 KEGG:hsa05150	Staphylococcus aureus infection	0.00105985614928	0.0191179	FCAR|FCGR2A|FCGR2B|FCGR2C|FCGR3A|FCGR3B|FGG|ICAM1|ITGB2|MASP2|MBL2|SELP
 REACT:R-HSA-167044	Signalling to RAS	0.00107968559243	0.0192136	BTC|CSF2RA|CSF2RB|EGFR|ERBB3|FGA|FGB|FGF1|FGF16|FGF17|FGF18|FGF19|FGF2|FGF20|FGF22|FGF23|FGF3|FGF4|FGF5|FGF6|FGF7|FGF8|FGF9|FGG|HBEGF|IL2RG|IL5RA|ITGB3|LAT|NCAM1|NRG1|NRG2|NRG4|PPP2R1A|PPP2R1B
 REACT:R-HSA-3781865	Diseases of glycosylation	0.00108142668448	0.0192136	ADAMTS17|ADAMTSL2|ADAMTSL4|BGN|CFP|DCN|FMOD|KERA|LUM|MUC15|MUC7|OGN|OMD|PRELP|THSD1|THSD7B
 REACT:R-HSA-4411364	Binding of TCF/LEF:CTNNB1 to target gene promoters	0.00114148265814	0.0201293	LEF1|TCF7|TCF7L1|TCF7L2
 REACT:R-HSA-1250196	SHC1 events in ERBB2 signaling	0.00115414069015	0.0202017	BTC|EGFR|ERBB3|HBEGF|NRG1|NRG2|NRG4
 REACT:R-HSA-186797	Signaling by PDGF	0.00122724252088	0.0210781	BCAR1|BTC|CD19|CD28|CSF2RA|CSF2RB|EGFR|ERBB3|FGA|FGB|FGF1|FGF16|FGF17|FGF18|FGF19|FGF2|FGF20|FGF22|FGF23|FGF3|FGF4|FGF5|FGF6|FGF7|FGF8|FGF9|FGG|FOXO1|HBEGF|IL2RG|IL5RA|ITGB3|LAT|NCAM1|NRG1|NRG2|NRG4|PHLPP1|PHLPP2|PIK3AP1|PPP2R1A|PPP2R1B|STAT5A|STAT6|THBS3|THBS4|TNRC6A
 REACT:R-HSA-2424491	DAP12 signaling	0.00123051239437	0.0210781	BTC|CD19|CD28|CSF2RA|CSF2RB|EGFR|ERBB3|FGA|FGB|FGF1|FGF16|FGF17|FGF18|FGF19|FGF2|FGF20|FGF22|FGF23|FGF3|FGF4|FGF5|FGF6|FGF7|FGF8|FGF9|FGG|FOXO1|HBEGF|IL2RG|IL5RA|ITGB3|KLRC2|KLRC4-KLRK1|KLRD1|LAT|NCAM1|NRG1|NRG2|NRG4|PHLPP1|PHLPP2|PIK3AP1|PPP2R1A|PPP2R1B|TNRC6A
 KEGG:hsa04610	Complement and coagulation cascades	0.00123442454886	0.0210781	C8A|CD46|CD59|F3|FGA|FGB|FGG|ITGB2|MASP2|MBL2|PLAUR|SERPINB2|SERPINC1|SERPINF2|SERPING1
 REACT:R-HSA-5218921	VEGFR2 mediated cell proliferation	0.00123988824691	0.0210781	BTC|CSF2RA|CSF2RB|EGFR|ERBB3|FGA|FGB|FGF1|FGF16|FGF17|FGF18|FGF19|FGF2|FGF20|FGF22|FGF23|FGF3|FGF4|FGF5|FGF6|FGF7|FGF8|FGF9|FGG|HBEGF|IL2RG|IL5RA|ITGB3|LAT|NCAM1|NRG1|NRG2|NRG4|PPP2R1A|PPP2R1B
 REACT:R-HSA-372790	Signaling by GPCR	0.00128078529393	0.0216178	ADORA3|ANXA1|ARHGEF7|AVPR2|BTC|CGA|CSF2RA|CSF2RB|CX3CL1|EGFR|ERBB3|FGA|FGB|FGF1|FGF16|FGF17|FGF18|FGF19|FGF2|FGF20|FGF22|FGF23|FGF3|FGF4|FGF5|FGF6|FGF7|FGF8|FGF9|FGG|GAL|GIP|GNAS|GNRH2|GRP|HBEGF|HRH4|IL2RG|IL5RA|ITGB3|KALRN|LAT|MC1R|MC3R|MC4R|NCAM1|NRG1|NRG2|NRG4|OR10G4|OR10G8|OR10G9|OR10H1|OR10H3|OR10H4|OR10J1|OR10J3|OR10J5|OR11A1|OR11L1|OR12D3|OR14A16|OR14I1|OR1A1|OR1A2|OR1C1|OR1D2|OR1D5|OR1E1|OR1E2|OR1F1|OR1J1|OR1J4|OR1K1|OR1L4|OR1M1|OR1N1|OR1S2|OR2A14|OR2A2|OR2B6|OR2D3|OR2G3|OR2G6|OR2T10|OR2T12|OR2T2|OR2T33|OR2T35|OR2V2|OR2W3|OR3A3|OR4A16|OR4C12|OR4C3|OR4K15|OR4K2|OR4L1|OR4M1|OR4N5|OR4S1|OR4X2|OR52E2|OR52M1|OR52W1|OR56A3|OR5A2|OR5AK2|OR5AS1|OR5B12|OR5D13|OR5D14|OR5H6|OR5M9|OR5R1|OR6C4|OR6S1|OR6X1|OR7A10|OR7A5|OR7C2|OR7D2|OR8D1|OR8G1|OR9A2|OR9A4|PPP2R1A|PPP2R1B|PROK1|PROK2|PTGER1|PTGER3|REEP1|TBXA2R|TSHR|WNT2
 REACT:R-HSA-1433557	Signaling by SCF-KIT	0.00129933694522	0.0217754	BTC|CD19|CD28|CSF2RA|CSF2RB|EGFR|ERBB3|FGA|FGB|FGF1|FGF16|FGF17|FGF18|FGF19|FGF2|FGF20|FGF22|FGF23|FGF3|FGF4|FGF5|FGF6|FGF7|FGF8|FGF9|FGG|FOXO1|HBEGF|IL2RG|IL5RA|ITGB3|LAT|NCAM1|NRG1|NRG2|NRG4|PHLPP1|PHLPP2|PIK3AP1|PPP2R1A|PPP2R1B|STAT5A|TNRC6A
 REACT:R-HSA-373752	Netrin-1 signaling	0.00134848404054	0.0224399	ABLIM1|NTN4|ROBO1|SLIT1|SLIT2|SLIT3|TRPC1|TRPC4|UNC5B|UNC5C
 REACT:R-HSA-6794362	Protein-protein interactions at synapses	0.00139750283676	0.023093	BEGAIN|DLGAP4|GRIA4|LRFN1|LRFN2|LRFN3|LRFN4|LRRTM1|LRRTM2|LRRTM3|LRRTM4|NLGN4Y|NRXN1|NRXN3
 REACT:R-HSA-109582	Hemostasis	0.00145037481731	0.0235489	A1BG|AKAP1|BCAR1|BSG|CABLES2|CD2|CD44|CD47|CD58|CD84|CEACAM1|CEACAM8|CHID1|CLEC1B|CLEC3B|CSF2RA|CSF2RB|CXADR|ESAM|F3|FGA|FGB|FGG|GAS6|GATA2|GATA3|GATA6|GNAS|GP1BA|GP1BB|GP5|GP9|GYPB|IL2RG|IL5RA|ITGB1|ITGB2|ITGB3|JAM2|LAT|MAG|NFE2|OLR1|PCDH7|PDPN|PLAUR|PPP2R1A|PPP2R1B|PSG11|PSG2|PSG4|PSG5|PSG6|PSG8|SCG3|SELE|SELL|SELP|SERPINB2|SERPINB6|SERPINB8|SERPINC1|SERPINF2|SERPING1|SLC8A1|SLC8A2|SLC8A3|STIM1|TBXA2R|TNFRSF10D|VEGFC|ZFPM1
 REACT:R-HSA-375170	CDO in myogenesis	0.00146657363735	0.0235489	CDH15|CDH2|CDH4|MEF2A|MEF2C|NTN3|TCF12|TCF4
 REACT:R-HSA-525793	Myogenesis	0.00146657363735	0.0235489	CDH15|CDH2|CDH4|MEF2A|MEF2C|NTN3|TCF12|TCF4
 REACT:R-HSA-5621480	Dectin-2 family	0.00146657363735	0.0235489	CLEC10A|CLEC4A|CLEC4C|CLEC4D|CLEC4E|CLEC6A|MUC15|MUC7
 REACT:R-HSA-3000178	ECM proteoglycans	0.00147492119913	0.0235489	ASPN|BGN|COMP|DCN|FMOD|ITGB1|ITGB3|ITGB5|ITGB6|LUM|NCAM1|TNXB
 REACT:R-HSA-512988	"Interleukin-3 5 and GM-CSF signaling"	0.0015499226839	0.0245803	BTC|CSF2RA|CSF2RB|EGFR|ERBB3|FGA|FGB|FGF1|FGF16|FGF17|FGF18|FGF19|FGF2|FGF20|FGF22|FGF23|FGF3|FGF4|FGF5|FGF6|FGF7|FGF8|FGF9|FGG|HBEGF|IL2RG|IL5RA|ITGB3|LAT|NCAM1|NRG1|NRG2|NRG4|PPP2R1A|PPP2R1B|STAT5A
 KEGG:hsa04650	Natural killer cell mediated cytotoxicity	0.00164519320795	0.0259173	FAS|FCGR3A|FCGR3B|ICAM1|ICAM2|IFNAR2|IFNG|ITGB2|KIR2DL1|KIR2DL3|KIR2DL4|KIR2DS1|KIR2DS4|KIR2DS5|KIR3DL2|KLRC1|KLRC2|KLRC4-KLRK1|KLRD1|LAT|TNFRSF10D
 REACT:R-HSA-187687	Signalling to ERKs	0.00173422981326	0.027057	BTC|CSF2RA|CSF2RB|EGFR|ERBB3|FGA|FGB|FGF1|FGF16|FGF17|FGF18|FGF19|FGF2|FGF20|FGF22|FGF23|FGF3|FGF4|FGF5|FGF6|FGF7|FGF8|FGF9|FGG|HBEGF|IL2RG|IL5RA|ITGB3|LAT|NCAM1|NRG1|NRG2|NRG4|PPP2R1A|PPP2R1B
 REACT:R-HSA-1643685	Disease	0.00174044100382	0.027057	ABCC8|ADAMTS17|ADAMTSL2|ADAMTSL4|AP1M2|APH1A|APH1B|AVPR2|BGN|BTC|CAST|CD14|CD19|CD28|CD320|CD4|CFP|CSF2RA|CSF2RB|DCN|DKK1|DKK2|DLL4|EGFR|ERBB3|ERLEC1|FGA|FGB|FGF1|FGF16|FGF17|FGF18|FGF19|FGF2|FGF20|FGF22|FGF23|FGF3|FGF4|FGF5|FGF6|FGF7|FGF8|FGF9|FGG|FMOD|FOXO1|HBEGF|HDAC9|HEY1|ITGB3|JAG2|KERA|LUM|MAMLD1|MUC15|MUC7|NELFA|NFKB2|NRG1|NRG2|NRG4|NUP107|OGN|OMD|OS9|PIK3AP1|POM121|PPP2R1A|PPP2R1B|PRELP|PSEN2|RANGAP1|RBP1|RBP4|RLBP1|RPL10L|RPS20|RPS23|SFTPD|STAT5A|TAF4B|TAF6|TCF7L2|THSD1|THSD7B|TLR1|TLR10|TLR2|TLR3|TLR5|TLR6
 KEGG:hsa05152	Tuberculosis	0.00178042609635	0.0274977	ATP6V0A1|CD14|CEBPB|CLEC4E|CLEC4M|CLEC7A|FCGR2A|FCGR2B|FCGR2C|FCGR3A|FCGR3B|IFNG|IL10RA|IL10RB|IL12B|IL1A|ITGB2|LAMP1|LSP1|MRC1|PLA2R1|RFXAP|TLR1|TLR2|TLR6|VDR
 KEGG:hsa04659	Th17 cell differentiation	0.00182204725335	0.0279578	CD3D|CD3E|CD3G|CD4|GATA3|IFNG|IL12RB1|IL1R1|IL1RAP|IL22|IL27RA|IL2RG|IL6R|IL6ST|LAT|RUNX1|STAT5A|STAT6
 REACT:R-HSA-2122948	Activated NOTCH1 Transmits Signal to the Nucleus	0.00186263355688	0.0283961	APH1A|APH1B|DLK1|DLL4|DNER|JAG2|NUMB|PSEN2
 REACT:R-HSA-428542	Regulation of Commissural axon pathfinding by Slit and Robo	0.00188321943886	0.0285259	ROBO1|ROBO2|SLIT2
 KEGG:hsa05200	Pathways in cancer	0.00198141140953	0.0298221	AR|CSF2RA|EGFR|FAS|FGF1|FGF11|FGF12|FGF13|FGF14|FGF16|FGF17|FGF18|FGF19|FGF2|FGF20|FGF21|FGF22|FGF23|FGF3|FGF4|FGF5|FGF6|FGF7|FGF8|FGF9|FOXO1|GLI1|GNAS|HHIP|ITGB1|LAMB4|LAMC3|LEF1|MITF|NFKB2|PAX8|PTGER1|PTGER3|RUNX1|SKP2|SPI1|STAT5A|TCF7|TCF7L1|TCF7L2|TGFA|VEGFC|WNT2
 KEGG:hsa00511	Other glycan degradation	0.00200158353064	0.0299351	AGA|HEXA|HEXB|NEU1|NEU2|NEU3
 KEGG:hsa04014	Ras signaling pathway	0.0020645029531	0.0306819	CSF1|EFNA1|EFNA2|EFNA3|EFNA4|EGFR|FGF1|FGF11|FGF12|FGF13|FGF14|FGF16|FGF17|FGF18|FGF19|FGF2|FGF20|FGF21|FGF22|FGF23|FGF3|FGF4|FGF5|FGF6|FGF7|FGF8|FGF9|FLT1|LAT|SHOC2|VEGFC
 REACT:R-HSA-446210	Synthesis of UDP-N-acetyl-glucosamine	0.00213959697358	0.0315992	AMDHD2|NAGK|PGM3|RENBP
 REACT:R-HSA-1474244	Extracellular matrix organization	0.00230490416894	0.0338291	ASPN|BGN|BSG|CAST|CD44|CD47|CEACAM1|CEACAM8|COL8A2|COMP|DCN|EFEMP1|FGA|FGB|FGF2|FGG|FMOD|ICAM1|ICAM2|ICAM3|ICAM4|ITGB1|ITGB2|ITGB3|ITGB5|ITGB6|ITGB7|JAM2|LAMC3|LTBP1|LTBP3|LUM|NCAM1|NRXN1|NTN4|OPTC|PCOLCE|TNXB
 REACT:R-HSA-2892247	"POU5F1 (OCT4) SOX2 NANOG activate genes related to proliferation"	0.00235149750611	0.0338816	DPPA4|FGF2|SALL1|SOX2|TDGF1
 REACT:R-HSA-75205	Dissolution of Fibrin Clot	0.00235149750611	0.0338816	PLAUR|SERPINB2|SERPINB6|SERPINB8|SERPINF2
 REACT:R-HSA-75892	Platelet Adhesion to exposed collagen	0.00235149750611	0.0338816	GP1BA|GP1BB|GP5|GP9|ITGB1
 REACT:R-HSA-76009	Platelet Aggregation (Plug Formation)	0.00241704529098	0.034615	BCAR1|FGA|FGB|FGG|GP1BA|GP1BB|GP5|GP9|ITGB3
 REACT:R-HSA-8853659	RET signaling	0.00270874051918	0.0383732	BTC|CSF2RA|CSF2RB|EGFR|ERBB3|FGA|FGB|FGF1|FGF16|FGF17|FGF18|FGF19|FGF2|FGF20|FGF22|FGF23|FGF3|FGF4|FGF5|FGF6|FGF7|FGF8|FGF9|FGG|HBEGF|IL2RG|IL5RA|ITGB3|LAT|NCAM1|NRG1|NRG2|NRG4|PPP2R1A|PPP2R1B
 KEGG:hsa04612	Antigen processing and presentation	0.00271194655828	0.0383732	CD4|IFNG|KIR2DL1|KIR2DL3|KIR2DL4|KIR2DS1|KIR2DS4|KIR2DS5|KIR3DL2|KIR3DL3|KLRC1|KLRC2|KLRD1|RFXAP
 REACT:R-HSA-2871796	FCERI mediated MAPK activation	0.00288059911183	0.040517	BTC|CSF2RA|CSF2RB|EGFR|ERBB3|FGA|FGB|FGF1|FGF16|FGF17|FGF18|FGF19|FGF2|FGF20|FGF22|FGF23|FGF3|FGF4|FGF5|FGF6|FGF7|FGF8|FGF9|FGG|HBEGF|IL2RG|IL5RA|ITGB3|LAT|NCAM1|NRG1|NRG2|NRG4|PPP2R1A|PPP2R1B
 REACT:R-HSA-6805567	Keratinization	0.00317166828336	0.0443471	CDSN|DSC2|IVL|KRT14|KRT7|KRT82|KRTAP10-1|KRTAP10-12|KRTAP10-2|KRTAP10-3|KRTAP1-1|KRTAP1-3|KRTAP13-2|KRTAP13-4|KRTAP1-5|KRTAP19-5|KRTAP2-1|KRTAP2-4|KRTAP24-1|KRTAP26-1|KRTAP27-1|KRTAP3-3|KRTAP4-1|KRTAP4-3|KRTAP4-6|KRTAP4-7|LCE2B|SPINK9|SPRR3
 REACT:R-HSA-177929	Signaling by EGFR	0.00330488486293	0.0459379	ARHGEF7|BTC|CD19|CD28|CSF2RA|CSF2RB|EGFR|ERBB3|FGA|FGB|FGF1|FGF16|FGF17|FGF18|FGF19|FGF2|FGF20|FGF22|FGF23|FGF3|FGF4|FGF5|FGF6|FGF7|FGF8|FGF9|FGG|FOXO1|HBEGF|IL2RG|IL5RA|ITGB3|LAT|LRIG1|NCAM1|NRG1|NRG2|NRG4|PHLPP1|PHLPP2|PIK3AP1|PPP2R1A|PPP2R1B|TNRC6A
 REACT:R-HSA-1250347	SHC1 events in ERBB4 signaling	0.00342077049036	0.0472706	BTC|HBEGF|NRG1|NRG2|NRG4
 REACT:R-HSA-112399	IRS-mediated signalling	0.00346578158154	0.0476142	BTC|CSF2RA|CSF2RB|EGFR|ERBB3|FGA|FGB|FGF1|FGF16|FGF17|FGF18|FGF19|FGF2|FGF20|FGF22|FGF23|FGF3|FGF4|FGF5|FGF6|FGF7|FGF8|FGF9|FGG|HBEGF|IL2RG|IL5RA|ITGB3|LAMTOR1|LAT|NCAM1|NRG1|NRG2|NRG4|PPP2R1A|PPP2R1B|PRKAB1
