 REACT:R-HSA-2453902	The canonical retinoid cycle in rods (twilight vision)	6.81565914817e-13	1.61054e-09	LRAT|RBP3|RDH11|RDH12|RDH8|RLBP1
 REACT:R-HSA-383280	Nuclear Receptor transcription pathway	7.88301923738e-09	9.31379e-06	NR0B1|NR1I2|NR3C2|NR4A3|PGR|VDR
 REACT:R-HSA-2187338	Visual phototransduction	4.99257889031e-07	0.000393249	LRAT|RBP3|RDH11|RDH12|RDH8|RLBP1
 KEGG:hsa_M00415	"Fatty acid biosynthesis elongation endoplasmic reticulum"	7.07147805823e-06	0.00334198	ELOVL1|ELOVL3|ELOVL7
 REACT:R-HSA-425561	Sodium/Calcium exchangers	7.07147805823e-06	0.00334198	SLC8A1|SLC8A2|SLC8A3
 REACT:R-HSA-418359	Reduction of cytosolic Ca++ levels	8.98140207861e-06	0.00353718	SLC8A1|SLC8A2|SLC8A3
 KEGG:hsa00830	Retinol metabolism	4.1425804348e-05	0.0126689	LRAT|RDH11|RDH12|RDH8
 REACT:R-HSA-5365859	RA biosynthesis pathway	4.28909066479e-05	0.0126689	RDH11|RDH13|RDH14
 KEGG:hsa_M00154	Cytochrome c oxidase	4.89168271085e-05	0.0128434	COX7A1|COX7A2|COX7A2L
 KEGG:hsa00062	Fatty acid elongation	5.54723111237e-05	0.0131081	ELOVL1|ELOVL3|ELOVL7
 REACT:R-HSA-75876	Synthesis of very long-chain fatty acyl-CoAs	7.85226324874e-05	0.0167149	ELOVL1|ELOVL3|ELOVL7
 KEGG:hsa04260	Cardiac muscle contraction	8.48831863224e-05	0.0167149	COX7A1|COX7A2|COX7A2L|SLC8A1
 REACT:R-HSA-418360	Platelet calcium homeostasis	0.000107073904761	0.0194627	SLC8A1|SLC8A2|SLC8A3
 REACT:R-HSA-2187335	The retinoid cycle in cones (daylight vision)	0.000131934314318	0.0222686	RBP3|RLBP1
 REACT:R-HSA-5362517	Signaling by Retinoic Acid	0.000286762536628	0.0451747	RDH11|RDH13|RDH14
