 REACT:R-HSA-1445148	Translocation of GLUT4 to the plasma membrane	4.03751254652e-09	9.54064e-06	MYH13|MYH15|MYH2|MYH3|MYH8|MYO1C|MYO5A
 KEGG:hsa04530	Tight junction	2.95317976629e-07	0.000348918	MYH11|MYH13|MYH14|MYH15|MYH2|MYH3|MYH8|MYH9
 REACT:R-HSA-397014	Muscle contraction	1.41365692794e-05	0.00769608	ANXA1|MYH11|MYH3|MYH8|SLC8A1|SLC8A2|SLC8A3
 KEGG:hsa_M00415	"Fatty acid biosynthesis elongation endoplasmic reticulum"	1.62845588279e-05	0.00769608	ELOVL1|ELOVL3|ELOVL7
 REACT:R-HSA-425561	Sodium/Calcium exchangers	1.62845588279e-05	0.00769608	SLC8A1|SLC8A2|SLC8A3
 REACT:R-HSA-418359	Reduction of cytosolic Ca++ levels	2.06681550123e-05	0.00813981	SLC8A1|SLC8A2|SLC8A3
 REACT:R-HSA-373076	Class A/1 (Rhodopsin-like receptors)	3.3846879395e-05	0.00904787	AGTR1|ANXA1|AVPR2|GPR132|GRP|HRH4|MC1R|TSHR
 REACT:R-HSA-2682334	EPH-Ephrin signaling	3.4999040933e-05	0.00904787	APH1A|APH1B|MYH11|MYH14|MYH9
 REACT:R-HSA-5625900	RHO GTPases activate CIT	3.82897724066e-05	0.00904787	MYH11|MYH14|MYH9
 REACT:R-HSA-5627117	RHO GTPases Activate ROCKs	3.82897724066e-05	0.00904787	MYH11|MYH14|MYH9
 REACT:R-HSA-383280	Nuclear Receptor transcription pathway	4.73834668608e-05	0.0101788	AR|NR3C1|NR3C2|NR4A3
 REACT:R-HSA-5627123	RHO GTPases activate PAKs	9.80714302978e-05	0.0164012	MYH11|MYH14|MYH9
 KEGG:hsa04080	Neuroactive ligand-receptor interaction	9.95805681898e-05	0.0164012	AGTR1|AVPR2|HRH4|MC1R|NR3C1|PRLR|TSHR
 REACT:R-HSA-388396	GPCR downstream signaling	0.000109853349095	0.0164012	AGTR1|ANXA1|AVPR2|CSF2RA|GPR132|GRP|HRH4|MC1R|OR10H5|OR2V2|OR51A4|OR5AK2|TSHR
 REACT:R-HSA-416572	Sema4D induced cell migration and growth-cone collapse	0.000111770398502	0.0164012	MYH11|MYH14|MYH9
 REACT:R-HSA-199991	Membrane Trafficking	0.000115117501187	0.0164012	AGTR1|AVPR2|MYH13|MYH15|MYH2|MYH3|MYH8|MYO1C|MYO5A|MYO6
 REACT:R-HSA-162582	Signal Transduction	0.000117994499298	0.0164012	AGTR1|ANXA1|APH1A|APH1B|AR|AVPR2|CSF2RA|GPR132|GRP|HRH4|MC1R|MYH11|MYH14|MYH9|MYO7A|NR3C1|NUP107|OR10H5|OR2V2|OR51A4|OR5AK2|TSHR
 KEGG:hsa00062	Fatty acid elongation	0.000126659102506	0.0166275	ELOVL1|ELOVL3|ELOVL7
 REACT:R-HSA-400685	Sema4D in semaphorin signaling	0.000160184149749	0.0194408	MYH11|MYH14|MYH9
 REACT:R-HSA-2029482	Regulation of actin dynamics for phagocytic cup formation	0.000164543769359	0.0194408	MYH2|MYH9|MYO1C|MYO5A
 REACT:R-HSA-75876	Synthesis of very long-chain fatty acyl-CoAs	0.000178908275322	0.0201314	ELOVL1|ELOVL3|ELOVL7
 REACT:R-HSA-5653656	Vesicle-mediated transport	0.000208562164699	0.0224015	AGTR1|AVPR2|MYH13|MYH15|MYH2|MYH3|MYH8|MYO1C|MYO5A|MYO6
 REACT:R-HSA-418360	Platelet calcium homeostasis	0.000243441974291	0.025011	SLC8A1|SLC8A2|SLC8A3
 REACT:R-HSA-3928663	EPHA-mediated growth cone collapse	0.000321394173888	0.0316439	MYH11|MYH14|MYH9
 REACT:R-HSA-500792	GPCR ligand binding	0.000366825040601	0.0346723	AGTR1|ANXA1|AVPR2|GPR132|GRP|HRH4|MC1R|TSHR
 REACT:R-HSA-5625740	RHO GTPases activate PKNs	0.000490241662846	0.0445554	AR|MYH11|MYH14|MYH9
 REACT:R-HSA-2029480	Fcgamma receptor (FCGR) dependent phagocytosis	0.000531455589969	0.0465122	MYH2|MYH9|MYO1C|MYO5A
