 KEGG:hsa04740	Olfactory transduction	0.0	0	OR10G3|OR10G4|OR10G7|OR10G8|OR10H1|OR10H3|OR10H4|OR10H5|OR10J1|OR10J5|OR10S1|OR11A1|OR11L1|OR12D3|OR14A16|OR14I1|OR1A2|OR1C1|OR1D2|OR1D5|OR1E1|OR1E2|OR1F1|OR1J1|OR1J4|OR1K1|OR1L1|OR1L4|OR1M1|OR1N1|OR1S2|OR2A12|OR2A2|OR2D3|OR2G6|OR2S2|OR2T10|OR2T2|OR2V2|OR3A3|OR4A16|OR4C12|OR4C3|OR4D10|OR4K15|OR4K2|OR4L1|OR4N5|OR4S1|OR52M1|OR52W1|OR56A3|OR5AK2|OR5AP2|OR5AS1|OR5B12|OR5D13|OR5D14|OR5H6|OR5I1|OR5M9|OR5R1|OR6C3|OR6C6|OR6C70|OR6V1|OR7A10|OR7A5|OR7C1|OR7C2|OR7D2|OR8D1|OR8H3|OR9A2|OR9A4|SLC8A1|SLC8A2|SLC8A3
 REACT:R-HSA-372790	Signaling by GPCR	0.0	0	ADORA3|ANXA1|AVPR2|CCR2|CSF2RA|CX3CR1|GPR31|GRP|HRH4|ITGB3|KALRN|MC1R|MC3R|MC4R|OR10G3|OR10G4|OR10G7|OR10G8|OR10H1|OR10H3|OR10H4|OR10H5|OR10J1|OR10J5|OR10S1|OR11A1|OR11L1|OR12D3|OR14A16|OR14I1|OR1A2|OR1C1|OR1D2|OR1D5|OR1E1|OR1E2|OR1F1|OR1J1|OR1J4|OR1K1|OR1L1|OR1L4|OR1M1|OR1N1|OR1S2|OR2A12|OR2A2|OR2D3|OR2G6|OR2S2|OR2T10|OR2T2|OR2T35|OR2V2|OR3A3|OR4A16|OR4C12|OR4C3|OR4D10|OR4K15|OR4K2|OR4L1|OR4N5|OR4S1|OR52M1|OR52W1|OR56A3|OR5AK2|OR5AP2|OR5AS1|OR5B12|OR5D13|OR5D14|OR5H6|OR5I1|OR5M9|OR5R1|OR6C3|OR6C6|OR6C70|OR6V1|OR7A10|OR7A5|OR7C1|OR7C2|OR7D2|OR8D1|OR8H3|OR9A2|OR9A4|PPP2R1A|PPP2R1B|PTGER1|PTGER3|TBXA2R
 REACT:R-HSA-388396	GPCR downstream signaling	0.0	0	ADORA3|ANXA1|AVPR2|CCR2|CSF2RA|GRP|HRH4|KALRN|MC1R|MC3R|MC4R|OR10G3|OR10G4|OR10G7|OR10G8|OR10H1|OR10H3|OR10H4|OR10H5|OR10J1|OR10J5|OR10S1|OR11A1|OR11L1|OR12D3|OR14A16|OR14I1|OR1A2|OR1C1|OR1D2|OR1D5|OR1E1|OR1E2|OR1F1|OR1J1|OR1J4|OR1K1|OR1L1|OR1L4|OR1M1|OR1N1|OR1S2|OR2A12|OR2A2|OR2D3|OR2G6|OR2S2|OR2T10|OR2T2|OR2T35|OR2V2|OR3A3|OR4A16|OR4C12|OR4C3|OR4D10|OR4K15|OR4K2|OR4L1|OR4N5|OR4S1|OR52M1|OR52W1|OR56A3|OR5AK2|OR5AP2|OR5AS1|OR5B12|OR5D13|OR5D14|OR5H6|OR5I1|OR5M9|OR5R1|OR6C3|OR6C6|OR6C70|OR6V1|OR7A10|OR7A5|OR7C1|OR7C2|OR7D2|OR8D1|OR8H3|OR9A2|OR9A4|PTGER1|PTGER3|TBXA2R
 REACT:R-HSA-162582	Signal Transduction	2.86215495748e-12	1.69082e-09	ADORA3|ANXA1|APH1A|APH1B|AR|AVPR2|CCR2|CSF2RA|CX3CR1|GPR31|GRP|HRH4|ITGB1|ITGB3|KALRN|LRAT|MC1R|MC3R|MC4R|NR3C1|NUP107|OR10G3|OR10G4|OR10G7|OR10G8|OR10H1|OR10H3|OR10H4|OR10H5|OR10J1|OR10J5|OR10S1|OR11A1|OR11L1|OR12D3|OR14A16|OR14I1|OR1A2|OR1C1|OR1D2|OR1D5|OR1E1|OR1E2|OR1F1|OR1J1|OR1J4|OR1K1|OR1L1|OR1L4|OR1M1|OR1N1|OR1S2|OR2A12|OR2A2|OR2D3|OR2G6|OR2S2|OR2T10|OR2T2|OR2T35|OR2V2|OR3A3|OR4A16|OR4C12|OR4C3|OR4D10|OR4K15|OR4K2|OR4L1|OR4N5|OR4S1|OR52M1|OR52W1|OR56A3|OR5AK2|OR5AP2|OR5AS1|OR5B12|OR5D13|OR5D14|OR5H6|OR5I1|OR5M9|OR5R1|OR6C3|OR6C6|OR6C70|OR6V1|OR7A10|OR7A5|OR7C1|OR7C2|OR7D2|OR8D1|OR8H3|OR9A2|OR9A4|PGR|PPP2R1A|PPP2R1B|PTGER1|PTGER3|RBP3|RBP4|RDH11|RDH12|RDH13|RDH14|RDH8|RLBP1|TBXA2R
 REACT:R-HSA-381753	Olfactory Signaling Pathway	6.50635101351e-12	3.0749e-09	OR10G3|OR10G4|OR10G7|OR10G8|OR10H1|OR10H3|OR10H4|OR10H5|OR10J1|OR10J5|OR10S1|OR11A1|OR11L1|OR12D3|OR14A16|OR14I1|OR1A2|OR1C1|OR1D2|OR1D5|OR1E1|OR1E2|OR1F1|OR1J1|OR1J4|OR1K1|OR1L1|OR1L4|OR1M1|OR1N1|OR1S2|OR2A12|OR2A2|OR2D3|OR2G6|OR2S2|OR2T10|OR2T2|OR2T35|OR2V2|OR3A3|OR4A16|OR4C12|OR4C3|OR4D10|OR4K15|OR4K2|OR4L1|OR4N5|OR4S1|OR52M1|OR52W1|OR56A3|OR5AK2|OR5AP2|OR5AS1|OR5B12|OR5D13|OR5D14|OR5H6|OR5I1|OR5M9|OR5R1|OR6C3|OR6C6|OR6C70|OR6V1|OR7A10|OR7A5|OR7C1|OR7C2|OR7D2|OR8D1|OR8H3|OR9A2|OR9A4
 KEGG:hsa_M00415	"Fatty acid biosynthesis elongation endoplasmic reticulum"	1.7111874473e-08	6.73923e-06	ELOVL1|ELOVL3|ELOVL4|ELOVL5|ELOVL7|TECR
 REACT:R-HSA-2453902	The canonical retinoid cycle in rods (twilight vision)	3.17557792284e-08	1.07198e-05	LRAT|RBP3|RBP4|RDH11|RDH12|RDH8|RLBP1
 REACT:R-HSA-383280	Nuclear Receptor transcription pathway	5.86743914566e-08	1.73309e-05	AR|NR0B1|NR1I2|NR1I3|NR3C1|NR3C2|NR4A3|PGR|VDR
 REACT:R-HSA-75876	Synthesis of very long-chain fatty acyl-CoAs	1.43961868426e-07	3.7798e-05	ELOVL1|ELOVL3|ELOVL4|ELOVL5|ELOVL7|TECR|TECRL
 KEGG:hsa00062	Fatty acid elongation	1.51938195925e-06	0.00035903	ELOVL1|ELOVL3|ELOVL4|ELOVL5|ELOVL7|TECR
 REACT:R-HSA-75105	Fatty Acyl-CoA Biosynthesis	1.54706744614e-05	0.00332338	ELOVL1|ELOVL3|ELOVL4|ELOVL5|ELOVL7|TECR|TECRL
 REACT:R-HSA-75109	Triglyceride Biosynthesis	0.000215789691622	0.0424926	ELOVL1|ELOVL3|ELOVL4|ELOVL5|ELOVL7|TECR|TECRL
 REACT:R-HSA-391908	Prostanoid ligand receptors	0.000265993899045	0.0483495	PTGER1|PTGER3|TBXA2R
