 KEGG:hsa04060	Cytokine-cytokine receptor interaction	0.0	0	CD27|CD40|CRLF2|CSF1|CSF2RA|CSF2RB|CX3CL1|EDA2R|EGFR|FAS|FLT1|IFNA1|IFNA10|IFNA13|IFNA14|IFNA16|IFNA17|IFNA2|IFNA21|IFNA4|IFNA5|IFNA6|IFNA7|IFNA8|IFNAR2|IFNB1|IFNE|IFNG|IFNLR1|IFNW1|IL10RA|IL10RB|IL12B|IL12RB1|IL13RA1|IL17B|IL19|IL1A|IL1B|IL1R1|IL1R2|IL1RAP|IL20|IL20RB|IL22|IL22RA1|IL22RA2|IL24|IL2RB|IL2RG|IL5RA|IL6R|IL6ST|LTBR|OSMR|RELT|TNFRSF10D|TNFRSF11A|TNFRSF11B|TNFRSF14|TNFRSF18|TNFRSF1B|TNFRSF25|TNFRSF4|TNFRSF6B|VEGFA|VEGFC
 KEGG:hsa04151	PI3K-Akt signaling pathway	0.0	0	CD19|CHAD|COMP|CREB3L3|CREB5|CSF1|EFNA1|EFNA2|EFNA3|EFNA4|EGFR|FGF1|FGF10|FGF11|FGF12|FGF13|FGF14|FGF16|FGF17|FGF18|FGF19|FGF2|FGF20|FGF21|FGF22|FGF23|FGF3|FGF4|FGF5|FGF6|FGF7|FGF8|FGF9|FLT1|IFNA1|IFNA10|IFNA13|IFNA14|IFNA16|IFNA17|IFNA2|IFNA21|IFNA4|IFNA5|IFNA6|IFNA7|IFNA8|IFNAR2|IFNB1|IL2RB|IL2RG|IL6R|LAMB4|LAMC3|OSMR|PHLPP1|PHLPP2|PIK3AP1|THBS1|THBS2|THBS3|THBS4|TLR2|TNXB|VEGFA|VEGFC
 KEGG:hsa04630	Jak-STAT signaling pathway	0.0	0	CRLF2|CSF2RA|CSF2RB|IFNA1|IFNA10|IFNA13|IFNA14|IFNA16|IFNA17|IFNA2|IFNA21|IFNA4|IFNA5|IFNA6|IFNA7|IFNA8|IFNAR2|IFNB1|IFNE|IFNG|IFNLR1|IFNW1|IL10RA|IL10RB|IL12B|IL12RB1|IL13RA1|IL13RA2|IL19|IL20|IL20RB|IL22|IL22RA1|IL22RA2|IL24|IL27RA|IL2RB|IL2RG|IL5RA|IL6R|IL6ST|OSMR|STAT5A|STAT6
 REACT:R-HSA-1280215	Cytokine Signaling in Immune system	0.0	0	BCL6|BTC|CD27|CD4|CD40|CD44|CIITA|CRLF1|CSF1|CSF2RA|CSF2RB|EBI3|EDA2R|EGFR|FCGR1B|FGA|FGB|FGF1|FGF10|FGF16|FGF17|FGF18|FGF19|FGF2|FGF20|FGF22|FGF23|FGF3|FGF4|FGF5|FGF6|FGF7|FGF8|FGF9|FGG|FOXO1|GAB2|GATA3|HBEGF|ICAM1|IFNA1|IFNA10|IFNA13|IFNA14|IFNA16|IFNA17|IFNA2|IFNA21|IFNA4|IFNA5|IFNA6|IFNA7|IFNA8|IFNAR2|IFNB1|IFNG|IFNLR1|IL10RA|IL10RB|IL12B|IL12RB1|IL13RA1|IL13RA2|IL19|IL1A|IL1B|IL1R1|IL1R2|IL1RAP|IL1RL1|IL1RN|IL20|IL20RB|IL22|IL22RA1|IL22RA2|IL24|IL27RA|IL2RB|IL2RG|IL34|IL36A|IL36B|IL5RA|IL6R|IL6ST|JUNB|LAT|LGALS9|LTBR|NCAM1|NFKB2|NRG1|NRG2|NRG4|OSMR|PELI3|POM121|SOX2|STAT5A|STAT6|TNFRSF11A|TNFRSF11B|TNFRSF14|TNFRSF18|TNFRSF1B|TNFRSF25|TNFRSF4|TNFRSF6B|TNIP2|TRIM14|TRIM17|USP18|VEGFA
 REACT:R-HSA-168249	Innate Immune System	0.0	0	A1BG|AGER|AGL|ARSA|ATP6V0A1|ATP6V1E2|BTC|C1R|C8A|CD14|CD180|CD19|CD28|CD3G|CD4|CD44|CD46|CD47|CD58|CD59|CD68|CEACAM1|CEACAM8|CFP|CHI3L1|CLEC10A|CLEC12A|CLEC4A|CLEC4C|CLEC4D|CLEC4E|CLEC5A|CLEC6A|CLEC7A|COLEC11|CRP|CSF2RA|CSF2RB|CSNK2B|DEFB112|DEFB119|DEGS1|DSN1|EGFR|FAF2|FCAR|FCER1A|FCGR2A|FCGR2C|FCGR3A|FCGR3B|FCN3|FGA|FGB|FGF1|FGF10|FGF16|FGF17|FGF18|FGF19|FGF2|FGF20|FGF22|FGF23|FGF3|FGF4|FGF5|FGF6|FGF7|FGF8|FGF9|FGG|FOXO1|GAA|GAB2|GLA|GUSB|GYG1|HBEGF|HEXB|ICAM2|ICAM3|ICOS|IFNA1|IFNA10|IFNA13|IFNA14|IFNA16|IFNA17|IFNA2|IFNA21|IFNA4|IFNA5|IFNA6|IFNA7|IFNA8|IFNB1|IL1B|IL2RB|IL2RG|IL5RA|ITLN1|KIR2DS4|KIR2DS5|KIR3DS1|KLRC2|KLRC4-KLRK1|KLRD1|LAMP1|LAMTOR1|LAT|LGALS3|LILRA3|LRG1|MASP2|MBL2|MEF2A|MEF2C|MEFV|MGAM|MUC15|MUC7|MYH2|MYH9|MYO1C|MYO5A|NCAM1|NEU1|NFAM1|NFASC|NFKB2|NLRC3|NLRP1|NLRP4|NRG1|NRG2|NRG4|OLR1|PELI3|PGLYRP1|PGLYRP2|PGLYRP3|PGLYRP4|PGM1|PHLPP1|PHLPP2|PIK3AP1|PLAUR|POLR3H|PRG2|PRG3|PTX3|REG3A|REG3G|RNF135|RNF216|SELL|SEMG1|SERPINB6|SIGLEC14|SIGLEC15|SIGLEC5|SIGLEC9|SLC2A3|SLC2A5|SLPI|STAT6|STBD1|STK11IP|TLR1|TLR10|TLR2|TLR3|TLR5|TLR6|TNFRSF1B|TNIP2|TNRC6A|VAPA|WIPF1
 REACT:R-HSA-168256	Immune System	0.0	0	A1BG|AGER|AGL|ANAPC10|AP1M2|ARSA|ATP6V0A1|ATP6V1E2|BCL6|BTC|BTLA|BTNL8|C1R|C8A|CALR|CANX|CD14|CD160|CD180|CD19|CD1B|CD1C|CD1D|CD207|CD22|CD27|CD28|CD3D|CD3G|CD4|CD40|CD44|CD46|CD47|CD58|CD59|CD68|CEACAM1|CEACAM8|CFP|CHI3L1|CIITA|CLEC10A|CLEC12A|CLEC2B|CLEC2D|CLEC4A|CLEC4C|CLEC4D|CLEC4E|CLEC5A|CLEC6A|CLEC7A|COLEC11|CRLF1|CRP|CSF1|CSF2RA|CSF2RB|CSNK2B|CXADR|DCTN4|DEFB112|DEFB119|DEGS1|DSN1|EBI3|EDA2R|EGFR|FAF2|FBXL12|FBXL13|FBXL14|FBXL15|FBXL19|FBXL4|FBXL5|FBXL7|FBXO17|FBXO44|FBXO6|FCAR|FCER1A|FCGR1B|FCGR2A|FCGR2B|FCGR2C|FCGR3A|FCGR3B|FCN3|FGA|FGB|FGF1|FGF10|FGF16|FGF17|FGF18|FGF19|FGF2|FGF20|FGF22|FGF23|FGF3|FGF4|FGF5|FGF6|FGF7|FGF8|FGF9|FGG|FOXO1|GAA|GAB2|GATA3|GLA|GUSB|GYG1|HBEGF|HERC6|HEXB|ICAM1|ICAM2|ICAM3|ICAM4|ICOS|IFNA1|IFNA10|IFNA13|IFNA14|IFNA16|IFNA17|IFNA2|IFNA21|IFNA4|IFNA5|IFNA6|IFNA7|IFNA8|IFNAR2|IFNB1|IFNG|IFNLR1|IL10RA|IL10RB|IL12B|IL12RB1|IL13RA1|IL13RA2|IL19|IL1A|IL1B|IL1R1|IL1R2|IL1RAP|IL1RL1|IL1RN|IL20|IL20RB|IL22|IL22RA1|IL22RA2|IL24|IL27RA|IL2RB|IL2RG|IL34|IL36A|IL36B|IL5RA|IL6R|IL6ST|ITLN1|JUNB|KIR2DL1|KIR2DL3|KIR2DL4|KIR2DS1|KIR2DS4|KIR2DS5|KIR3DL2|KIR3DS1|KLRB1|KLRC1|KLRC2|KLRC4-KLRK1|KLRD1|KLRF1|KLRG1|LAIR2|LAMP1|LAMTOR1|LAT|LGALS3|LGALS9|LILRA1|LILRA3|LILRA4|LILRA5|LILRB5|LRG1|LTBR|MASP2|MBL2|MEF2A|MEF2C|MEFV|MGAM|MGRN1|MRC1|MUC15|MUC7|MYH2|MYH9|MYO1C|MYO5A|NCAM1|NEU1|NFAM1|NFASC|NFKB2|NLRC3|NLRP1|NLRP4|NRG1|NRG2|NRG4|OLR1|OSMR|PDCD1LG2|PELI3|PGLYRP1|PGLYRP2|PGLYRP3|PGLYRP4|PGM1|PHLPP1|PHLPP2|PIK3AP1|PLAUR|POLR3H|POM121|PRG2|PRG3|PTX3|REG3A|REG3G|RNF135|RNF216|SELL|SEMG1|SERPINB6|SIGLEC1|SIGLEC10|SIGLEC11|SIGLEC12|SIGLEC14|SIGLEC15|SIGLEC5|SIGLEC6|SIGLEC7|SIGLEC8|SIGLEC9|SKP2|SLAMF6|SLC2A3|SLC2A5|SLPI|SOX2|SPSB4|STAT5A|STAT6|STBD1|STIM1|STK11IP|TLR1|TLR10|TLR2|TLR3|TLR5|TLR6|TNFRSF11A|TNFRSF11B|TNFRSF14|TNFRSF18|TNFRSF1B|TNFRSF25|TNFRSF4|TNFRSF6B|TNIP2|TNRC6A|TRIM14|TRIM17|TRPC1|USP18|VAPA|VEGFA|WIPF1
 REACT:R-HSA-1839130	Signaling by activated point mutants of FGFR3	0.0	0	FGF1|FGF16|FGF17|FGF18|FGF2|FGF20|FGF23|FGF4|FGF5|FGF8|FGF9
 REACT:R-HSA-190241	FGFR2 ligand binding and activation	0.0	0	FGF1|FGF10|FGF16|FGF17|FGF18|FGF2|FGF20|FGF22|FGF23|FGF3|FGF4|FGF5|FGF6|FGF7|FGF8|FGF9
 REACT:R-HSA-190242	FGFR1 ligand binding and activation	0.0	0	FGF1|FGF10|FGF17|FGF2|FGF20|FGF22|FGF23|FGF3|FGF4|FGF5|FGF6|FGF8|FGF9
 REACT:R-HSA-190322	FGFR4 ligand binding and activation	0.0	0	FGF1|FGF16|FGF17|FGF18|FGF19|FGF2|FGF20|FGF23|FGF4|FGF6|FGF8|FGF9
 REACT:R-HSA-190375	FGFR2c ligand binding and activation	0.0	0	FGF1|FGF16|FGF17|FGF18|FGF2|FGF20|FGF23|FGF4|FGF5|FGF6|FGF8|FGF9
 REACT:R-HSA-198933	Immunoregulatory interactions between a Lymphoid and a non-Lymphoid cell	0.0	0	CD160|CD19|CD1B|CD1C|CD1D|CD22|CD3D|CD3G|CD40|CLEC2B|CLEC2D|CXADR|FCGR2B|FCGR3A|ICAM1|ICAM2|ICAM3|ICAM4|KIR2DL1|KIR2DL3|KIR2DL4|KIR2DS1|KIR3DL2|KIR3DS1|KLRB1|KLRC1|KLRC4-KLRK1|KLRD1|KLRF1|KLRG1|LAIR2|LILRA1|LILRA3|LILRA4|LILRA5|LILRB5|SELL|SIGLEC1|SIGLEC10|SIGLEC11|SIGLEC12|SIGLEC5|SIGLEC6|SIGLEC7|SIGLEC8|SIGLEC9|SLAMF6
 REACT:R-HSA-2033514	FGFR3 mutant receptor activation	0.0	0	FGF1|FGF16|FGF17|FGF18|FGF2|FGF20|FGF23|FGF4|FGF5|FGF8|FGF9
 REACT:R-HSA-2033519	Activated point mutants of FGFR2	0.0	0	FGF1|FGF10|FGF16|FGF17|FGF18|FGF2|FGF20|FGF22|FGF23|FGF3|FGF4|FGF5|FGF6|FGF7|FGF8|FGF9
 REACT:R-HSA-2219528	PI3K/AKT Signaling in Cancer	0.0	0	BTC|CD19|CD28|EGFR|FGF1|FGF10|FGF16|FGF17|FGF18|FGF19|FGF2|FGF20|FGF22|FGF23|FGF3|FGF4|FGF5|FGF6|FGF7|FGF8|FGF9|FOXO1|HBEGF|ICOS|NRG1|NRG2|NRG4|PIK3AP1
 REACT:R-HSA-2219530	Constitutive Signaling by Aberrant PI3K in Cancer	0.0	0	BTC|CD19|CD28|EGFR|FGF1|FGF10|FGF16|FGF17|FGF18|FGF19|FGF2|FGF20|FGF22|FGF23|FGF3|FGF4|FGF5|FGF6|FGF7|FGF8|FGF9|HBEGF|ICOS|NRG1|NRG2|NRG4|PIK3AP1
 REACT:R-HSA-5654219	Phospholipase C-mediated cascade: FGFR1	0.0	0	FGF1|FGF10|FGF17|FGF2|FGF20|FGF22|FGF23|FGF3|FGF4|FGF5|FGF6|FGF8|FGF9
 REACT:R-HSA-5654221	Phospholipase C-mediated cascade; FGFR2	0.0	0	FGF1|FGF10|FGF16|FGF17|FGF18|FGF2|FGF20|FGF22|FGF23|FGF3|FGF4|FGF5|FGF6|FGF7|FGF8|FGF9
 REACT:R-HSA-5654228	Phospholipase C-mediated cascade; FGFR4	0.0	0	FGF1|FGF16|FGF17|FGF18|FGF19|FGF2|FGF20|FGF23|FGF4|FGF6|FGF8|FGF9
 REACT:R-HSA-5654695	PI-3K cascade:FGFR2	0.0	0	FGF1|FGF10|FGF16|FGF17|FGF18|FGF2|FGF20|FGF22|FGF23|FGF3|FGF4|FGF5|FGF6|FGF7|FGF8|FGF9
 REACT:R-HSA-5654699	SHC-mediated cascade:FGFR2	0.0	0	FGF1|FGF10|FGF16|FGF17|FGF18|FGF2|FGF20|FGF22|FGF23|FGF3|FGF4|FGF5|FGF6|FGF7|FGF8|FGF9
 REACT:R-HSA-5654700	FRS-mediated FGFR2 signaling	0.0	0	FGF1|FGF10|FGF16|FGF17|FGF18|FGF2|FGF20|FGF22|FGF23|FGF3|FGF4|FGF5|FGF6|FGF7|FGF8|FGF9
 REACT:R-HSA-912694	Regulation of IFNA signaling	0.0	0	IFNA1|IFNA10|IFNA13|IFNA14|IFNA16|IFNA17|IFNA2|IFNA21|IFNA4|IFNA5|IFNA6|IFNA7|IFNA8|IFNAR2|IFNB1|USP18
 REACT:R-HSA-199418	Negative regulation of the PI3K/AKT network	5.75950398485e-12	5.67071e-10	BTC|CD19|CD28|EGFR|FGF1|FGF10|FGF16|FGF17|FGF18|FGF19|FGF2|FGF20|FGF22|FGF23|FGF3|FGF4|FGF5|FGF6|FGF7|FGF8|FGF9|HBEGF|ICOS|NRG1|NRG2|NRG4|PHLPP1|PHLPP2|PIK3AP1
 REACT:R-HSA-190239	FGFR3 ligand binding and activation	1.11570752637e-11	9.41577e-10	FGF1|FGF16|FGF17|FGF18|FGF2|FGF20|FGF23|FGF4|FGF5|FGF8|FGF9
 REACT:R-HSA-190372	FGFR3c ligand binding and activation	1.11570752637e-11	9.41577e-10	FGF1|FGF16|FGF17|FGF18|FGF2|FGF20|FGF23|FGF4|FGF5|FGF8|FGF9
 REACT:R-HSA-432047	Passive transport by Aquaporins	1.11570752637e-11	9.41577e-10	AQP1|AQP10|AQP12A|AQP2|AQP3|AQP4|AQP5|AQP6|AQP7|AQP9|MIP
 REACT:R-HSA-5654227	Phospholipase C-mediated cascade; FGFR3	1.11570752637e-11	9.41577e-10	FGF1|FGF16|FGF17|FGF18|FGF2|FGF20|FGF23|FGF4|FGF5|FGF8|FGF9
 REACT:R-HSA-5654696	Downstream signaling of activated FGFR2	2.8875235536e-11	2.35283e-09	FGF1|FGF10|FGF16|FGF17|FGF18|FGF2|FGF20|FGF22|FGF23|FGF3|FGF4|FGF5|FGF6|FGF7|FGF8|FGF9
 KEGG:hsa05218	Melanoma	3.3540947797e-11	2.64191e-09	EGFR|FGF1|FGF10|FGF11|FGF12|FGF13|FGF14|FGF16|FGF17|FGF18|FGF19|FGF2|FGF20|FGF21|FGF22|FGF23|FGF3|FGF4|FGF5|FGF6|FGF7|FGF8|FGF9|MITF
 REACT:R-HSA-1839122	Signaling by activated point mutants of FGFR1	3.49000828237e-11	2.66029e-09	FGF1|FGF17|FGF2|FGF20|FGF23|FGF4|FGF5|FGF6|FGF8|FGF9
 REACT:R-HSA-6811558	"PI5P PP2A and IER3 Regulate PI3K/AKT Signaling"	5.04246644439e-11	3.65733e-09	BTC|CD19|CD28|EGFR|FGF1|FGF10|FGF16|FGF17|FGF18|FGF19|FGF2|FGF20|FGF22|FGF23|FGF3|FGF4|FGF5|FGF6|FGF7|FGF8|FGF9|HBEGF|ICOS|NRG1|NRG2|NRG4|PIK3AP1
 REACT:R-HSA-5654687	Downstream signaling of activated FGFR1	5.13687981041e-11	3.65733e-09	FGF1|FGF10|FGF17|FGF2|FGF20|FGF22|FGF23|FGF3|FGF4|FGF5|FGF6|FGF8|FGF9|FLRT1|FLRT2|FLRT3
 REACT:R-HSA-1280218	Adaptive Immune System	5.26234611442e-11	3.65733e-09	ANAPC10|AP1M2|BTC|BTLA|BTNL8|CALR|CANX|CD14|CD160|CD19|CD1B|CD1C|CD1D|CD207|CD22|CD28|CD3D|CD3G|CD4|CD40|CLEC2B|CLEC2D|CXADR|DCTN4|EGFR|FBXL12|FBXL13|FBXL14|FBXL15|FBXL19|FBXL4|FBXL5|FBXL7|FBXO17|FBXO44|FBXO6|FCGR1B|FCGR2B|FCGR3A|FGF1|FGF10|FGF16|FGF17|FGF18|FGF19|FGF2|FGF20|FGF22|FGF23|FGF3|FGF4|FGF5|FGF6|FGF7|FGF8|FGF9|FOXO1|HBEGF|HERC6|ICAM1|ICAM2|ICAM3|ICAM4|ICOS|KIR2DL1|KIR2DL3|KIR2DL4|KIR2DS1|KIR3DL2|KIR3DS1|KLRB1|KLRC1|KLRC4-KLRK1|KLRD1|KLRF1|KLRG1|LAIR2|LAT|LILRA1|LILRA3|LILRA4|LILRA5|LILRB5|MGRN1|MRC1|NRG1|NRG2|NRG4|PDCD1LG2|PHLPP1|PHLPP2|PIK3AP1|SELL|SIGLEC1|SIGLEC10|SIGLEC11|SIGLEC12|SIGLEC5|SIGLEC6|SIGLEC7|SIGLEC8|SIGLEC9|SKP2|SLAMF6|SPSB4|STIM1|TLR1|TLR2|TLR6|TNFRSF14|TNRC6A|TRPC1
 REACT:R-HSA-428790	Facilitative Na+-independent glucose transporters	6.58750831661e-11	4.44751e-09	FGF21|SLC2A1|SLC2A10|SLC2A11|SLC2A14|SLC2A2|SLC2A3|SLC2A5|SLC2A6|SLC2A8|SLC2A9
 KEGG:hsa04650	Natural killer cell mediated cytotoxicity	7.00023372602e-11	4.59488e-09	FAS|FCGR3A|FCGR3B|ICAM1|ICAM2|IFNA1|IFNA10|IFNA13|IFNA14|IFNA16|IFNA17|IFNA2|IFNA21|IFNA4|IFNA5|IFNA6|IFNA7|IFNA8|IFNAR2|IFNB1|IFNG|KIR2DL1|KIR2DL3|KIR2DL4|KIR2DS1|KIR2DS4|KIR2DS5|KIR3DL2|KLRC1|KLRC2|KLRC4-KLRK1|KLRD1|LAT|TNFRSF10D
 KEGG:hsa05152	Tuberculosis	1.43712153289e-10	9.17816e-09	ATP6V0A1|CD14|CEBPB|CIITA|CLEC4E|CLEC4M|CLEC7A|FCGR2A|FCGR2B|FCGR2C|FCGR3A|FCGR3B|IFNA1|IFNA10|IFNA13|IFNA14|IFNA16|IFNA17|IFNA2|IFNA21|IFNA4|IFNA5|IFNA6|IFNA7|IFNA8|IFNB1|IFNG|IL10RA|IL10RB|IL12B|IL1A|IL1B|LAMP1|LSP1|MRC1|PLA2R1|RFXAP|TLR1|TLR2|TLR6
 REACT:R-HSA-5654688	SHC-mediated cascade:FGFR1	2.16001661002e-10	1.30875e-08	FGF1|FGF10|FGF17|FGF2|FGF20|FGF22|FGF23|FGF3|FGF4|FGF5|FGF6|FGF8|FGF9
 REACT:R-HSA-5654689	PI-3K cascade:FGFR1	2.16001661002e-10	1.30875e-08	FGF1|FGF10|FGF17|FGF2|FGF20|FGF22|FGF23|FGF3|FGF4|FGF5|FGF6|FGF8|FGF9
 REACT:R-HSA-1839126	FGFR2 mutant receptor activation	2.35258590386e-10	1.38979e-08	FGF1|FGF10|FGF16|FGF17|FGF18|FGF2|FGF20|FGF22|FGF23|FGF3|FGF4|FGF5|FGF6|FGF7|FGF8|FGF9
 REACT:R-HSA-190373	FGFR1c ligand binding and activation	2.64401722738e-10	1.52386e-08	FGF1|FGF17|FGF2|FGF20|FGF23|FGF4|FGF5|FGF6|FGF8|FGF9
 KEGG:hsa05162	Measles	3.99011490515e-10	2.24491e-08	BBC3|CD28|CD3D|CD3G|CD46|CLEC4M|CSNK2B|FAS|FCGR2B|IFNA1|IFNA10|IFNA13|IFNA14|IFNA16|IFNA17|IFNA2|IFNA21|IFNA4|IFNA5|IFNA6|IFNA7|IFNA8|IFNAR2|IFNB1|IFNG|IL12B|IL1A|IL1B|IL2RB|IL2RG|STAT5A|TLR2|TNFRSF10D
 REACT:R-HSA-449147	Signaling by Interleukins	4.31968683046e-10	2.37382e-08	BCL6|BTC|CD4|CRLF1|CSF1|CSF2RA|CSF2RB|EBI3|EGFR|FGA|FGB|FGF1|FGF10|FGF16|FGF17|FGF18|FGF19|FGF2|FGF20|FGF22|FGF23|FGF3|FGF4|FGF5|FGF6|FGF7|FGF8|FGF9|FGG|FOXO1|GAB2|GATA3|HBEGF|ICAM1|IFNLR1|IL10RA|IL10RB|IL12B|IL12RB1|IL13RA1|IL13RA2|IL19|IL1A|IL1B|IL1R1|IL1R2|IL1RAP|IL1RL1|IL1RN|IL20|IL20RB|IL22|IL22RA1|IL22RA2|IL24|IL27RA|IL2RB|IL2RG|IL34|IL36A|IL36B|IL5RA|IL6R|IL6ST|JUNB|LAT|LGALS9|NCAM1|NFKB2|NRG1|NRG2|NRG4|OSMR|PELI3|SOX2|STAT5A|STAT6|TNFRSF1B|TNIP2|VEGFA
 REACT:R-HSA-5654727	Negative regulation of FGFR2 signaling	4.52993420552e-10	2.43278e-08	FGF1|FGF10|FGF16|FGF17|FGF18|FGF2|FGF20|FGF22|FGF23|FGF3|FGF4|FGF5|FGF6|FGF7|FGF8|FGF9
 REACT:R-HSA-5654693	FRS-mediated FGFR1 signaling	1.06159547819e-09	5.57456e-08	FGF1|FGF10|FGF17|FGF2|FGF20|FGF22|FGF23|FGF3|FGF4|FGF5|FGF6|FGF8|FGF9
 REACT:R-HSA-5658623	FGFRL1 modulation of FGFR1 signaling	1.12223030868e-09	5.76485e-08	FGF10|FGF17|FGF18|FGF2|FGF22|FGF23|FGF3|FGF4|FGF5|FGF8
 REACT:R-HSA-1257604	PIP3 activates AKT signaling	1.42176259654e-09	7.14814e-08	BTC|CD19|CD28|EGFR|FGF1|FGF10|FGF16|FGF17|FGF18|FGF19|FGF2|FGF20|FGF22|FGF23|FGF3|FGF4|FGF5|FGF6|FGF7|FGF8|FGF9|FOXO1|HBEGF|ICOS|NRG1|NRG2|NRG4|PHLPP1|PHLPP2|PIK3AP1|TNRC6A
 REACT:R-HSA-5654719	SHC-mediated cascade:FGFR4	1.89012450136e-09	9.11503e-08	FGF1|FGF16|FGF17|FGF18|FGF19|FGF2|FGF20|FGF23|FGF4|FGF6|FGF8|FGF9
 REACT:R-HSA-5654720	PI-3K cascade:FGFR4	1.89012450136e-09	9.11503e-08	FGF1|FGF16|FGF17|FGF18|FGF19|FGF2|FGF20|FGF23|FGF4|FGF6|FGF8|FGF9
 REACT:R-HSA-180292	GAB1 signalosome	2.6894353411e-09	1.24611e-07	BTC|CD19|CD28|EGFR|FGF1|FGF10|FGF16|FGF17|FGF18|FGF19|FGF2|FGF20|FGF22|FGF23|FGF3|FGF4|FGF5|FGF6|FGF7|FGF8|FGF9|FOXO1|HBEGF|ICOS|NRG1|NRG2|NRG4|PHLPP1|PHLPP2|PIK3AP1|TNRC6A
 REACT:R-HSA-198203	PI3K/AKT activation	2.6894353411e-09	1.24611e-07	BTC|CD19|CD28|EGFR|FGF1|FGF10|FGF16|FGF17|FGF18|FGF19|FGF2|FGF20|FGF22|FGF23|FGF3|FGF4|FGF5|FGF6|FGF7|FGF8|FGF9|FOXO1|HBEGF|ICOS|NRG1|NRG2|NRG4|PHLPP1|PHLPP2|PIK3AP1|TNRC6A
 KEGG:hsa04514	Cell adhesion molecules (CAMs)	3.08374548119e-09	1.40133e-07	ALCAM|CADM1|CD2|CD22|CD276|CD28|CD4|CD40|CD58|CDH15|CDH2|CDH4|ESAM|ICAM1|ICAM2|ICAM3|ICOS|JAM2|LRRC4|LRRC4C|MAG|NCAM1|NFASC|NLGN4Y|NRXN1|NRXN3|NTNG1|PDCD1LG2|SELE|SELL|SELP|SIGLEC1|VCAN
 KEGG:hsa05224	Breast cancer	3.74834252526e-09	1.67119e-07	DLL4|EGFR|FGF1|FGF10|FGF11|FGF12|FGF13|FGF14|FGF16|FGF17|FGF18|FGF19|FGF2|FGF20|FGF21|FGF22|FGF23|FGF3|FGF4|FGF5|FGF6|FGF7|FGF8|FGF9|HEY1|JAG2|LEF1|NFKB2|SP1|TCF7|TCF7L1|TCF7L2|WNT2
 REACT:R-HSA-2730905	Role of LAT2/NTAL/LAB on calcium mobilization	3.91525445398e-09	1.71329e-07	BTC|CD19|CD28|EGFR|FGF1|FGF10|FGF16|FGF17|FGF18|FGF19|FGF2|FGF20|FGF22|FGF23|FGF3|FGF4|FGF5|FGF6|FGF7|FGF8|FGF9|FOXO1|GAB2|HBEGF|ICOS|NRG1|NRG2|NRG4|PHLPP1|PHLPP2|PIK3AP1|TNRC6A
 KEGG:hsa04640	Hematopoietic cell lineage	4.10438294463e-09	1.76339e-07	CD14|CD19|CD1B|CD1C|CD1D|CD1E|CD2|CD22|CD3D|CD3G|CD4|CD44|CD59|CSF1|CSF2RA|GP1BA|GP1BB|GP5|GP9|IL1A|IL1B|IL1R1|IL1R2|IL5RA|IL6R|TFRC
 REACT:R-HSA-5654704	SHC-mediated cascade:FGFR3	7.01313407347e-09	2.90737e-07	FGF1|FGF16|FGF17|FGF18|FGF2|FGF20|FGF23|FGF4|FGF5|FGF8|FGF9
 REACT:R-HSA-5654710	PI-3K cascade:FGFR3	7.01313407347e-09	2.90737e-07	FGF1|FGF16|FGF17|FGF18|FGF2|FGF20|FGF23|FGF4|FGF5|FGF8|FGF9
 REACT:R-HSA-8854691	"Interleukin-19 20 22 24"	7.55872653357e-09	3.07953e-07	IL10RB|IL19|IL20|IL20RB|IL22|IL22RA1|IL22RA2|IL24
 REACT:R-HSA-933541	TRAF6 mediated IRF7 activation	8.13746092732e-09	3.25912e-07	IFNA1|IFNA10|IFNA13|IFNA14|IFNA16|IFNA17|IFNA2|IFNA21|IFNA4|IFNA5|IFNA6|IFNA7|IFNA8|IFNB1|RNF135
 REACT:R-HSA-5654712	FRS-mediated FGFR4 signaling	8.43471126277e-09	3.32187e-07	FGF1|FGF16|FGF17|FGF18|FGF19|FGF2|FGF20|FGF23|FGF4|FGF6|FGF8|FGF9
 KEGG:hsa05320	Autoimmune thyroid disease	1.52095371853e-08	5.89183e-07	CD28|CD40|CGA|FAS|IFNA1|IFNA10|IFNA13|IFNA14|IFNA16|IFNA17|IFNA2|IFNA21|IFNA4|IFNA5|IFNA6|IFNA7|IFNA8|TSHR
 REACT:R-HSA-1266738	Developmental Biology	2.7298654004e-08	1.04043e-06	ABLIM1|ALCAM|ARHGAP39|ARHGEF7|BTC|CD72|CDH15|CDH2|CDH4|CDSN|CEBPB|CFC1|CNTN6|CSF2RA|CSF2RB|CSNK2B|DPPA4|DSC2|EFNA1|EFNA2|EFNA3|EFNA4|EGFR|EGR2|FAM120B|FGA|FGB|FGF1|FGF10|FGF16|FGF17|FGF18|FGF19|FGF2|FGF20|FGF22|FGF23|FGF3|FGF4|FGF5|FGF6|FGF7|FGF8|FGF9|FGG|FOXO1|FOXP1|GAB2|GAP43|HBEGF|HNF1A|HNF1B|HOXA2|HOXA4|HOXB1|IL2RB|IL2RG|IL5RA|INSM1|IVL|KRT14|KRT7|KRT82|KRTAP10-1|KRTAP10-12|KRTAP10-2|KRTAP10-3|KRTAP1-1|KRTAP1-3|KRTAP13-1|KRTAP13-2|KRTAP13-4|KRTAP1-5|KRTAP19-5|KRTAP2-1|KRTAP2-4|KRTAP24-1|KRTAP26-1|KRTAP27-1|KRTAP3-3|KRTAP4-1|KRTAP4-3|KRTAP4-6|KRTAP4-7|LAT|LCE2B|LIN28A|MED26|MEF2A|MEF2C|MYH11|MYH14|MYH9|NCAM1|NFASC|NRG1|NRG2|NRG4|NTN3|NTN4|NUMB|PDX1|PLXNA1|PLXNA2|PLXNC1|PLXND1|PSEN2|ROBO1|ROBO2|SALL1|SCN3B|SCN4B|SEMA3E|SLC2A2|SLIT1|SLIT2|SLIT3|SOX2|SPINK9|SPRR3|TCF12|TCF4|TDGF1|TRPC1|UNC5B|UNC5C|VEGFA|ZSCAN10
 REACT:R-HSA-5655253	Signaling by FGFR2 in disease	2.95082462909e-08	1.10679e-06	FGF1|FGF10|FGF16|FGF17|FGF18|FGF2|FGF20|FGF22|FGF23|FGF3|FGF4|FGF5|FGF6|FGF7|FGF8|FGF9
 REACT:R-HSA-5654706	FRS-mediated FGFR3 signaling	3.22420603549e-08	1.19044e-06	FGF1|FGF16|FGF17|FGF18|FGF2|FGF20|FGF23|FGF4|FGF5|FGF8|FGF9
 REACT:R-HSA-5654736	Signaling by FGFR1	5.20119571856e-08	1.89083e-06	FGF1|FGF10|FGF17|FGF18|FGF2|FGF20|FGF22|FGF23|FGF3|FGF4|FGF5|FGF6|FGF8|FGF9|FLRT1|FLRT2|FLRT3
 REACT:R-HSA-5655332	Signaling by FGFR3 in disease	1.17866539417e-07	4.15699e-06	FGF1|FGF16|FGF17|FGF18|FGF2|FGF20|FGF23|FGF4|FGF5|FGF8|FGF9
 REACT:R-HSA-8853338	Signaling by FGFR3 point mutants in cancer	1.17866539417e-07	4.15699e-06	FGF1|FGF16|FGF17|FGF18|FGF2|FGF20|FGF23|FGF4|FGF5|FGF8|FGF9
 REACT:R-HSA-5654716	Downstream signaling of activated FGFR4	1.60555788775e-07	5.57931e-06	FGF1|FGF16|FGF17|FGF18|FGF19|FGF2|FGF20|FGF23|FGF4|FGF6|FGF8|FGF9
 REACT:R-HSA-5654726	Negative regulation of FGFR1 signaling	2.71959482157e-07	9.31363e-06	FGF1|FGF10|FGF17|FGF2|FGF20|FGF22|FGF23|FGF3|FGF4|FGF5|FGF6|FGF8|FGF9
 REACT:R-HSA-2022857	Keratan sulfate degradation	3.40356397177e-07	1.14895e-05	FMOD|HEXA|HEXB|KERA|LUM|OGN|OMD|PRELP
 REACT:R-HSA-1226099	Signaling by FGFR in disease	4.22533596112e-07	1.40626e-05	FGF1|FGF10|FGF16|FGF17|FGF18|FGF2|FGF20|FGF22|FGF23|FGF3|FGF4|FGF5|FGF6|FGF7|FGF8|FGF9|GAB2|STAT5A
 KEGG:hsa04620	Toll-like receptor signaling pathway	4.39374516104e-07	1.442e-05	CD14|CD40|IFNA1|IFNA10|IFNA13|IFNA14|IFNA16|IFNA17|IFNA2|IFNA21|IFNA4|IFNA5|IFNA6|IFNA7|IFNA8|IFNAR2|IFNB1|IL12B|IL1B|TLR1|TLR2|TLR3|TLR5|TLR6
 REACT:R-HSA-5654708	Downstream signaling of activated FGFR3	6.05140363819e-07	1.95883e-05	FGF1|FGF16|FGF17|FGF18|FGF2|FGF20|FGF23|FGF4|FGF5|FGF8|FGF9
 KEGG:hsa04145	Phagosome	7.39861531152e-07	2.36256e-05	ATP6V0A1|ATP6V1E2|C1R|CALR|CANX|CD14|CLEC4M|CLEC7A|COLEC11|COLEC12|COMP|FCAR|FCGR2A|FCGR2B|FCGR2C|FCGR3A|FCGR3B|LAMP1|MBL2|MRC1|OLR1|PLA2R1|SFTPD|TFRC|THBS1|THBS2|THBS3|THBS4|TLR2|TLR6
 REACT:R-HSA-109704	PI3K Cascade	8.3464899614e-07	2.6297e-05	FGF1|FGF10|FGF16|FGF17|FGF18|FGF19|FGF2|FGF20|FGF22|FGF23|FGF3|FGF4|FGF5|FGF6|FGF7|FGF8|FGF9|LAMTOR1|PRKAB1|PRKAB2
 REACT:R-HSA-3781865	Diseases of glycosylation	8.51258232348e-07	2.64674e-05	ADAMTS17|ADAMTSL1|ADAMTSL2|ADAMTSL4|BCAN|BGN|CFP|DCN|FMOD|KERA|LUM|MUC15|MUC7|OGN|OMD|PRELP|THBS1|THBS2|THSD1|THSD7B|VCAN
 REACT:R-HSA-1839124	FGFR1 mutant receptor activation	9.86591342289e-07	2.98887e-05	FGF1|FGF17|FGF2|FGF20|FGF23|FGF4|FGF5|FGF6|FGF8|FGF9|GAB2|STAT5A
 REACT:R-HSA-5654733	Negative regulation of FGFR4 signaling	9.86591342289e-07	2.98887e-05	FGF1|FGF16|FGF17|FGF18|FGF19|FGF2|FGF20|FGF23|FGF4|FGF6|FGF8|FGF9
 REACT:R-HSA-109582	Hemostasis	1.06684413292e-06	3.09057e-05	A1BG|AKAP1|APOH|BCAR1|BSG|CABLES2|CD2|CD44|CD47|CD58|CD84|CEACAM1|CEACAM8|CHID1|CLEC1B|CLEC3B|CSF2RA|CSF2RB|CXADR|ESAM|F3|FGA|FGB|FGG|GAB2|GATA2|GATA3|GATA6|GNAS|GP1BA|GP1BB|GP5|GP9|GYPB|IFNA1|IFNA10|IFNA13|IFNA14|IFNA16|IFNA17|IFNA2|IFNA21|IFNA4|IFNA5|IFNA6|IFNA7|IFNA8|IFNB1|IL2RB|IL2RG|IL5RA|JAM2|LAT|MAG|NFE2|OLR1|PCDH7|PDPN|PLAUR|PSG11|PSG2|PSG4|PSG5|PSG6|PSG8|SCG3|SELE|SELL|SELP|SERPINB2|SERPINB6|SERPINB8|SERPINC1|SERPINF2|SERPING1|STIM1|THBS1|TNFRSF10D|VEGFA|VEGFC|ZFPM1
 REACT:R-HSA-190371	FGFR3b ligand binding and activation	1.08555637579e-06	3.09057e-05	FGF1|FGF17|FGF18|FGF20|FGF8|FGF9
 REACT:R-HSA-3656225	Defective CHST6 causes MCDC1	1.08555637579e-06	3.09057e-05	FMOD|KERA|LUM|OGN|OMD|PRELP
 REACT:R-HSA-3656243	Defective ST3GAL3 causes MCT12 and EIEE15	1.08555637579e-06	3.09057e-05	FMOD|KERA|LUM|OGN|OMD|PRELP
 REACT:R-HSA-3656244	Defective B4GALT1 causes B4GALT1-CDG (CDG-2d)	1.08555637579e-06	3.09057e-05	FMOD|KERA|LUM|OGN|OMD|PRELP
 KEGG:hsa05144	Malaria	1.47549344298e-06	4.1507e-05	CD40|COMP|GYPB|ICAM1|IFNG|IL1B|KLRB1|KLRC4-KLRK1|SELE|SELP|THBS1|THBS2|THBS3|THBS4|TLR2
 KEGG:hsa04015	Rap1 signaling pathway	1.79799604094e-06	4.99843e-05	BCAR1|CSF1|EFNA1|EFNA2|EFNA3|EFNA4|EGFR|FGF1|FGF10|FGF11|FGF12|FGF13|FGF14|FGF16|FGF17|FGF18|FGF19|FGF2|FGF20|FGF21|FGF22|FGF23|FGF3|FGF4|FGF5|FGF6|FGF7|FGF8|FGF9|FLT1|GNAS|LAT|RASSF5|THBS1|VEGFA|VEGFC
 KEGG:hsa04622	RIG-I-like receptor signaling pathway	2.30444842875e-06	6.33187e-05	IFNA1|IFNA10|IFNA13|IFNA14|IFNA16|IFNA17|IFNA2|IFNA21|IFNA4|IFNA5|IFNA6|IFNA7|IFNA8|IFNB1|IFNE|IFNW1|IL12B|TBKBP1
 REACT:R-HSA-5654732	Negative regulation of FGFR3 signaling	3.56194340989e-06	9.67457e-05	FGF1|FGF16|FGF17|FGF18|FGF2|FGF20|FGF23|FGF4|FGF5|FGF8|FGF9
 REACT:R-HSA-190236	Signaling by FGFR	6.12793898525e-06	0.000164549	FGF1|FGF10|FGF16|FGF17|FGF18|FGF19|FGF2|FGF20|FGF22|FGF23|FGF3|FGF4|FGF5|FGF6|FGF7|FGF8|FGF9|FLRT1|FLRT2|FLRT3
 REACT:R-HSA-3560782	Diseases associated with glycosaminoglycan metabolism	8.62146533442e-06	0.000228905	BCAN|BGN|DCN|FMOD|KERA|LUM|OGN|OMD|PRELP|VCAN
 REACT:R-HSA-422475	Axon guidance	9.92400593225e-06	0.000258073	ABLIM1|ALCAM|ARHGAP39|ARHGEF7|BTC|CD72|CNTN6|CSF2RA|CSF2RB|CSNK2B|EFNA1|EFNA2|EFNA3|EFNA4|EGFR|FGA|FGB|FGF1|FGF10|FGF16|FGF17|FGF18|FGF19|FGF2|FGF20|FGF22|FGF23|FGF3|FGF4|FGF5|FGF6|FGF7|FGF8|FGF9|FGG|GAB2|GAP43|HBEGF|IL2RB|IL2RG|IL5RA|LAT|MYH11|MYH14|MYH9|NCAM1|NFASC|NRG1|NRG2|NRG4|NTN4|NUMB|PLXNA1|PLXNA2|PLXNC1|PLXND1|PSEN2|ROBO1|ROBO2|SCN3B|SCN4B|SEMA3E|SLIT1|SLIT2|SLIT3|TRPC1|UNC5B|UNC5C|VEGFA
 KEGG:hsa04623	Cytosolic DNA-sensing pathway	9.9384752883e-06	0.000258073	IFNA1|IFNA10|IFNA13|IFNA14|IFNA16|IFNA17|IFNA2|IFNA21|IFNA4|IFNA5|IFNA6|IFNA7|IFNA8|IFNB1|IL1B|POLR3H
 KEGG:hsa04014	Ras signaling pathway	1.12143560969e-05	0.000288038	CSF1|EFNA1|EFNA2|EFNA3|EFNA4|EGFR|FGF1|FGF10|FGF11|FGF12|FGF13|FGF14|FGF16|FGF17|FGF18|FGF19|FGF2|FGF20|FGF21|FGF22|FGF23|FGF3|FGF4|FGF5|FGF6|FGF7|FGF8|FGF9|FLT1|GAB2|LAT|PLA2G4D|RASSF5|SHOC2|VEGFA|VEGFC
 REACT:R-HSA-5655302	Signaling by FGFR1 in disease	1.16398466764e-05	0.000295752	FGF1|FGF17|FGF2|FGF20|FGF23|FGF4|FGF5|FGF6|FGF8|FGF9|GAB2|STAT5A
 REACT:R-HSA-190370	FGFR1b ligand binding and activation	1.26136686001e-05	0.000317086	FGF1|FGF10|FGF2|FGF22|FGF3
 KEGG:hsa05168	Herpes simplex infection	1.48806189096e-05	0.000370136	CFP|CSNK2B|FAS|IFNA1|IFNA10|IFNA13|IFNA14|IFNA16|IFNA17|IFNA2|IFNA21|IFNA4|IFNA5|IFNA6|IFNA7|IFNA8|IFNAR2|IFNB1|IFNG|IL12B|IL1B|MCRS1|NXF5|PILRA|POU2F3|SKP2|TAF4B|TAF6|TLR2|TLR3|TNFRSF14
 REACT:R-HSA-1638074	Keratan sulfate/keratin metabolism	1.5119323328e-05	0.000372156	B4GALT2|B4GALT3|B4GALT4|FMOD|HEXA|HEXB|KERA|LUM|OGN|OMD|PRELP
 KEGG:hsa04380	Osteoclast differentiation	2.35168350464e-05	0.000572889	CSF1|FCGR2A|FCGR2B|FCGR2C|FCGR3A|FCGR3B|GAB2|IFNAR2|IFNB1|IFNG|IL1A|IL1B|IL1R1|JUNB|LILRA1|LILRA3|LILRA4|LILRA5|LILRB5|MITF|NFKB2|SPI1|TNFRSF11A|TNFRSF11B
 REACT:R-HSA-2172127	DAP12 interactions	2.6536420592e-05	0.000639263	BTC|CD19|CD28|CLEC5A|CSF2RA|CSF2RB|EGFR|FGA|FGB|FGF1|FGF10|FGF16|FGF17|FGF18|FGF19|FGF2|FGF20|FGF22|FGF23|FGF3|FGF4|FGF5|FGF6|FGF7|FGF8|FGF9|FGG|FOXO1|HBEGF|ICOS|IL2RB|IL2RG|IL5RA|KIR2DS4|KIR2DS5|KIR3DS1|KLRC2|KLRC4-KLRK1|KLRD1|LAT|NCAM1|NRG1|NRG2|NRG4|PHLPP1|PHLPP2|PIK3AP1|SIGLEC14|SIGLEC15|TNRC6A
 REACT:R-HSA-190377	FGFR2b ligand binding and activation	2.67825146499e-05	0.000639263	FGF1|FGF10|FGF2|FGF22|FGF3|FGF7
 REACT:R-HSA-5654743	Signaling by FGFR4	2.7583554697e-05	0.000651799	FGF1|FGF16|FGF17|FGF18|FGF19|FGF2|FGF20|FGF23|FGF4|FGF6|FGF8|FGF9
 REACT:R-HSA-909733	Interferon alpha/beta signaling	3.4025225866e-05	0.000796056	IFNA1|IFNA10|IFNA13|IFNA14|IFNA16|IFNA17|IFNA2|IFNA21|IFNA4|IFNA5|IFNA6|IFNA7|IFNA8|IFNAR2|IFNB1|USP18
 REACT:R-HSA-168928	RIG-I/MDA5 mediated induction of IFN-alpha/beta pathways	3.50798646463e-05	0.000812684	AGER|IFNA1|IFNA10|IFNA13|IFNA14|IFNA16|IFNA17|IFNA2|IFNA21|IFNA4|IFNA5|IFNA6|IFNA7|IFNA8|IFNB1|NFKB2|RNF135|RNF216
 KEGG:hsa00500	Starch and sucrose metabolism	3.81743485347e-05	0.000872353	AGL|AMY1A|AMY2A|AMY2B|GAA|GYG1|GYG2|MGAM|PGM1|PGM2L1|SI
 KEGG:hsa04612	Antigen processing and presentation	3.83938536115e-05	0.000872353	CALR|CANX|CD4|CIITA|IFNG|KIR2DL1|KIR2DL3|KIR2DL4|KIR2DS1|KIR2DS4|KIR2DS5|KIR3DL2|KIR3DL3|KLRC1|KLRC2|KLRD1|RFXAP
 REACT:R-HSA-1168372	Downstream signaling events of B Cell Receptor (BCR)	5.23925297495e-05	0.00117908	BTC|CD19|CD28|EGFR|FGF1|FGF10|FGF16|FGF17|FGF18|FGF19|FGF2|FGF20|FGF22|FGF23|FGF3|FGF4|FGF5|FGF6|FGF7|FGF8|FGF9|FOXO1|HBEGF|ICOS|NRG1|NRG2|NRG4|PHLPP1|PHLPP2|PIK3AP1|TNRC6A
 REACT:R-HSA-6798695	Neutrophil degranulation	6.8473488363e-05	0.00152644	A1BG|AGL|ARSA|ATP6V0A1|CD14|CD44|CD47|CD58|CD59|CD68|CEACAM1|CEACAM8|CFP|CHI3L1|CLEC12A|CLEC4C|CLEC4D|CLEC5A|CSNK2B|DEGS1|DSN1|FAF2|FCAR|FCGR2A|FCGR2C|FCGR3B|GAA|GLA|GUSB|GYG1|HEXB|LAMP1|LAMTOR1|LGALS3|LILRA3|LRG1|MGAM|NEU1|NFAM1|NFASC|OLR1|PGLYRP1|PGM1|PLAUR|PRG2|PRG3|PTX3|SELL|SERPINB6|SIGLEC14|SIGLEC5|SIGLEC9|SLC2A3|SLC2A5|SLPI|STBD1|STK11IP|TLR2|TNFRSF1B|VAPA
 REACT:R-HSA-1643685	Disease	7.35128254301e-05	0.00162347	ADAMTS17|ADAMTSL1|ADAMTSL2|ADAMTSL4|AP1M2|BCAN|BGN|BTC|CALR|CANX|CAST|CD14|CD19|CD28|CD320|CD4|CFP|CSF2RA|CSF2RB|DCN|DKK1|DKK2|DLL4|EGFR|EPM2A|ERLEC1|FGA|FGB|FGF1|FGF10|FGF16|FGF17|FGF18|FGF19|FGF2|FGF20|FGF22|FGF23|FGF3|FGF4|FGF5|FGF6|FGF7|FGF8|FGF9|FGG|FMOD|FOXO1|GAB2|GYG1|GYG2|HBEGF|HDAC9|HEY1|ICOS|JAG2|KERA|LUM|MAMLD1|MUC15|MUC7|NELFA|NFKB2|NRG1|NRG2|NRG4|OGN|OMD|OS9|PIK3AP1|POM121|PORCN|PRELP|PSEN2|RANGAP1|RPL10L|RPS20|RPS23|SFTPD|STAT5A|TAF4B|TAF6|TCF7L2|THBS1|THBS2|THSD1|THSD7B|TLR1|TLR10|TLR2|TLR3|TLR5|TLR6|VCAN
 REACT:R-HSA-5686938	Regulation of TLR by endogenous ligand	7.6910138206e-05	0.00168277	CD14|FGA|FGB|FGG|TLR1|TLR2|TLR6
 REACT:R-HSA-425366	"Transport of glucose and other sugars bile salts and organic acids metal ions and amine compounds"	7.83517269758e-05	0.00169858	BSG|EMB|FGF21|RUNX1|SLC13A3|SLC14A1|SLC14A2|SLC22A6|SLC22A8|SLC2A1|SLC2A10|SLC2A11|SLC2A14|SLC2A2|SLC2A3|SLC2A5|SLC2A6|SLC2A8|SLC2A9|SLC30A8
 REACT:R-HSA-445717	Aquaporin-mediated transport	8.01255215321e-05	0.00172124	AQP1|AQP10|AQP12A|AQP2|AQP3|AQP4|AQP5|AQP6|AQP7|AQP9|GNAS|MIP|MYO5B
 REACT:R-HSA-5654738	Signaling by FGFR2	9.97765366143e-05	0.00212407	FGF1|FGF10|FGF16|FGF17|FGF18|FGF2|FGF20|FGF22|FGF23|FGF3|FGF4|FGF5|FGF6|FGF7|FGF8|FGF9
 REACT:R-HSA-5654741	Signaling by FGFR3	0.000111581736784	0.00235418	FGF1|FGF16|FGF17|FGF18|FGF2|FGF20|FGF23|FGF4|FGF5|FGF8|FGF9
 REACT:R-HSA-202733	Cell surface interactions at the vascular wall	0.000116435154454	0.00243483	BSG|CD2|CD44|CD47|CD58|CD84|CEACAM1|CEACAM8|CXADR|ESAM|GYPB|JAM2|MAG|OLR1|PSG11|PSG2|PSG4|PSG5|PSG6|PSG8|SELE|SELL|SELP|TNFRSF10D
 REACT:R-HSA-983705	Signaling by the B Cell Receptor (BCR)	0.000119548472272	0.00247801	BTC|CD19|CD22|CD28|EGFR|FGF1|FGF10|FGF16|FGF17|FGF18|FGF19|FGF2|FGF20|FGF22|FGF23|FGF3|FGF4|FGF5|FGF6|FGF7|FGF8|FGF9|FOXO1|HBEGF|ICOS|NRG1|NRG2|NRG4|PHLPP1|PHLPP2|PIK3AP1|STIM1|TNRC6A|TRPC1
 REACT:R-HSA-2022854	Keratan sulfate biosynthesis	0.000125773253113	0.00258437	B4GALT2|B4GALT3|B4GALT4|FMOD|KERA|LUM|OGN|OMD|PRELP
 REACT:R-HSA-186797	Signaling by PDGF	0.000148590879292	0.0030269	BCAR1|BTC|CD19|CD28|CSF2RA|CSF2RB|EGFR|FGA|FGB|FGF1|FGF10|FGF16|FGF17|FGF18|FGF19|FGF2|FGF20|FGF22|FGF23|FGF3|FGF4|FGF5|FGF6|FGF7|FGF8|FGF9|FGG|FOXO1|HBEGF|ICOS|IL2RB|IL2RG|IL5RA|LAT|NCAM1|NRG1|NRG2|NRG4|PHLPP1|PHLPP2|PIK3AP1|STAT5A|STAT6|THBS1|THBS2|THBS3|THBS4|TNRC6A
 REACT:R-HSA-71387	Metabolism of carbohydrates	0.000157659914667	0.00318419	AGL|AMY1A|AMY2A|AMY2B|B3GAT3|B4GALT2|B4GALT3|B4GALT4|BCAN|BGN|CD44|DCN|EPM2A|FGF21|FMOD|GAA|GLCE|GUSB|GYG1|GYG2|HEXA|HEXB|KERA|LUM|MGAM|NAGLU|OGN|OMD|PGM1|POM121|PRELP|SI|SLC25A10|SLC2A1|SLC2A14|SLC2A2|SLC2A3|SLC2A5|VCAN|XYLT2
 REACT:R-HSA-8847993	ERBB2 Activates PTK6 Signaling	0.000180130687505	0.00360719	BTC|EGFR|HBEGF|NRG1|NRG2|NRG4
 REACT:R-HSA-5684996	MAPK1/MAPK3 signaling	0.000217417013251	0.0043136	BTC|CSF2RA|CSF2RB|EGFR|FGA|FGB|FGF1|FGF10|FGF16|FGF17|FGF18|FGF19|FGF2|FGF20|FGF22|FGF23|FGF3|FGF4|FGF5|FGF6|FGF7|FGF8|FGF9|FGG|HBEGF|IL2RB|IL2RG|IL5RA|IL6R|IL6ST|LAT|NCAM1|NRG1|NRG2|NRG4
 REACT:R-HSA-189085	Digestion of dietary carbohydrate	0.00021905713699	0.0043136	AMY1A|AMY2A|AMY2B|MGAM|SI
 REACT:R-HSA-5260271	Diseases of Immune System	0.00022591358386	0.00437283	CD14|NFKB2|TLR1|TLR10|TLR2|TLR3|TLR5|TLR6
 REACT:R-HSA-5602358	Diseases associated with the TLR signaling cascade	0.00022591358386	0.00437283	CD14|NFKB2|TLR1|TLR10|TLR2|TLR3|TLR5|TLR6
 REACT:R-HSA-5669034	TNFs bind their physiological receptors	0.000227616432436	0.00437283	CD27|EDA2R|TNFRSF11B|TNFRSF14|TNFRSF18|TNFRSF1B|TNFRSF25|TNFRSF4|TNFRSF6B
 REACT:R-HSA-451927	Interleukin-2 signaling	0.000238382347688	0.00454272	BTC|CSF2RA|CSF2RB|EGFR|FGA|FGB|FGF1|FGF10|FGF16|FGF17|FGF18|FGF19|FGF2|FGF20|FGF22|FGF23|FGF3|FGF4|FGF5|FGF6|FGF7|FGF8|FGF9|FGG|GAB2|HBEGF|IL2RB|IL2RG|IL5RA|LAT|LGALS9|NCAM1|NRG1|NRG2|NRG4|STAT5A
 REACT:R-HSA-2024101	CS/DS degradation	0.00029547613631	0.00546578	BCAN|BGN|DCN|HEXA|HEXB|VCAN
 REACT:R-HSA-6785631	ERBB2 Regulates Cell Motility	0.00029547613631	0.00546578	BTC|EGFR|HBEGF|NRG1|NRG2|NRG4
 KEGG:hsa04010	MAPK signaling pathway	0.00029560843501	0.00546578	CD14|EGFR|ELK4|FAS|FGF1|FGF10|FGF11|FGF12|FGF13|FGF14|FGF16|FGF17|FGF18|FGF19|FGF2|FGF20|FGF21|FGF22|FGF23|FGF3|FGF4|FGF5|FGF6|FGF7|FGF8|FGF9|IL1A|IL1B|IL1R1|IL1R2|MAPT|MEF2C|NFKB2|NTRK2|PLA2G4D
 REACT:R-HSA-1630316	Glycosaminoglycan metabolism	0.000296072762755	0.00546578	B3GAT3|B4GALT2|B4GALT3|B4GALT4|BCAN|BGN|CD44|DCN|FMOD|GLCE|GUSB|HEXA|HEXB|KERA|LUM|NAGLU|OGN|OMD|PRELP|VCAN|XYLT2
 KEGG:hsa04659	Th17 cell differentiation	0.000304659393342	0.0055807	CD3D|CD3G|CD4|GATA3|IFNG|IL12RB1|IL1B|IL1R1|IL1RAP|IL22|IL27RA|IL2RB|IL2RG|IL6R|IL6ST|LAT|RUNX1|STAT5A|STAT6
 REACT:R-HSA-1433557	Signaling by SCF-KIT	0.000327830313123	0.00595895	BTC|CD19|CD28|CSF2RA|CSF2RB|EGFR|FGA|FGB|FGF1|FGF10|FGF16|FGF17|FGF18|FGF19|FGF2|FGF20|FGF22|FGF23|FGF3|FGF4|FGF5|FGF6|FGF7|FGF8|FGF9|FGG|FOXO1|GAB2|HBEGF|ICOS|IL2RB|IL2RG|IL5RA|LAT|NCAM1|NRG1|NRG2|NRG4|PHLPP1|PHLPP2|PIK3AP1|STAT5A|TNRC6A
 KEGG:hsa05161	Hepatitis B	0.000376325561555	0.00678822	CREB3L3|CREB5|EGR2|EGR3|FAS|IFNA1|IFNA10|IFNA13|IFNA14|IFNA16|IFNA17|IFNA2|IFNA21|IFNA4|IFNA5|IFNA6|IFNA7|IFNA8|IFNB1|STAT5A|STAT6|TLR2|TLR3
 REACT:R-HSA-163125	Post-translational modification: synthesis of GPI-anchored proteins	0.00038433768569	0.00688023	CNTN3|CNTN4|FCGR3B|GP2|LSAMP|LYPD4|LYPD6B|MDGA1|MDGA2|NTM|NTNG1|OPCML|PLAUR|PSCA|RTN4RL1|SPACA4|TEX101
 REACT:R-HSA-216083	Integrin cell surface interactions	0.000394915297621	0.00701643	BSG|CD44|CD47|COMP|FGA|FGB|FGG|ICAM1|ICAM2|ICAM3|ICAM4|JAM2|LUM|THBS1
 REACT:R-HSA-5357572	Lysosomal glycogen catabolism	0.000408866678029	0.00719983	GAA|GYG1|GYG2
 REACT:R-HSA-1250342	PI3K events in ERBB4 signaling	0.000411331797688	0.00719983	BTC|HBEGF|NRG1|NRG2|NRG4
 REACT:R-HSA-140877	Formation of Fibrin Clot (Clotting Cascade)	0.000425040105929	0.00733117	F3|FGA|FGB|FGG|GP1BA|GP1BB|GP5|GP9|SERPINC1|SERPING1
 REACT:R-HSA-5173214	O-glycosylation of TSR domain-containing proteins	0.000425040105929	0.00733117	ADAMTS17|ADAMTSL1|ADAMTSL2|ADAMTSL4|CFP|POFUT2|THBS1|THBS2|THSD1|THSD7B
 KEGG:hsa05164	Influenza A	0.000430789582689	0.00737649	AGFG1|CIITA|FAS|ICAM1|IFNA1|IFNA10|IFNA13|IFNA14|IFNA16|IFNA17|IFNA2|IFNA21|IFNA4|IFNA5|IFNA6|IFNA7|IFNA8|IFNAR2|IFNB1|IFNG|IL12B|IL1A|IL1B|NXF5|TLR3|TNFRSF10D
 REACT:R-HSA-186763	Downstream signal transduction	0.000439858183513	0.00747759	BCAR1|BTC|CD19|CD28|CSF2RA|CSF2RB|EGFR|FGA|FGB|FGF1|FGF10|FGF16|FGF17|FGF18|FGF19|FGF2|FGF20|FGF22|FGF23|FGF3|FGF4|FGF5|FGF6|FGF7|FGF8|FGF9|FGG|FOXO1|HBEGF|ICOS|IL2RB|IL2RG|IL5RA|LAT|NCAM1|NRG1|NRG2|NRG4|PHLPP1|PHLPP2|PIK3AP1|STAT5A|STAT6|TNRC6A
 KEGG:hsa05200	Pathways in cancer	0.00047108001783	0.00795116	CSF2RA|EGFR|FAS|FGF1|FGF10|FGF11|FGF12|FGF13|FGF14|FGF16|FGF17|FGF18|FGF19|FGF2|FGF20|FGF21|FGF22|FGF23|FGF3|FGF4|FGF5|FGF6|FGF7|FGF8|FGF9|FOXO1|GLI1|GNAS|HHIP|LAMB4|LAMC3|LEF1|MITF|NFKB2|PAX8|RASSF5|RUNX1|SKP2|SLC2A1|SPI1|STAT5A|TCF7|TCF7L1|TCF7L2|TGFA|VEGFA|VEGFC|WNT2
 KEGG:hsa04360	Axon guidance	0.00051589128938	0.00864575	ABLIM1|EFNA1|EFNA2|EFNA3|EFNA4|LRRC4|LRRC4C|NTN3|NTN4|NTNG1|PLXNA1|PLXNA2|PLXNC1|ROBO1|ROBO2|SEMA3B|SEMA3C|SEMA3E|SEMA3F|SEMA3G|SLIT1|SLIT2|SLIT3|TRPC1|UNC5B|UNC5C
 REACT:R-HSA-2586552	Signaling by Leptin	0.000530387130257	0.00882609	BTC|CSF2RA|CSF2RB|EGFR|FGA|FGB|FGF1|FGF10|FGF16|FGF17|FGF18|FGF19|FGF2|FGF20|FGF22|FGF23|FGF3|FGF4|FGF5|FGF6|FGF7|FGF8|FGF9|FGG|HBEGF|IL2RB|IL2RG|IL5RA|LAT|NCAM1|NRG1|NRG2|NRG4|STAT5A
 REACT:R-HSA-6805567	Keratinization	0.00054658064497	0.00903196	CDSN|DSC2|IVL|KRT14|KRT7|KRT82|KRTAP10-1|KRTAP10-12|KRTAP10-2|KRTAP10-3|KRTAP1-1|KRTAP1-3|KRTAP13-1|KRTAP13-2|KRTAP13-4|KRTAP1-5|KRTAP19-5|KRTAP2-1|KRTAP2-4|KRTAP24-1|KRTAP26-1|KRTAP27-1|KRTAP3-3|KRTAP4-1|KRTAP4-3|KRTAP4-6|KRTAP4-7|LCE2B|SPINK9|SPRR3
 REACT:R-HSA-2424491	DAP12 signaling	0.0005603734811	0.00919557	BTC|CD19|CD28|CSF2RA|CSF2RB|EGFR|FGA|FGB|FGF1|FGF10|FGF16|FGF17|FGF18|FGF19|FGF2|FGF20|FGF22|FGF23|FGF3|FGF4|FGF5|FGF6|FGF7|FGF8|FGF9|FGG|FOXO1|HBEGF|ICOS|IL2RB|IL2RG|IL5RA|KLRC2|KLRC4-KLRK1|KLRD1|LAT|NCAM1|NRG1|NRG2|NRG4|PHLPP1|PHLPP2|PIK3AP1|TNRC6A
 KEGG:hsa05150	Staphylococcus aureus infection	0.000583241884192	0.00950483	C1R|FCAR|FCGR2A|FCGR2B|FCGR2C|FCGR3A|FCGR3B|FGG|ICAM1|MASP2|MBL2|SELP
 REACT:R-HSA-112412	SOS-mediated signalling	0.00061125945589	0.00964458	BTC|CSF2RA|CSF2RB|EGFR|FGA|FGB|FGF1|FGF10|FGF16|FGF17|FGF18|FGF19|FGF2|FGF20|FGF22|FGF23|FGF3|FGF4|FGF5|FGF6|FGF7|FGF8|FGF9|FGG|HBEGF|IL2RB|IL2RG|IL5RA|LAT|NCAM1|NRG1|NRG2|NRG4
 REACT:R-HSA-179812	GRB2 events in EGFR signaling	0.00061125945589	0.00964458	BTC|CSF2RA|CSF2RB|EGFR|FGA|FGB|FGF1|FGF10|FGF16|FGF17|FGF18|FGF19|FGF2|FGF20|FGF22|FGF23|FGF3|FGF4|FGF5|FGF6|FGF7|FGF8|FGF9|FGG|HBEGF|IL2RB|IL2RG|IL5RA|LAT|NCAM1|NRG1|NRG2|NRG4
 REACT:R-HSA-180336	SHC1 events in EGFR signaling	0.00061125945589	0.00964458	BTC|CSF2RA|CSF2RB|EGFR|FGA|FGB|FGF1|FGF10|FGF16|FGF17|FGF18|FGF19|FGF2|FGF20|FGF22|FGF23|FGF3|FGF4|FGF5|FGF6|FGF7|FGF8|FGF9|FGG|HBEGF|IL2RB|IL2RG|IL5RA|LAT|NCAM1|NRG1|NRG2|NRG4
 REACT:R-HSA-5673001	RAF/MAP kinase cascade	0.00061125945589	0.00964458	BTC|CSF2RA|CSF2RB|EGFR|FGA|FGB|FGF1|FGF10|FGF16|FGF17|FGF18|FGF19|FGF2|FGF20|FGF22|FGF23|FGF3|FGF4|FGF5|FGF6|FGF7|FGF8|FGF9|FGG|HBEGF|IL2RB|IL2RG|IL5RA|LAT|NCAM1|NRG1|NRG2|NRG4
 REACT:R-HSA-912526	Interleukin receptor SHC signaling	0.000612224407665	0.00964458	BTC|CSF2RA|CSF2RB|EGFR|FGA|FGB|FGF1|FGF10|FGF16|FGF17|FGF18|FGF19|FGF2|FGF20|FGF22|FGF23|FGF3|FGF4|FGF5|FGF6|FGF7|FGF8|FGF9|FGG|GAB2|HBEGF|IL2RB|IL2RG|IL5RA|LAT|NCAM1|NRG1|NRG2|NRG4
 KEGG:hsa04610	Complement and coagulation cascades	0.00061808827858	0.00967247	C1R|C8A|CD46|CD59|F3|FGA|FGB|FGG|MASP2|MBL2|PLAUR|SERPINB2|SERPINC1|SERPINF2|SERPING1
 KEGG:hsa05332	Graft-versus-host disease	0.000654411795457	0.0101735	CD28|FAS|IFNG|IL1A|IL1B|KIR2DL1|KIR2DL3|KIR3DL2|KLRC1|KLRD1
 REACT:R-HSA-5663202	Diseases of signal transduction	0.000688516426133	0.0105571	BTC|CD19|CD28|DKK1|DKK2|DLL4|EGFR|ERLEC1|FGA|FGB|FGF1|FGF10|FGF16|FGF17|FGF18|FGF19|FGF2|FGF20|FGF22|FGF23|FGF3|FGF4|FGF5|FGF6|FGF7|FGF8|FGF9|FGG|FOXO1|GAB2|HBEGF|HDAC9|HEY1|ICOS|JAG2|MAMLD1|NRG1|NRG2|NRG4|OS9|PIK3AP1|PORCN|PSEN2|STAT5A|TCF7L2
 REACT:R-HSA-1963640	GRB2 events in ERBB2 signaling	0.000692490384077	0.0105571	BTC|EGFR|HBEGF|NRG1|NRG2|NRG4
 REACT:R-HSA-1963642	PI3K events in ERBB2 signaling	0.000692490384077	0.0105571	BTC|EGFR|HBEGF|NRG1|NRG2|NRG4
 REACT:R-HSA-6794362	Protein-protein interactions at synapses	0.000725564328733	0.0109904	BEGAIN|DLGAP4|GRIA4|LRFN1|LRFN2|LRFN3|LRFN4|LRRTM1|LRRTM2|LRRTM3|LRRTM4|NLGN4Y|NRXN1|NRXN3
 REACT:R-HSA-5218921	VEGFR2 mediated cell proliferation	0.000755895005268	0.0113588	BTC|CSF2RA|CSF2RB|EGFR|FGA|FGB|FGF1|FGF10|FGF16|FGF17|FGF18|FGF19|FGF2|FGF20|FGF22|FGF23|FGF3|FGF4|FGF5|FGF6|FGF7|FGF8|FGF9|FGG|HBEGF|IL2RB|IL2RG|IL5RA|LAT|NCAM1|NRG1|NRG2|NRG4|VEGFA
 REACT:R-HSA-6783783	Interleukin-10 signaling	0.000759499407463	0.0113588	CSF1|ICAM1|IL10RA|IL10RB|IL12B|IL1A|IL1B|IL1R1|IL1R2|IL1RN|TNFRSF1B
 REACT:R-HSA-170984	ARMS-mediated activation	0.000813698596809	0.0120173	BTC|CSF2RA|CSF2RB|EGFR|FGA|FGB|FGF1|FGF10|FGF16|FGF17|FGF18|FGF19|FGF2|FGF20|FGF22|FGF23|FGF3|FGF4|FGF5|FGF6|FGF7|FGF8|FGF9|FGG|HBEGF|IL2RB|IL2RG|IL5RA|LAT|NCAM1|NRG1|NRG2|NRG4
 REACT:R-HSA-187706	Signalling to p38 via RIT and RIN	0.000813698596809	0.0120173	BTC|CSF2RA|CSF2RB|EGFR|FGA|FGB|FGF1|FGF10|FGF16|FGF17|FGF18|FGF19|FGF2|FGF20|FGF22|FGF23|FGF3|FGF4|FGF5|FGF6|FGF7|FGF8|FGF9|FGG|HBEGF|IL2RB|IL2RG|IL5RA|LAT|NCAM1|NRG1|NRG2|NRG4
 REACT:R-HSA-5683057	MAPK family signaling cascades	0.000836061625099	0.0122709	BTC|CSF2RA|CSF2RB|EGFR|FGA|FGB|FGF1|FGF10|FGF16|FGF17|FGF18|FGF19|FGF2|FGF20|FGF22|FGF23|FGF3|FGF4|FGF5|FGF6|FGF7|FGF8|FGF9|FGG|FOXO1|HBEGF|IL2RB|IL2RG|IL5RA|IL6R|IL6ST|LAT|NCAM1|NRG1|NRG2|NRG4|TNRC6A
 REACT:R-HSA-170968	Frs2-mediated activation	0.000872696749543	0.0125695	BTC|CSF2RA|CSF2RB|EGFR|FGA|FGB|FGF1|FGF10|FGF16|FGF17|FGF18|FGF19|FGF2|FGF20|FGF22|FGF23|FGF3|FGF4|FGF5|FGF6|FGF7|FGF8|FGF9|FGG|HBEGF|IL2RB|IL2RG|IL5RA|LAT|NCAM1|NRG1|NRG2|NRG4
 REACT:R-HSA-3595172	Defective CHST3 causes SEDCJD	0.000883005877927	0.0125695	BCAN|BGN|DCN|VCAN
 REACT:R-HSA-3595174	"Defective CHST14 causes EDS musculocontractural type"	0.000883005877927	0.0125695	BCAN|BGN|DCN|VCAN
 REACT:R-HSA-3595177	Defective CHSY1 causes TPBS	0.000883005877927	0.0125695	BCAN|BGN|DCN|VCAN
 REACT:R-HSA-4411364	Binding of TCF/LEF:CTNNB1 to target gene promoters	0.000883005877927	0.0125695	LEF1|TCF7|TCF7L1|TCF7L2
 REACT:R-HSA-512988	"Interleukin-3 5 and GM-CSF signaling"	0.000918556713799	0.0129973	BTC|CSF2RA|CSF2RB|EGFR|FGA|FGB|FGF1|FGF10|FGF16|FGF17|FGF18|FGF19|FGF2|FGF20|FGF22|FGF23|FGF3|FGF4|FGF5|FGF6|FGF7|FGF8|FGF9|FGG|GAB2|HBEGF|IL2RB|IL2RG|IL5RA|LAT|NCAM1|NRG1|NRG2|NRG4|STAT5A
 KEGG:hsa04512	ECM-receptor interaction	0.000927433360428	0.0130448	CD44|CD47|CHAD|COMP|GP1BA|GP1BB|GP5|GP9|LAMB4|LAMC3|THBS1|THBS2|THBS3|THBS4|TNXB
 REACT:R-HSA-375170	CDO in myogenesis	0.000945015475983	0.0130589	CDH15|CDH2|CDH4|MEF2A|MEF2C|NTN3|TCF12|TCF4
 REACT:R-HSA-525793	Myogenesis	0.000945015475983	0.0130589	CDH15|CDH2|CDH4|MEF2A|MEF2C|NTN3|TCF12|TCF4
 REACT:R-HSA-5621480	Dectin-2 family	0.000945015475983	0.0130589	CLEC10A|CLEC4A|CLEC4C|CLEC4D|CLEC4E|CLEC6A|MUC15|MUC7
 REACT:R-HSA-169893	Prolonged ERK activation events	0.00100204592435	0.0137665	BTC|CSF2RA|CSF2RB|EGFR|FGA|FGB|FGF1|FGF10|FGF16|FGF17|FGF18|FGF19|FGF2|FGF20|FGF22|FGF23|FGF3|FGF4|FGF5|FGF6|FGF7|FGF8|FGF9|FGG|HBEGF|IL2RB|IL2RG|IL5RA|LAT|NCAM1|NRG1|NRG2|NRG4
 REACT:R-HSA-5083635	Defective B3GALTL causes Peters-plus syndrome (PpS)	0.00123593672443	0.0168816	ADAMTS17|ADAMTSL1|ADAMTSL2|ADAMTSL4|CFP|THBS1|THBS2|THSD1|THSD7B
 REACT:R-HSA-167044	Signalling to RAS	0.00131189135098	0.0178161	BTC|CSF2RA|CSF2RB|EGFR|FGA|FGB|FGF1|FGF10|FGF16|FGF17|FGF18|FGF19|FGF2|FGF20|FGF22|FGF23|FGF3|FGF4|FGF5|FGF6|FGF7|FGF8|FGF9|FGG|HBEGF|IL2RB|IL2RG|IL5RA|LAT|NCAM1|NRG1|NRG2|NRG4
 REACT:R-HSA-428542	Regulation of Commissural axon pathfinding by Slit and Robo	0.00154462324349	0.0207383	ROBO1|ROBO2|SLIT2
 REACT:R-HSA-428776	Class II GLUTs	0.00154462324349	0.0207383	SLC2A11|SLC2A5|SLC2A9
 REACT:R-HSA-177929	Signaling by EGFR	0.00160494873745	0.0214265	ARHGEF7|BTC|CD19|CD28|CSF2RA|CSF2RB|EGFR|FGA|FGB|FGF1|FGF10|FGF16|FGF17|FGF18|FGF19|FGF2|FGF20|FGF22|FGF23|FGF3|FGF4|FGF5|FGF6|FGF7|FGF8|FGF9|FGG|FOXO1|HBEGF|ICOS|IL2RB|IL2RG|IL5RA|LAT|LRIG1|NCAM1|NRG1|NRG2|NRG4|PHLPP1|PHLPP2|PIK3AP1|TNRC6A
 REACT:R-HSA-446210	Synthesis of UDP-N-acetyl-glucosamine	0.00166230107003	0.0220422	AMDHD2|NAGK|PGM3|RENBP
 REACT:R-HSA-8853659	RET signaling	0.00166972138752	0.0220422	BTC|CSF2RA|CSF2RB|EGFR|FGA|FGB|FGF1|FGF10|FGF16|FGF17|FGF18|FGF19|FGF2|FGF20|FGF22|FGF23|FGF3|FGF4|FGF5|FGF6|FGF7|FGF8|FGF9|FGG|GAB2|HBEGF|IL2RB|IL2RG|IL5RA|LAT|NCAM1|NRG1|NRG2|NRG4
 REACT:R-HSA-2892247	"POU5F1 (OCT4) SOX2 NANOG activate genes related to proliferation"	0.0017398548487	0.0227142	DPPA4|FGF2|SALL1|SOX2|TDGF1
 REACT:R-HSA-75205	Dissolution of Fibrin Clot	0.0017398548487	0.0227142	PLAUR|SERPINB2|SERPINB6|SERPINB8|SERPINF2
 REACT:R-HSA-1251985	Nuclear signaling by ERBB4	0.00178895855574	0.023227	BTC|HBEGF|NRG1|NRG2|NRG4|PSEN2|STAT5A
 REACT:R-HSA-416700	Other semaphorin interactions	0.00193458077873	0.0249804	CD72|PLXNA1|PLXNA2|PLXNC1|PLXND1|SEMA3E
 REACT:R-HSA-112399	IRS-mediated signalling	0.00202661345582	0.0260266	BTC|CSF2RA|CSF2RB|EGFR|FGA|FGB|FGF1|FGF10|FGF16|FGF17|FGF18|FGF19|FGF2|FGF20|FGF22|FGF23|FGF3|FGF4|FGF5|FGF6|FGF7|FGF8|FGF9|FGG|HBEGF|IL2RB|IL2RG|IL5RA|LAMTOR1|LAT|NCAM1|NRG1|NRG2|NRG4|PRKAB1|PRKAB2
 REACT:R-HSA-187687	Signalling to ERKs	0.00205720649764	0.0261887	BTC|CSF2RA|CSF2RB|EGFR|FGA|FGB|FGF1|FGF10|FGF16|FGF17|FGF18|FGF19|FGF2|FGF20|FGF22|FGF23|FGF3|FGF4|FGF5|FGF6|FGF7|FGF8|FGF9|FGG|HBEGF|IL2RB|IL2RG|IL5RA|LAT|NCAM1|NRG1|NRG2|NRG4
 KEGG:hsa04810	Regulation of actin cytoskeleton	0.00206140182824	0.0261887	ARHGEF7|BCAR1|CD14|EGFR|FGF1|FGF10|FGF11|FGF12|FGF13|FGF14|FGF16|FGF17|FGF18|FGF19|FGF2|FGF20|FGF21|FGF22|FGF23|FGF3|FGF4|FGF5|FGF6|FGF7|FGF8|FGF9|MYH14|MYH9
 REACT:R-HSA-1474244	Extracellular matrix organization	0.00241254617424	0.0303237	ASPN|BCAN|BGN|BSG|CAST|CD44|CD47|CEACAM1|CEACAM8|COL8A2|COMP|DCN|EFEMP1|FGA|FGB|FGF2|FGG|FMOD|ICAM1|ICAM2|ICAM3|ICAM4|JAM2|LAMC3|LTBP1|LTBP3|LUM|NCAM1|NRXN1|NTN4|OPTC|P4HB|PCOLCE|THBS1|TNXB|VCAN
 REACT:R-HSA-74751	Insulin receptor signalling cascade	0.00241254617424	0.0303237	BTC|CSF2RA|CSF2RB|EGFR|FGA|FGB|FGF1|FGF10|FGF16|FGF17|FGF18|FGF19|FGF2|FGF20|FGF22|FGF23|FGF3|FGF4|FGF5|FGF6|FGF7|FGF8|FGF9|FGG|HBEGF|IL2RB|IL2RG|IL5RA|LAMTOR1|LAT|NCAM1|NRG1|NRG2|NRG4|PRKAB1|PRKAB2
 REACT:R-HSA-1250347	SHC1 events in ERBB4 signaling	0.00254228742481	0.0316042	BTC|HBEGF|NRG1|NRG2|NRG4
 REACT:R-HSA-2428924	IGF1R signaling cascade	0.00255454947953	0.0316042	BTC|CSF2RA|CSF2RB|EGFR|FGA|FGB|FGF1|FGF10|FGF16|FGF17|FGF18|FGF19|FGF2|FGF20|FGF22|FGF23|FGF3|FGF4|FGF5|FGF6|FGF7|FGF8|FGF9|FGG|HBEGF|IL2RB|IL2RG|IL5RA|LAMTOR1|LAT|NCAM1|NRG1|NRG2|NRG4|PRKAB1|PRKAB2
 REACT:R-HSA-2428928	IRS-related events triggered by IGF1R	0.00255454947953	0.0316042	BTC|CSF2RA|CSF2RB|EGFR|FGA|FGB|FGF1|FGF10|FGF16|FGF17|FGF18|FGF19|FGF2|FGF20|FGF22|FGF23|FGF3|FGF4|FGF5|FGF6|FGF7|FGF8|FGF9|FGG|HBEGF|IL2RB|IL2RG|IL5RA|LAMTOR1|LAT|NCAM1|NRG1|NRG2|NRG4|PRKAB1|PRKAB2
 REACT:R-HSA-2404192	Signaling by Type 1 Insulin-like Growth Factor 1 Receptor (IGF1R)	0.0027036929607	0.0332751	BTC|CSF2RA|CSF2RB|EGFR|FGA|FGB|FGF1|FGF10|FGF16|FGF17|FGF18|FGF19|FGF2|FGF20|FGF22|FGF23|FGF3|FGF4|FGF5|FGF6|FGF7|FGF8|FGF9|FGG|HBEGF|IL2RB|IL2RG|IL5RA|LAMTOR1|LAT|NCAM1|NRG1|NRG2|NRG4|PRKAB1|PRKAB2
 REACT:R-HSA-3928663	EPHA-mediated growth cone collapse	0.0028704882777	0.0351449	EFNA1|EFNA2|EFNA3|EFNA4|MYH11|MYH14|MYH9|VEGFA
 REACT:R-HSA-74752	Signaling by Insulin receptor	0.00297284688741	0.0362105	ATP6V0A1|ATP6V1E2|BTC|CSF2RA|CSF2RB|EGFR|FGA|FGB|FGF1|FGF10|FGF16|FGF17|FGF18|FGF19|FGF2|FGF20|FGF22|FGF23|FGF3|FGF4|FGF5|FGF6|FGF7|FGF8|FGF9|FGG|HBEGF|IL2RB|IL2RG|IL5RA|LAMTOR1|LAT|NCAM1|NRG1|NRG2|NRG4|PRKAB1|PRKAB2
 REACT:R-HSA-187037	NGF signalling via TRKA from the plasma membrane	0.00299405095374	0.0362818	BTC|CD19|CD28|CSF2RA|CSF2RB|EGFR|FGA|FGB|FGF1|FGF10|FGF16|FGF17|FGF18|FGF19|FGF2|FGF20|FGF22|FGF23|FGF3|FGF4|FGF5|FGF6|FGF7|FGF8|FGF9|FGG|FOXO1|HBEGF|ICOS|IL2RB|IL2RG|IL5RA|LAT|MEF2A|MEF2C|NCAM1|NRG1|NRG2|NRG4|NTRK2|PHLPP1|PHLPP2|PIK3AP1|TNRC6A
 KEGG:hsa04658	Th1 and Th2 cell differentiation	0.00304702810142	0.0367353	CD3D|CD3G|CD4|DLL4|GATA3|IFNG|IL12B|IL12RB1|IL2RB|IL2RG|JAG2|LAT|RUNX3|STAT5A|STAT6
 REACT:R-HSA-373752	Netrin-1 signaling	0.00317059123159	0.038031	ABLIM1|NTN4|ROBO1|SLIT1|SLIT2|SLIT3|TRPC1|UNC5B|UNC5C
 REACT:R-HSA-2454202	Fc epsilon receptor (FCERI) signaling	0.00328699185348	0.0392281	BTC|CD19|CD28|CSF2RA|CSF2RB|EGFR|FCER1A|FGA|FGB|FGF1|FGF10|FGF16|FGF17|FGF18|FGF19|FGF2|FGF20|FGF22|FGF23|FGF3|FGF4|FGF5|FGF6|FGF7|FGF8|FGF9|FGG|FOXO1|GAB2|HBEGF|ICOS|IL2RB|IL2RG|IL5RA|LAT|NCAM1|NRG1|NRG2|NRG4|PHLPP1|PHLPP2|PIK3AP1|TNRC6A
 REACT:R-HSA-2871796	FCERI mediated MAPK activation	0.00333202814234	0.0395657	BTC|CSF2RA|CSF2RB|EGFR|FGA|FGB|FGF1|FGF10|FGF16|FGF17|FGF18|FGF19|FGF2|FGF20|FGF22|FGF23|FGF3|FGF4|FGF5|FGF6|FGF7|FGF8|FGF9|FGG|HBEGF|IL2RB|IL2RG|IL5RA|LAT|NCAM1|NRG1|NRG2|NRG4
 KEGG:hsa_M00071	"Glycosphingolipid biosynthesis neolacto-series LacCer => nLc4Cer"	0.00364789060052	0.0430998	B4GALT2|B4GALT3|B4GALT4
 REACT:R-HSA-3769402	Deactivation of the beta-catenin transactivating complex	0.00375115110431	0.0440994	LEF1|PYGO2|SOX17|SOX2|SOX7|SOX9|TCF7|TCF7L1|TCF7L2
 KEGG:hsa05146	Amoebiasis	0.00417189146632	0.0485661	C8A|CD14|CD1D|GNAS|IFNG|IL12B|IL1B|IL1R1|IL1R2|LAMB4|LAMC3|SERPINB13|SERPINB6|SERPINB9|TLR2
 KEGG:hsa05340	Primary immunodeficiency	0.00419275878732	0.0485661	CD19|CD3D|CD4|CD40|CIITA|ICOS|IL2RG|RFXAP
 REACT:R-HSA-452723	Transcriptional regulation of pluripotent stem cells	0.00419275878732	0.0485661	DPPA4|FGF2|FOXP1|LIN28A|SALL1|SOX2|TDGF1|ZSCAN10
 REACT:R-HSA-3906995	Diseases associated with O-glycosylation of proteins	0.00422935520788	0.0487511	ADAMTS17|ADAMTSL1|ADAMTSL2|ADAMTSL4|CFP|MUC15|MUC7|THBS1|THBS2|THSD1|THSD7B
 REACT:R-HSA-6785807	Interleukin-4 and 13 signaling	0.00436116619944	0.0498596	BCL6|FGF2|FOXO1|GATA3|ICAM1|IL12B|IL13RA1|IL13RA2|IL1A|IL1B|IL2RG|IL6R|JUNB|SOX2|STAT6|TNFRSF1B|VEGFA
 REACT:R-HSA-1250196	SHC1 events in ERBB2 signaling	0.00439083187294	0.0498596	BTC|EGFR|HBEGF|NRG1|NRG2|NRG4
 REACT:R-HSA-140837	Intrinsic Pathway of Fibrin Clot Formation	0.00439083187294	0.0498596	GP1BA|GP1BB|GP5|GP9|SERPINC1|SERPING1
 REACT:R-HSA-430116	GP1b-IX-V activation signalling	0.00442060582788	0.0498596	GP1BA|GP1BB|GP5|GP9
 REACT:R-HSA-375165	NCAM signaling for neurite out-growth	0.00443102491711	0.0498596	BTC|CSF2RA|CSF2RB|EGFR|FGA|FGB|FGF1|FGF10|FGF16|FGF17|FGF18|FGF19|FGF2|FGF20|FGF22|FGF23|FGF3|FGF4|FGF5|FGF6|FGF7|FGF8|FGF9|FGG|HBEGF|IL2RB|IL2RG|IL5RA|LAT|NCAM1|NRG1|NRG2|NRG4
