 REACT:R-HSA-2453902	The canonical retinoid cycle in rods (twilight vision)	0.0	0	LRAT|RBP1|RBP3|RBP4|RDH11|RDH12|RDH8|RLBP1
 REACT:R-HSA-556833	Metabolism of lipids and lipoproteins	0.0	0	CDIPT|CYP11B1|ELOVL1|ELOVL3|ELOVL4|ELOVL7|FABP2|FABP3|FABP4|FABP5|FABP7|FABP9|HSD3B7|OSBPL10|OSBPL3|OSBPL5|OSBPL6|OSBPL7|OSBPL8|OSBPL9|PON1|PON2|PON3|PTGR2|SRD5A1|SRD5A2|SRD5A3|TECR|TECRL|TMEM86B
 REACT:R-HSA-383280	Nuclear Receptor transcription pathway	2.96080293616e-09	2.33213e-06	AR|NR0B1|NR1I3|NR3C1|NR3C2|NR4A3|PGR|VDR
 REACT:R-HSA-163560	Hormone-sensitive lipase (HSL)-mediated triacylglycerol hydrolysis	4.65379867975e-09	2.74923e-06	FABP2|FABP3|FABP4|FABP5|FABP7|FABP9
 REACT:R-HSA-1430728	Metabolism	9.13815190184e-09	4.31869e-06	CDIPT|COX7A2L|CYP11B1|ELOVL1|ELOVL3|ELOVL4|ELOVL7|FABP2|FABP3|FABP4|FABP5|FABP7|FABP9|HSD3B7|LRAT|NUP107|OSBPL10|OSBPL3|OSBPL5|OSBPL6|OSBPL7|OSBPL8|OSBPL9|PON1|PON2|PON3|PPP2R1A|PPP2R1B|PTGR2|RBP1|RBP2|RBP4|RDH11|SRD5A1|SRD5A2|SRD5A3|TECR|TECRL|TMEM86B
 KEGG:hsa_M00415	"Fatty acid biosynthesis elongation endoplasmic reticulum"	2.31740147072e-08	9.1267e-06	ELOVL1|ELOVL3|ELOVL4|ELOVL7|TECR
 REACT:R-HSA-75876	Synthesis of very long-chain fatty acyl-CoAs	4.31358065933e-08	1.42186e-05	ELOVL1|ELOVL3|ELOVL4|ELOVL7|TECR|TECRL
 REACT:R-HSA-2187338	Visual phototransduction	4.81376175587e-08	1.42186e-05	LRAT|RBP1|RBP2|RBP3|RBP4|RDH11|RDH12|RDH8|RLBP1
 REACT:R-HSA-5362517	Signaling by Retinoic Acid	6.39157234694e-07	0.000167814	CRABP1|CRABP2|FABP5|RDH11|RDH13|RDH14
 KEGG:hsa00062	Fatty acid elongation	8.92597299851e-07	0.000210921	ELOVL1|ELOVL3|ELOVL4|ELOVL7|TECR
 REACT:R-HSA-75105	Fatty Acyl-CoA Biosynthesis	2.53900008762e-06	0.000545423	ELOVL1|ELOVL3|ELOVL4|ELOVL7|TECR|TECRL
 REACT:R-HSA-192105	Synthesis of bile acids and bile salts	4.43864105071e-06	0.000874042	HSD3B7|OSBPL3|OSBPL6|OSBPL7|OSBPL9
 REACT:R-HSA-194068	Bile acid and bile salt metabolism	1.45800704621e-05	0.00265021	HSD3B7|OSBPL3|OSBPL6|OSBPL7|OSBPL9
 REACT:R-HSA-975634	Retinoid metabolism and transport	1.63549959851e-05	0.00276049	LRAT|RBP1|RBP2|RBP4|RDH11
 REACT:R-HSA-5365859	RA biosynthesis pathway	2.14659321829e-05	0.0033816	CRABP1|RDH11|RDH13|RDH14
 REACT:R-HSA-75109	Triglyceride Biosynthesis	2.72468713504e-05	0.00385472	ELOVL1|ELOVL3|ELOVL4|ELOVL7|TECR|TECRL
 REACT:R-HSA-2142688	Synthesis of 5-eicosatetraenoic acids	3.09943507812e-05	0.00385472	PON1|PON2|PON3
 REACT:R-HSA-2453864	Retinoid cycle disease events	3.09943507812e-05	0.00385472	RBP1|RBP4|RLBP1
 REACT:R-HSA-2474795	Diseases associated with visual transduction	3.09943507812e-05	0.00385472	RBP1|RBP4|RLBP1
 REACT:R-HSA-6806667	Metabolism of fat-soluble vitamins	4.10378127017e-05	0.00484862	LRAT|RBP1|RBP2|RBP4|RDH11
 REACT:R-HSA-193048	Androgen biosynthesis	6.02383205613e-05	0.00677825	SRD5A1|SRD5A2|SRD5A3
 REACT:R-HSA-196071	Metabolism of steroid hormones	8.28971068406e-05	0.0089039	CYP11B1|SRD5A1|SRD5A2|SRD5A3
 REACT:R-HSA-425561	Sodium/Calcium exchangers	0.000103310171385	0.010614	SLC8A1|SLC8A2|SLC8A3
 KEGG:hsa00830	Retinol metabolism	0.00011025555252	0.0108556	LRAT|RDH11|RDH12|RDH8|RETSAT
 REACT:R-HSA-418359	Reduction of cytosolic Ca++ levels	0.000130789661961	0.0123622	SLC8A1|SLC8A2|SLC8A3
 KEGG:hsa03320	PPAR signaling pathway	0.000179413125433	0.0163059	FABP2|FABP3|FABP4|FABP5|FABP7
 REACT:R-HSA-73923	"Lipid digestion mobilization and transport"	0.000193725367828	0.0169546	FABP2|FABP3|FABP4|FABP5|FABP7|FABP9
 KEGG:hsa04974	Protein digestion and absorption	0.000508349193864	0.0421272	CELA2B|SLC15A1|SLC8A1|SLC8A2|SLC8A3
 REACT:R-HSA-1482801	Acyl chain remodelling of PS	0.000530368697128	0.0421272	OSBPL10|OSBPL5|OSBPL8
 REACT:R-HSA-418346	Platelet homeostasis	0.000534835324859	0.0421272	PPP2R1A|PPP2R1B|SLC8A1|SLC8A2|SLC8A3
