 REACT:R-HSA-389977	Post-chaperonin tubulin folding pathway	2.72724441919e-08	4.7314e-05	TUBA4A|TUBAL3|TUBB1
 REACT:R-HSA-389960	Formation of tubulin folding intermediates by CCT/TriC	4.0045718297e-08	4.7314e-05	TUBA4A|TUBAL3|TUBB1
 REACT:R-HSA-389958	Cooperation of Prefoldin and TriC/CCT in actin and tubulin folding	9.21314557978e-08	7.25689e-05	TUBA4A|TUBAL3|TUBB1
 KEGG:hsa05130	Pathogenic Escherichia coli infection	4.03380786329e-07	0.000238297	TUBA4A|TUBAL3|TUBB1
 KEGG:hsa04540	Gap junction	1.6836471638e-06	0.000795692	TUBA4A|TUBAL3|TUBB1
 REACT:R-HSA-390466	Chaperonin-mediated protein folding	2.40476497382e-06	0.000947077	TUBA4A|TUBAL3|TUBB1
 REACT:R-HSA-391251	Protein folding	2.87296676216e-06	0.000969831	TUBA4A|TUBAL3|TUBB1
 KEGG:hsa04145	Phagosome	8.94169656707e-06	0.00264115	TUBA4A|TUBAL3|TUBB1
 REACT:R-HSA-389957	Prefoldin mediated transfer of substrate to CCT/TriC	3.6172406945e-05	0.00949727	TUBA4A|TUBB1
