 REACT:R-HSA-1445148	Translocation of GLUT4 to the plasma membrane	4.97625274321e-11	1.17589e-07	MYH13|MYH15|MYH2|MYH3|MYH8|MYO1C|MYO5A
 KEGG:hsa04530	Tight junction	2.25304863655e-09	2.66198e-06	MYH11|MYH13|MYH14|MYH15|MYH2|MYH3|MYH8|MYH9
 REACT:R-HSA-5625900	RHO GTPases activate CIT	6.67823355349e-06	0.00394517	MYH11|MYH14|MYH9
 REACT:R-HSA-5627117	RHO GTPases Activate ROCKs	6.67823355349e-06	0.00394517	MYH11|MYH14|MYH9
 REACT:R-HSA-2029482	Regulation of actin dynamics for phagocytic cup formation	1.65108315733e-05	0.00581045	MYH2|MYH9|MYO1C|MYO5A
 REACT:R-HSA-5627123	RHO GTPases activate PAKs	1.72381447475e-05	0.00581045	MYH11|MYH14|MYH9
 REACT:R-HSA-162582	Signal Transduction	1.88808102017e-05	0.00581045	CCR2|CCR5|CNGB1|CX3CR1|GPR132|MYH11|MYH14|MYH9|MYO7A|OR10G7|OR10H5|OR10S1|OR2V2|OR4K5|OR51A4|TSHR
 REACT:R-HSA-416572	Sema4D induced cell migration and growth-cone collapse	1.96714431242e-05	0.00581045	MYH11|MYH14|MYH9
 KEGG:hsa04740	Olfactory transduction	2.69895948471e-05	0.00668767	CNGB1|OR10G7|OR10H5|OR10S1|OR2V2|OR4K5|OR51A4
 REACT:R-HSA-400685	Sema4D in semaphorin signaling	2.83016256675e-05	0.00668767	MYH11|MYH14|MYH9
 REACT:R-HSA-388396	GPCR downstream signaling	3.69609295678e-05	0.0077065	CCR2|CCR5|GPR132|OR10G7|OR10H5|OR10S1|OR2V2|OR4K5|OR51A4|TSHR
 REACT:R-HSA-199991	Membrane Trafficking	3.91358408124e-05	0.0077065	MYH13|MYH15|MYH2|MYH3|MYH8|MYO1C|MYO5A|MYO6
 REACT:R-HSA-2029480	Fcgamma receptor (FCGR) dependent phagocytosis	5.51877911524e-05	0.00967134	MYH2|MYH9|MYO1C|MYO5A
 REACT:R-HSA-3928663	EPHA-mediated growth cone collapse	5.72995268158e-05	0.00967134	MYH11|MYH14|MYH9
 REACT:R-HSA-5653656	Vesicle-mediated transport	6.55691645151e-05	0.0103293	MYH13|MYH15|MYH2|MYH3|MYH8|MYO1C|MYO5A|MYO6
 REACT:R-HSA-372790	Signaling by GPCR	7.06627778267e-05	0.010436	CCR2|CCR5|CX3CR1|GPR132|OR10G7|OR10H5|OR10S1|OR2V2|OR4K5|OR51A4|TSHR
 REACT:R-HSA-380108	Chemokine receptors bind chemokines	0.00016220183047	0.0225461	CCR2|CCR5|CX3CR1
 REACT:R-HSA-381753	Olfactory Signaling Pathway	0.000320096204545	0.0420215	OR10G7|OR10H5|OR10S1|OR2V2|OR4K5|OR51A4
