 REACT:R-HSA-372790	Signaling by GPCR	0.0	0	ADORA3|ANXA1|AVPR2|CSF2RA|GRP|HRH4|KALRN|MC3R|MC4R|OR10G3|OR10H3|OR10H5|OR10J1|OR11A1|OR11L1|OR14A16|OR1A2|OR1C1|OR1D2|OR1D5|OR1E1|OR1E2|OR1F1|OR1J1|OR1J4|OR1L1|OR1M1|OR1N1|OR1S2|OR2A2|OR2G3|OR2G6|OR2W3|OR3A3|OR4A16|OR4D10|OR4K15|OR4K2|OR4S1|OR51A4|OR52E2|OR52M1|OR52W1|OR5AP2|OR5AS1|OR5B12|OR5D13|OR5H6|OR5I1|OR5R1|OR7A10|OR7D2|OR8D1|OR8G1|OR8G5|OR8H1|OR9A2|OR9A4|PPP2R1A|PPP2R1B|PTGER3|TBXA2R
 REACT:R-HSA-388396	GPCR downstream signaling	0.0	0	ADORA3|ANXA1|AVPR2|CSF2RA|GRP|HRH4|KALRN|MC3R|MC4R|OR10G3|OR10H3|OR10H5|OR10J1|OR11A1|OR11L1|OR14A16|OR1A2|OR1C1|OR1D2|OR1D5|OR1E1|OR1E2|OR1F1|OR1J1|OR1J4|OR1L1|OR1M1|OR1N1|OR1S2|OR2A2|OR2G3|OR2G6|OR2W3|OR3A3|OR4A16|OR4D10|OR4K15|OR4K2|OR4S1|OR51A4|OR52E2|OR52M1|OR52W1|OR5AP2|OR5AS1|OR5B12|OR5D13|OR5H6|OR5I1|OR5R1|OR7A10|OR7D2|OR8D1|OR8G1|OR8G5|OR8H1|OR9A2|OR9A4|PTGER3|TBXA2R
 KEGG:hsa04740	Olfactory transduction	2.96107582898e-12	2.33234e-09	OR10G3|OR10H3|OR10H5|OR10J1|OR11A1|OR11L1|OR14A16|OR1A2|OR1C1|OR1D2|OR1D5|OR1E1|OR1E2|OR1F1|OR1J1|OR1J4|OR1L1|OR1M1|OR1N1|OR1S2|OR2A2|OR2G3|OR2G6|OR2W3|OR3A3|OR4A16|OR4D10|OR4K15|OR4K2|OR4S1|OR51A4|OR52E2|OR52M1|OR52W1|OR5AP2|OR5AS1|OR5B12|OR5D13|OR5H6|OR5I1|OR5R1|OR7A10|OR7D2|OR8D1|OR8G1|OR8G5|OR8H1|OR9A2|OR9A4|SLC8A1|SLC8A2|SLC8A3
 REACT:R-HSA-162582	Signal Transduction	1.02072794661e-11	6.02995e-09	ADORA3|ANXA1|APH1A|APH1B|AR|AVPR2|CRABP1|CRABP2|CSF2RA|FABP5|GGA3|GRP|HRH4|KALRN|LRAT|MC3R|MC4R|NR3C1|NUP107|OR10G3|OR10H3|OR10H5|OR10J1|OR11A1|OR11L1|OR14A16|OR1A2|OR1C1|OR1D2|OR1D5|OR1E1|OR1E2|OR1F1|OR1J1|OR1J4|OR1L1|OR1M1|OR1N1|OR1S2|OR2A2|OR2G3|OR2G6|OR2W3|OR3A3|OR4A16|OR4D10|OR4K15|OR4K2|OR4S1|OR51A4|OR52E2|OR52M1|OR52W1|OR5AP2|OR5AS1|OR5B12|OR5D13|OR5H6|OR5I1|OR5R1|OR7A10|OR7D2|OR8D1|OR8G1|OR8G5|OR8H1|OR9A2|OR9A4|PGR|PORCN|PPP2R1A|PPP2R1B|PTGER3|RBP1|RBP2|RBP3|RBP4|RDH11|RDH12|RDH13|RDH14|RDH8|RLBP1|TBXA2R
 REACT:R-HSA-381753	Olfactory Signaling Pathway	1.33424382653e-11	6.30564e-09	OR10G3|OR10H3|OR10H5|OR10J1|OR11A1|OR11L1|OR14A16|OR1A2|OR1C1|OR1D2|OR1D5|OR1E1|OR1E2|OR1F1|OR1J1|OR1J4|OR1L1|OR1M1|OR1N1|OR1S2|OR2A2|OR2G3|OR2G6|OR2W3|OR3A3|OR4A16|OR4D10|OR4K15|OR4K2|OR4S1|OR51A4|OR52E2|OR52M1|OR52W1|OR5AP2|OR5AS1|OR5B12|OR5D13|OR5H6|OR5I1|OR5R1|OR7A10|OR7D2|OR8D1|OR8G1|OR8G5|OR8H1|OR9A2|OR9A4
 REACT:R-HSA-163560	Hormone-sensitive lipase (HSL)-mediated triacylglycerol hydrolysis	3.88665988282e-10	1.5307e-07	FABP1|FABP2|FABP3|FABP4|FABP5|FABP6|FABP7|FABP9
 REACT:R-HSA-2453902	The canonical retinoid cycle in rods (twilight vision)	1.4456056352e-09	4.87995e-07	LRAT|RBP1|RBP3|RBP4|RDH11|RDH12|RDH8|RLBP1
 REACT:R-HSA-383280	Nuclear Receptor transcription pathway	6.12417960788e-09	1.80893e-06	AR|NR0B1|NR1I2|NR1I3|NR2C1|NR3C1|NR3C2|NR4A3|PGR|VDR
 KEGG:hsa_M00415	"Fatty acid biosynthesis elongation endoplasmic reticulum"	2.38843143041e-08	6.27096e-06	ELOVL1|ELOVL3|ELOVL4|ELOVL5|ELOVL7|TECR
 REACT:R-HSA-75876	Synthesis of very long-chain fatty acyl-CoAs	2.10434797587e-07	4.97257e-05	ELOVL1|ELOVL3|ELOVL4|ELOVL5|ELOVL7|TECR|TECRL
 KEGG:hsa00062	Fatty acid elongation	2.10069016504e-06	0.000451266	ELOVL1|ELOVL3|ELOVL4|ELOVL5|ELOVL7|TECR
 REACT:R-HSA-556833	Metabolism of lipids and lipoproteins	4.81594944357e-06	0.000948341	CDIPT|CYP11B1|ELOVL1|ELOVL3|ELOVL4|ELOVL5|ELOVL7|FABP1|FABP2|FABP3|FABP4|FABP5|FABP6|FABP7|FABP9|GPCPD1|HSD3B7|OSBPL10|OSBPL3|OSBPL5|OSBPL6|OSBPL7|OSBPL8|OSBPL9|PTGR2|SRD5A1|SRD5A2|SRD5A3|TECR|TECRL|TMEM86B
 REACT:R-HSA-75105	Fatty Acyl-CoA Biosynthesis	2.21737719657e-05	0.00403051	ELOVL1|ELOVL3|ELOVL4|ELOVL5|ELOVL7|TECR|TECRL
 REACT:R-HSA-2187338	Visual phototransduction	3.2752895113e-05	0.00552822	LRAT|RBP1|RBP2|RBP3|RBP4|RDH11|RDH12|RDH8|RLBP1
 REACT:R-HSA-194068	Bile acid and bile salt metabolism	5.69629176039e-05	0.00841271	FABP6|HSD3B7|OSBPL3|OSBPL6|OSBPL7|OSBPL9
 REACT:R-HSA-5362517	Signaling by Retinoic Acid	5.69629176039e-05	0.00841271	CRABP1|CRABP2|FABP5|RDH11|RDH13|RDH14
 KEGG:hsa03320	PPAR signaling pathway	0.000144855489455	0.0201349	FABP1|FABP2|FABP3|FABP4|FABP5|FABP6|FABP7
 REACT:R-HSA-192105	Synthesis of bile acids and bile salts	0.0001877253067	0.0246442	HSD3B7|OSBPL3|OSBPL6|OSBPL7|OSBPL9
 REACT:R-HSA-75109	Triglyceride Biosynthesis	0.000303109843522	0.0352552	ELOVL1|ELOVL3|ELOVL4|ELOVL5|ELOVL7|TECR|TECRL
 REACT:R-HSA-2453864	Retinoid cycle disease events	0.000313313308761	0.0352552	RBP1|RBP4|RLBP1
 REACT:R-HSA-2474795	Diseases associated with visual transduction	0.000313313308761	0.0352552	RBP1|RBP4|RLBP1
 REACT:R-HSA-5365859	RA biosynthesis pathway	0.000439069769286	0.0454456	CRABP1|RDH11|RDH13|RDH14
 REACT:R-HSA-2046105	Linoleic acid (LA) metabolism	0.000442339890182	0.0454456	ELOVL1|ELOVL3|ELOVL5
 REACT:R-HSA-73923	"Lipid digestion mobilization and transport"	0.000500884828273	0.0493163	FABP1|FABP2|FABP3|FABP4|FABP5|FABP6|FABP7|FABP9
