 REACT:R-HSA-383280	Nuclear Receptor transcription pathway	7.03215263798e-13	1.6617e-09	AR|NR0B1|NR1I3|NR2C1|NR3C1|NR3C2|NR4A3|PGR|VDR
 KEGG:hsa_M00415	"Fatty acid biosynthesis elongation endoplasmic reticulum"	7.90475577772e-07	0.000933947	ELOVL1|ELOVL3|ELOVL4|ELOVL7
 REACT:R-HSA-216083	Integrin cell surface interactions	2.92458394169e-06	0.0023036	ITGB1|ITGB2|ITGB3|ITGB5|ITGB6|ITGB7
 KEGG:hsa05412	Arrhythmogenic right ventricular cardiomyopathy (ARVC)	4.09753165698e-06	0.00242062	ITGB1|ITGB3|ITGB5|ITGB6|ITGB7|SLC8A1
 REACT:R-HSA-2453902	The canonical retinoid cycle in rods (twilight vision)	9.3598692259e-06	0.00370355	LRAT|RBP3|RDH8|RLBP1
 KEGG:hsa05410	Hypertrophic cardiomyopathy (HCM)	9.40385947035e-06	0.00370355	ITGB1|ITGB3|ITGB5|ITGB6|ITGB7|SLC8A1
 KEGG:hsa00062	Fatty acid elongation	1.32517666664e-05	0.00415843	ELOVL1|ELOVL3|ELOVL4|ELOVL7
 KEGG:hsa05414	Dilated cardiomyopathy	1.40784729632e-05	0.00415843	ITGB1|ITGB3|ITGB5|ITGB6|ITGB7|SLC8A1
 REACT:R-HSA-75876	Synthesis of very long-chain fatty acyl-CoAs	2.11622214482e-05	0.00555626	ELOVL1|ELOVL3|ELOVL4|ELOVL7
 KEGG:hsa04151	PI3K-Akt signaling pathway	3.09935391695e-05	0.00689273	IL4R|ITGB1|ITGB3|ITGB5|ITGB6|ITGB7|PPP2R1A|PPP2R1B|PRLR|RPTOR
 REACT:R-HSA-2129379	Molecules associated with elastic fibres	3.20863668886e-05	0.00689273	ITGB1|ITGB3|ITGB5|ITGB6
 REACT:R-HSA-425561	Sodium/Calcium exchangers	5.53742485832e-05	0.0109041	SLC8A1|SLC8A2|SLC8A3
 REACT:R-HSA-418359	Reduction of cytosolic Ca++ levels	7.01758361523e-05	0.0127558	SLC8A1|SLC8A2|SLC8A3
 REACT:R-HSA-1566948	Elastic fibre formation	0.00010864984553	0.0183385	ITGB1|ITGB3|ITGB5|ITGB6
 KEGG:hsa04512	ECM-receptor interaction	0.000123647952538	0.0194787	ITGB1|ITGB3|ITGB5|ITGB6|ITGB7
 REACT:R-HSA-418346	Platelet homeostasis	0.000202212776036	0.029777	PPP2R1A|PPP2R1B|SLC8A1|SLC8A2|SLC8A3
 REACT:R-HSA-3000170	Syndecan interactions	0.000214223262825	0.029777	ITGB1|ITGB3|ITGB5
 REACT:R-HSA-75105	Fatty Acyl-CoA Biosynthesis	0.00029093199789	0.0381929	ELOVL1|ELOVL3|ELOVL4|ELOVL7
 REACT:R-HSA-3000178	ECM proteoglycans	0.000358544049073	0.0441772	ITGB1|ITGB3|ITGB5|ITGB6
 KEGG:hsa_M00154	Cytochrome c oxidase	0.00037390754989	0.0441772	COX7A1|COX7A2|COX7A2L
 REACT:R-HSA-1251985	Nuclear signaling by ERBB4	0.000423087884749	0.0476075	APH1A|APH1B|PGR
