 REACT:R-HSA-383280	Nuclear Receptor transcription pathway	3.01221038557e-07	0.000645904	AR|NR0B1|NR3C1|NR3C2|NR4A3|PGR
 KEGG:hsa_M00415	"Fatty acid biosynthesis elongation endoplasmic reticulum"	5.46681140134e-07	0.000645904	ELOVL1|ELOVL3|ELOVL4|ELOVL7
 KEGG:hsa04144	Endocytosis	1.22071361031e-06	0.000902279	ARFGEF1|ARFGEF2|ERBB3|GBF1|IL2RB|IL2RG|PSD|PSD2|PSD3|PSD4
 REACT:R-HSA-216083	Integrin cell surface interactions	1.70391305598e-06	0.000902279	ITGB1|ITGB2|ITGB3|ITGB5|ITGB6|ITGB7
 KEGG:hsa04151	PI3K-Akt signaling pathway	1.90918202503e-06	0.000902279	IL2RB|IL2RG|IL4R|ITGB1|ITGB3|ITGB5|ITGB6|ITGB7|PPP2R1A|PPP2R1B|PRLR
 KEGG:hsa05412	Arrhythmogenic right ventricular cardiomyopathy (ARVC)	2.3915586439e-06	0.000941876	ITGB1|ITGB3|ITGB5|ITGB6|ITGB7|SLC8A1
 KEGG:hsa05410	Hypertrophic cardiomyopathy (HCM)	5.51539251825e-06	0.00186184	ITGB1|ITGB3|ITGB5|ITGB6|ITGB7|SLC8A1
 REACT:R-HSA-2453902	The canonical retinoid cycle in rods (twilight vision)	6.50024016791e-06	0.00192001	LRAT|RBP3|RDH8|RLBP1
 KEGG:hsa05414	Dilated cardiomyopathy	8.2789828777e-06	0.00217369	ITGB1|ITGB3|ITGB5|ITGB6|ITGB7|SLC8A1
 KEGG:hsa00062	Fatty acid elongation	9.21073862792e-06	0.0021765	ELOVL1|ELOVL3|ELOVL4|ELOVL7
 REACT:R-HSA-75876	Synthesis of very long-chain fatty acyl-CoAs	1.47272142561e-05	0.00316367	ELOVL1|ELOVL3|ELOVL4|ELOVL7
 KEGG:hsa04630	Jak-STAT signaling pathway	2.0594516576e-05	0.00379346	CSF2RA|IL21R|IL22RA2|IL2RB|IL2RG|IL4R|PRLR
 REACT:R-HSA-2129379	Molecules associated with elastic fibres	2.23572256286e-05	0.00379346	ITGB1|ITGB3|ITGB5|ITGB6
 REACT:R-HSA-449147	Signaling by Interleukins	2.24749819497e-05	0.00379346	ANXA1|CSF2RA|ERBB3|IL22RA2|IL2RB|IL2RG|IL4R|ITGB1|ITGB2|ITGB3|PPP2R1A|PPP2R1B
 REACT:R-HSA-425561	Sodium/Calcium exchangers	4.21334579527e-05	0.00654698	SLC8A1|SLC8A2|SLC8A3
 REACT:R-HSA-1280215	Cytokine Signaling in Immune system	4.43299553979e-05	0.00654698	ANXA1|CSF2RA|ERBB3|IL22RA2|IL2RB|IL2RG|IL4R|ITGB1|ITGB2|ITGB3|NUP107|PPP2R1A|PPP2R1B|PRLR
 REACT:R-HSA-418359	Reduction of cytosolic Ca++ levels	5.3416491879e-05	0.00742489	SLC8A1|SLC8A2|SLC8A3
 REACT:R-HSA-1566948	Elastic fibre formation	7.60494091837e-05	0.00986659	ITGB1|ITGB3|ITGB5|ITGB6
 KEGG:hsa04512	ECM-receptor interaction	7.99385968744e-05	0.00986659	ITGB1|ITGB3|ITGB5|ITGB6|ITGB7
 REACT:R-HSA-1236394	Signaling by ERBB4	8.35090271828e-05	0.00986659	APH1A|APH1B|ERBB3|PGR
 REACT:R-HSA-418346	Platelet homeostasis	0.000131233867962	0.0147669	PPP2R1A|PPP2R1B|SLC8A1|SLC8A2|SLC8A3
 REACT:R-HSA-422475	Axon guidance	0.000162019666336	0.0167919	APH1A|APH1B|CSF2RA|ERBB3|IL2RB|IL2RG|ITGB1|ITGB3|PPP2R1A|PPP2R1B|TRPC4
 REACT:R-HSA-3000170	Syndecan interactions	0.0001634422458	0.0167919	ITGB1|ITGB3|ITGB5
 REACT:R-HSA-75105	Fatty Acyl-CoA Biosynthesis	0.000204643806476	0.0201489	ELOVL1|ELOVL3|ELOVL4|ELOVL7
 REACT:R-HSA-3000178	ECM proteoglycans	0.000252512817623	0.0238675	ITGB1|ITGB3|ITGB5|ITGB6
 KEGG:hsa_M00154	Cytochrome c oxidase	0.000285715211064	0.0259671	COX7A1|COX7A2|COX7A2L
 REACT:R-HSA-1251985	Nuclear signaling by ERBB4	0.000323420348976	0.0260698	APH1A|APH1B|PGR
 REACT:R-HSA-112412	SOS-mediated signalling	0.000349796090349	0.0260698	CSF2RA|ERBB3|IL2RB|IL2RG|ITGB3|PPP2R1A|PPP2R1B
 REACT:R-HSA-179812	GRB2 events in EGFR signaling	0.000349796090349	0.0260698	CSF2RA|ERBB3|IL2RB|IL2RG|ITGB3|PPP2R1A|PPP2R1B
 REACT:R-HSA-180336	SHC1 events in EGFR signaling	0.000349796090349	0.0260698	CSF2RA|ERBB3|IL2RB|IL2RG|ITGB3|PPP2R1A|PPP2R1B
 REACT:R-HSA-5673001	RAF/MAP kinase cascade	0.000349796090349	0.0260698	CSF2RA|ERBB3|IL2RB|IL2RG|ITGB3|PPP2R1A|PPP2R1B
 REACT:R-HSA-6785807	Interleukin-4 and 13 signaling	0.000376471726874	0.0260698	ANXA1|IL2RG|IL4R|ITGB1|ITGB2
 REACT:R-HSA-170984	ARMS-mediated activation	0.000385735486861	0.0260698	CSF2RA|ERBB3|IL2RB|IL2RG|ITGB3|PPP2R1A|PPP2R1B
 REACT:R-HSA-187706	Signalling to p38 via RIT and RIN	0.000385735486861	0.0260698	CSF2RA|ERBB3|IL2RB|IL2RG|ITGB3|PPP2R1A|PPP2R1B
 REACT:R-HSA-170968	Frs2-mediated activation	0.000395167890748	0.0260698	CSF2RA|ERBB3|IL2RB|IL2RG|ITGB3|PPP2R1A|PPP2R1B
 REACT:R-HSA-5684996	MAPK1/MAPK3 signaling	0.000404784515962	0.0260698	CSF2RA|ERBB3|IL2RB|IL2RG|ITGB3|PPP2R1A|PPP2R1B
 REACT:R-HSA-169893	Prolonged ERK activation events	0.000414587985476	0.0260698	CSF2RA|ERBB3|IL2RB|IL2RG|ITGB3|PPP2R1A|PPP2R1B
 REACT:R-HSA-2586552	Signaling by Leptin	0.000424580952561	0.0260698	CSF2RA|ERBB3|IL2RB|IL2RG|ITGB3|PPP2R1A|PPP2R1B
 REACT:R-HSA-2187335	The retinoid cycle in cones (daylight vision)	0.000430268213627	0.0260698	RBP3|RLBP1
 REACT:R-HSA-912526	Interleukin receptor SHC signaling	0.000445146084639	0.0262652	CSF2RA|ERBB3|IL2RB|IL2RG|ITGB3|PPP2R1A|PPP2R1B
 REACT:R-HSA-167044	Signalling to RAS	0.000455723696504	0.0262652	CSF2RA|ERBB3|IL2RB|IL2RG|ITGB3|PPP2R1A|PPP2R1B
 REACT:R-HSA-5218921	VEGFR2 mediated cell proliferation	0.000477482673179	0.0268641	CSF2RA|ERBB3|IL2RB|IL2RG|ITGB3|PPP2R1A|PPP2R1B
 REACT:R-HSA-451927	Interleukin-2 signaling	0.000523493861878	0.0287605	CSF2RA|ERBB3|IL2RB|IL2RG|ITGB3|PPP2R1A|PPP2R1B
 REACT:R-HSA-187687	Signalling to ERKs	0.000535532659411	0.0287605	CSF2RA|ERBB3|IL2RB|IL2RG|ITGB3|PPP2R1A|PPP2R1B
 REACT:R-HSA-109582	Hemostasis	0.0005869345092	0.0290838	CSF2RA|IL2RB|IL2RG|ITGB1|ITGB2|ITGB3|PPP2R1A|PPP2R1B|SLC8A1|SLC8A2|SLC8A3
 REACT:R-HSA-163767	PP2A-mediated dephosphorylation of key metabolic factors	0.000600264341496	0.0290838	PPP2R1A|PPP2R1B
 REACT:R-HSA-881907	Gastrin-CREB signalling pathway via PKC and MAPK	0.000607474710605	0.0290838	ANXA1|CSF2RA|ERBB3|GRP|IL2RB|IL2RG|ITGB3|PPP2R1A|PPP2R1B
 REACT:R-HSA-418360	Platelet calcium homeostasis	0.000617555892111	0.0290838	SLC8A1|SLC8A2|SLC8A3
 KEGG:hsa04060	Cytokine-cytokine receptor interaction	0.000626132769577	0.0290838	CSF2RA|IL21R|IL22RA2|IL2RB|IL2RG|IL4R|PRLR
 REACT:R-HSA-8853659	RET signaling	0.000626132769577	0.0290838	CSF2RA|ERBB3|IL2RB|IL2RG|ITGB3|PPP2R1A|PPP2R1B
 REACT:R-HSA-2871796	FCERI mediated MAPK activation	0.000640015545219	0.0290838	CSF2RA|ERBB3|IL2RB|IL2RG|ITGB3|PPP2R1A|PPP2R1B
 REACT:R-HSA-512988	"Interleukin-3 5 and GM-CSF signaling"	0.000640015545219	0.0290838	CSF2RA|ERBB3|IL2RB|IL2RG|ITGB3|PPP2R1A|PPP2R1B
 REACT:R-HSA-375165	NCAM signaling for neurite out-growth	0.00071315252318	0.0317958	CSF2RA|ERBB3|IL2RB|IL2RG|ITGB3|PPP2R1A|PPP2R1B
 REACT:R-HSA-113510	E2F mediated regulation of DNA replication	0.000812636381147	0.0355604	ORC3|PPP2R1A|PPP2R1B
 KEGG:hsa04260	Cardiac muscle contraction	0.000837402658127	0.0359779	COX7A1|COX7A2|COX7A2L|SLC8A1
 REACT:R-HSA-5683057	MAPK family signaling cascades	0.000953785366293	0.0400021	CSF2RA|ERBB3|IL2RB|IL2RG|ITGB3|PPP2R1A|PPP2R1B
 REACT:R-HSA-75109	Triglyceride Biosynthesis	0.000964925452379	0.0400021	ELOVL1|ELOVL3|ELOVL4|ELOVL7
 KEGG:hsa04810	Regulation of actin cytoskeleton	0.000995988152434	0.0405779	ITGB1|ITGB2|ITGB3|ITGB5|ITGB6|ITGB7
 REACT:R-HSA-166520	Signalling by NGF	0.00102860261965	0.0406892	APH1A|APH1B|CSF2RA|ERBB3|IL2RB|IL2RG|ITGB3|PPP2R1A|PPP2R1B
 REACT:R-HSA-112399	IRS-mediated signalling	0.00103315877964	0.0406892	CSF2RA|ERBB3|IL2RB|IL2RG|ITGB3|PPP2R1A|PPP2R1B
 REACT:R-HSA-74751	Insulin receptor signalling cascade	0.00109604081964	0.0419211	CSF2RA|ERBB3|IL2RB|IL2RG|ITGB3|PPP2R1A|PPP2R1B
 REACT:R-HSA-2428924	IGF1R signaling cascade	0.00111765900991	0.0419211	CSF2RA|ERBB3|IL2RB|IL2RG|ITGB3|PPP2R1A|PPP2R1B
 REACT:R-HSA-2428928	IRS-related events triggered by IGF1R	0.00111765900991	0.0419211	CSF2RA|ERBB3|IL2RB|IL2RG|ITGB3|PPP2R1A|PPP2R1B
 REACT:R-HSA-2404192	Signaling by Type 1 Insulin-like Growth Factor 1 Receptor (IGF1R)	0.0011396119811	0.0420766	CSF2RA|ERBB3|IL2RB|IL2RG|ITGB3|PPP2R1A|PPP2R1B
 REACT:R-HSA-193692	Regulated proteolysis of p75NTR	0.00127281414913	0.0448904	APH1A|APH1B
 REACT:R-HSA-2046105	Linoleic acid (LA) metabolism	0.00127281414913	0.0448904	ELOVL1|ELOVL3
 REACT:R-HSA-2465910	MASTL Facilitates Mitotic Progression	0.00127281414913	0.0448904	PPP2R1A|PPP2R1B
