 REACT:R-HSA-383280	Nuclear Receptor transcription pathway	8.31209131524e-08	0.000196415	AR|NR0B1|NR3C1|NR3C2|NR4A3|PGR
 KEGG:hsa_M00415	"Fatty acid biosynthesis elongation endoplasmic reticulum"	2.31080328872e-07	0.000273021	ELOVL1|ELOVL3|ELOVL4|ELOVL7
 REACT:R-HSA-216083	Integrin cell surface interactions	4.77230583495e-07	0.000375899	ITGB1|ITGB2|ITGB3|ITGB5|ITGB6|ITGB7
 KEGG:hsa05412	Arrhythmogenic right ventricular cardiomyopathy (ARVC)	6.72222654985e-07	0.000397116	ITGB1|ITGB3|ITGB5|ITGB6|ITGB7|SLC8A1
 KEGG:hsa05410	Hypertrophic cardiomyopathy (HCM)	1.5654139599e-06	0.000739815	ITGB1|ITGB3|ITGB5|ITGB6|ITGB7|SLC8A1
 KEGG:hsa05414	Dilated cardiomyopathy	2.3623048061e-06	0.000930354	ITGB1|ITGB3|ITGB5|ITGB6|ITGB7|SLC8A1
 KEGG:hsa00062	Fatty acid elongation	3.93212437722e-06	0.00132737	ELOVL1|ELOVL3|ELOVL4|ELOVL7
 REACT:R-HSA-75876	Synthesis of very long-chain fatty acyl-CoAs	6.30278161462e-06	0.00186168	ELOVL1|ELOVL3|ELOVL4|ELOVL7
 REACT:R-HSA-2129379	Molecules associated with elastic fibres	9.59192333516e-06	0.00251841	ITGB1|ITGB3|ITGB5|ITGB6
 REACT:R-HSA-425561	Sodium/Calcium exchangers	2.22679954317e-05	0.00526193	SLC8A1|SLC8A2|SLC8A3
 REACT:R-HSA-418359	Reduction of cytosolic Ca++ levels	2.82531241991e-05	0.00562165	SLC8A1|SLC8A2|SLC8A3
 KEGG:hsa04512	ECM-receptor interaction	2.85483608231e-05	0.00562165	ITGB1|ITGB3|ITGB5|ITGB6|ITGB7
 REACT:R-HSA-1566948	Elastic fibre formation	3.2924994926e-05	0.00598475	ITGB1|ITGB3|ITGB5|ITGB6
 REACT:R-HSA-418346	Platelet homeostasis	4.72297084866e-05	0.0079717	PPP2R1A|PPP2R1B|SLC8A1|SLC8A2|SLC8A3
 REACT:R-HSA-3000170	Syndecan interactions	8.68511768463e-05	0.0132148	ITGB1|ITGB3|ITGB5
 REACT:R-HSA-75105	Fatty Acyl-CoA Biosynthesis	8.94781884332e-05	0.0132148	ELOVL1|ELOVL3|ELOVL4|ELOVL7
 KEGG:hsa04151	PI3K-Akt signaling pathway	0.000109222080976	0.0145299	ITGB1|ITGB3|ITGB5|ITGB6|ITGB7|PPP2R1A|PPP2R1B|PRLR
 REACT:R-HSA-3000178	ECM proteoglycans	0.000110680737072	0.0145299	ITGB1|ITGB3|ITGB5|ITGB6
 KEGG:hsa04144	Endocytosis	0.000131513158075	0.0163561	ARFGEF1|ARFGEF2|GBF1|PSD|PSD2|PSD3|PSD4
 KEGG:hsa_M00154	Cytochrome c oxidase	0.000152296132788	0.0179938	COX7A1|COX7A2|COX7A2L
 REACT:R-HSA-1251985	Nuclear signaling by ERBB4	0.000172527556767	0.0194135	APH1A|APH1B|PGR
 KEGG:hsa04810	Regulation of actin cytoskeleton	0.000316620855508	0.0340028	ITGB1|ITGB2|ITGB3|ITGB5|ITGB6|ITGB7
 REACT:R-HSA-418360	Platelet calcium homeostasis	0.000330962280367	0.0340028	SLC8A1|SLC8A2|SLC8A3
 KEGG:hsa04260	Cardiac muscle contraction	0.00037341287209	0.0367656	COX7A1|COX7A2|COX7A2L|SLC8A1
 REACT:R-HSA-163767	PP2A-mediated dephosphorylation of key metabolic factors	0.000393235222765	0.0371686	PPP2R1A|PPP2R1B
 REACT:R-HSA-75109	Triglyceride Biosynthesis	0.000431332143687	0.0392015	ELOVL1|ELOVL3|ELOVL4|ELOVL7
