 REACT:R-HSA-163560	Hormone-sensitive lipase (HSL)-mediated triacylglycerol hydrolysis	3.16848991488e-10	7.48714e-07	FABP1|FABP2|FABP3|FABP4|FABP5|FABP6|FABP7|FABP9
 KEGG:hsa04145	Phagosome	1.04806574086e-07	0.000123829	CLEC4M|CLEC7A|COLEC11|COLEC12|ITGB1|ITGB2|ITGB3|ITGB5|MBL2|MRC1|SFTPD|TLR4|TUBA4A|TUBB1
 KEGG:hsa04740	Olfactory transduction	5.04127862899e-07	0.000397085	OR11A1|OR11L1|OR12D3|OR14A16|OR1A2|OR1D5|OR1E1|OR1E2|OR1J1|OR1J4|OR1K1|OR1N1|OR3A3|OR5AS1|OR5B12|OR5I1|OR5M9|OR6C4|OR7D2|SLC8A1|SLC8A2|SLC8A3
 KEGG:hsa_M00415	"Fatty acid biosynthesis elongation endoplasmic reticulum"	9.95327469333e-07	0.000412518	ELOVL1|ELOVL3|ELOVL4|ELOVL5|ELOVL7
 REACT:R-HSA-383280	Nuclear Receptor transcription pathway	1.04453301175e-06	0.000412518	AR|NR0B1|NR2C1|NR3C1|NR3C2|NR4A3|PGR|VDR
 REACT:R-HSA-2453902	The canonical retinoid cycle in rods (twilight vision)	1.04744422635e-06	0.000412518	LRAT|RBP1|RBP3|RDH8|RLBP1|RPE65
 KEGG:hsa00062	Fatty acid elongation	3.5315379416e-05	0.0119215	ELOVL1|ELOVL3|ELOVL4|ELOVL5|ELOVL7
 REACT:R-HSA-381753	Olfactory Signaling Pathway	4.30174264439e-05	0.0127063	OR11A1|OR11L1|OR12D3|OR14A16|OR1A2|OR1D5|OR1E1|OR1E2|OR1J1|OR1J4|OR1K1|OR1N1|OR3A3|OR5AS1|OR5B12|OR5I1|OR5M9|OR6C4|OR7D2
 REACT:R-HSA-75876	Synthesis of very long-chain fatty acyl-CoAs	6.29052061796e-05	0.0164365	ELOVL1|ELOVL3|ELOVL4|ELOVL5|ELOVL7
 REACT:R-HSA-5621480	Dectin-2 family	7.50601049674e-05	0.0164365	CLEC10A|CLEC4A|CLEC4C|CLEC4D|CLEC4E
 KEGG:hsa04514	Cell adhesion molecules (CAMs)	7.65137333393e-05	0.0164365	CLDN11|CLDN2|ITGB1|ITGB2|ITGB7|OCLN|SELE|SELL|SELP|VCAN
 KEGG:hsa03320	PPAR signaling pathway	0.000122154551054	0.0240543	FABP1|FABP2|FABP3|FABP4|FABP5|FABP6|FABP7
 REACT:R-HSA-556833	Metabolism of lipids and lipoproteins	0.00014033021315	0.0255077	ARSA|AWAT1|CDIPT|ELOVL1|ELOVL3|ELOVL4|ELOVL5|ELOVL7|FABP1|FABP2|FABP3|FABP4|FABP5|FABP6|FABP7|FABP9|GLA|GPCPD1|NFYC|OSBPL10|OSBPL3|OSBPL5|OSBPL6|OSBPL7|OSBPL8|PTGR2|TMEM86B
 REACT:R-HSA-113510	E2F mediated regulation of DNA replication	0.000165161038828	0.0278768	CDC45|ORC3|PPP2R1A|PPP2R1B|TK2
 REACT:R-HSA-3000178	ECM proteoglycans	0.000243102396514	0.0382967	BCAN|ITGB1|ITGB3|ITGB5|ITGB6|VCAN
