 REACT:R-HSA-198933	Immunoregulatory interactions between a Lymphoid and a non-Lymphoid cell	7.84919207408e-09	1.85476e-05	CD19|CD22|CD3G|CD40|CXADR|ICAM2|ICAM4|KIR2DL1|KIR2DL3|LILRA1|LILRA3|LILRA4|LILRA5|LILRB5|SIGLEC10|SIGLEC11|SIGLEC5|SLAMF6
 KEGG:hsa04060	Cytokine-cytokine receptor interaction	3.26226675673e-08	3.85437e-05	CD27|CD40|CSF1|CSF2RA|CX3CL1|FAS|IFNAR2|IFNLR1|IL17B|IL19|IL1R2|IL1RAP|IL20RB|IL22RA1|IL22RA2|IL24|IL2RB|LTBR|TNFRSF10D|TNFRSF11B|TNFRSF14|TNFRSF18|TNFRSF25|TNFRSF6B|VEGFC
 KEGG:hsa04514	Cell adhesion molecules (CAMs)	8.6263246013e-07	0.000679467	ALCAM|CADM1|CD22|CD276|CD4|CD40|ESAM|ICAM2|JAM2|LRRC4|MAG|NCAM1|NFASC|NRXN3|NTNG1|PDCD1LG2
 REACT:R-HSA-8854691	"Interleukin-19 20 22 24"	1.3017143613e-06	0.000768988	IL19|IL20RB|IL22RA1|IL22RA2|IL24
 REACT:R-HSA-381753	Olfactory Signaling Pathway	2.62484171343e-06	0.0012405	OR10G3|OR10G8|OR10G9|OR10H1|OR10T2|OR13F1|OR14J1|OR1A1|OR1L4|OR2G3|OR2T33|OR2T35|OR2W3|OR3A3|OR4D1|OR4D9|OR4F17|OR4L1|OR4M1|OR4X2|OR52E2|OR56A3|OR5A2|OR6S1|OR6X1|OR7C2|OR7D4|OR8H1|OR8H3
 KEGG:hsa04740	Olfactory transduction	3.75115016416e-06	0.00147733	OR10G3|OR10G8|OR10G9|OR10H1|OR10T2|OR13F1|OR14J1|OR1A1|OR1L4|OR2G3|OR2T33|OR2W3|OR3A3|OR4D1|OR4D9|OR4F17|OR4L1|OR4M1|OR4X2|OR52E2|OR56A3|OR5A2|OR6S1|OR6X1|OR7C2|OR7D4|OR8H1|OR8H3
 REACT:R-HSA-168256	Immune System	1.88011844849e-05	0.00634674	AGER|AP1M2|ARSA|BCL6|BTC|BTLA|BTNL8|CD19|CD22|CD27|CD3G|CD4|CD40|CD47|CEACAM1|CSF1|CSF2RA|CXADR|DEFB119|FBXL12|FBXL13|FBXL14|FBXL15|FBXL5|FBXL7|FCAR|FCGR2A|GAA|GAB2|ICAM2|ICAM4|IFNAR2|IFNLR1|IL13RA2|IL19|IL1R2|IL1RAP|IL1RL1|IL20RB|IL22RA1|IL22RA2|IL24|IL2RB|KIR2DL1|KIR2DL3|LILRA1|LILRA3|LILRA4|LILRA5|LILRB5|LTBR|MASP2|MEF2A|MEF2C|MEFV|MGAM|MGRN1|NCAM1|NFASC|NLRP1|NLRP4|NRG1|NRG2|PDCD1LG2|PELI3|PGM1|PHLPP1|PHLPP2|PLAUR|RNF216|SEMG1|SIGLEC10|SIGLEC11|SIGLEC14|SIGLEC15|SIGLEC5|SLAMF6|SOX2|TNFRSF11B|TNFRSF14|TNFRSF18|TNFRSF25|TNFRSF6B|VAPA
 REACT:R-HSA-163125	Post-translational modification: synthesis of GPI-anchored proteins	2.42719152314e-05	0.00716932	CNTN4|LSAMP|LYPD4|MDGA2|NTM|NTNG1|OPCML|PLAUR|PSCA|RTN4RL1|SPACA4
 REACT:R-HSA-428542	Regulation of Commissural axon pathfinding by Slit and Robo	6.74099346776e-05	0.0176989	ROBO1|ROBO2|SLIT2
 REACT:R-HSA-202733	Cell surface interactions at the vascular wall	7.91427068486e-05	0.0187014	BSG|CD47|CD84|CEACAM1|CXADR|ESAM|JAM2|MAG|PSG11|PSG4|PSG6|PSG8|TNFRSF10D
 REACT:R-HSA-5669034	TNFs bind their physiological receptors	0.000100646947372	0.0207148	CD27|TNFRSF11B|TNFRSF14|TNFRSF18|TNFRSF25|TNFRSF6B
 REACT:R-HSA-3769402	Deactivation of the beta-catenin transactivating complex	0.000105195601721	0.0207148	LEF1|PYGO2|SOX17|SOX2|SOX7|SOX9|TCF7L2
 REACT:R-HSA-75205	Dissolution of Fibrin Clot	0.000261696013508	0.0475683	PLAUR|SERPINB2|SERPINB8|SERPINF2
