 REACT:R-HSA-2453902	The canonical retinoid cycle in rods (twilight vision)	4.52885173807e-10	1.07017e-06	LRAT|RBP1|RBP3|RBP4|RDH11|RDH12|RDH8|RLBP1|RPE65
 REACT:R-HSA-163560	Hormone-sensitive lipase (HSL)-mediated triacylglycerol hydrolysis	3.6087149935e-09	4.2637e-06	FABP1|FABP2|FABP3|FABP4|FABP5|FABP6|FABP7|FABP9
 REACT:R-HSA-383280	Nuclear Receptor transcription pathway	8.87006765815e-08	6.98666e-05	AR|NR0B1|NR1I2|NR1I3|NR2C1|NR3C1|NR3C2|NR4A3|PGR|VDR
 KEGG:hsa_M00415	"Fatty acid biosynthesis elongation endoplasmic reticulum"	1.27366318825e-07	7.52417e-05	ELOVL1|ELOVL3|ELOVL4|ELOVL5|ELOVL7|TECR
 REACT:R-HSA-75876	Synthesis of very long-chain fatty acyl-CoAs	1.40468737386e-06	0.000663855	ELOVL1|ELOVL3|ELOVL4|ELOVL5|ELOVL7|TECR|TECRL
 REACT:R-HSA-1839122	Signaling by activated point mutants of FGFR1	1.68901554654e-06	0.000665191	FGF2|FGF20|FGF23|FGF5|FGF6
 REACT:R-HSA-6811558	"PI5P PP2A and IER3 Regulate PI3K/AKT Signaling"	2.04778379376e-06	0.000691273	CD28|ERBB3|FGF2|FGF20|FGF23|FGF5|FGF6|HBEGF|ICOS|PPP2R1A|PPP2R1B
 REACT:R-HSA-190373	FGFR1c ligand binding and activation	2.84558511543e-06	0.000840515	FGF2|FGF20|FGF23|FGF5|FGF6
 REACT:R-HSA-199418	Negative regulation of the PI3K/AKT network	4.43218452051e-06	0.00107386	CD28|ERBB3|FGF2|FGF20|FGF23|FGF5|FGF6|HBEGF|ICOS|PPP2R1A|PPP2R1B
 REACT:R-HSA-190375	FGFR2c ligand binding and activation	4.54447737419e-06	0.00107386	FGF2|FGF20|FGF23|FGF5|FGF6
 REACT:R-HSA-2219530	Constitutive Signaling by Aberrant PI3K in Cancer	8.30143267427e-06	0.0017833	CD28|ERBB3|FGF2|FGF20|FGF23|FGF5|FGF6|HBEGF|ICOS
 KEGG:hsa04514	Cell adhesion molecules (CAMs)	1.02695791631e-05	0.00190231	CD28|CLDN11|CLDN2|CLDN7|ICOS|ITGB1|ITGB2|ITGB7|OCLN|SELE|SELL|SELP|VCAN
 KEGG:hsa00062	Fatty acid elongation	1.06191782366e-05	0.00190231	ELOVL1|ELOVL3|ELOVL4|ELOVL5|ELOVL7|TECR
 KEGG:hsa04151	PI3K-Akt signaling pathway	1.12705491851e-05	0.00190231	FGF13|FGF14|FGF2|FGF20|FGF23|FGF5|FGF6|IL2RB|IL2RG|IL4R|ITGB1|ITGB3|ITGB5|ITGB6|ITGB7|PPP2R1A|PPP2R1B|PRLR|RPTOR|TLR4|VEGFA
 REACT:R-HSA-190242	FGFR1 ligand binding and activation	1.46414569761e-05	0.00216236	FGF2|FGF20|FGF23|FGF5|FGF6
 REACT:R-HSA-5654219	Phospholipase C-mediated cascade: FGFR1	1.46414569761e-05	0.00216236	FGF2|FGF20|FGF23|FGF5|FGF6
 REACT:R-HSA-2033519	Activated point mutants of FGFR2	2.03856510721e-05	0.00283361	FGF2|FGF20|FGF23|FGF5|FGF6
 REACT:R-HSA-5654221	Phospholipase C-mediated cascade; FGFR2	2.77414679581e-05	0.00364184	FGF2|FGF20|FGF23|FGF5|FGF6
 REACT:R-HSA-2730905	Role of LAT2/NTAL/LAB on calcium mobilization	3.27569220067e-05	0.00407393	CD28|ERBB3|FGF2|FGF20|FGF23|FGF5|FGF6|GAB2|HBEGF|ICOS|PPP2R1A|PPP2R1B
 REACT:R-HSA-416700	Other semaphorin interactions	3.70027855584e-05	0.00426355	CD72|ITGB1|PLXNA1|PLXNA2|PLXND1
 REACT:R-HSA-1839124	FGFR1 mutant receptor activation	3.9694540225e-05	0.00426355	FGF2|FGF20|FGF23|FGF5|FGF6|GAB2
 REACT:R-HSA-2129379	Molecules associated with elastic fibres	3.9694540225e-05	0.00426355	ITGB1|ITGB3|ITGB5|ITGB6|LTBP1|LTBP3
 REACT:R-HSA-556833	Metabolism of lipids and lipoproteins	4.36717366518e-05	0.0044868	ARSA|AWAT1|CDIPT|CYP11B1|ELOVL1|ELOVL3|ELOVL4|ELOVL5|ELOVL7|FABP1|FABP2|FABP3|FABP4|FABP5|FABP6|FABP7|FABP9|GLA|GPCPD1|HSD3B7|NFYC|OSBPL10|OSBPL3|OSBPL5|OSBPL6|OSBPL7|OSBPL8|OSBPL9|PTGR2|SRD5A1|SRD5A2|SRD5A3|TECR|TECRL|TMEM86B
 REACT:R-HSA-190241	FGFR2 ligand binding and activation	4.84904143568e-05	0.00477429	FGF2|FGF20|FGF23|FGF5|FGF6
 REACT:R-HSA-2187338	Visual phototransduction	5.28535602117e-05	0.00499572	LRAT|RBP1|RBP2|RBP3|RBP4|RDH11|RDH12|RDH8|RLBP1|RPE65
 REACT:R-HSA-5654726	Negative regulation of FGFR1 signaling	5.76346016919e-05	0.0052381	FGF2|FGF20|FGF23|FGF5|FGF6|PPP2R1A
 REACT:R-HSA-5654688	SHC-mediated cascade:FGFR1	6.25520410054e-05	0.00527895	FGF2|FGF20|FGF23|FGF5|FGF6
 REACT:R-HSA-5654689	PI-3K cascade:FGFR1	6.25520410054e-05	0.00527895	FGF2|FGF20|FGF23|FGF5|FGF6
 REACT:R-HSA-1257604	PIP3 activates AKT signaling	6.69426301827e-05	0.00541581	CD28|ERBB3|FGF2|FGF20|FGF23|FGF5|FGF6|HBEGF|ICOS|PPP2R1A|PPP2R1B
 REACT:R-HSA-5654727	Negative regulation of FGFR2 signaling	6.87576845049e-05	0.00541581	FGF2|FGF20|FGF23|FGF5|FGF6|PPP2R1A
 REACT:R-HSA-180292	GAB1 signalosome	8.30988920453e-05	0.00586918	CD28|ERBB3|FGF2|FGF20|FGF23|FGF5|FGF6|HBEGF|ICOS|PPP2R1A|PPP2R1B
 REACT:R-HSA-198203	PI3K/AKT activation	8.30988920453e-05	0.00586918	CD28|ERBB3|FGF2|FGF20|FGF23|FGF5|FGF6|HBEGF|ICOS|PPP2R1A|PPP2R1B
 REACT:R-HSA-1839130	Signaling by activated point mutants of FGFR3	8.44486454051e-05	0.00586918	FGF2|FGF20|FGF23|FGF5
 REACT:R-HSA-2033514	FGFR3 mutant receptor activation	8.44486454051e-05	0.00586918	FGF2|FGF20|FGF23|FGF5
 KEGG:hsa_M00071	"Glycosphingolipid biosynthesis neolacto-series LacCer => nLc4Cer"	9.04774543296e-05	0.00590279	B4GALT2|B4GALT3|B4GALT4
 KEGG:hsa04145	Phagosome	9.65417080482e-05	0.00590279	CLEC4M|CLEC7A|COLEC11|COLEC12|ITGB1|ITGB2|ITGB3|ITGB5|MBL2|MRC1|SFTPD|TLR4
 KEGG:hsa05218	Melanoma	9.78499043036e-05	0.00590279	FGF13|FGF14|FGF2|FGF20|FGF23|FGF5|FGF6|MITF
 REACT:R-HSA-5654693	FRS-mediated FGFR1 signaling	9.99202566734e-05	0.00590279	FGF2|FGF20|FGF23|FGF5|FGF6
 REACT:R-HSA-5654695	PI-3K cascade:FGFR2	9.99202566734e-05	0.00590279	FGF2|FGF20|FGF23|FGF5|FGF6
 REACT:R-HSA-5654699	SHC-mediated cascade:FGFR2	9.99202566734e-05	0.00590279	FGF2|FGF20|FGF23|FGF5|FGF6
 REACT:R-HSA-2219528	PI3K/AKT Signaling in Cancer	0.00011593795862	0.00644248	CD28|ERBB3|FGF2|FGF20|FGF23|FGF5|FGF6|HBEGF|ICOS
 REACT:R-HSA-190239	FGFR3 ligand binding and activation	0.000119961613873	0.00644248	FGF2|FGF20|FGF23|FGF5
 REACT:R-HSA-190372	FGFR3c ligand binding and activation	0.000119961613873	0.00644248	FGF2|FGF20|FGF23|FGF5
 REACT:R-HSA-5654227	Phospholipase C-mediated cascade; FGFR3	0.000119961613873	0.00644248	FGF2|FGF20|FGF23|FGF5
 REACT:R-HSA-5655302	Signaling by FGFR1 in disease	0.000131504376779	0.00675846	FGF2|FGF20|FGF23|FGF5|FGF6|GAB2
 REACT:R-HSA-75105	Fatty Acyl-CoA Biosynthesis	0.000131565482223	0.00675846	ELOVL1|ELOVL3|ELOVL4|ELOVL5|ELOVL7|TECR|TECRL
 REACT:R-HSA-5654700	FRS-mediated FGFR2 signaling	0.000152411729744	0.00766274	FGF2|FGF20|FGF23|FGF5|FGF6
 REACT:R-HSA-190322	FGFR4 ligand binding and activation	0.000165167212735	0.00813104	FGF2|FGF20|FGF23|FGF6
 REACT:R-HSA-71387	Metabolism of carbohydrates	0.000183854799784	0.0088663	AGL|AMY2A|AMY2B|B4GALT2|B4GALT3|B4GALT4|BCAN|EPM2A|GUSB|NAGLU|NUP107|PPP2R1A|PPP2R1B|SI|SLC25A10|SLC50A1|VCAN
 REACT:R-HSA-5654228	Phospholipase C-mediated cascade; FGFR4	0.000221503667516	0.0104683	FGF2|FGF20|FGF23|FGF6
 REACT:R-HSA-1566948	Elastic fibre formation	0.000232847613759	0.0107886	ITGB1|ITGB3|ITGB5|ITGB6|LTBP1|LTBP3
 REACT:R-HSA-422475	Axon guidance	0.000254715589342	0.0115749	APH1A|APH1B|CD72|CSF2RA|ERBB3|FGF2|FGF20|FGF23|FGF5|FGF6|GAB2|HBEGF|IL2RB|IL2RG|ITGB1|ITGB3|KALRN|PLXNA1|PLXNA2|PLXND1|PPP2R1A|PPP2R1B|TRPC1|TRPC4|VEGFA
 REACT:R-HSA-194068	Bile acid and bile salt metabolism	0.00026587633755	0.0116346	FABP6|HSD3B7|OSBPL3|OSBPL6|OSBPL7|OSBPL9
 REACT:R-HSA-5362517	Signaling by Retinoic Acid	0.00026587633755	0.0116346	CRABP1|CRABP2|FABP5|RDH11|RDH13|RDH14
 REACT:R-HSA-5621480	Dectin-2 family	0.000317956395161	0.0134166	CLEC10A|CLEC4A|CLEC4C|CLEC4D|CLEC4E
 REACT:R-HSA-5654732	Negative regulation of FGFR3 signaling	0.000317956395161	0.0134166	FGF2|FGF20|FGF23|FGF5|PPP2R1A
 REACT:R-HSA-5663202	Diseases of signal transduction	0.000326174483997	0.0135219	APH1A|APH1B|CD28|ERBB3|FGF2|FGF20|FGF23|FGF5|FGF6|GAB2|HBEGF|ICOS|ITGB3|PORCN|PPP2R1A|PPP2R1B|RBP1|RBP4|RLBP1
 REACT:R-HSA-5654696	Downstream signaling of activated FGFR2	0.00037503095505	0.0152793	FGF2|FGF20|FGF23|FGF5|FGF6
 REACT:R-HSA-5654687	Downstream signaling of activated FGFR1	0.000439518708396	0.0173097	FGF2|FGF20|FGF23|FGF5|FGF6
 REACT:R-HSA-5654733	Negative regulation of FGFR4 signaling	0.000439518708396	0.0173097	FGF2|FGF20|FGF23|FGF6|PPP2R1A
 REACT:R-HSA-5654704	SHC-mediated cascade:FGFR3	0.000472361210507	0.0180031	FGF2|FGF20|FGF23|FGF5
 REACT:R-HSA-5654710	PI-3K cascade:FGFR3	0.000472361210507	0.0180031	FGF2|FGF20|FGF23|FGF5
 REACT:R-HSA-446210	Synthesis of UDP-N-acetyl-glucosamine	0.000483299919088	0.0181276	AMDHD2|NAGK|RENBP
 KEGG:hsa04810	Regulation of actin cytoskeleton	0.000570812450648	0.0210755	FGF13|FGF14|FGF2|FGF20|FGF23|FGF5|FGF6|ITGB1|ITGB2|ITGB3|ITGB5|ITGB6|ITGB7
 REACT:R-HSA-1839126	FGFR2 mutant receptor activation	0.000593163329846	0.0215638	FGF2|FGF20|FGF23|FGF5|FGF6
 REACT:R-HSA-5654736	Signaling by FGFR1	0.000612648580391	0.0219347	FGF2|FGF20|FGF23|FGF5|FGF6|PPP2R1A
 REACT:R-HSA-192105	Synthesis of bile acids and bile salts	0.000683578129471	0.0227934	HSD3B7|OSBPL3|OSBPL6|OSBPL7|OSBPL9
 REACT:R-HSA-189085	Digestion of dietary carbohydrate	0.000713649021076	0.0227934	AMY2A|AMY2B|SI
 REACT:R-HSA-2453864	Retinoid cycle disease events	0.000713649021076	0.0227934	RBP1|RBP4|RLBP1
 REACT:R-HSA-2474795	Diseases associated with visual transduction	0.000713649021076	0.0227934	RBP1|RBP4|RLBP1
 REACT:R-HSA-391908	Prostanoid ligand receptors	0.000713649021076	0.0227934	PTGER1|PTGER3|TBXA2R
 REACT:R-HSA-3000170	Syndecan interactions	0.000723448392074	0.0227934	FGF2|ITGB1|ITGB3|ITGB5
 REACT:R-HSA-5654706	FRS-mediated FGFR3 signaling	0.000723448392074	0.0227934	FGF2|FGF20|FGF23|FGF5
 REACT:R-HSA-5654719	SHC-mediated cascade:FGFR4	0.000723448392074	0.0227934	FGF2|FGF20|FGF23|FGF6
 REACT:R-HSA-5654720	PI-3K cascade:FGFR4	0.000723448392074	0.0227934	FGF2|FGF20|FGF23|FGF6
 KEGG:hsa03320	PPAR signaling pathway	0.000792949358203	0.0243343	FABP1|FABP2|FABP3|FABP4|FABP5|FABP6|FABP7
 KEGG:hsa05412	Arrhythmogenic right ventricular cardiomyopathy (ARVC)	0.000792949358203	0.0243343	ITGB1|ITGB3|ITGB5|ITGB6|ITGB7|SLC8A1|TCF7
 REACT:R-HSA-449147	Signaling by Interleukins	0.000812656275111	0.0246193	ANXA1|CSF2RA|ERBB3|FGF2|FGF20|FGF23|FGF5|FGF6|GAB2|HBEGF|IL12RB1|IL1B|IL22RA2|IL2RB|IL2RG|IL4R|ITGB1|ITGB2|ITGB3|PPP2R1A|PPP2R1B|TNIP2|VEGFA
 REACT:R-HSA-6806667	Metabolism of fat-soluble vitamins	0.000839637674998	0.0251147	GC|LRAT|RBP1|RBP2|RBP4|RDH11
 REACT:R-HSA-2046105	Linoleic acid (LA) metabolism	0.00100362242215	0.0296445	ELOVL1|ELOVL3|ELOVL5
 REACT:R-HSA-912526	Interleukin receptor SHC signaling	0.00105227887941	0.0297231	CSF2RA|ERBB3|FGF2|FGF20|FGF23|FGF5|FGF6|GAB2|HBEGF|IL2RB|IL2RG|ITGB3|PPP2R1A|PPP2R1B
 REACT:R-HSA-5654712	FRS-mediated FGFR4 signaling	0.00105659596381	0.0297231	FGF2|FGF20|FGF23|FGF6
 REACT:R-HSA-5655332	Signaling by FGFR3 in disease	0.00105659596381	0.0297231	FGF2|FGF20|FGF23|FGF5
 REACT:R-HSA-8853338	Signaling by FGFR3 point mutants in cancer	0.00105659596381	0.0297231	FGF2|FGF20|FGF23|FGF5
 REACT:R-HSA-5218921	VEGFR2 mediated cell proliferation	0.00117713629374	0.0327244	CSF2RA|ERBB3|FGF2|FGF20|FGF23|FGF5|FGF6|HBEGF|IL2RB|IL2RG|ITGB3|PPP2R1A|PPP2R1B|VEGFA
 REACT:R-HSA-3000178	ECM proteoglycans	0.00123720002209	0.0339942	BCAN|ITGB1|ITGB3|ITGB5|ITGB6|VCAN
 REACT:R-HSA-5365859	RA biosynthesis pathway	0.00125800138353	0.0341685	CRABP1|RDH11|RDH13|RDH14
 REACT:R-HSA-193048	Androgen biosynthesis	0.00135851295615	0.0361821	SRD5A1|SRD5A2|SRD5A3
 REACT:R-HSA-451927	Interleukin-2 signaling	0.00136276261825	0.0361821	CSF2RA|ERBB3|FGF2|FGF20|FGF23|FGF5|FGF6|GAB2|HBEGF|IL2RB|IL2RG|ITGB3|PPP2R1A|PPP2R1B
 KEGG:hsa04740	Olfactory transduction	0.00137913813446	0.03621	OR10H3|OR10J1|OR1F1|OR1J1|OR1N1|OR1S2|OR2G3|OR4A16|OR4K2|OR4X2|OR52M1|OR5B12|OR5R1|OR7D2|OR8G1|OR9A2|SLC8A1|SLC8A2|SLC8A3
 KEGG:hsa05152	Tuberculosis	0.00140819144776	0.0365666	CLEC4E|CLEC4M|CLEC7A|IL1B|ITGB2|LSP1|MRC1|NFYC|PPP3R2|TLR4|VDR
 REACT:R-HSA-5654741	Signaling by FGFR3	0.00145831255128	0.0374564	FGF2|FGF20|FGF23|FGF5|PPP2R1A
 REACT:R-HSA-75109	Triglyceride Biosynthesis	0.00159426356429	0.040508	ELOVL1|ELOVL3|ELOVL4|ELOVL5|ELOVL7|TECR|TECRL
 REACT:R-HSA-5654743	Signaling by FGFR4	0.00163264265988	0.0410419	FGF2|FGF20|FGF23|FGF6|PPP2R1A
 KEGG:hsa04015	Rap1 signaling pathway	0.00169426849752	0.0421427	FGF13|FGF14|FGF2|FGF20|FGF23|FGF5|FGF6|ITGB1|ITGB2|ITGB3|RASSF5|VEGFA
 REACT:R-HSA-1251985	Nuclear signaling by ERBB4	0.00173857756724	0.0423532	APH1A|APH1B|HBEGF|PGR
 REACT:R-HSA-5654708	Downstream signaling of activated FGFR3	0.00173857756724	0.0423532	FGF2|FGF20|FGF23|FGF5
 REACT:R-HSA-8853659	RET signaling	0.00180804762373	0.0431984	CSF2RA|ERBB3|FGF2|FGF20|FGF23|FGF5|FGF6|GAB2|HBEGF|IL2RB|IL2RG|ITGB3|PPP2R1A|PPP2R1B
 REACT:R-HSA-168249	Innate Immune System	0.00180983425014	0.0431984	AGA|AGL|ARSA|CD28|CFP|CLEC10A|CLEC12A|CLEC4A|CLEC4C|CLEC4D|CLEC4E|CLEC7A|COLEC11|CSF2RA|ERBB3|FABP5|FAF2|FGF2|FGF20|FGF23|FGF5|FGF6|GAB2|GLA|GUSB|HBEGF|ICOS|IL1B|IL2RB|IL2RG|ITGB2|ITGB3|MBL2|PGLYRP1|PGLYRP2|PGLYRP3|PGLYRP4|PPP2R1A|PPP2R1B|RNF135|SELL|TLR4|TNIP2
 REACT:R-HSA-512988	"Interleukin-3 5 and GM-CSF signaling"	0.00187137195447	0.0442205	CSF2RA|ERBB3|FGF2|FGF20|FGF23|FGF5|FGF6|GAB2|HBEGF|IL2RB|IL2RG|ITGB3|PPP2R1A|PPP2R1B
 KEGG:hsa04659	Th17 cell differentiation	0.0019186838135	0.0448896	CD3E|IL12RB1|IL1B|IL21R|IL2RB|IL2RG|IL4R|PPP3R2
 REACT:R-HSA-1236394	Signaling by ERBB4	0.00202653148295	0.0464922	APH1A|APH1B|ERBB3|HBEGF|PGR
 REACT:R-HSA-5655253	Signaling by FGFR2 in disease	0.00202653148295	0.0464922	FGF2|FGF20|FGF23|FGF5|FGF6
 REACT:R-HSA-1226099	Signaling by FGFR in disease	0.00208536576619	0.0467041	FGF2|FGF20|FGF23|FGF5|FGF6|GAB2
 REACT:R-HSA-112412	SOS-mediated signalling	0.00213459352365	0.0467041	CSF2RA|ERBB3|FGF2|FGF20|FGF23|FGF5|FGF6|HBEGF|IL2RB|IL2RG|ITGB3|PPP2R1A|PPP2R1B
 REACT:R-HSA-179812	GRB2 events in EGFR signaling	0.00213459352365	0.0467041	CSF2RA|ERBB3|FGF2|FGF20|FGF23|FGF5|FGF6|HBEGF|IL2RB|IL2RG|ITGB3|PPP2R1A|PPP2R1B
 REACT:R-HSA-180336	SHC1 events in EGFR signaling	0.00213459352365	0.0467041	CSF2RA|ERBB3|FGF2|FGF20|FGF23|FGF5|FGF6|HBEGF|IL2RB|IL2RG|ITGB3|PPP2R1A|PPP2R1B
 REACT:R-HSA-5673001	RAF/MAP kinase cascade	0.00213459352365	0.0467041	CSF2RA|ERBB3|FGF2|FGF20|FGF23|FGF5|FGF6|HBEGF|IL2RB|IL2RG|ITGB3|PPP2R1A|PPP2R1B
 REACT:R-HSA-1433557	Signaling by SCF-KIT	0.00216118060439	0.046852	CD28|CSF2RA|ERBB3|FGF2|FGF20|FGF23|FGF5|FGF6|GAB2|HBEGF|ICOS|IL2RB|IL2RG|ITGB3|PPP2R1A|PPP2R1B
 REACT:R-HSA-975634	Retinoid metabolism and transport	0.00224756409284	0.0481498	LRAT|RBP1|RBP2|RBP4|RDH11
 REACT:R-HSA-425561	Sodium/Calcium exchangers	0.00228217289498	0.0481498	SLC8A1|SLC8A2|SLC8A3
 REACT:R-HSA-5658623	FGFRL1 modulation of FGFR1 signaling	0.00228217289498	0.0481498	FGF2|FGF23|FGF5
 REACT:R-HSA-5654716	Downstream signaling of activated FGFR4	0.00233352233106	0.0487975	FGF2|FGF20|FGF23|FGF6
 KEGG:hsa00830	Retinol metabolism	0.00244794715831	0.0496709	LRAT|RDH11|RDH12|RDH8|RETSAT|RPE65
 KEGG:hsa05321	Inflammatory bowel disease (IBD)	0.00244794715831	0.0496709	IL12RB1|IL1B|IL21R|IL2RG|IL4R|TLR4
 REACT:R-HSA-170984	ARMS-mediated activation	0.00245937143987	0.0496709	CSF2RA|ERBB3|FGF2|FGF20|FGF23|FGF5|FGF6|HBEGF|IL2RB|IL2RG|ITGB3|PPP2R1A|PPP2R1B
 REACT:R-HSA-187706	Signalling to p38 via RIT and RIN	0.00245937143987	0.0496709	CSF2RA|ERBB3|FGF2|FGF20|FGF23|FGF5|FGF6|HBEGF|IL2RB|IL2RG|ITGB3|PPP2R1A|PPP2R1B
