 KEGG:hsa_M00415	"Fatty acid biosynthesis elongation endoplasmic reticulum"	3.63918991608e-07	0.000736836	ELOVL1|ELOVL3|ELOVL4|ELOVL7
 KEGG:hsa04151	PI3K-Akt signaling pathway	6.69884578142e-07	0.000736836	IL2RB|IL2RG|IL4R|ITGB1|ITGB3|ITGB5|ITGB6|ITGB7|PPP2R1A|PPP2R1B|PRLR
 REACT:R-HSA-216083	Integrin cell surface interactions	9.35467177943e-07	0.000736836	ITGB1|ITGB2|ITGB3|ITGB5|ITGB6|ITGB7
 KEGG:hsa05412	Arrhythmogenic right ventricular cardiomyopathy (ARVC)	1.31531326586e-06	0.000777021	ITGB1|ITGB3|ITGB5|ITGB6|ITGB7|SLC8A1
 KEGG:hsa05410	Hypertrophic cardiomyopathy (HCM)	3.04814496521e-06	0.00140565	ITGB1|ITGB3|ITGB5|ITGB6|ITGB7|SLC8A1
 KEGG:hsa04144	Endocytosis	4.40441427763e-06	0.00140565	ARFGEF1|ARFGEF2|GBF1|IL2RB|IL2RG|PSD|PSD2|PSD3|PSD4
 KEGG:hsa05414	Dilated cardiomyopathy	4.58763741029e-06	0.00140565	ITGB1|ITGB3|ITGB5|ITGB6|ITGB7|SLC8A1
 REACT:R-HSA-383280	Nuclear Receptor transcription pathway	4.7588663401e-06	0.00140565	AR|NR3C1|NR3C2|NR4A3|PGR
 KEGG:hsa00062	Fatty acid elongation	6.16149078869e-06	0.00161773	ELOVL1|ELOVL3|ELOVL4|ELOVL7
 REACT:R-HSA-75876	Synthesis of very long-chain fatty acyl-CoAs	9.86392803148e-06	0.00226175	ELOVL1|ELOVL3|ELOVL4|ELOVL7
 KEGG:hsa04630	Jak-STAT signaling pathway	1.05286850677e-05	0.00226175	CSF2RA|IL21R|IL22RA2|IL2RB|IL2RG|IL4R|PRLR
 REACT:R-HSA-2129379	Molecules associated with elastic fibres	1.49929063133e-05	0.00295235	ITGB1|ITGB3|ITGB5|ITGB6
 REACT:R-HSA-425561	Sodium/Calcium exchangers	3.11659974979e-05	0.00566502	SLC8A1|SLC8A2|SLC8A3
 REACT:R-HSA-418359	Reduction of cytosolic Ca++ levels	3.95273411156e-05	0.00667165	SLC8A1|SLC8A2|SLC8A3
 REACT:R-HSA-449147	Signaling by Interleukins	4.33657255779e-05	0.00683155	ANXA1|CSF2RA|IL22RA2|IL2RB|IL2RG|IL4R|ITGB1|ITGB2|ITGB3|PPP2R1A|PPP2R1B
 KEGG:hsa04512	ECM-receptor interaction	4.9225430298e-05	0.00712113	ITGB1|ITGB3|ITGB5|ITGB6|ITGB7
 REACT:R-HSA-1566948	Elastic fibre formation	5.12311336854e-05	0.00712113	ITGB1|ITGB3|ITGB5|ITGB6
 REACT:R-HSA-1280215	Cytokine Signaling in Immune system	6.19515482291e-05	0.00813286	ANXA1|CSF2RA|IL22RA2|IL2RB|IL2RG|IL4R|ITGB1|ITGB2|ITGB3|NUP107|PPP2R1A|PPP2R1B|PRLR
 REACT:R-HSA-418346	Platelet homeostasis	8.11240581532e-05	0.0100893	PPP2R1A|PPP2R1B|SLC8A1|SLC8A2|SLC8A3
 REACT:R-HSA-3000170	Syndecan interactions	0.000121226156961	0.0143229	ITGB1|ITGB3|ITGB5
 REACT:R-HSA-75105	Fatty Acyl-CoA Biosynthesis	0.000138541432718	0.0155892	ELOVL1|ELOVL3|ELOVL4|ELOVL7
 REACT:R-HSA-3000178	ECM proteoglycans	0.000171158731626	0.018384	ITGB1|ITGB3|ITGB5|ITGB6
 KEGG:hsa_M00154	Cytochrome c oxidase	0.000212244901762	0.0218059	COX7A1|COX7A2|COX7A2L
 REACT:R-HSA-6785807	Interleukin-4 and 13 signaling	0.000235013691679	0.0218439	ANXA1|IL2RG|IL4R|ITGB1|ITGB2
 REACT:R-HSA-109582	Hemostasis	0.000237526023303	0.0218439	CSF2RA|IL2RB|IL2RG|ITGB1|ITGB2|ITGB3|PPP2R1A|PPP2R1B|SLC8A1|SLC8A2|SLC8A3
 REACT:R-HSA-1251985	Nuclear signaling by ERBB4	0.000240347170667	0.0218439	APH1A|APH1B|PGR
 REACT:R-HSA-422475	Axon guidance	0.000307113995163	0.0268782	APH1A|APH1B|CSF2RA|IL2RB|IL2RG|ITGB1|ITGB3|PPP2R1A|PPP2R1B|TRPC4
 KEGG:hsa04060	Cytokine-cytokine receptor interaction	0.000336893401466	0.0284314	CSF2RA|IL21R|IL22RA2|IL2RB|IL2RG|IL4R|PRLR
 REACT:R-HSA-418360	Platelet calcium homeostasis	0.000459994880238	0.0374817	SLC8A1|SLC8A2|SLC8A3
 REACT:R-HSA-163767	PP2A-mediated dephosphorylation of key metabolic factors	0.000491387630047	0.038705	PPP2R1A|PPP2R1B
 KEGG:hsa04260	Cardiac muscle contraction	0.000572505122662	0.0430139	COX7A1|COX7A2|COX7A2L|SLC8A1
 KEGG:hsa04810	Regulation of actin cytoskeleton	0.000582499335871	0.0430139	ITGB1|ITGB2|ITGB3|ITGB5|ITGB6|ITGB7
 REACT:R-HSA-113510	E2F mediated regulation of DNA replication	0.000606002616015	0.0433935	ORC3|PPP2R1A|PPP2R1B
 REACT:R-HSA-75109	Triglyceride Biosynthesis	0.000660495241927	0.0459044	ELOVL1|ELOVL3|ELOVL4|ELOVL7
