 REACT:R-HSA-2453902	The canonical retinoid cycle in rods (twilight vision)	0.0	0	LRAT|RBP1|RBP3|RBP4|RDH11|RDH12|RDH8|RLBP1|RPE65
 REACT:R-HSA-2187338	Visual phototransduction	4.09302591819e-11	4.83591e-08	LRAT|RBP1|RBP2|RBP3|RBP4|RDH11|RDH12|RDH8|RLBP1|RPE65
 REACT:R-HSA-163560	Hormone-sensitive lipase (HSL)-mediated triacylglycerol hydrolysis	3.27806781719e-10	2.58202e-07	FABP2|FABP3|FABP4|FABP5|FABP7|FABP9
 REACT:R-HSA-5362517	Signaling by Retinoic Acid	4.60025526561e-08	2.7176e-05	CRABP1|CRABP2|FABP5|RDH11|RDH13|RDH14
 REACT:R-HSA-556833	Metabolism of lipids and lipoproteins	1.12650151873e-07	5.32385e-05	CDIPT|ELOVL1|ELOVL4|ELOVL5|ELOVL7|FABP2|FABP3|FABP4|FABP5|FABP7|FABP9|OSBPL3|OSBPL5|OSBPL6|OSBPL8|OSBPL9|SRD5A2
 REACT:R-HSA-6806667	Metabolism of fat-soluble vitamins	1.67050356104e-07	6.579e-05	GC|LRAT|RBP1|RBP2|RBP4|RDH11
 KEGG:hsa_M00415	"Fatty acid biosynthesis elongation endoplasmic reticulum"	3.14601417251e-07	0.0001062	ELOVL1|ELOVL4|ELOVL5|ELOVL7
 KEGG:hsa00830	Retinol metabolism	5.75401952529e-07	0.000169959	LRAT|RDH11|RDH12|RDH8|RETSAT|RPE65
 REACT:R-HSA-975634	Retinoid metabolism and transport	1.88698566905e-06	0.000495439	LRAT|RBP1|RBP2|RBP4|RDH11
 REACT:R-HSA-5365859	RA biosynthesis pathway	3.7611148751e-06	0.000888751	CRABP1|RDH11|RDH13|RDH14
 REACT:R-HSA-1430728	Metabolism	5.14449250677e-06	0.00105062	ABCC8|CDIPT|ELOVL1|ELOVL4|ELOVL5|ELOVL7|FABP2|FABP3|FABP4|FABP5|FABP7|FABP9|GC|LRAT|OSBPL3|OSBPL5|OSBPL6|OSBPL8|OSBPL9|RBP1|RBP2|RBP4|RDH11|SLC50A1|SRD5A2
 KEGG:hsa00062	Fatty acid elongation	5.33534968217e-06	0.00105062	ELOVL1|ELOVL4|ELOVL5|ELOVL7
 REACT:R-HSA-2453864	Retinoid cycle disease events	8.32940624917e-06	0.00134611	RBP1|RBP4|RLBP1
 REACT:R-HSA-2474795	Diseases associated with visual transduction	8.32940624917e-06	0.00134611	RBP1|RBP4|RLBP1
 REACT:R-HSA-75876	Synthesis of very long-chain fatty acyl-CoAs	8.54490684699e-06	0.00134611	ELOVL1|ELOVL4|ELOVL5|ELOVL7
 REACT:R-HSA-73923	"Lipid digestion mobilization and transport"	1.63463640599e-05	0.00241415	FABP2|FABP3|FABP4|FABP5|FABP7|FABP9
 KEGG:hsa03320	PPAR signaling pathway	2.19812790333e-05	0.0030554	FABP2|FABP3|FABP4|FABP5|FABP7
 REACT:R-HSA-383280	Nuclear Receptor transcription pathway	9.61839154503e-05	0.0126268	NR1I3|NR2C1|NR4A3|VDR
 REACT:R-HSA-75105	Fatty Acyl-CoA Biosynthesis	0.00012044495732	0.0149795	ELOVL1|ELOVL4|ELOVL5|ELOVL7
 REACT:R-HSA-196854	Metabolism of vitamins and cofactors	0.000165670438532	0.019574	GC|LRAT|RBP1|RBP2|RBP4|RDH11
 REACT:R-HSA-2187335	The retinoid cycle in cones (daylight vision)	0.000327766729124	0.0368816	RBP3|RLBP1
