 REACT:R-HSA-3656225	Defective CHST6 causes MCDC1	7.48027362274e-09	5.89196e-06	FMOD|KERA|OGN|OMD|PRELP
 REACT:R-HSA-3656243	Defective ST3GAL3 causes MCT12 and EIEE15	7.48027362274e-09	5.89196e-06	FMOD|KERA|OGN|OMD|PRELP
 REACT:R-HSA-3656244	Defective B4GALT1 causes B4GALT1-CDG (CDG-2d)	7.48027362274e-09	5.89196e-06	FMOD|KERA|OGN|OMD|PRELP
 REACT:R-HSA-1280218	Adaptive Immune System	1.68520222221e-08	8.09637e-06	BTLA|BTRC|CD14|CD19|CD22|CD4|EGFR|FBXL13|FBXL4|FBXL5|FBXW11|FCGR1B|FCGR2B|FCGR3A|FZR1|ICAM1|ICAM3|ICAM4|KIR2DL1|KIR2DS1|LILRA1|LILRA3|NRG1|PPP2R1A|PPP2R1B|SEC31A|SIGLEC1|SIGLEC10|SKP2|TLR1|TLR2|TLR6
 REACT:R-HSA-198933	Immunoregulatory interactions between a Lymphoid and a non-Lymphoid cell	1.71315422959e-08	8.09637e-06	CD19|CD22|FCGR2B|FCGR3A|ICAM1|ICAM3|ICAM4|KIR2DL1|KIR2DS1|LILRA1|LILRA3|SIGLEC1|SIGLEC10
 REACT:R-HSA-2022857	Keratan sulfate degradation	2.67378614693e-07	0.000105303	FMOD|KERA|OGN|OMD|PRELP
 REACT:R-HSA-5260271	Diseases of Immune System	5.10996569503e-07	0.000150936	CD14|TLR1|TLR10|TLR2|TLR3|TLR6
 REACT:R-HSA-5602358	Diseases associated with the TLR signaling cascade	5.10996569503e-07	0.000150936	CD14|TLR1|TLR10|TLR2|TLR3|TLR6
 REACT:R-HSA-3560782	Diseases associated with glycosaminoglycan metabolism	8.55332083161e-07	0.000224572	DCN|FMOD|KERA|OGN|OMD|PRELP
 REACT:R-HSA-168256	Immune System	1.78950317764e-06	0.00042286	A1BG|BTLA|BTRC|CCR2|CCR5|CD14|CD19|CD22|CD4|CD58|DEFB119|EGFR|FBXL13|FBXL4|FBXL5|FBXW11|FCAR|FCGR1B|FCGR2A|FCGR2B|FCGR2C|FCGR3A|FZR1|ICAM1|ICAM3|ICAM4|IL1R2|IL1RAP|IL1RL1|IL34|ITLN1|KIR2DL1|KIR2DS1|KIR2DS4|KIR2DS5|LILRA1|LILRA3|MEF2C|NRG1|NUP43|PPP2R1A|PPP2R1B|SEC31A|SIGLEC1|SIGLEC10|SKP2|STK11IP|TLR1|TLR10|TLR2|TLR3|TLR6
 REACT:R-HSA-166054	Activated TLR4 signalling	2.57255748115e-06	0.000530298	BTRC|CD14|FBXW11|MEF2C|PPP2R1A|PPP2R1B|TLR1|TLR2|TLR3|TLR6
 KEGG:hsa04514	Cell adhesion molecules (CAMs)	2.69300961053e-06	0.000530298	CD2|CD22|CD276|CD4|CD58|ESAM|ICAM1|ICAM3|LRRC4|MAG|SIGLEC1
 REACT:R-HSA-166058	MyD88:Mal cascade initiated on plasma membrane	4.0771292279e-06	0.000602141	BTRC|CD14|FBXW11|MEF2C|PPP2R1A|PPP2R1B|TLR1|TLR2|TLR6
 REACT:R-HSA-168179	Toll Like Receptor TLR1:TLR2 Cascade	4.0771292279e-06	0.000602141	BTRC|CD14|FBXW11|MEF2C|PPP2R1A|PPP2R1B|TLR1|TLR2|TLR6
 REACT:R-HSA-168188	Toll Like Receptor TLR6:TLR2 Cascade	4.0771292279e-06	0.000602141	BTRC|CD14|FBXW11|MEF2C|PPP2R1A|PPP2R1B|TLR1|TLR2|TLR6
 REACT:R-HSA-181438	Toll Like Receptor 2 (TLR2) Cascade	4.0771292279e-06	0.000602141	BTRC|CD14|FBXW11|MEF2C|PPP2R1A|PPP2R1B|TLR1|TLR2|TLR6
 REACT:R-HSA-168898	Toll-Like Receptors Cascades	5.19896283724e-06	0.000722656	BTRC|CD14|FBXW11|MEF2C|PPP2R1A|PPP2R1B|TLR1|TLR10|TLR2|TLR3|TLR6
 REACT:R-HSA-166016	Toll Like Receptor 4 (TLR4) Cascade	5.87958740272e-06	0.000771859	BTRC|CD14|FBXW11|MEF2C|PPP2R1A|PPP2R1B|TLR1|TLR2|TLR3|TLR6
 REACT:R-HSA-5602498	MyD88 deficiency (TLR2/4)	8.74187026989e-06	0.00103285	CD14|TLR1|TLR2|TLR6
 REACT:R-HSA-5603041	IRAK4 deficiency (TLR2/4)	8.74187026989e-06	0.00103285	CD14|TLR1|TLR2|TLR6
 REACT:R-HSA-2022854	Keratan sulfate biosynthesis	2.80048631138e-05	0.00315121	FMOD|KERA|OGN|OMD|PRELP
 KEGG:hsa04640	Hematopoietic cell lineage	3.64292806425e-05	0.00391284	CD14|CD19|CD2|CD22|CD4|GP1BB|GP9|IL1R2
 REACT:R-HSA-5686938	Regulation of TLR by endogenous ligand	4.58064428569e-05	0.00470611	CD14|TLR1|TLR2|TLR6
 REACT:R-HSA-1638074	Keratan sulfate/keratin metabolism	6.41481200864e-05	0.00631592	FMOD|KERA|OGN|OMD|PRELP
 KEGG:hsa05150	Staphylococcus aureus infection	7.87306756902e-05	0.00744162	FCAR|FCGR2A|FCGR2B|FCGR2C|FCGR3A|ICAM1
 KEGG:hsa05152	Tuberculosis	0.000116152019081	0.0105564	CD14|CORO1A|FCGR2A|FCGR2B|FCGR2C|FCGR3A|LSP1|TLR1|TLR2|TLR6
 KEGG:hsa04145	Phagosome	0.000181428813024	0.0158202	CD14|CORO1A|FCAR|FCGR2A|FCGR2B|FCGR2C|FCGR3A|TLR2|TLR6
 REACT:R-HSA-975138	TRAF6 mediated induction of NFkB and MAP kinases upon TLR7/8 or 9 activation	0.000187458665429	0.0158202	BTRC|CD14|FBXW11|MEF2C|PPP2R1A|PPP2R1B|TLR3
 REACT:R-HSA-168181	Toll Like Receptor 7/8 (TLR7/8) Cascade	0.000214677055301	0.0169094	BTRC|CD14|FBXW11|MEF2C|PPP2R1A|PPP2R1B|TLR3
 REACT:R-HSA-975155	MyD88 dependent cascade initiated on endosome	0.000214677055301	0.0169094	BTRC|CD14|FBXW11|MEF2C|PPP2R1A|PPP2R1B|TLR3
 REACT:R-HSA-2465910	MASTL Facilitates Mitotic Progression	0.000248178849646	0.0189176	ENSA|PPP2R1A|PPP2R1B
 REACT:R-HSA-168138	Toll Like Receptor 9 (TLR9) Cascade	0.000278680611956	0.0205788	BTRC|CD14|FBXW11|MEF2C|PPP2R1A|PPP2R1B|TLR3
 REACT:R-HSA-166166	MyD88-independent TLR3/TLR4 cascade	0.000315990049727	0.0213338	BTRC|CD14|FBXW11|MEF2C|PPP2R1A|PPP2R1B|TLR3
 REACT:R-HSA-168164	Toll Like Receptor 3 (TLR3) Cascade	0.000315990049727	0.0213338	BTRC|CD14|FBXW11|MEF2C|PPP2R1A|PPP2R1B|TLR3
 REACT:R-HSA-937061	TRIF-mediated TLR3/TLR4 signaling	0.000315990049727	0.0213338	BTRC|CD14|FBXW11|MEF2C|PPP2R1A|PPP2R1B|TLR3
 REACT:R-HSA-1643685	Disease	0.000332119816367	0.0218	BTRC|CCR5|CD14|CD19|CD4|DCN|EGFR|FMOD|HDAC9|KERA|NRG1|NUP43|OGN|OMD|PPP2R1A|PPP2R1B|PRELP|RANGAP1|RPL10L|TLR1|TLR10|TLR2|TLR3|TLR6
 KEGG:hsa04612	Antigen processing and presentation	0.000508243624301	0.031719	CD4|KIR2DL1|KIR2DS1|KIR2DS4|KIR2DS5|KIR3DL3
 REACT:R-HSA-375170	CDO in myogenesis	0.000523504739413	0.031719	MEF2C|NTN3|TCF12|TCF4
 REACT:R-HSA-525793	Myogenesis	0.000523504739413	0.031719	MEF2C|NTN3|TCF12|TCF4
 REACT:R-HSA-202733	Cell surface interactions at the vascular wall	0.000555173873589	0.0327969	BSG|CD2|CD58|CD84|ESAM|MAG|PSG11|PSG8
 REACT:R-HSA-1461973	Defensins	0.000628292238839	0.0362111	CCR2|CD4|DEFB119|TLR1|TLR2
 REACT:R-HSA-168142	Toll Like Receptor 10 (TLR10) Cascade	0.000808334740907	0.0434112	BTRC|FBXW11|MEF2C|PPP2R1A|PPP2R1B|TLR10
 REACT:R-HSA-168176	Toll Like Receptor 5 (TLR5) Cascade	0.000808334740907	0.0434112	BTRC|FBXW11|MEF2C|PPP2R1A|PPP2R1B|TLR10
 REACT:R-HSA-975871	MyD88 cascade initiated on plasma membrane	0.000808334740907	0.0434112	BTRC|FBXW11|MEF2C|PPP2R1A|PPP2R1B|TLR10
 REACT:R-HSA-3781865	Diseases of glycosylation	0.000915135192545	0.0480548	DCN|FMOD|KERA|OGN|OMD|PRELP
 REACT:R-HSA-3928663	EPHA-mediated growth cone collapse	0.000971513935965	0.0499062	EFNA1|EFNA2|EFNA3|EFNA4
