 REACT:R-HSA-372790	Signaling by GPCR	3.15727146649e-08	7.46063e-05	ADORA3|GPR31|HRH4|OR10S1|OR4C12|OR4K5|OR5AK2|PTGER1
 REACT:R-HSA-388396	GPCR downstream signaling	2.88830593886e-07	0.000341253	ADORA3|HRH4|OR10S1|OR4C12|OR4K5|OR5AK2|PTGER1
 REACT:R-HSA-162582	Signal Transduction	6.1185487612e-06	0.00481938	ADORA3|GPR31|HRH4|OR10S1|OR4C12|OR4K5|OR5AK2|PTGER1
 REACT:R-HSA-373076	Class A/1 (Rhodopsin-like receptors)	3.75029332748e-05	0.0221549	ADORA3|GPR31|HRH4|PTGER1
 KEGG:hsa04740	Olfactory transduction	0.000103130470776	0.0470294	OR10S1|OR4C12|OR4K5|OR5AK2
 REACT:R-HSA-381753	Olfactory Signaling Pathway	0.000119414510177	0.0470294	OR10S1|OR4C12|OR4K5|OR5AK2
 REACT:R-HSA-500792	GPCR ligand binding	0.000143555788951	0.0484603	ADORA3|GPR31|HRH4|PTGER1
