 REACT:R-HSA-163560	Hormone-sensitive lipase (HSL)-mediated triacylglycerol hydrolysis	5.32339727854e-11	1.25792e-07	FABP2|FABP3|FABP4|FABP5|FABP6|FABP7|FABP9
 KEGG:hsa_M00415	"Fatty acid biosynthesis elongation endoplasmic reticulum"	1.29702444451e-06	0.00153243	ELOVL1|ELOVL3|ELOVL4|ELOVL7
 REACT:R-HSA-216083	Integrin cell surface interactions	6.01266272893e-06	0.00397068	ITGB1|ITGB2|ITGB3|ITGB5|ITGB6|ITGB7
 KEGG:hsa03320	PPAR signaling pathway	8.40178583883e-06	0.00397068	FABP2|FABP3|FABP4|FABP5|FABP6|FABP7
 KEGG:hsa05412	Arrhythmogenic right ventricular cardiomyopathy (ARVC)	8.40178583883e-06	0.00397068	ITGB1|ITGB3|ITGB5|ITGB6|ITGB7|SLC8A1
 REACT:R-HSA-73923	"Lipid digestion mobilization and transport"	1.16565418531e-05	0.00459073	FABP2|FABP3|FABP4|FABP5|FABP6|FABP7|FABP9
 KEGG:hsa05410	Hypertrophic cardiomyopathy (HCM)	1.91420910494e-05	0.0048082	ITGB1|ITGB3|ITGB5|ITGB6|ITGB7|SLC8A1
 KEGG:hsa04740	Olfactory transduction	2.03140148087e-05	0.0048082	OR11L1|OR14A16|OR1J1|OR1N1|OR1S2|OR51A4|OR5AK2|OR5AS1|OR5D14|SLC8A1|SLC8A2|SLC8A3
 KEGG:hsa00062	Fatty acid elongation	2.15814868001e-05	0.0048082	ELOVL1|ELOVL3|ELOVL4|ELOVL7
 REACT:R-HSA-556833	Metabolism of lipids and lipoproteins	2.23480430237e-05	0.0048082	ELOVL1|ELOVL3|ELOVL4|ELOVL7|FABP2|FABP3|FABP4|FABP5|FABP6|FABP7|FABP9|OSBPL10|OSBPL5|OSBPL8|OSBPL9|PTGR2|TMEM86B
 REACT:R-HSA-383280	Nuclear Receptor transcription pathway	2.23826262384e-05	0.0048082	NR3C1|NR3C2|NR4A3|PGR|VDR
 KEGG:hsa05414	Dilated cardiomyopathy	2.85439745692e-05	0.00562078	ITGB1|ITGB3|ITGB5|ITGB6|ITGB7|SLC8A1
 REACT:R-HSA-75876	Synthesis of very long-chain fatty acyl-CoAs	3.44001658211e-05	0.00625289	ELOVL1|ELOVL3|ELOVL4|ELOVL7
 REACT:R-HSA-2129379	Molecules associated with elastic fibres	5.20610866203e-05	0.00878717	ITGB1|ITGB3|ITGB5|ITGB6
 REACT:R-HSA-113510	E2F mediated regulation of DNA replication	7.55667346524e-05	0.0118054	CDC45|ORC3|PPP2R1A|PPP2R1B
 REACT:R-HSA-425561	Sodium/Calcium exchangers	7.99352657775e-05	0.0118054	SLC8A1|SLC8A2|SLC8A3
 REACT:R-HSA-418359	Reduction of cytosolic Ca++ levels	0.000101243069096	0.0140728	SLC8A1|SLC8A2|SLC8A3
 REACT:R-HSA-1566948	Elastic fibre formation	0.000175093746694	0.0229859	ITGB1|ITGB3|ITGB5|ITGB6
 KEGG:hsa04512	ECM-receptor interaction	0.00022101085997	0.0274868	ITGB1|ITGB3|ITGB5|ITGB6|ITGB7
 REACT:R-HSA-3000170	Syndecan interactions	0.000307985608619	0.0363885	ITGB1|ITGB3|ITGB5
 REACT:R-HSA-388396	GPCR downstream signaling	0.000344683981636	0.0385994	AGTR1|ANXA1|AVPR2|CSF2RA|GRP|HRH4|MC1R|OR11L1|OR14A16|OR1J1|OR1N1|OR1S2|OR51A4|OR5AK2|OR5AS1|OR5D14|TBXA2R
 REACT:R-HSA-418346	Platelet homeostasis	0.000359368210961	0.0385994	PPP2R1A|PPP2R1B|SLC8A1|SLC8A2|SLC8A3
 REACT:R-HSA-1482801	Acyl chain remodelling of PS	0.000412038612443	0.0423042	OSBPL10|OSBPL5|OSBPL8
 REACT:R-HSA-372790	Signaling by GPCR	0.000429665875621	0.0423042	AGTR1|ANXA1|AVPR2|CSF2RA|GRP|HRH4|ITGB3|MC1R|OR11L1|OR14A16|OR1J1|OR1N1|OR1S2|OR51A4|OR5AK2|OR5AS1|OR5D14|PPP2R1A|PPP2R1B|TBXA2R
 REACT:R-HSA-75105	Fatty Acyl-CoA Biosynthesis	0.000465401165717	0.0439897	ELOVL1|ELOVL3|ELOVL4|ELOVL7
 KEGG:hsa04080	Neuroactive ligand-receptor interaction	0.000530813357982	0.0469377	AGTR1|AVPR2|HRH4|MC1R|NR3C1|PRLR|TBXA2R|TRPV1
 KEGG:hsa_M00154	Cytochrome c oxidase	0.000536317079907	0.0469377	COX7A1|COX7A2|COX7A2L
 REACT:R-HSA-3000178	ECM proteoglycans	0.000572505119598	0.0483153	ITGB1|ITGB3|ITGB5|ITGB6
