 KEGG:hsa04740	Olfactory transduction	0.0	0	OR10H3|OR10H5|OR10J1|OR10J5|OR11A1|OR11L1|OR12D3|OR14A16|OR1A2|OR1C1|OR1D2|OR1D5|OR1E1|OR1E2|OR1F1|OR1J1|OR1J4|OR1K1|OR1N1|OR1S2|OR2G6|OR2T2|OR2V2|OR4C12|OR4C3|OR4K15|OR4K2|OR4S1|OR52M1|OR52W1|OR5AK2|OR5AS1|OR5B12|OR5D13|OR5D14|OR5H6|OR5M9|OR5R1|OR7D2|OR8D1|OR9A4|SLC8A1|SLC8A2|SLC8A3
 REACT:R-HSA-162582	Signal Transduction	0.0	0	ADORA3|ANXA1|APH1A|APH1B|AR|AVPR2|CRABP1|CRABP2|CSF2RA|FABP5|GPR31|GRP|HRH4|KALRN|LRAT|MC1R|MC3R|MC4R|NR3C1|NUP107|OR10H3|OR10H5|OR10J1|OR10J5|OR11A1|OR11L1|OR12D3|OR14A16|OR1A2|OR1C1|OR1D2|OR1D5|OR1E1|OR1E2|OR1F1|OR1J1|OR1J4|OR1K1|OR1N1|OR1S2|OR2G6|OR2T2|OR2V2|OR4C12|OR4C3|OR4K15|OR4K2|OR4S1|OR52M1|OR52W1|OR5AK2|OR5AS1|OR5B12|OR5D13|OR5D14|OR5H6|OR5M9|OR5R1|OR7D2|OR8D1|OR9A4|PGR|PPP2R1A|PPP2R1B|PTGER1|PTGER3|RBP1|RBP2|RBP3|RBP4|RDH11|RDH12|RDH13|RDH14|RDH8|RLBP1|TBXA2R
 REACT:R-HSA-372790	Signaling by GPCR	0.0	0	ADORA3|ANXA1|AVPR2|CSF2RA|GPR31|GRP|HRH4|KALRN|MC1R|MC3R|MC4R|OR10H3|OR10H5|OR10J1|OR10J5|OR11A1|OR11L1|OR12D3|OR14A16|OR1A2|OR1C1|OR1D2|OR1D5|OR1E1|OR1E2|OR1F1|OR1J1|OR1J4|OR1K1|OR1N1|OR1S2|OR2G6|OR2T2|OR2V2|OR4C12|OR4C3|OR4K15|OR4K2|OR4S1|OR52M1|OR52W1|OR5AK2|OR5AS1|OR5B12|OR5D13|OR5D14|OR5H6|OR5M9|OR5R1|OR7D2|OR8D1|OR9A4|PPP2R1A|PPP2R1B|PTGER1|PTGER3|TBXA2R
 REACT:R-HSA-388396	GPCR downstream signaling	0.0	0	ADORA3|ANXA1|AVPR2|CSF2RA|GRP|HRH4|KALRN|MC1R|MC3R|MC4R|OR10H3|OR10H5|OR10J1|OR10J5|OR11A1|OR11L1|OR12D3|OR14A16|OR1A2|OR1C1|OR1D2|OR1D5|OR1E1|OR1E2|OR1F1|OR1J1|OR1J4|OR1K1|OR1N1|OR1S2|OR2G6|OR2T2|OR2V2|OR4C12|OR4C3|OR4K15|OR4K2|OR4S1|OR52M1|OR52W1|OR5AK2|OR5AS1|OR5B12|OR5D13|OR5D14|OR5H6|OR5M9|OR5R1|OR7D2|OR8D1|OR9A4|PTGER1|PTGER3|TBXA2R
 REACT:R-HSA-381753	Olfactory Signaling Pathway	5.95634652711e-12	2.81497e-09	OR10H3|OR10H5|OR10J1|OR10J5|OR11A1|OR11L1|OR12D3|OR14A16|OR1A2|OR1C1|OR1D2|OR1D5|OR1E1|OR1E2|OR1F1|OR1J1|OR1J4|OR1K1|OR1N1|OR1S2|OR2G6|OR2T2|OR2V2|OR4C12|OR4C3|OR4K15|OR4K2|OR4S1|OR52M1|OR52W1|OR5AK2|OR5AS1|OR5B12|OR5D13|OR5D14|OR5H6|OR5M9|OR5R1|OR7D2|OR8D1|OR9A4
 REACT:R-HSA-163560	Hormone-sensitive lipase (HSL)-mediated triacylglycerol hydrolysis	3.31696892175e-11	1.30633e-08	FABP1|FABP2|FABP3|FABP4|FABP5|FABP6|FABP7|FABP9
 REACT:R-HSA-2453902	The canonical retinoid cycle in rods (twilight vision)	1.168701802e-10	3.9452e-08	LRAT|RBP1|RBP3|RBP4|RDH11|RDH12|RDH8|RLBP1
 KEGG:hsa_M00415	"Fatty acid biosynthesis elongation endoplasmic reticulum"	4.26005508647e-09	1.25831e-06	ELOVL1|ELOVL3|ELOVL4|ELOVL5|ELOVL7|TECR
 REACT:R-HSA-383280	Nuclear Receptor transcription pathway	7.84635401097e-09	2.0601e-06	AR|NR0B1|NR1I3|NR2C1|NR3C1|NR3C2|NR4A3|PGR|VDR
 REACT:R-HSA-556833	Metabolism of lipids and lipoproteins	2.32234368402e-08	5.4877e-06	CDIPT|CYP11B1|ELOVL1|ELOVL3|ELOVL4|ELOVL5|ELOVL7|FABP1|FABP2|FABP3|FABP4|FABP5|FABP6|FABP7|FABP9|HSD3B7|OSBPL10|OSBPL3|OSBPL5|OSBPL6|OSBPL7|OSBPL8|OSBPL9|PTGR2|SRD5A1|SRD5A2|SRD5A3|TECR|TECRL|TMEM86B
 REACT:R-HSA-75876	Synthesis of very long-chain fatty acyl-CoAs	2.94591275818e-08	6.32836e-06	ELOVL1|ELOVL3|ELOVL4|ELOVL5|ELOVL7|TECR|TECRL
 KEGG:hsa00062	Fatty acid elongation	3.9246081962e-07	7.72821e-05	ELOVL1|ELOVL3|ELOVL4|ELOVL5|ELOVL7|TECR
 REACT:R-HSA-2187338	Visual phototransduction	3.25195923589e-06	0.000573522	LRAT|RBP1|RBP2|RBP3|RBP4|RDH11|RDH12|RDH8|RLBP1
 REACT:R-HSA-75105	Fatty Acyl-CoA Biosynthesis	3.39793163273e-06	0.000573522	ELOVL1|ELOVL3|ELOVL4|ELOVL5|ELOVL7|TECR|TECRL
 REACT:R-HSA-194068	Bile acid and bile salt metabolism	1.13142759504e-05	0.00167098	FABP6|HSD3B7|OSBPL3|OSBPL6|OSBPL7|OSBPL9
 REACT:R-HSA-5362517	Signaling by Retinoic Acid	1.13142759504e-05	0.00167098	CRABP1|CRABP2|FABP5|RDH11|RDH13|RDH14
 KEGG:hsa03320	PPAR signaling pathway	2.36200185374e-05	0.00328318	FABP1|FABP2|FABP3|FABP4|FABP5|FABP6|FABP7
 REACT:R-HSA-6806667	Metabolism of fat-soluble vitamins	3.8616079851e-05	0.00506943	GC|LRAT|RBP1|RBP2|RBP4|RDH11
 REACT:R-HSA-192105	Synthesis of bile acids and bile salts	4.85978490371e-05	0.0060227	HSD3B7|OSBPL3|OSBPL6|OSBPL7|OSBPL9
 REACT:R-HSA-75109	Triglyceride Biosynthesis	5.09750252627e-05	0.0060227	ELOVL1|ELOVL3|ELOVL4|ELOVL5|ELOVL7|TECR|TECRL
 REACT:R-HSA-73923	"Lipid digestion mobilization and transport"	7.04304892124e-05	0.00792511	FABP1|FABP2|FABP3|FABP4|FABP5|FABP6|FABP7|FABP9
 KEGG:hsa04080	Neuroactive ligand-receptor interaction	0.000122991386389	0.0127201	ADORA3|AVPR2|HRH4|MC1R|MC3R|MC4R|NR3C1|PRLR|PTGER1|PTGER3|TBXA2R|TRPV1
 REACT:R-HSA-2453864	Retinoid cycle disease events	0.000134575808772	0.0127201	RBP1|RBP4|RLBP1
 REACT:R-HSA-2474795	Diseases associated with visual transduction	0.000134575808772	0.0127201	RBP1|RBP4|RLBP1
 REACT:R-HSA-391908	Prostanoid ligand receptors	0.000134575808772	0.0127201	PTGER1|PTGER3|TBXA2R
 REACT:R-HSA-5365859	RA biosynthesis pathway	0.000147051063859	0.0133647	CRABP1|RDH11|RDH13|RDH14
 REACT:R-HSA-975634	Retinoid metabolism and transport	0.00017228139523	0.0150778	LRAT|RBP1|RBP2|RBP4|RDH11
 REACT:R-HSA-2046105	Linoleic acid (LA) metabolism	0.000190563845731	0.0160822	ELOVL1|ELOVL3|ELOVL5
 REACT:R-HSA-193048	Androgen biosynthesis	0.000259726829448	0.0211633	SRD5A1|SRD5A2|SRD5A3
 REACT:R-HSA-425561	Sodium/Calcium exchangers	0.000442335902819	0.0348413	SLC8A1|SLC8A2|SLC8A3
 REACT:R-HSA-373076	Class A/1 (Rhodopsin-like receptors)	0.000489919622681	0.0373445	ADORA3|ANXA1|AVPR2|GPR31|GRP|HRH4|MC1R|MC3R|MC4R|PTGER1|PTGER3|TBXA2R
 REACT:R-HSA-196071	Metabolism of steroid hormones	0.000549246275393	0.0399592	CYP11B1|SRD5A1|SRD5A2|SRD5A3
 REACT:R-HSA-418359	Reduction of cytosolic Ca++ levels	0.000558042515194	0.0399592	SLC8A1|SLC8A2|SLC8A3
 REACT:R-HSA-2046104	alpha-linolenic (omega3) and linoleic (omega6) acid metabolism	0.000691447395036	0.0444063	ELOVL1|ELOVL3|ELOVL5
 REACT:R-HSA-2046106	alpha-linolenic acid (ALA) metabolism	0.000691447395036	0.0444063	ELOVL1|ELOVL3|ELOVL5
 REACT:R-HSA-391903	Eicosanoid ligand-binding receptors	0.000691447395036	0.0444063	PTGER1|PTGER3|TBXA2R
 REACT:R-HSA-113510	E2F mediated regulation of DNA replication	0.000695316162677	0.0444063	CDC45|ORC3|PPP2R1A|PPP2R1B
