 REACT:R-HSA-2453902	The canonical retinoid cycle in rods (twilight vision)	3.77264885998e-12	8.91477e-09	LRAT|RBP3|RBP4|RDH11|RDH12|RDH8|RLBP1|RPE65
 KEGG:hsa_M00415	"Fatty acid biosynthesis elongation endoplasmic reticulum"	2.45926170539e-08	2.90562e-05	ELOVL1|ELOVL3|ELOVL4|ELOVL5|ELOVL7
 REACT:R-HSA-383280	Nuclear Receptor transcription pathway	8.60407085579e-08	6.77714e-05	NR0B1|NR1I2|NR1I3|NR3C2|NR4A3|PGR|VDR
 KEGG:hsa04740	Olfactory transduction	3.58770816833e-07	0.000211944	OR11L1|OR1C1|OR1F1|OR1J1|OR1N1|OR1S2|OR2T2|OR4C12|OR7C1|OR7D2|OR8G1|OR9A2|SLC8A1|SLC8A2|SLC8A3
 REACT:R-HSA-2187338	Visual phototransduction	7.62579687286e-07	0.000360395	LRAT|RBP3|RBP4|RDH11|RDH12|RDH8|RLBP1|RPE65
 KEGG:hsa00062	Fatty acid elongation	9.46350375064e-07	0.000372704	ELOVL1|ELOVL3|ELOVL4|ELOVL5|ELOVL7
 REACT:R-HSA-75876	Synthesis of very long-chain fatty acyl-CoAs	1.72015655664e-06	0.000580676	ELOVL1|ELOVL3|ELOVL4|ELOVL5|ELOVL7
 KEGG:hsa00830	Retinol metabolism	8.14957675321e-06	0.00240718	LRAT|RDH11|RDH12|RDH8|RETSAT|RPE65
 REACT:R-HSA-216083	Integrin cell surface interactions	1.06090806539e-05	0.00277742	ITGB1|ITGB2|ITGB3|ITGB5|ITGB6|ITGB7
 REACT:R-HSA-388396	GPCR downstream signaling	1.17538039422e-05	0.00277742	ADORA3|AVPR2|HRH4|IL2RB|KALRN|MC3R|OR11L1|OR1C1|OR1F1|OR1J1|OR1N1|OR1S2|OR2T2|OR4C12|OR7C1|OR7D2|OR8G1|OR9A2|PTGER1|PTGER3|TBXA2R
 KEGG:hsa05412	Arrhythmogenic right ventricular cardiomyopathy (ARVC)	1.47896696098e-05	0.00317709	ITGB1|ITGB3|ITGB5|ITGB6|ITGB7|SLC8A1
 REACT:R-HSA-391908	Prostanoid ligand receptors	3.21021179037e-05	0.0060854	PTGER1|PTGER3|TBXA2R
 KEGG:hsa05410	Hypertrophic cardiomyopathy (HCM)	3.34787009935e-05	0.0060854	ITGB1|ITGB3|ITGB5|ITGB6|ITGB7|SLC8A1
 REACT:R-HSA-2046105	Linoleic acid (LA) metabolism	4.56142037314e-05	0.00734696	ELOVL1|ELOVL3|ELOVL5
 REACT:R-HSA-75105	Fatty Acyl-CoA Biosynthesis	4.75740786113e-05	0.00734696	ELOVL1|ELOVL3|ELOVL4|ELOVL5|ELOVL7
 KEGG:hsa05414	Dilated cardiomyopathy	4.97466727947e-05	0.00734696	ITGB1|ITGB3|ITGB5|ITGB6|ITGB7|SLC8A1
 KEGG:hsa04020	Calcium signaling pathway	5.70133711734e-05	0.00792486	ORAI3|PPP3R2|PTGER1|PTGER3|SLC8A1|SLC8A2|SLC8A3|TBXA2R
 REACT:R-HSA-2129379	Molecules associated with elastic fibres	7.63566997367e-05	0.00984798	ITGB1|ITGB3|ITGB5|ITGB6
 REACT:R-HSA-381753	Olfactory Signaling Pathway	7.9183901778e-05	0.00984798	OR11L1|OR1C1|OR1F1|OR1J1|OR1N1|OR1S2|OR2T2|OR4C12|OR7C1|OR7D2|OR8G1|OR9A2
 REACT:R-HSA-162582	Signal Transduction	9.62197604948e-05	0.0113684	ADORA3|APH1B|AVPR2|HRH4|IL2RB|ITGB1|ITGB3|KALRN|LRAT|MC3R|OR11L1|OR1C1|OR1F1|OR1J1|OR1N1|OR1S2|OR2T2|OR4C12|OR7C1|OR7D2|OR8G1|OR9A2|PGR|PTGER1|PTGER3|RBP3|RBP4|RDH11|RDH12|RDH13|RDH14|RDH8|RLBP1|RPE65|TBXA2R
 REACT:R-HSA-425561	Sodium/Calcium exchangers	0.000106974832789	0.0120372	SLC8A1|SLC8A2|SLC8A3
 REACT:R-HSA-418359	Reduction of cytosolic Ca++ levels	0.000135420335558	0.0145454	SLC8A1|SLC8A2|SLC8A3
 REACT:R-HSA-2046104	alpha-linolenic (omega3) and linoleic (omega6) acid metabolism	0.000168368803847	0.0159142	ELOVL1|ELOVL3|ELOVL5
 REACT:R-HSA-2046106	alpha-linolenic acid (ALA) metabolism	0.000168368803847	0.0159142	ELOVL1|ELOVL3|ELOVL5
 REACT:R-HSA-391903	Eicosanoid ligand-binding receptors	0.000168368803847	0.0159142	PTGER1|PTGER3|TBXA2R
 REACT:R-HSA-372790	Signaling by GPCR	0.000234763384864	0.0213364	ADORA3|AVPR2|HRH4|IL2RB|ITGB3|KALRN|MC3R|OR11L1|OR1C1|OR1F1|OR1J1|OR1N1|OR1S2|OR2T2|OR4C12|OR7C1|OR7D2|OR8G1|OR9A2|PTGER1|PTGER3|TBXA2R
 REACT:R-HSA-1566948	Elastic fibre formation	0.000255261138236	0.0223401	ITGB1|ITGB3|ITGB5|ITGB6
 REACT:R-HSA-75109	Triglyceride Biosynthesis	0.000329491604872	0.0278067	ELOVL1|ELOVL3|ELOVL4|ELOVL5|ELOVL7
 KEGG:hsa04512	ECM-receptor interaction	0.000348858418225	0.0284259	ITGB1|ITGB3|ITGB5|ITGB6|ITGB7
 REACT:R-HSA-3000170	Syndecan interactions	0.000410680448063	0.0323479	ITGB1|ITGB3|ITGB5
 REACT:R-HSA-6806667	Metabolism of fat-soluble vitamins	0.000627651840938	0.0463606	GC|LRAT|RBP4|RDH11
 REACT:R-HSA-5365859	RA biosynthesis pathway	0.000627820534101	0.0463606	RDH11|RDH13|RDH14
 KEGG:hsa04514	Cell adhesion molecules (CAMs)	0.000664784482232	0.0476026	CLDN11|CLDN2|ITGB1|ITGB2|ITGB7|OCLN
 KEGG:hsa_M00154	Cytochrome c oxidase	0.000713676641552	0.0496005	COX7A1|COX7A2|COX7A2L
