 KEGG:hsa04060	Cytokine-cytokine receptor interaction	0.0	0	CD27|CD40|CRLF2|CSF1|CSF2RA|CSF2RB|CX3CL1|EDA2R|EGFR|FAS|FLT1|FLT3|IFNA1|IFNA10|IFNA13|IFNA14|IFNA16|IFNA17|IFNA2|IFNA21|IFNA4|IFNA5|IFNA6|IFNA7|IFNA8|IFNAR2|IFNB1|IFNE|IFNG|IFNLR1|IFNW1|IL12B|IL17B|IL17RA|IL19|IL1A|IL1B|IL1R1|IL1R2|IL1RAP|IL20|IL20RB|IL21R|IL22|IL22RA1|IL24|IL2RB|IL2RG|IL4R|IL5RA|IL6R|KDR|KIT|LTBR|MET|OSMR|RELT|TNFRSF10D|TNFRSF11A|TNFRSF11B|TNFRSF14|TNFRSF18|TNFRSF1B|TNFRSF25|TNFRSF4|TNFRSF6B|VEGFA|VEGFC
 KEGG:hsa04151	PI3K-Akt signaling pathway	0.0	0	CD19|CHAD|COMP|CREB3L3|CREB5|CSF1|EFNA1|EFNA2|EFNA3|EFNA4|EGFR|FGF1|FGF10|FGF11|FGF12|FGF13|FGF14|FGF16|FGF17|FGF18|FGF19|FGF2|FGF20|FGF21|FGF22|FGF23|FGF3|FGF4|FGF5|FGF6|FGF7|FGF8|FGF9|FGFR1|FGFR2|FGFR3|FLT1|IFNA1|IFNA10|IFNA13|IFNA14|IFNA16|IFNA17|IFNA2|IFNA21|IFNA4|IFNA5|IFNA6|IFNA7|IFNA8|IFNAR2|IFNB1|IL2RB|IL2RG|IL4R|IL6R|KDR|KIT|LAMB4|LAMC3|MET|OSMR|PHLPP1|PHLPP2|PIK3AP1|PTK2|RPTOR|TEK|THBS1|THBS2|THBS3|THBS4|TLR2|TLR4|TNXB|VEGFA|VEGFC
 KEGG:hsa04630	Jak-STAT signaling pathway	0.0	0	CRLF2|CSF2RA|CSF2RB|IFNA1|IFNA10|IFNA13|IFNA14|IFNA16|IFNA17|IFNA2|IFNA21|IFNA4|IFNA5|IFNA6|IFNA7|IFNA8|IFNAR2|IFNB1|IFNE|IFNG|IFNLR1|IFNW1|IL12B|IL13RA2|IL19|IL20|IL20RB|IL21R|IL22|IL22RA1|IL24|IL2RB|IL2RG|IL4R|IL5RA|IL6R|OSMR|STAT5A
 KEGG:hsa04650	Natural killer cell mediated cytotoxicity	0.0	0	FAS|FCGR3A|FCGR3B|ICAM1|ICAM2|IFNA1|IFNA10|IFNA13|IFNA14|IFNA16|IFNA17|IFNA2|IFNA21|IFNA4|IFNA5|IFNA6|IFNA7|IFNA8|IFNAR2|IFNB1|IFNG|ITGB2|KIR2DL1|KIR2DL3|KIR2DL4|KIR2DS1|KIR2DS4|KIR2DS5|KIR3DL2|KLRC1|KLRC2|KLRC4-KLRK1|KLRD1|LAT|PPP3R2|PTK2B|TNFRSF10D|ZAP70
 KEGG:hsa05152	Tuberculosis	0.0	0	ATP6V0A1|CD14|CEBPB|CIITA|CLEC4E|CLEC4M|CLEC7A|FCGR2A|FCGR2B|FCGR2C|FCGR3A|FCGR3B|IFNA1|IFNA10|IFNA13|IFNA14|IFNA16|IFNA17|IFNA2|IFNA21|IFNA4|IFNA5|IFNA6|IFNA7|IFNA8|IFNB1|IFNG|IL12B|IL1A|IL1B|IRAK1|IRAK4|ITGB2|LAMP1|LSP1|MRC1|NFYC|PLA2R1|PPP3R2|RFXAP|TLR1|TLR2|TLR4|TLR6
 KEGG:hsa05162	Measles	0.0	0	BBC3|CD28|CD3D|CD3G|CD46|CLEC4M|CSNK2B|FAS|FCGR2B|IFNA1|IFNA10|IFNA13|IFNA14|IFNA16|IFNA17|IFNA2|IFNA21|IFNA4|IFNA5|IFNA6|IFNA7|IFNA8|IFNAR2|IFNB1|IFNG|IL12B|IL1A|IL1B|IL2RB|IL2RG|IRAK1|IRAK4|MAP3K7|OAS2|STAT5A|TLR2|TLR4|TNFRSF10D
 KEGG:hsa05218	Melanoma	0.0	0	EGFR|FGF1|FGF10|FGF11|FGF12|FGF13|FGF14|FGF16|FGF17|FGF18|FGF19|FGF2|FGF20|FGF21|FGF22|FGF23|FGF3|FGF4|FGF5|FGF6|FGF7|FGF8|FGF9|FGFR1|MET|MITF
 REACT:R-HSA-1257604	PIP3 activates AKT signaling	0.0	0	BTC|CD19|CD28|EGFR|ERBB2|ERBB3|ERBB4|FGF1|FGF10|FGF16|FGF17|FGF18|FGF19|FGF2|FGF20|FGF22|FGF23|FGF3|FGF4|FGF5|FGF6|FGF7|FGF8|FGF9|FGFR1|FGFR2|FGFR3|FOXO1|HBEGF|ICOS|KIT|MET|NRG1|NRG2|NRG4|PHLPP1|PHLPP2|PIK3AP1|TNRC6A
 REACT:R-HSA-1280215	Cytokine Signaling in Immune system	0.0	0	BCL6|BTC|CD27|CD4|CD40|CD44|CIITA|CSF1|CSF2RA|CSF2RB|EDA2R|EGFR|ERBB2|ERBB3|ERBB4|FCGR1B|FGA|FGB|FGF1|FGF10|FGF16|FGF17|FGF18|FGF19|FGF2|FGF20|FGF22|FGF23|FGF3|FGF4|FGF5|FGF6|FGF7|FGF8|FGF9|FGFR1|FGFR2|FGFR3|FGG|FLT3|FOXO1|GAB2|GATA3|HBEGF|ICAM1|IFNA1|IFNA10|IFNA13|IFNA14|IFNA16|IFNA17|IFNA2|IFNA21|IFNA4|IFNA5|IFNA6|IFNA7|IFNA8|IFNAR2|IFNB1|IFNG|IFNLR1|IL12B|IL13RA2|IL17RA|IL19|IL1A|IL1B|IL1R1|IL1R2|IL1RAP|IL1RL1|IL1RN|IL20|IL20RB|IL22|IL22RA1|IL24|IL2RB|IL2RG|IL34|IL36A|IL36B|IL4R|IL5RA|IL6R|IRAK1|IRAK3|IRAK4|ISG20|ITGB2|JUNB|KIT|LAT|LGALS9|LTBR|MAP3K7|MET|NCAM1|NFKB2|NRG1|NRG2|NRG4|OAS2|OSMR|POM121|PTK2|PTK2B|RET|SOX2|STAT5A|TEK|TNFRSF11A|TNFRSF11B|TNFRSF14|TNFRSF18|TNFRSF1B|TNFRSF25|TNFRSF4|TNFRSF6B|TNIP2|TRIM14|TRIM17|VEGFA
 REACT:R-HSA-1280218	Adaptive Immune System	0.0	0	AP1M2|BTC|BTLA|BTNL8|CALR|CANX|CD14|CD160|CD19|CD1D|CD207|CD22|CD28|CD3D|CD3G|CD4|CD40|CLEC2B|CLEC2D|CXADR|DCTN4|EGFR|ERBB2|ERBB3|ERBB4|FBXL12|FBXL13|FBXL14|FBXL15|FBXL19|FBXL4|FBXL5|FBXL7|FBXO17|FBXO6|FCGR1B|FCGR2B|FCGR3A|FGF1|FGF10|FGF16|FGF17|FGF18|FGF19|FGF2|FGF20|FGF22|FGF23|FGF3|FGF4|FGF5|FGF6|FGF7|FGF8|FGF9|FGFR1|FGFR2|FGFR3|FOXO1|HBEGF|HERC6|ICAM1|ICAM2|ICAM3|ICAM4|ICOS|ITGB2|KIR2DL1|KIR2DL3|KIR2DL4|KIR2DS1|KIR3DL2|KIR3DS1|KIT|KLRB1|KLRC1|KLRC4-KLRK1|KLRD1|KLRF1|KLRG1|LAIR2|LAT|LILRA1|LILRA3|LILRA4|LILRA5|LILRB5|MAP3K7|MET|MGRN1|MRC1|NRG1|NRG2|NRG4|PDCD1LG2|PHLPP1|PHLPP2|PIK3AP1|PVR|SELL|SIGLEC1|SIGLEC10|SIGLEC11|SIGLEC12|SIGLEC5|SIGLEC6|SIGLEC7|SIGLEC8|SIGLEC9|SKP2|SLAMF6|SPSB4|TLR1|TLR2|TLR4|TLR6|TNFRSF14|TNRC6A|TRPC1|ZAP70
 REACT:R-HSA-168249	Innate Immune System	0.0	0	A1BG|AGER|AGL|ARSA|ATP6V0A1|ATP6V1E2|B4GALT1|BTC|C1R|C8A|CD14|CD180|CD19|CD28|CD3G|CD4|CD44|CD46|CD47|CD59|CD68|CEACAM1|CEACAM8|CFP|CLEC10A|CLEC12A|CLEC4A|CLEC4C|CLEC4D|CLEC4E|CLEC5A|CLEC6A|CLEC7A|COLEC11|CRP|CSF2RA|CSF2RB|CSNK2B|DEFB112|DEFB119|DEGS1|DSN1|EGFR|ERBB2|ERBB3|ERBB4|FAF2|FCAR|FCER1A|FCGR2A|FCGR2C|FCGR3A|FCGR3B|FCN3|FGA|FGB|FGF1|FGF10|FGF16|FGF17|FGF18|FGF19|FGF2|FGF20|FGF22|FGF23|FGF3|FGF4|FGF5|FGF6|FGF7|FGF8|FGF9|FGFR1|FGFR2|FGFR3|FGG|FOXO1|GAA|GAB2|GLA|GUSB|GYG1|HBEGF|HEXB|ICAM2|ICAM3|ICOS|IFNA1|IFNA10|IFNA13|IFNA14|IFNA16|IFNA17|IFNA2|IFNA21|IFNA4|IFNA5|IFNA6|IFNA7|IFNA8|IFNB1|IL1B|IL2RB|IL2RG|IL5RA|IRAK1|IRAK3|IRAK4|ITGB2|ITLN1|KIR2DS4|KIR2DS5|KIR3DS1|KIT|KLRC2|KLRC4-KLRK1|KLRD1|LAMP1|LAMTOR1|LAT|LGALS3|LILRA3|LRG1|MAP3K7|MASP2|MBL2|MEF2A|MEF2C|MEFV|MET|MGAM|MUC15|MUC7|NCAM1|NEU1|NFAM1|NFASC|NFKB2|NLRC3|NLRP1|NLRP4|NRG1|NRG2|NRG4|OLR1|PGLYRP1|PGLYRP2|PGLYRP3|PGLYRP4|PGM1|PHLPP1|PHLPP2|PIK3AP1|PLAUR|POLR3H|PRG2|PRG3|PTK2|PTX3|RET|RNF135|RNF216|SELL|SEMG1|SIGLEC14|SIGLEC15|SIGLEC5|SIGLEC9|SLC2A3|SLC2A5|SLPI|STBD1|STK11IP|TEK|TLR1|TLR10|TLR2|TLR3|TLR4|TLR5|TLR6|TNFRSF1B|TNIP2|TNRC6A|TREX1|VAPA|WIPF1
 REACT:R-HSA-168256	Immune System	0.0	0	A1BG|AGER|AGL|AP1M2|ARSA|ATP6V0A1|ATP6V1E2|B4GALT1|BCL6|BTC|BTLA|BTNL8|C1R|C8A|CALR|CANX|CD14|CD160|CD180|CD19|CD1D|CD207|CD22|CD27|CD28|CD3D|CD3G|CD4|CD40|CD44|CD46|CD47|CD59|CD68|CEACAM1|CEACAM8|CFP|CIITA|CLEC10A|CLEC12A|CLEC2B|CLEC2D|CLEC4A|CLEC4C|CLEC4D|CLEC4E|CLEC5A|CLEC6A|CLEC7A|COLEC11|CRP|CSF1|CSF2RA|CSF2RB|CSNK2B|CXADR|DCTN4|DEFB112|DEFB119|DEGS1|DSN1|EDA2R|EGFR|ERBB2|ERBB3|ERBB4|FAF2|FBXL12|FBXL13|FBXL14|FBXL15|FBXL19|FBXL4|FBXL5|FBXL7|FBXO17|FBXO6|FCAR|FCER1A|FCGR1B|FCGR2A|FCGR2B|FCGR2C|FCGR3A|FCGR3B|FCN3|FGA|FGB|FGF1|FGF10|FGF16|FGF17|FGF18|FGF19|FGF2|FGF20|FGF22|FGF23|FGF3|FGF4|FGF5|FGF6|FGF7|FGF8|FGF9|FGFR1|FGFR2|FGFR3|FGG|FLT3|FOXO1|GAA|GAB2|GATA3|GLA|GUSB|GYG1|HBEGF|HERC6|HEXB|ICAM1|ICAM2|ICAM3|ICAM4|ICOS|IFNA1|IFNA10|IFNA13|IFNA14|IFNA16|IFNA17|IFNA2|IFNA21|IFNA4|IFNA5|IFNA6|IFNA7|IFNA8|IFNAR2|IFNB1|IFNG|IFNLR1|IL12B|IL13RA2|IL17RA|IL19|IL1A|IL1B|IL1R1|IL1R2|IL1RAP|IL1RL1|IL1RN|IL20|IL20RB|IL22|IL22RA1|IL24|IL2RB|IL2RG|IL34|IL36A|IL36B|IL4R|IL5RA|IL6R|IRAK1|IRAK3|IRAK4|ISG20|ITGB2|ITLN1|JUNB|KIR2DL1|KIR2DL3|KIR2DL4|KIR2DS1|KIR2DS4|KIR2DS5|KIR3DL2|KIR3DS1|KIT|KLRB1|KLRC1|KLRC2|KLRC4-KLRK1|KLRD1|KLRF1|KLRG1|LAIR2|LAMP1|LAMTOR1|LAT|LGALS3|LGALS9|LILRA1|LILRA3|LILRA4|LILRA5|LILRB5|LRG1|LTBR|MAP3K7|MASP2|MBL2|MEF2A|MEF2C|MEFV|MET|MGAM|MGRN1|MRC1|MUC15|MUC7|NCAM1|NEU1|NFAM1|NFASC|NFKB2|NLRC3|NLRP1|NLRP4|NRG1|NRG2|NRG4|OAS2|OLR1|OSMR|PDCD1LG2|PGLYRP1|PGLYRP2|PGLYRP3|PGLYRP4|PGM1|PHLPP1|PHLPP2|PIK3AP1|PLAUR|POLR3H|POM121|PRG2|PRG3|PTK2|PTK2B|PTX3|PVR|RET|RNF135|RNF216|SELL|SEMG1|SIGLEC1|SIGLEC10|SIGLEC11|SIGLEC12|SIGLEC14|SIGLEC15|SIGLEC5|SIGLEC6|SIGLEC7|SIGLEC8|SIGLEC9|SKP2|SLAMF6|SLC2A3|SLC2A5|SLPI|SOX2|SPSB4|STAT5A|STBD1|STK11IP|TEK|TLR1|TLR10|TLR2|TLR3|TLR4|TLR5|TLR6|TNFRSF11A|TNFRSF11B|TNFRSF14|TNFRSF18|TNFRSF1B|TNFRSF25|TNFRSF4|TNFRSF6B|TNIP2|TNRC6A|TREX1|TRIM14|TRIM17|TRPC1|VAPA|VEGFA|WIPF1|ZAP70
 REACT:R-HSA-180292	GAB1 signalosome	0.0	0	BTC|CD19|CD28|EGFR|ERBB2|ERBB3|ERBB4|FGF1|FGF10|FGF16|FGF17|FGF18|FGF19|FGF2|FGF20|FGF22|FGF23|FGF3|FGF4|FGF5|FGF6|FGF7|FGF8|FGF9|FGFR1|FGFR2|FGFR3|FOXO1|HBEGF|ICOS|KIT|MET|NRG1|NRG2|NRG4|PHLPP1|PHLPP2|PIK3AP1|TNRC6A
 REACT:R-HSA-1839122	Signaling by activated point mutants of FGFR1	0.0	0	FGF1|FGF17|FGF2|FGF20|FGF23|FGF4|FGF5|FGF6|FGF8|FGF9|FGFR1
 REACT:R-HSA-1839126	FGFR2 mutant receptor activation	0.0	0	FGF1|FGF10|FGF16|FGF17|FGF18|FGF2|FGF20|FGF22|FGF23|FGF3|FGF4|FGF5|FGF6|FGF7|FGF8|FGF9|FGFR2
 REACT:R-HSA-1839130	Signaling by activated point mutants of FGFR3	0.0	0	FGF1|FGF16|FGF17|FGF18|FGF2|FGF20|FGF23|FGF4|FGF5|FGF8|FGF9|FGFR3
 REACT:R-HSA-190239	FGFR3 ligand binding and activation	0.0	0	FGF1|FGF16|FGF17|FGF18|FGF2|FGF20|FGF23|FGF4|FGF5|FGF8|FGF9|FGFR3
 REACT:R-HSA-190241	FGFR2 ligand binding and activation	0.0	0	FGF1|FGF10|FGF16|FGF17|FGF18|FGF2|FGF20|FGF22|FGF23|FGF3|FGF4|FGF5|FGF6|FGF7|FGF8|FGF9|FGFR2
 REACT:R-HSA-190242	FGFR1 ligand binding and activation	0.0	0	FGF1|FGF10|FGF17|FGF2|FGF20|FGF22|FGF23|FGF3|FGF4|FGF5|FGF6|FGF8|FGF9|FGFR1
 REACT:R-HSA-190322	FGFR4 ligand binding and activation	0.0	0	FGF1|FGF16|FGF17|FGF18|FGF19|FGF2|FGF20|FGF23|FGF4|FGF6|FGF8|FGF9
 REACT:R-HSA-190372	FGFR3c ligand binding and activation	0.0	0	FGF1|FGF16|FGF17|FGF18|FGF2|FGF20|FGF23|FGF4|FGF5|FGF8|FGF9|FGFR3
 REACT:R-HSA-190373	FGFR1c ligand binding and activation	0.0	0	FGF1|FGF17|FGF2|FGF20|FGF23|FGF4|FGF5|FGF6|FGF8|FGF9|FGFR1
 REACT:R-HSA-190375	FGFR2c ligand binding and activation	0.0	0	FGF1|FGF16|FGF17|FGF18|FGF2|FGF20|FGF23|FGF4|FGF5|FGF6|FGF8|FGF9|FGFR2
 REACT:R-HSA-198203	PI3K/AKT activation	0.0	0	BTC|CD19|CD28|EGFR|ERBB2|ERBB3|ERBB4|FGF1|FGF10|FGF16|FGF17|FGF18|FGF19|FGF2|FGF20|FGF22|FGF23|FGF3|FGF4|FGF5|FGF6|FGF7|FGF8|FGF9|FGFR1|FGFR2|FGFR3|FOXO1|HBEGF|ICOS|KIT|MET|NRG1|NRG2|NRG4|NTRK1|PHLPP1|PHLPP2|PIK3AP1|TNRC6A
 REACT:R-HSA-198933	Immunoregulatory interactions between a Lymphoid and a non-Lymphoid cell	0.0	0	CD160|CD19|CD1D|CD22|CD3D|CD3G|CD40|CLEC2B|CLEC2D|CXADR|FCGR2B|FCGR3A|ICAM1|ICAM2|ICAM3|ICAM4|ITGB2|KIR2DL1|KIR2DL3|KIR2DL4|KIR2DS1|KIR3DL2|KIR3DS1|KLRB1|KLRC1|KLRC4-KLRK1|KLRD1|KLRF1|KLRG1|LAIR2|LILRA1|LILRA3|LILRA4|LILRA5|LILRB5|PVR|SELL|SIGLEC1|SIGLEC10|SIGLEC11|SIGLEC12|SIGLEC5|SIGLEC6|SIGLEC7|SIGLEC8|SIGLEC9|SLAMF6
 REACT:R-HSA-199418	Negative regulation of the PI3K/AKT network	0.0	0	BTC|CD19|CD28|EGFR|ERBB2|ERBB3|ERBB4|FGF1|FGF10|FGF16|FGF17|FGF18|FGF19|FGF2|FGF20|FGF22|FGF23|FGF3|FGF4|FGF5|FGF6|FGF7|FGF8|FGF9|FGFR1|FGFR2|FGFR3|HBEGF|ICOS|KIT|MET|NRG1|NRG2|NRG4|PHLPP1|PHLPP2|PIK3AP1
 REACT:R-HSA-2033514	FGFR3 mutant receptor activation	0.0	0	FGF1|FGF16|FGF17|FGF18|FGF2|FGF20|FGF23|FGF4|FGF5|FGF8|FGF9|FGFR3
 REACT:R-HSA-2033519	Activated point mutants of FGFR2	0.0	0	FGF1|FGF10|FGF16|FGF17|FGF18|FGF2|FGF20|FGF22|FGF23|FGF3|FGF4|FGF5|FGF6|FGF7|FGF8|FGF9|FGFR2
 REACT:R-HSA-2219528	PI3K/AKT Signaling in Cancer	0.0	0	BTC|CD19|CD28|EGFR|ERBB2|ERBB3|ERBB4|FGF1|FGF10|FGF16|FGF17|FGF18|FGF19|FGF2|FGF20|FGF22|FGF23|FGF3|FGF4|FGF5|FGF6|FGF7|FGF8|FGF9|FGFR1|FGFR2|FGFR3|FOXO1|HBEGF|ICOS|KIT|MET|NRG1|NRG2|NRG4|PIK3AP1
 REACT:R-HSA-2219530	Constitutive Signaling by Aberrant PI3K in Cancer	0.0	0	BTC|CD19|CD28|EGFR|ERBB2|ERBB3|ERBB4|FGF1|FGF10|FGF16|FGF17|FGF18|FGF19|FGF2|FGF20|FGF22|FGF23|FGF3|FGF4|FGF5|FGF6|FGF7|FGF8|FGF9|FGFR1|FGFR2|FGFR3|HBEGF|ICOS|KIT|MET|NRG1|NRG2|NRG4|PIK3AP1
 REACT:R-HSA-2730905	Role of LAT2/NTAL/LAB on calcium mobilization	0.0	0	BTC|CD19|CD28|EGFR|ERBB2|ERBB3|ERBB4|FGF1|FGF10|FGF16|FGF17|FGF18|FGF19|FGF2|FGF20|FGF22|FGF23|FGF3|FGF4|FGF5|FGF6|FGF7|FGF8|FGF9|FGFR1|FGFR2|FGFR3|FOXO1|GAB2|HBEGF|ICOS|KIT|MET|NRG1|NRG2|NRG4|PHLPP1|PHLPP2|PIK3AP1|TNRC6A
 REACT:R-HSA-449147	Signaling by Interleukins	0.0	0	BCL6|BTC|CD4|CSF1|CSF2RA|CSF2RB|EGFR|ERBB2|ERBB3|ERBB4|FGA|FGB|FGF1|FGF10|FGF16|FGF17|FGF18|FGF19|FGF2|FGF20|FGF22|FGF23|FGF3|FGF4|FGF5|FGF6|FGF7|FGF8|FGF9|FGFR1|FGFR2|FGFR3|FGG|FLT3|FOXO1|GAB2|GATA3|HBEGF|ICAM1|IFNLR1|IL12B|IL13RA2|IL17RA|IL19|IL1A|IL1B|IL1R1|IL1R2|IL1RAP|IL1RL1|IL1RN|IL20|IL20RB|IL22|IL22RA1|IL24|IL2RB|IL2RG|IL34|IL36A|IL36B|IL4R|IL5RA|IL6R|IRAK1|IRAK3|IRAK4|ITGB2|JUNB|KIT|LAT|LGALS9|MAP3K7|MET|NCAM1|NFKB2|NRG1|NRG2|NRG4|OSMR|PTK2|PTK2B|RET|SOX2|STAT5A|TEK|TNFRSF1B|TNIP2|VEGFA
 REACT:R-HSA-5654219	Phospholipase C-mediated cascade: FGFR1	0.0	0	FGF1|FGF10|FGF17|FGF2|FGF20|FGF22|FGF23|FGF3|FGF4|FGF5|FGF6|FGF8|FGF9|FGFR1
 REACT:R-HSA-5654221	Phospholipase C-mediated cascade; FGFR2	0.0	0	FGF1|FGF10|FGF16|FGF17|FGF18|FGF2|FGF20|FGF22|FGF23|FGF3|FGF4|FGF5|FGF6|FGF7|FGF8|FGF9|FGFR2
 REACT:R-HSA-5654227	Phospholipase C-mediated cascade; FGFR3	0.0	0	FGF1|FGF16|FGF17|FGF18|FGF2|FGF20|FGF23|FGF4|FGF5|FGF8|FGF9|FGFR3
 REACT:R-HSA-5654228	Phospholipase C-mediated cascade; FGFR4	0.0	0	FGF1|FGF16|FGF17|FGF18|FGF19|FGF2|FGF20|FGF23|FGF4|FGF6|FGF8|FGF9
 REACT:R-HSA-5654687	Downstream signaling of activated FGFR1	0.0	0	FGF1|FGF10|FGF17|FGF2|FGF20|FGF22|FGF23|FGF3|FGF4|FGF5|FGF6|FGF8|FGF9|FGFR1|FLRT1|FLRT2|FLRT3
 REACT:R-HSA-5654688	SHC-mediated cascade:FGFR1	0.0	0	FGF1|FGF10|FGF17|FGF2|FGF20|FGF22|FGF23|FGF3|FGF4|FGF5|FGF6|FGF8|FGF9|FGFR1
 REACT:R-HSA-5654689	PI-3K cascade:FGFR1	0.0	0	FGF1|FGF10|FGF17|FGF2|FGF20|FGF22|FGF23|FGF3|FGF4|FGF5|FGF6|FGF8|FGF9|FGFR1
 REACT:R-HSA-5654695	PI-3K cascade:FGFR2	0.0	0	FGF1|FGF10|FGF16|FGF17|FGF18|FGF2|FGF20|FGF22|FGF23|FGF3|FGF4|FGF5|FGF6|FGF7|FGF8|FGF9|FGFR2
 REACT:R-HSA-5654696	Downstream signaling of activated FGFR2	0.0	0	FGF1|FGF10|FGF16|FGF17|FGF18|FGF2|FGF20|FGF22|FGF23|FGF3|FGF4|FGF5|FGF6|FGF7|FGF8|FGF9|FGFR2
 REACT:R-HSA-5654699	SHC-mediated cascade:FGFR2	0.0	0	FGF1|FGF10|FGF16|FGF17|FGF18|FGF2|FGF20|FGF22|FGF23|FGF3|FGF4|FGF5|FGF6|FGF7|FGF8|FGF9|FGFR2
 REACT:R-HSA-5654700	FRS-mediated FGFR2 signaling	0.0	0	FGF1|FGF10|FGF16|FGF17|FGF18|FGF2|FGF20|FGF22|FGF23|FGF3|FGF4|FGF5|FGF6|FGF7|FGF8|FGF9|FGFR2
 REACT:R-HSA-6811558	"PI5P PP2A and IER3 Regulate PI3K/AKT Signaling"	0.0	0	BTC|CD19|CD28|EGFR|ERBB2|ERBB3|ERBB4|FGF1|FGF10|FGF16|FGF17|FGF18|FGF19|FGF2|FGF20|FGF22|FGF23|FGF3|FGF4|FGF5|FGF6|FGF7|FGF8|FGF9|FGFR1|FGFR2|FGFR3|HBEGF|ICOS|KIT|MET|NRG1|NRG2|NRG4|PIK3AP1
 REACT:R-HSA-432047	Passive transport by Aquaporins	6.51345644087e-12	3.42029e-10	AQP1|AQP10|AQP12A|AQP2|AQP3|AQP4|AQP5|AQP6|AQP7|AQP9|MIP
 REACT:R-HSA-5654727	Negative regulation of FGFR2 signaling	1.35327304918e-11	6.9517e-10	FGF1|FGF10|FGF16|FGF17|FGF18|FGF2|FGF20|FGF22|FGF23|FGF3|FGF4|FGF5|FGF6|FGF7|FGF8|FGF9|FGFR2
 REACT:R-HSA-912694	Regulation of IFNA signaling	1.73085989985e-11	8.70217e-10	IFNA1|IFNA10|IFNA13|IFNA14|IFNA16|IFNA17|IFNA2|IFNA21|IFNA4|IFNA5|IFNA6|IFNA7|IFNA8|IFNAR2|IFNB1
 KEGG:hsa05224	Breast cancer	2.32608377004e-11	1.14511e-09	DLL4|EGFR|ERBB2|FGF1|FGF10|FGF11|FGF12|FGF13|FGF14|FGF16|FGF17|FGF18|FGF19|FGF2|FGF20|FGF21|FGF22|FGF23|FGF3|FGF4|FGF5|FGF6|FGF7|FGF8|FGF9|FGFR1|HEY1|JAG2|KIT|LEF1|NFKB2|SP1|TCF7|TCF7L1|TCF7L2|WNT2
 REACT:R-HSA-5654693	FRS-mediated FGFR1 signaling	2.95854452048e-11	1.42674e-09	FGF1|FGF10|FGF17|FGF2|FGF20|FGF22|FGF23|FGF3|FGF4|FGF5|FGF6|FGF8|FGF9|FGFR1
 REACT:R-HSA-428790	Facilitative Na+-independent glucose transporters	5.90132387401e-11	2.78897e-09	FGF21|SLC2A1|SLC2A10|SLC2A11|SLC2A14|SLC2A2|SLC2A3|SLC2A5|SLC2A6|SLC2A8|SLC2A9
 REACT:R-HSA-5654704	SHC-mediated cascade:FGFR3	2.82359802206e-10	1.28311e-08	FGF1|FGF16|FGF17|FGF18|FGF2|FGF20|FGF23|FGF4|FGF5|FGF8|FGF9|FGFR3
 REACT:R-HSA-5654710	PI-3K cascade:FGFR3	2.82359802206e-10	1.28311e-08	FGF1|FGF16|FGF17|FGF18|FGF2|FGF20|FGF23|FGF4|FGF5|FGF8|FGF9|FGFR3
 REACT:R-HSA-1266738	Developmental Biology	3.98311383876e-10	1.77587e-08	ABLIM1|ALCAM|ARHGAP39|ARHGEF7|BTC|CD72|CDH15|CDH2|CDH4|CDSN|CEBPB|CFC1|CNTN6|CSF2RA|CSF2RB|CSNK2B|DPPA4|EFNA1|EFNA2|EFNA3|EFNA4|EGFR|EGR2|EPHA3|ERBB2|ERBB3|ERBB4|FAM120B|FES|FGA|FGB|FGF1|FGF10|FGF16|FGF17|FGF18|FGF19|FGF2|FGF20|FGF22|FGF23|FGF3|FGF4|FGF5|FGF6|FGF7|FGF8|FGF9|FGFR1|FGFR2|FGFR3|FGG|FOXO1|FOXP1|GAB2|GAP43|HBEGF|HNF1A|HNF1B|HOXA2|IL2RB|IL2RG|IL5RA|INSM1|KALRN|KDR|KIT|KRT14|KRT7|KRT82|KRTAP10-1|KRTAP10-12|KRTAP10-2|KRTAP10-3|KRTAP1-1|KRTAP1-3|KRTAP13-1|KRTAP13-2|KRTAP13-4|KRTAP1-5|KRTAP2-1|KRTAP2-4|KRTAP24-1|KRTAP26-1|KRTAP27-1|KRTAP3-3|KRTAP4-1|KRTAP4-3|KRTAP4-6|KRTAP4-7|LAT|LCE2B|LIMK2|LIN28A|MED26|MEF2A|MEF2C|MET|NCAM1|NFASC|NRG1|NRG2|NRG4|NTN3|NTN4|NUMB|PDX1|PLXNA1|PLXNA2|PLXNC1|PLXND1|PSEN2|PTK2|RET|ROBO1|ROBO2|SALL1|SCN3B|SCN4B|SEMA3E|SLC2A2|SLIT1|SLIT2|SLIT3|SOX2|SPINK9|SPRR3|TCF12|TCF4|TDGF1|TEK|TRPC1|VEGFA|ZSCAN10
 KEGG:hsa04015	Rap1 signaling pathway	5.97210059183e-10	2.61335e-08	BCAR1|CSF1|EFNA1|EFNA2|EFNA3|EFNA4|EGFR|FGF1|FGF10|FGF11|FGF12|FGF13|FGF14|FGF16|FGF17|FGF18|FGF19|FGF2|FGF20|FGF21|FGF22|FGF23|FGF3|FGF4|FGF5|FGF6|FGF7|FGF8|FGF9|FGFR1|FGFR2|FGFR3|FLT1|GNAS|ITGB2|KDR|KIT|LAT|MET|TEK|THBS1|VEGFA|VEGFC
 KEGG:hsa04640	Hematopoietic cell lineage	7.00876134907e-10	3.01122e-08	CD14|CD19|CD1D|CD1E|CD2|CD22|CD3D|CD3G|CD4|CD44|CD59|CSF1|CSF2RA|FLT3|GP1BA|GP1BB|GP5|GP9|IL1A|IL1B|IL1R1|IL1R2|IL4R|IL5RA|IL6R|KIT|TFRC
 KEGG:hsa04620	Toll-like receptor signaling pathway	1.03650332761e-09	4.37367e-08	CD14|CD40|IFNA1|IFNA10|IFNA13|IFNA14|IFNA16|IFNA17|IFNA2|IFNA21|IFNA4|IFNA5|IFNA6|IFNA7|IFNA8|IFNAR2|IFNB1|IL12B|IL1B|IRAK1|IRAK4|MAP3K7|TLR1|TLR2|TLR3|TLR4|TLR5|TLR6
 REACT:R-HSA-5658623	FGFRL1 modulation of FGFR1 signaling	1.05586850374e-09	4.37722e-08	FGF10|FGF17|FGF18|FGF2|FGF22|FGF23|FGF3|FGF4|FGF5|FGF8
 REACT:R-HSA-109704	PI3K Cascade	1.11151010618e-09	4.52845e-08	FGF1|FGF10|FGF16|FGF17|FGF18|FGF19|FGF2|FGF20|FGF22|FGF23|FGF3|FGF4|FGF5|FGF6|FGF7|FGF8|FGF9|FGFR1|FGFR2|FGFR3|LAMTOR1|PRKAB1|PRKAB2|RPTOR
 REACT:R-HSA-5654706	FRS-mediated FGFR3 signaling	1.75872938435e-09	6.81291e-08	FGF1|FGF16|FGF17|FGF18|FGF2|FGF20|FGF23|FGF4|FGF5|FGF8|FGF9|FGFR3
 REACT:R-HSA-5654719	SHC-mediated cascade:FGFR4	1.75872938435e-09	6.81291e-08	FGF1|FGF16|FGF17|FGF18|FGF19|FGF2|FGF20|FGF23|FGF4|FGF6|FGF8|FGF9
 REACT:R-HSA-5654720	PI-3K cascade:FGFR4	1.75872938435e-09	6.81291e-08	FGF1|FGF16|FGF17|FGF18|FGF19|FGF2|FGF20|FGF23|FGF4|FGF6|FGF8|FGF9
 REACT:R-HSA-1226099	Signaling by FGFR in disease	1.85931037233e-09	7.08637e-08	FGF1|FGF10|FGF16|FGF17|FGF18|FGF2|FGF20|FGF22|FGF23|FGF3|FGF4|FGF5|FGF6|FGF7|FGF8|FGF9|FGFR1|FGFR2|FGFR3|GAB2|STAT5A
 REACT:R-HSA-2172127	DAP12 interactions	1.98351990388e-09	7.43977e-08	BTC|CD19|CD28|CLEC5A|CSF2RA|CSF2RB|EGFR|ERBB2|ERBB3|ERBB4|FGA|FGB|FGF1|FGF10|FGF16|FGF17|FGF18|FGF19|FGF2|FGF20|FGF22|FGF23|FGF3|FGF4|FGF5|FGF6|FGF7|FGF8|FGF9|FGFR1|FGFR2|FGFR3|FGG|FOXO1|HBEGF|ICOS|IL2RB|IL2RG|IL5RA|KIR2DS4|KIR2DS5|KIR3DS1|KIT|KLRC2|KLRC4-KLRK1|KLRD1|LAT|MET|NCAM1|NRG1|NRG2|NRG4|PHLPP1|PHLPP2|PIK3AP1|PTK2|RET|SIGLEC14|SIGLEC15|TEK|TNRC6A
 REACT:R-HSA-422475	Axon guidance	2.36091057815e-09	8.71692e-08	ABLIM1|ALCAM|ARHGAP39|ARHGEF7|BTC|CD72|CNTN6|CSF2RA|CSF2RB|CSNK2B|EFNA1|EFNA2|EFNA3|EFNA4|EGFR|EPHA3|ERBB2|ERBB3|ERBB4|FES|FGA|FGB|FGF1|FGF10|FGF16|FGF17|FGF18|FGF19|FGF2|FGF20|FGF22|FGF23|FGF3|FGF4|FGF5|FGF6|FGF7|FGF8|FGF9|FGFR1|FGFR2|FGFR3|FGG|GAB2|GAP43|HBEGF|IL2RB|IL2RG|IL5RA|KALRN|KDR|KIT|LAT|LIMK2|MET|NCAM1|NFASC|NRG1|NRG2|NRG4|NTN4|NUMB|PLXNA1|PLXNA2|PLXNC1|PLXND1|PSEN2|PTK2|RET|ROBO1|ROBO2|SCN3B|SCN4B|SEMA3E|SLIT1|SLIT2|SLIT3|TEK|TRPC1|VEGFA
 KEGG:hsa04514	Cell adhesion molecules (CAMs)	2.65524757737e-09	9.65285e-08	ALCAM|CADM1|CD2|CD22|CD276|CD28|CD4|CD40|CDH15|CDH2|CDH4|ESAM|ICAM1|ICAM2|ICAM3|ICOS|ITGB2|JAM2|LRRC4|LRRC4C|MAG|NCAM1|NFASC|NRXN1|NRXN3|NTNG1|PDCD1LG2|PVR|SELE|SELL|SELP|SIGLEC1|VCAN
 REACT:R-HSA-451927	Interleukin-2 signaling	3.12161518856e-09	1.11476e-07	BTC|CSF2RA|CSF2RB|EGFR|ERBB2|ERBB3|ERBB4|FGA|FGB|FGF1|FGF10|FGF16|FGF17|FGF18|FGF19|FGF2|FGF20|FGF22|FGF23|FGF3|FGF4|FGF5|FGF6|FGF7|FGF8|FGF9|FGFR1|FGFR2|FGFR3|FGG|GAB2|HBEGF|IL2RB|IL2RG|IL5RA|KIT|LAT|LGALS9|MET|NCAM1|NRG1|NRG2|NRG4|PTK2|PTK2B|RET|STAT5A|TEK
 REACT:R-HSA-1168372	Downstream signaling events of B Cell Receptor (BCR)	3.16075965401e-09	1.11476e-07	BTC|CD19|CD28|EGFR|ERBB2|ERBB3|ERBB4|FGF1|FGF10|FGF16|FGF17|FGF18|FGF19|FGF2|FGF20|FGF22|FGF23|FGF3|FGF4|FGF5|FGF6|FGF7|FGF8|FGF9|FGFR1|FGFR2|FGFR3|FOXO1|HBEGF|ICOS|KIT|MAP3K7|MET|NRG1|NRG2|NRG4|PHLPP1|PHLPP2|PIK3AP1|TNRC6A
 REACT:R-HSA-5655253	Signaling by FGFR2 in disease	3.31801419673e-09	1.15301e-07	FGF1|FGF10|FGF16|FGF17|FGF18|FGF2|FGF20|FGF22|FGF23|FGF3|FGF4|FGF5|FGF6|FGF7|FGF8|FGF9|FGFR2
 KEGG:hsa05144	Malaria	4.63234128834e-09	1.58641e-07	CD40|COMP|GYPB|ICAM1|IFNG|IL1B|ITGB2|KLRB1|KLRC4-KLRK1|MET|SELE|SELP|THBS1|THBS2|THBS3|THBS4|TLR2|TLR4
 REACT:R-HSA-5654736	Signaling by FGFR1	6.75448941223e-09	2.28012e-07	FGF1|FGF10|FGF17|FGF18|FGF2|FGF20|FGF22|FGF23|FGF3|FGF4|FGF5|FGF6|FGF8|FGF9|FGFR1|FLRT1|FLRT2|FLRT3
 KEGG:hsa04014	Ras signaling pathway	7.50183670739e-09	2.46239e-07	CSF1|EFNA1|EFNA2|EFNA3|EFNA4|EGFR|FGF1|FGF10|FGF11|FGF12|FGF13|FGF14|FGF16|FGF17|FGF18|FGF19|FGF2|FGF20|FGF21|FGF22|FGF23|FGF3|FGF4|FGF5|FGF6|FGF7|FGF8|FGF9|FGFR1|FGFR2|FGFR3|FLT1|GAB2|KDR|KIT|LAT|MET|PLA2G4D|SHOC2|TEK|VEGFA|VEGFC|ZAP70
 REACT:R-HSA-933541	TRAF6 mediated IRF7 activation	7.50284090412e-09	2.46239e-07	IFNA1|IFNA10|IFNA13|IFNA14|IFNA16|IFNA17|IFNA2|IFNA21|IFNA4|IFNA5|IFNA6|IFNA7|IFNA8|IFNB1|RNF135
 REACT:R-HSA-5654712	FRS-mediated FGFR4 signaling	7.89469833951e-09	2.48736e-07	FGF1|FGF16|FGF17|FGF18|FGF19|FGF2|FGF20|FGF23|FGF4|FGF6|FGF8|FGF9
 REACT:R-HSA-5655332	Signaling by FGFR3 in disease	7.89469833951e-09	2.48736e-07	FGF1|FGF16|FGF17|FGF18|FGF2|FGF20|FGF23|FGF4|FGF5|FGF8|FGF9|FGFR3
 REACT:R-HSA-8853338	Signaling by FGFR3 point mutants in cancer	7.89469833951e-09	2.48736e-07	FGF1|FGF16|FGF17|FGF18|FGF2|FGF20|FGF23|FGF4|FGF5|FGF8|FGF9|FGFR3
 REACT:R-HSA-190371	FGFR3b ligand binding and activation	1.17143558187e-08	3.64224e-07	FGF1|FGF17|FGF18|FGF20|FGF8|FGF9|FGFR3
 KEGG:hsa05320	Autoimmune thyroid disease	1.38768172508e-08	4.25856e-07	CD28|CD40|CGA|FAS|IFNA1|IFNA10|IFNA13|IFNA14|IFNA16|IFNA17|IFNA2|IFNA21|IFNA4|IFNA5|IFNA6|IFNA7|IFNA8|TSHR
 REACT:R-HSA-170984	ARMS-mediated activation	1.52236830919e-08	4.55362e-07	BTC|CSF2RA|CSF2RB|EGFR|ERBB2|ERBB3|ERBB4|FGA|FGB|FGF1|FGF10|FGF16|FGF17|FGF18|FGF19|FGF2|FGF20|FGF22|FGF23|FGF3|FGF4|FGF5|FGF6|FGF7|FGF8|FGF9|FGFR1|FGFR2|FGFR3|FGG|HBEGF|IL2RB|IL2RG|IL5RA|KIT|LAT|MET|NCAM1|NRG1|NRG2|NRG4|NTRK1|PTK2|RET|TEK
 REACT:R-HSA-187706	Signalling to p38 via RIT and RIN	1.52236830919e-08	4.55362e-07	BTC|CSF2RA|CSF2RB|EGFR|ERBB2|ERBB3|ERBB4|FGA|FGB|FGF1|FGF10|FGF16|FGF17|FGF18|FGF19|FGF2|FGF20|FGF22|FGF23|FGF3|FGF4|FGF5|FGF6|FGF7|FGF8|FGF9|FGFR1|FGFR2|FGFR3|FGG|HBEGF|IL2RB|IL2RG|IL5RA|KIT|LAT|MET|NCAM1|NRG1|NRG2|NRG4|NTRK1|PTK2|RET|TEK
 KEGG:hsa04145	Phagosome	1.62448647867e-08	4.73994e-07	ATP6V0A1|ATP6V1E2|C1R|CALR|CANX|CD14|CLEC4M|CLEC7A|COLEC11|COLEC12|COMP|FCAR|FCGR2A|FCGR2B|FCGR2C|FCGR3A|FCGR3B|ITGB2|LAMP1|MBL2|MRC1|OLR1|PLA2R1|SFTPD|TFRC|THBS1|THBS2|THBS3|THBS4|TLR2|TLR4|TLR6|TUBAL3
 REACT:R-HSA-5218921	VEGFR2 mediated cell proliferation	1.6247778456e-08	4.73994e-07	BTC|CSF2RA|CSF2RB|EGFR|ERBB2|ERBB3|ERBB4|FGA|FGB|FGF1|FGF10|FGF16|FGF17|FGF18|FGF19|FGF2|FGF20|FGF22|FGF23|FGF3|FGF4|FGF5|FGF6|FGF7|FGF8|FGF9|FGFR1|FGFR2|FGFR3|FGG|HBEGF|IL2RB|IL2RG|IL5RA|KDR|KIT|LAT|MET|NCAM1|NRG1|NRG2|NRG4|PTK2|RET|TEK|VEGFA
 REACT:R-HSA-1433557	Signaling by SCF-KIT	1.65759218573e-08	4.7767e-07	BTC|CD19|CD28|CSF2RA|CSF2RB|EGFR|ERBB2|ERBB3|ERBB4|FES|FGA|FGB|FGF1|FGF10|FGF16|FGF17|FGF18|FGF19|FGF2|FGF20|FGF22|FGF23|FGF3|FGF4|FGF5|FGF6|FGF7|FGF8|FGF9|FGFR1|FGFR2|FGFR3|FGG|FOXO1|GAB2|HBEGF|ICOS|IL2RB|IL2RG|IL5RA|KIT|LAT|MET|NCAM1|NRG1|NRG2|NRG4|PHLPP1|PHLPP2|PIK3AP1|PTK2|RET|STAT5A|TEK|TNRC6A
 REACT:R-HSA-170968	Frs2-mediated activation	1.72734981874e-08	4.91774e-07	BTC|CSF2RA|CSF2RB|EGFR|ERBB2|ERBB3|ERBB4|FGA|FGB|FGF1|FGF10|FGF16|FGF17|FGF18|FGF19|FGF2|FGF20|FGF22|FGF23|FGF3|FGF4|FGF5|FGF6|FGF7|FGF8|FGF9|FGFR1|FGFR2|FGFR3|FGG|HBEGF|IL2RB|IL2RG|IL5RA|KIT|LAT|MET|NCAM1|NRG1|NRG2|NRG4|NTRK1|PTK2|RET|TEK
 REACT:R-HSA-5684996	MAPK1/MAPK3 signaling	1.95993764551e-08	5.51349e-07	BTC|CSF2RA|CSF2RB|EGFR|ERBB2|ERBB3|ERBB4|FGA|FGB|FGF1|FGF10|FGF16|FGF17|FGF18|FGF19|FGF2|FGF20|FGF22|FGF23|FGF3|FGF4|FGF5|FGF6|FGF7|FGF8|FGF9|FGFR1|FGFR2|FGFR3|FGG|HBEGF|IL2RB|IL2RG|IL5RA|IL6R|KIT|LAT|MET|NCAM1|NRG1|NRG2|NRG4|PTK2|RET|TEK
 REACT:R-HSA-169893	Prolonged ERK activation events	2.22159295404e-08	6.17603e-07	BTC|CSF2RA|CSF2RB|EGFR|ERBB2|ERBB3|ERBB4|FGA|FGB|FGF1|FGF10|FGF16|FGF17|FGF18|FGF19|FGF2|FGF20|FGF22|FGF23|FGF3|FGF4|FGF5|FGF6|FGF7|FGF8|FGF9|FGFR1|FGFR2|FGFR3|FGG|HBEGF|IL2RB|IL2RG|IL5RA|KIT|LAT|MET|NCAM1|NRG1|NRG2|NRG4|NTRK1|PTK2|RET|TEK
 REACT:R-HSA-2586552	Signaling by Leptin	2.51548796237e-08	6.91174e-07	BTC|CSF2RA|CSF2RB|EGFR|ERBB2|ERBB3|ERBB4|FGA|FGB|FGF1|FGF10|FGF16|FGF17|FGF18|FGF19|FGF2|FGF20|FGF22|FGF23|FGF3|FGF4|FGF5|FGF6|FGF7|FGF8|FGF9|FGFR1|FGFR2|FGFR3|FGG|HBEGF|IL2RB|IL2RG|IL5RA|KIT|LAT|MET|NCAM1|NRG1|NRG2|NRG4|PTK2|RET|STAT5A|TEK
 REACT:R-HSA-112412	SOS-mediated signalling	2.67822043432e-08	7.03182e-07	BTC|CSF2RA|CSF2RB|EGFR|ERBB2|ERBB3|ERBB4|FGA|FGB|FGF1|FGF10|FGF16|FGF17|FGF18|FGF19|FGF2|FGF20|FGF22|FGF23|FGF3|FGF4|FGF5|FGF6|FGF7|FGF8|FGF9|FGFR1|FGFR2|FGFR3|FGG|HBEGF|IL2RB|IL2RG|IL5RA|KIT|LAT|MET|NCAM1|NRG1|NRG2|NRG4|PTK2|RET|TEK
 REACT:R-HSA-179812	GRB2 events in EGFR signaling	2.67822043432e-08	7.03182e-07	BTC|CSF2RA|CSF2RB|EGFR|ERBB2|ERBB3|ERBB4|FGA|FGB|FGF1|FGF10|FGF16|FGF17|FGF18|FGF19|FGF2|FGF20|FGF22|FGF23|FGF3|FGF4|FGF5|FGF6|FGF7|FGF8|FGF9|FGFR1|FGFR2|FGFR3|FGG|HBEGF|IL2RB|IL2RG|IL5RA|KIT|LAT|MET|NCAM1|NRG1|NRG2|NRG4|PTK2|RET|TEK
 REACT:R-HSA-180336	SHC1 events in EGFR signaling	2.67822043432e-08	7.03182e-07	BTC|CSF2RA|CSF2RB|EGFR|ERBB2|ERBB3|ERBB4|FGA|FGB|FGF1|FGF10|FGF16|FGF17|FGF18|FGF19|FGF2|FGF20|FGF22|FGF23|FGF3|FGF4|FGF5|FGF6|FGF7|FGF8|FGF9|FGFR1|FGFR2|FGFR3|FGG|HBEGF|IL2RB|IL2RG|IL5RA|KIT|LAT|MET|NCAM1|NRG1|NRG2|NRG4|PTK2|RET|TEK
 REACT:R-HSA-5673001	RAF/MAP kinase cascade	2.67822043432e-08	7.03182e-07	BTC|CSF2RA|CSF2RB|EGFR|ERBB2|ERBB3|ERBB4|FGA|FGB|FGF1|FGF10|FGF16|FGF17|FGF18|FGF19|FGF2|FGF20|FGF22|FGF23|FGF3|FGF4|FGF5|FGF6|FGF7|FGF8|FGF9|FGFR1|FGFR2|FGFR3|FGG|HBEGF|IL2RB|IL2RG|IL5RA|KIT|LAT|MET|NCAM1|NRG1|NRG2|NRG4|PTK2|RET|TEK
 REACT:R-HSA-5654726	Negative regulation of FGFR1 signaling	2.8141046382e-08	7.30739e-07	FGF1|FGF10|FGF17|FGF2|FGF20|FGF22|FGF23|FGF3|FGF4|FGF5|FGF6|FGF8|FGF9|FGFR1
 REACT:R-HSA-912526	Interleukin receptor SHC signaling	3.21435176254e-08	8.25599e-07	BTC|CSF2RA|CSF2RB|EGFR|ERBB2|ERBB3|ERBB4|FGA|FGB|FGF1|FGF10|FGF16|FGF17|FGF18|FGF19|FGF2|FGF20|FGF22|FGF23|FGF3|FGF4|FGF5|FGF6|FGF7|FGF8|FGF9|FGFR1|FGFR2|FGFR3|FGG|GAB2|HBEGF|IL2RB|IL2RG|IL5RA|KIT|LAT|MET|NCAM1|NRG1|NRG2|NRG4|PTK2|RET|TEK
 REACT:R-HSA-8847993	ERBB2 Activates PTK6 Signaling	3.42864758807e-08	8.71171e-07	BTC|EGFR|ERBB2|ERBB3|ERBB4|HBEGF|NRG1|NRG2|NRG4
 REACT:R-HSA-167044	Signalling to RAS	3.63130657766e-08	9.12849e-07	BTC|CSF2RA|CSF2RB|EGFR|ERBB2|ERBB3|ERBB4|FGA|FGB|FGF1|FGF10|FGF16|FGF17|FGF18|FGF19|FGF2|FGF20|FGF22|FGF23|FGF3|FGF4|FGF5|FGF6|FGF7|FGF8|FGF9|FGFR1|FGFR2|FGFR3|FGG|HBEGF|IL2RB|IL2RG|IL5RA|KIT|LAT|MET|NCAM1|NRG1|NRG2|NRG4|NTRK1|PTK2|RET|TEK
 REACT:R-HSA-5654708	Downstream signaling of activated FGFR3	5.17468486949e-08	1.28713e-06	FGF1|FGF16|FGF17|FGF18|FGF2|FGF20|FGF23|FGF4|FGF5|FGF8|FGF9|FGFR3
 REACT:R-HSA-186797	Signaling by PDGF	5.33931971969e-08	1.31425e-06	BCAR1|BTC|CD19|CD28|CSF2RA|CSF2RB|EGFR|ERBB2|ERBB3|ERBB4|FGA|FGB|FGF1|FGF10|FGF16|FGF17|FGF18|FGF19|FGF2|FGF20|FGF22|FGF23|FGF3|FGF4|FGF5|FGF6|FGF7|FGF8|FGF9|FGFR1|FGFR2|FGFR3|FGG|FOXO1|HBEGF|ICOS|IL2RB|IL2RG|IL5RA|KIT|LAT|MET|NCAM1|NRG1|NRG2|NRG4|PHLPP1|PHLPP2|PIK3AP1|PTK2|RET|STAT5A|TEK|THBS1|THBS2|THBS3|THBS4|TNRC6A
 REACT:R-HSA-983705	Signaling by the B Cell Receptor (BCR)	5.6552877048e-08	1.37767e-06	BTC|CD19|CD22|CD28|EGFR|ERBB2|ERBB3|ERBB4|FGF1|FGF10|FGF16|FGF17|FGF18|FGF19|FGF2|FGF20|FGF22|FGF23|FGF3|FGF4|FGF5|FGF6|FGF7|FGF8|FGF9|FGFR1|FGFR2|FGFR3|FOXO1|HBEGF|ICOS|KIT|MAP3K7|MET|NRG1|NRG2|NRG4|PHLPP1|PHLPP2|PIK3AP1|TNRC6A|TRPC1
 REACT:R-HSA-190236	Signaling by FGFR	7.55655689133e-08	1.82206e-06	FGF1|FGF10|FGF16|FGF17|FGF18|FGF19|FGF2|FGF20|FGF22|FGF23|FGF3|FGF4|FGF5|FGF6|FGF7|FGF8|FGF9|FGFR1|FGFR2|FGFR3|FLRT1|FLRT2|FLRT3
 REACT:R-HSA-512988	"Interleukin-3 5 and GM-CSF signaling"	7.63988797781e-08	1.82354e-06	BTC|CSF2RA|CSF2RB|EGFR|ERBB2|ERBB3|ERBB4|FGA|FGB|FGF1|FGF10|FGF16|FGF17|FGF18|FGF19|FGF2|FGF20|FGF22|FGF23|FGF3|FGF4|FGF5|FGF6|FGF7|FGF8|FGF9|FGFR1|FGFR2|FGFR3|FGG|GAB2|HBEGF|IL2RB|IL2RG|IL5RA|KIT|LAT|MET|NCAM1|NRG1|NRG2|NRG4|PTK2|RET|STAT5A|TEK
 REACT:R-HSA-187687	Signalling to ERKs	8.31979587446e-08	1.96597e-06	BTC|CSF2RA|CSF2RB|EGFR|ERBB2|ERBB3|ERBB4|FGA|FGB|FGF1|FGF10|FGF16|FGF17|FGF18|FGF19|FGF2|FGF20|FGF22|FGF23|FGF3|FGF4|FGF5|FGF6|FGF7|FGF8|FGF9|FGFR1|FGFR2|FGFR3|FGG|HBEGF|IL2RB|IL2RG|IL5RA|KIT|LAT|MET|NCAM1|NRG1|NRG2|NRG4|NTRK1|PTK2|RET|TEK
 REACT:R-HSA-5683057	MAPK family signaling cascades	8.86618979345e-08	2.07434e-06	BTC|CSF2RA|CSF2RB|EGFR|ERBB2|ERBB3|ERBB4|FGA|FGB|FGF1|FGF10|FGF16|FGF17|FGF18|FGF19|FGF2|FGF20|FGF22|FGF23|FGF3|FGF4|FGF5|FGF6|FGF7|FGF8|FGF9|FGFR1|FGFR2|FGFR3|FGG|FOXO1|HBEGF|IL2RB|IL2RG|IL5RA|IL6R|KALRN|KIT|LAT|MET|NCAM1|NRG1|NRG2|NRG4|PTK2|RET|TEK|TNRC6A
 REACT:R-HSA-6785631	ERBB2 Regulates Cell Motility	8.9700406769e-08	2.07806e-06	BTC|EGFR|ERBB2|ERBB3|ERBB4|HBEGF|NRG1|NRG2|NRG4
 REACT:R-HSA-1839124	FGFR1 mutant receptor activation	1.050962809e-07	2.41109e-06	FGF1|FGF17|FGF2|FGF20|FGF23|FGF4|FGF5|FGF6|FGF8|FGF9|FGFR1|GAB2|STAT5A
 REACT:R-HSA-2424491	DAP12 signaling	1.13061064178e-07	2.56888e-06	BTC|CD19|CD28|CSF2RA|CSF2RB|EGFR|ERBB2|ERBB3|ERBB4|FGA|FGB|FGF1|FGF10|FGF16|FGF17|FGF18|FGF19|FGF2|FGF20|FGF22|FGF23|FGF3|FGF4|FGF5|FGF6|FGF7|FGF8|FGF9|FGFR1|FGFR2|FGFR3|FGG|FOXO1|HBEGF|ICOS|IL2RB|IL2RG|IL5RA|KIT|KLRC2|KLRC4-KLRK1|KLRD1|LAT|MET|NCAM1|NRG1|NRG2|NRG4|PHLPP1|PHLPP2|PIK3AP1|PTK2|RET|TEK|TNRC6A
 REACT:R-HSA-112399	IRS-mediated signalling	1.36352279689e-07	3.06858e-06	BTC|CSF2RA|CSF2RB|EGFR|ERBB2|ERBB3|ERBB4|FGA|FGB|FGF1|FGF10|FGF16|FGF17|FGF18|FGF19|FGF2|FGF20|FGF22|FGF23|FGF3|FGF4|FGF5|FGF6|FGF7|FGF8|FGF9|FGFR1|FGFR2|FGFR3|FGG|HBEGF|IL2RB|IL2RG|IL5RA|KIT|LAMTOR1|LAT|MET|NCAM1|NRG1|NRG2|NRG4|PRKAB1|PRKAB2|PTK2|RET|RPTOR|TEK
 REACT:R-HSA-5654716	Downstream signaling of activated FGFR4	1.50602493365e-07	3.3573e-06	FGF1|FGF16|FGF17|FGF18|FGF19|FGF2|FGF20|FGF23|FGF4|FGF6|FGF8|FGF9
 REACT:R-HSA-190370	FGFR1b ligand binding and activation	1.59844423142e-07	3.53002e-06	FGF1|FGF10|FGF2|FGF22|FGF3|FGFR1
 REACT:R-HSA-8853659	RET signaling	1.8330214191e-07	4.01058e-06	BTC|CSF2RA|CSF2RB|EGFR|ERBB2|ERBB3|ERBB4|FGA|FGB|FGF1|FGF10|FGF16|FGF17|FGF18|FGF19|FGF2|FGF20|FGF22|FGF23|FGF3|FGF4|FGF5|FGF6|FGF7|FGF8|FGF9|FGFR1|FGFR2|FGFR3|FGG|GAB2|HBEGF|IL2RB|IL2RG|IL5RA|KIT|LAT|MET|NCAM1|NRG1|NRG2|NRG4|PTK2|RET|TEK
 REACT:R-HSA-74751	Insulin receptor signalling cascade	1.86955499748e-07	4.01838e-06	BTC|CSF2RA|CSF2RB|EGFR|ERBB2|ERBB3|ERBB4|FGA|FGB|FGF1|FGF10|FGF16|FGF17|FGF18|FGF19|FGF2|FGF20|FGF22|FGF23|FGF3|FGF4|FGF5|FGF6|FGF7|FGF8|FGF9|FGFR1|FGFR2|FGFR3|FGG|HBEGF|IL2RB|IL2RG|IL5RA|KIT|LAMTOR1|LAT|MET|NCAM1|NRG1|NRG2|NRG4|PRKAB1|PRKAB2|PTK2|RET|RPTOR|TEK
 REACT:R-HSA-186763	Downstream signal transduction	1.87059508994e-07	4.01838e-06	BCAR1|BTC|CD19|CD28|CSF2RA|CSF2RB|EGFR|ERBB2|ERBB3|ERBB4|FGA|FGB|FGF1|FGF10|FGF16|FGF17|FGF18|FGF19|FGF2|FGF20|FGF22|FGF23|FGF3|FGF4|FGF5|FGF6|FGF7|FGF8|FGF9|FGFR1|FGFR2|FGFR3|FGG|FOXO1|HBEGF|ICOS|IL2RB|IL2RG|IL5RA|KIT|LAT|MET|NCAM1|NRG1|NRG2|NRG4|PHLPP1|PHLPP2|PIK3AP1|PTK2|RET|STAT5A|TEK|TNRC6A
 REACT:R-HSA-2428924	IGF1R signaling cascade	2.07423790255e-07	4.37627e-06	BTC|CSF2RA|CSF2RB|EGFR|ERBB2|ERBB3|ERBB4|FGA|FGB|FGF1|FGF10|FGF16|FGF17|FGF18|FGF19|FGF2|FGF20|FGF22|FGF23|FGF3|FGF4|FGF5|FGF6|FGF7|FGF8|FGF9|FGFR1|FGFR2|FGFR3|FGG|HBEGF|IL2RB|IL2RG|IL5RA|KIT|LAMTOR1|LAT|MET|NCAM1|NRG1|NRG2|NRG4|PRKAB1|PRKAB2|PTK2|RET|RPTOR|TEK
 REACT:R-HSA-2428928	IRS-related events triggered by IGF1R	2.07423790255e-07	4.37627e-06	BTC|CSF2RA|CSF2RB|EGFR|ERBB2|ERBB3|ERBB4|FGA|FGB|FGF1|FGF10|FGF16|FGF17|FGF18|FGF19|FGF2|FGF20|FGF22|FGF23|FGF3|FGF4|FGF5|FGF6|FGF7|FGF8|FGF9|FGFR1|FGFR2|FGFR3|FGG|HBEGF|IL2RB|IL2RG|IL5RA|KIT|LAMTOR1|LAT|MET|NCAM1|NRG1|NRG2|NRG4|PRKAB1|PRKAB2|PTK2|RET|RPTOR|TEK
 REACT:R-HSA-2404192	Signaling by Type 1 Insulin-like Growth Factor 1 Receptor (IGF1R)	2.29991378942e-07	4.80947e-06	BTC|CSF2RA|CSF2RB|EGFR|ERBB2|ERBB3|ERBB4|FGA|FGB|FGF1|FGF10|FGF16|FGF17|FGF18|FGF19|FGF2|FGF20|FGF22|FGF23|FGF3|FGF4|FGF5|FGF6|FGF7|FGF8|FGF9|FGFR1|FGFR2|FGFR3|FGG|HBEGF|IL2RB|IL2RG|IL5RA|KIT|LAMTOR1|LAT|MET|NCAM1|NRG1|NRG2|NRG4|PRKAB1|PRKAB2|PTK2|RET|RPTOR|TEK
 REACT:R-HSA-1638074	Keratan sulfate/keratin metabolism	2.54146415579e-07	5.26796e-06	B3GNT4|B4GALT1|B4GALT2|B4GALT3|B4GALT4|FMOD|HEXA|HEXB|KERA|LUM|OGN|OMD|PRELP
 REACT:R-HSA-2022857	Keratan sulfate degradation	3.25326017681e-07	6.68474e-06	FMOD|HEXA|HEXB|KERA|LUM|OGN|OMD|PRELP
 REACT:R-HSA-74752	Signaling by Insulin receptor	3.68030086073e-07	7.49703e-06	ATP6V0A1|ATP6V1E2|BTC|CSF2RA|CSF2RB|EGFR|ERBB2|ERBB3|ERBB4|FGA|FGB|FGF1|FGF10|FGF16|FGF17|FGF18|FGF19|FGF2|FGF20|FGF22|FGF23|FGF3|FGF4|FGF5|FGF6|FGF7|FGF8|FGF9|FGFR1|FGFR2|FGFR3|FGG|HBEGF|IL2RB|IL2RG|IL5RA|KIT|LAMTOR1|LAT|MET|NCAM1|NRG1|NRG2|NRG4|PRKAB1|PRKAB2|PTK2|RET|RPTOR|TEK
 REACT:R-HSA-5654732	Negative regulation of FGFR3 signaling	3.91471914996e-07	7.90639e-06	FGF1|FGF16|FGF17|FGF18|FGF2|FGF20|FGF23|FGF4|FGF5|FGF8|FGF9|FGFR3
 REACT:R-HSA-1643685	Disease	4.10364297099e-07	8.21772e-06	ADAMTS17|ADAMTSL1|ADAMTSL2|ADAMTSL4|AP1M2|BCAN|BGN|BTC|CALR|CANX|CAST|CD14|CD19|CD28|CD320|CD4|CFP|CSF2RA|CSF2RB|DCN|DKK1|DLL4|EGFR|EPM2A|ERBB2|ERBB3|ERBB4|ERLEC1|FGA|FGB|FGF1|FGF10|FGF16|FGF17|FGF18|FGF19|FGF2|FGF20|FGF22|FGF23|FGF3|FGF4|FGF5|FGF6|FGF7|FGF8|FGF9|FGFR1|FGFR2|FGFR3|FGG|FMOD|FOXO1|GAB2|GYG1|GYG2|HBEGF|HDAC9|HEY1|ICOS|IRAK4|JAG2|KERA|KIT|LUM|MAMLD1|MET|MUC15|MUC7|NELFA|NFKB2|NRG1|NRG2|NRG4|OGN|OMD|OS9|PIK3AP1|POM121|PORCN|PRELP|PSEN2|RANGAP1|RPL10L|RPS20|RPS23|SFTPD|STAT5A|TAF4B|TAF6|TCF7L2|THBS1|THBS2|THSD1|THSD7B|TLR1|TLR10|TLR2|TLR3|TLR4|TLR5|TLR6|VCAN
 REACT:R-HSA-109582	Hemostasis	4.30455950107e-07	8.54763e-06	A1BG|AKAP1|APOH|BCAR1|BSG|CABLES2|CD2|CD44|CD47|CD84|CEACAM1|CEACAM8|CHID1|CLEC1B|CLEC3B|CSF2RA|CSF2RB|CXADR|ESAM|F3|FGA|FGB|FGG|GAB2|GATA2|GATA3|GATA6|GNAS|GP1BA|GP1BB|GP5|GP9|GYPB|IFNA1|IFNA10|IFNA13|IFNA14|IFNA16|IFNA17|IFNA2|IFNA21|IFNA4|IFNA5|IFNA6|IFNA7|IFNA8|IFNB1|IL2RB|IL2RG|IL5RA|ITGB2|JAM2|LAT|MAG|MERTK|NFE2|OLR1|PCDH7|PDPN|PLAUR|PSG11|PSG2|PSG4|PSG5|PSG6|PSG8|PTK2|SCG3|SELE|SELL|SELP|SERPINB2|SERPINB8|SERPINC1|SERPINF2|SERPING1|TEK|THBS1|TNFRSF10D|VEGFA|VEGFC|ZFPM1
 KEGG:hsa04622	RIG-I-like receptor signaling pathway	4.47163917006e-07	8.74338e-06	IFNA1|IFNA10|IFNA13|IFNA14|IFNA16|IFNA17|IFNA2|IFNA21|IFNA4|IFNA5|IFNA6|IFNA7|IFNA8|IFNB1|IFNE|IFNW1|IL12B|MAP3K7|TBKBP1
 REACT:R-HSA-1963642	PI3K events in ERBB2 signaling	4.47714379903e-07	8.74338e-06	BTC|EGFR|ERBB2|ERBB3|ERBB4|HBEGF|NRG1|NRG2|NRG4
 REACT:R-HSA-2871796	FCERI mediated MAPK activation	5.33436737338e-07	1.03321e-05	BTC|CSF2RA|CSF2RB|EGFR|ERBB2|ERBB3|ERBB4|FGA|FGB|FGF1|FGF10|FGF16|FGF17|FGF18|FGF19|FGF2|FGF20|FGF22|FGF23|FGF3|FGF4|FGF5|FGF6|FGF7|FGF8|FGF9|FGFR1|FGFR2|FGFR3|FGG|HBEGF|IL2RB|IL2RG|IL5RA|KIT|LAT|MET|NCAM1|NRG1|NRG2|NRG4|PTK2|RET|TEK
 REACT:R-HSA-177929	Signaling by EGFR	5.61323638015e-07	1.07838e-05	ARHGEF7|BTC|CD19|CD28|CSF2RA|CSF2RB|EGFR|ERBB2|ERBB3|ERBB4|FGA|FGB|FGF1|FGF10|FGF16|FGF17|FGF18|FGF19|FGF2|FGF20|FGF22|FGF23|FGF3|FGF4|FGF5|FGF6|FGF7|FGF8|FGF9|FGFR1|FGFR2|FGFR3|FGG|FOXO1|HBEGF|ICOS|IL2RB|IL2RG|IL5RA|KIT|LAT|LRIG1|MET|NCAM1|NRG1|NRG2|NRG4|PHLPP1|PHLPP2|PIK3AP1|PTK2|RET|TEK|TNRC6A
 KEGG:hsa05200	Pathways in cancer	6.85532891342e-07	1.30589e-05	CSF2RA|EGFR|ERBB2|FAS|FGF1|FGF10|FGF11|FGF12|FGF13|FGF14|FGF16|FGF17|FGF18|FGF19|FGF2|FGF20|FGF21|FGF22|FGF23|FGF3|FGF4|FGF5|FGF6|FGF7|FGF8|FGF9|FGFR1|FGFR2|FGFR3|FLT3|FOXO1|GLI1|GNAS|HHIP|KIT|LAMB4|LAMC3|LEF1|MET|MITF|NFKB2|NTRK1|PAX8|PTK2|RET|RUNX1|SKP2|SLC2A1|SPI1|STAT5A|TCF7|TCF7L1|TCF7L2|TGFA|VEGFA|VEGFC|WNT2
 REACT:R-HSA-194138	Signaling by VEGF	6.90802786862e-07	1.30589e-05	AXL|BCAR1|BTC|CSF2RA|CSF2RB|EGFR|ERBB2|ERBB3|ERBB4|FGA|FGB|FGF1|FGF10|FGF16|FGF17|FGF18|FGF19|FGF2|FGF20|FGF22|FGF23|FGF3|FGF4|FGF5|FGF6|FGF7|FGF8|FGF9|FGFR1|FGFR2|FGFR3|FGG|FLT1|HBEGF|IL2RB|IL2RG|IL5RA|KDR|KIT|LAT|MET|NCAM1|NRG1|NRG2|NRG4|PTK2|PTK2B|RET|TEK|VEGFA|VEGFC
 REACT:R-HSA-3781865	Diseases of glycosylation	7.73920922903e-07	1.45141e-05	ADAMTS17|ADAMTSL1|ADAMTSL2|ADAMTSL4|BCAN|BGN|CFP|DCN|FMOD|KERA|LUM|MUC15|MUC7|OGN|OMD|PRELP|THBS1|THBS2|THSD1|THSD7B|VCAN
 REACT:R-HSA-187037	NGF signalling via TRKA from the plasma membrane	7.86207154491e-07	1.46284e-05	BTC|CD19|CD28|CSF2RA|CSF2RB|EGFR|ERBB2|ERBB3|ERBB4|FGA|FGB|FGF1|FGF10|FGF16|FGF17|FGF18|FGF19|FGF2|FGF20|FGF22|FGF23|FGF3|FGF4|FGF5|FGF6|FGF7|FGF8|FGF9|FGFR1|FGFR2|FGFR3|FGG|FOXO1|HBEGF|ICOS|IL2RB|IL2RG|IL5RA|KIT|LAT|MEF2A|MEF2C|MET|NCAM1|NRG1|NRG2|NRG4|NTRK1|NTRK2|PHLPP1|PHLPP2|PIK3AP1|PTK2|RET|TEK|TNRC6A
 REACT:R-HSA-2454202	Fc epsilon receptor (FCERI) signaling	8.27545137527e-07	1.52773e-05	BTC|CD19|CD28|CSF2RA|CSF2RB|EGFR|ERBB2|ERBB3|ERBB4|FCER1A|FGA|FGB|FGF1|FGF10|FGF16|FGF17|FGF18|FGF19|FGF2|FGF20|FGF22|FGF23|FGF3|FGF4|FGF5|FGF6|FGF7|FGF8|FGF9|FGFR1|FGFR2|FGFR3|FGG|FOXO1|GAB2|HBEGF|ICOS|IL2RB|IL2RG|IL5RA|KIT|LAT|MAP3K7|MET|NCAM1|NRG1|NRG2|NRG4|PHLPP1|PHLPP2|PIK3AP1|PTK2|RET|TEK|TNRC6A
 REACT:R-HSA-375165	NCAM signaling for neurite out-growth	8.94296250498e-07	1.63816e-05	BTC|CSF2RA|CSF2RB|EGFR|ERBB2|ERBB3|ERBB4|FGA|FGB|FGF1|FGF10|FGF16|FGF17|FGF18|FGF19|FGF2|FGF20|FGF22|FGF23|FGF3|FGF4|FGF5|FGF6|FGF7|FGF8|FGF9|FGFR1|FGFR2|FGFR3|FGG|HBEGF|IL2RB|IL2RG|IL5RA|KIT|LAT|MET|NCAM1|NRG1|NRG2|NRG4|PTK2|RET|TEK
 REACT:R-HSA-5654733	Negative regulation of FGFR4 signaling	9.27011990615e-07	1.68502e-05	FGF1|FGF16|FGF17|FGF18|FGF19|FGF2|FGF20|FGF23|FGF4|FGF6|FGF8|FGF9
 REACT:R-HSA-3656225	Defective CHST6 causes MCDC1	1.04857984218e-06	1.863e-05	FMOD|KERA|LUM|OGN|OMD|PRELP
 REACT:R-HSA-3656243	Defective ST3GAL3 causes MCT12 and EIEE15	1.04857984218e-06	1.863e-05	FMOD|KERA|LUM|OGN|OMD|PRELP
 REACT:R-HSA-3656244	Defective B4GALT1 causes B4GALT1-CDG (CDG-2d)	1.04857984218e-06	1.863e-05	FMOD|KERA|LUM|OGN|OMD|PRELP
 REACT:R-HSA-190377	FGFR2b ligand binding and activation	1.15412340096e-06	2.03522e-05	FGF1|FGF10|FGF2|FGF22|FGF3|FGF7|FGFR2
 KEGG:hsa04010	MAPK signaling pathway	1.68380388976e-06	2.94728e-05	CD14|EGFR|ELK4|FAS|FGF1|FGF10|FGF11|FGF12|FGF13|FGF14|FGF16|FGF17|FGF18|FGF19|FGF2|FGF20|FGF21|FGF22|FGF23|FGF3|FGF4|FGF5|FGF6|FGF7|FGF8|FGF9|FGFR1|FGFR2|FGFR3|IL1A|IL1B|IL1R1|IL1R2|MAP3K7|MAPT|MEF2C|NFKB2|NTRK1|NTRK2|PLA2G4D|PPP3R2
 REACT:R-HSA-5655302	Signaling by FGFR1 in disease	1.69645467407e-06	2.94759e-05	FGF1|FGF17|FGF2|FGF20|FGF23|FGF4|FGF5|FGF6|FGF8|FGF9|FGFR1|GAB2|STAT5A
 KEGG:hsa05168	Herpes simplex infection	1.726187283e-06	2.97736e-05	CFP|CSNK2B|FAS|IFNA1|IFNA10|IFNA13|IFNA14|IFNA16|IFNA17|IFNA2|IFNA21|IFNA4|IFNA5|IFNA6|IFNA7|IFNA8|IFNAR2|IFNB1|IFNG|IL12B|IL1B|MAP3K7|MCRS1|NXF5|OAS2|PILRA|POU2F3|SKP2|TAF4B|TAF6|TLR2|TLR3|TNFRSF14
 REACT:R-HSA-4420097	VEGFA-VEGFR2 Pathway	1.83807406562e-06	3.14737e-05	AXL|BCAR1|BTC|CSF2RA|CSF2RB|EGFR|ERBB2|ERBB3|ERBB4|FGA|FGB|FGF1|FGF10|FGF16|FGF17|FGF18|FGF19|FGF2|FGF20|FGF22|FGF23|FGF3|FGF4|FGF5|FGF6|FGF7|FGF8|FGF9|FGFR1|FGFR2|FGFR3|FGG|HBEGF|IL2RB|IL2RG|IL5RA|KDR|KIT|LAT|MET|NCAM1|NRG1|NRG2|NRG4|PTK2|PTK2B|RET|TEK|VEGFA
 KEGG:hsa04623	Cytosolic DNA-sensing pathway	1.96653216888e-06	3.3431e-05	IFNA1|IFNA10|IFNA13|IFNA14|IFNA16|IFNA17|IFNA2|IFNA21|IFNA4|IFNA5|IFNA6|IFNA7|IFNA8|IFNB1|IL1B|POLR3H|TREX1
 KEGG:hsa04380	Osteoclast differentiation	2.10713438875e-06	3.55654e-05	CSF1|FCGR2A|FCGR2B|FCGR2C|FCGR3A|FCGR3B|GAB2|IFNAR2|IFNB1|IFNG|IL1A|IL1B|IL1R1|JUNB|LILRA1|LILRA3|LILRA4|LILRA5|LILRB5|MAP3K7|MITF|NFKB2|PPP3R2|SPI1|TNFRSF11A|TNFRSF11B
 REACT:R-HSA-2022854	Keratan sulfate biosynthesis	2.23713141057e-06	3.74918e-05	B3GNT4|B4GALT1|B4GALT2|B4GALT3|B4GALT4|FMOD|KERA|LUM|OGN|OMD|PRELP
 REACT:R-HSA-5260271	Diseases of Immune System	3.46378139449e-06	5.72372e-05	CD14|IRAK4|NFKB2|TLR1|TLR10|TLR2|TLR3|TLR4|TLR5|TLR6
 REACT:R-HSA-5602358	Diseases associated with the TLR signaling cascade	3.46378139449e-06	5.72372e-05	CD14|IRAK4|NFKB2|TLR1|TLR10|TLR2|TLR3|TLR4|TLR5|TLR6
 REACT:R-HSA-166520	Signalling by NGF	3.87572567329e-06	6.35996e-05	ARHGEF7|BTC|CD19|CD28|CSF2RA|CSF2RB|EGFR|ERBB2|ERBB3|ERBB4|FGA|FGB|FGF1|FGF10|FGF16|FGF17|FGF18|FGF19|FGF2|FGF20|FGF22|FGF23|FGF3|FGF4|FGF5|FGF6|FGF7|FGF8|FGF9|FGFR1|FGFR2|FGFR3|FGG|FOXO1|HBEGF|ICOS|IL2RB|IL2RG|IL5RA|IRAK1|KALRN|KIT|LAT|LINGO1|MAG|MEF2A|MEF2C|MET|NCAM1|NRG1|NRG2|NRG4|NTRK1|NTRK2|PHLPP1|PHLPP2|PIK3AP1|PSEN2|PTK2|RET|RTN4|TEK|TNRC6A
 KEGG:hsa04360	Axon guidance	4.11212262352e-06	6.70134e-05	ABLIM1|EFNA1|EFNA2|EFNA3|EFNA4|EPHA3|FES|LIMK2|LRRC4|LRRC4C|MET|NTN3|NTN4|NTNG1|PLXNA1|PLXNA2|PLXNC1|PPP3R2|PTK2|ROBO1|ROBO2|RYK|SEMA3B|SEMA3C|SEMA3E|SEMA3F|SEMA3G|SLIT1|SLIT2|SLIT3|TRPC1
 REACT:R-HSA-5663202	Diseases of signal transduction	4.6821829669e-06	7.57808e-05	BTC|CD19|CD28|DKK1|DLL4|EGFR|ERBB2|ERBB3|ERBB4|ERLEC1|FGA|FGB|FGF1|FGF10|FGF16|FGF17|FGF18|FGF19|FGF2|FGF20|FGF22|FGF23|FGF3|FGF4|FGF5|FGF6|FGF7|FGF8|FGF9|FGFR1|FGFR2|FGFR3|FGG|FOXO1|GAB2|HBEGF|HDAC9|HEY1|ICOS|JAG2|KIT|MAMLD1|MET|NRG1|NRG2|NRG4|OS9|PIK3AP1|PORCN|PSEN2|STAT5A|TCF7L2
 REACT:R-HSA-1963640	GRB2 events in ERBB2 signaling	6.47048939462e-06	0.000103309	BTC|EGFR|ERBB2|ERBB4|HBEGF|NRG1|NRG2|NRG4
 REACT:R-HSA-5686938	Regulation of TLR by endogenous ligand	6.47048939462e-06	0.000103309	CD14|FGA|FGB|FGG|TLR1|TLR2|TLR4|TLR6
 REACT:R-HSA-909733	Interferon alpha/beta signaling	7.59692279484e-06	0.00012048	IFNA1|IFNA10|IFNA13|IFNA14|IFNA16|IFNA17|IFNA2|IFNA21|IFNA4|IFNA5|IFNA6|IFNA7|IFNA8|IFNAR2|IFNB1|ISG20|OAS2
 REACT:R-HSA-3560782	Diseases associated with glycosaminoglycan metabolism	8.18555703241e-06	0.00012895	BCAN|BGN|DCN|FMOD|KERA|LUM|OGN|OMD|PRELP|VCAN
 KEGG:hsa04612	Antigen processing and presentation	9.13098952282e-06	0.000142891	CALR|CANX|CD4|CIITA|IFNG|KIR2DL1|KIR2DL3|KIR2DL4|KIR2DS1|KIR2DS4|KIR2DS5|KIR3DL2|KIR3DL3|KLRC1|KLRC2|KLRD1|NFYC|RFXAP
 REACT:R-HSA-8854691	"Interleukin-19 20 22 24"	1.10527942943e-05	0.000171827	IL19|IL20|IL20RB|IL22|IL22RA1|IL24
 REACT:R-HSA-1250196	SHC1 events in ERBB2 signaling	1.29725290784e-05	0.000200354	BTC|EGFR|ERBB2|ERBB3|ERBB4|HBEGF|NRG1|NRG2|NRG4
 REACT:R-HSA-202733	Cell surface interactions at the vascular wall	1.32109335831e-05	0.000202711	BSG|CD2|CD44|CD47|CD84|CEACAM1|CEACAM8|CXADR|ESAM|GYPB|ITGB2|JAM2|MAG|MERTK|OLR1|PSG11|PSG2|PSG4|PSG5|PSG6|PSG8|SELE|SELL|SELP|TEK|TNFRSF10D
 REACT:R-HSA-71387	Metabolism of carbohydrates	1.37087421155e-05	0.000208992	AGL|AMY1A|AMY2A|AMY2B|B3GAT3|B3GNT4|B4GALT1|B4GALT2|B4GALT3|B4GALT4|BCAN|BGN|CD44|DCN|EPM2A|FGF21|FMOD|GAA|GALT|GLCE|GUSB|GYG1|GYG2|HEXA|HEXB|KERA|LUM|MGAM|NAGLU|OGN|OMD|PGM1|POM121|PRELP|SI|SLC25A10|SLC2A1|SLC2A14|SLC2A2|SLC2A3|SLC2A5|VCAN|XYLT2
 REACT:R-HSA-5654741	Signaling by FGFR3	1.97209371755e-05	0.000298722	FGF1|FGF16|FGF17|FGF18|FGF2|FGF20|FGF23|FGF4|FGF5|FGF8|FGF9|FGFR3
 REACT:R-HSA-5654738	Signaling by FGFR2	2.48113572114e-05	0.00037113	FGF1|FGF10|FGF16|FGF17|FGF18|FGF2|FGF20|FGF22|FGF23|FGF3|FGF4|FGF5|FGF6|FGF7|FGF8|FGF9|FGFR2
 KEGG:hsa05164	Influenza A	2.48153234709e-05	0.00037113	AGFG1|CIITA|FAS|ICAM1|IFNA1|IFNA10|IFNA13|IFNA14|IFNA16|IFNA17|IFNA2|IFNA21|IFNA4|IFNA5|IFNA6|IFNA7|IFNA8|IFNAR2|IFNB1|IFNG|IL12B|IL1A|IL1B|IRAK4|NXF5|OAS2|TLR3|TLR4|TNFRSF10D
 REACT:R-HSA-1250342	PI3K events in ERBB4 signaling	2.59008158214e-05	0.000383073	BTC|ERBB4|HBEGF|NRG1|NRG2|NRG4
 REACT:R-HSA-5654743	Signaling by FGFR4	2.60263759095e-05	0.000383073	FGF1|FGF16|FGF17|FGF18|FGF19|FGF2|FGF20|FGF23|FGF4|FGF6|FGF8|FGF9
 REACT:R-HSA-216083	Integrin cell surface interactions	2.61001807451e-05	0.000383073	BSG|CD44|CD47|COMP|FGA|FGB|FGG|ICAM1|ICAM2|ICAM3|ICAM4|ITGB2|JAM2|KDR|LUM|THBS1
 REACT:R-HSA-168928	RIG-I/MDA5 mediated induction of IFN-alpha/beta pathways	3.24698605191e-05	0.000473619	AGER|IFNA1|IFNA10|IFNA13|IFNA14|IFNA16|IFNA17|IFNA2|IFNA21|IFNA4|IFNA5|IFNA6|IFNA7|IFNA8|IFNB1|NFKB2|RNF135|RNF216
 REACT:R-HSA-1630316	Glycosaminoglycan metabolism	3.31813329234e-05	0.000481028	B3GAT3|B3GNT4|B4GALT1|B4GALT2|B4GALT3|B4GALT4|BCAN|BGN|CD44|DCN|FMOD|GLCE|GUSB|HEXA|HEXB|KERA|LUM|NAGLU|OGN|OMD|PRELP|VCAN|XYLT2
 KEGG:hsa00500	Starch and sucrose metabolism	3.61684947618e-05	0.000521135	AGL|AMY1A|AMY2A|AMY2B|GAA|GYG1|GYG2|MGAM|PGM1|PGM2L1|SI
 REACT:R-HSA-5602498	MyD88 deficiency (TLR2/4)	5.34167002749e-05	0.000760384	CD14|IRAK4|TLR1|TLR2|TLR4|TLR6
 REACT:R-HSA-5603041	IRAK4 deficiency (TLR2/4)	5.34167002749e-05	0.000760384	CD14|IRAK4|TLR1|TLR2|TLR4|TLR6
 REACT:R-HSA-425366	"Transport of glucose and other sugars bile salts and organic acids metal ions and amine compounds"	7.2267379879e-05	0.00102256	BSG|EMB|FGF21|RUNX1|SLC13A3|SLC14A1|SLC14A2|SLC22A6|SLC22A8|SLC2A1|SLC2A10|SLC2A11|SLC2A14|SLC2A2|SLC2A3|SLC2A5|SLC2A6|SLC2A8|SLC2A9|SLC30A8
 KEGG:hsa04810	Regulation of actin cytoskeleton	8.13441734218e-05	0.00114414	ARHGEF7|BCAR1|CD14|EGFR|FGF1|FGF10|FGF11|FGF12|FGF13|FGF14|FGF16|FGF17|FGF18|FGF19|FGF2|FGF20|FGF21|FGF22|FGF23|FGF3|FGF4|FGF5|FGF6|FGF7|FGF8|FGF9|FGFR1|FGFR2|FGFR3|ITGB2|LIMK2|PTK2
 REACT:R-HSA-6798695	Neutrophil degranulation	0.000107228069882	0.00149929	A1BG|AGL|ARSA|ATP6V0A1|B4GALT1|CD14|CD44|CD47|CD59|CD68|CEACAM1|CEACAM8|CFP|CLEC12A|CLEC4C|CLEC4D|CLEC5A|CSNK2B|DEGS1|DSN1|FAF2|FCAR|FCGR2A|FCGR2C|FCGR3B|GAA|GLA|GUSB|GYG1|HEXB|ITGB2|LAMP1|LAMTOR1|LGALS3|LILRA3|LRG1|MGAM|NEU1|NFAM1|NFASC|OLR1|PGLYRP1|PGM1|PLAUR|PRG2|PRG3|PTX3|SELL|SIGLEC14|SIGLEC5|SIGLEC9|SLC2A3|SLC2A5|SLPI|STBD1|STK11IP|TLR2|TNFRSF1B|VAPA
 KEGG:hsa05161	Hepatitis B	0.000133207301234	0.00185158	CREB3L3|CREB5|EGR2|EGR3|FAS|IFNA1|IFNA10|IFNA13|IFNA14|IFNA16|IFNA17|IFNA2|IFNA21|IFNA4|IFNA5|IFNA6|IFNA7|IFNA8|IFNB1|PTK2B|STAT5A|TLR2|TLR3|TLR4
 KEGG:hsa_M00071	"Glycosphingolipid biosynthesis neolacto-series LacCer => nLc4Cer"	0.000139210266854	0.00191252	B4GALT1|B4GALT2|B4GALT3|B4GALT4
 REACT:R-HSA-1306955	GRB7 events in ERBB2 signaling	0.000139210266854	0.00191252	ERBB2|ERBB3|NRG1|NRG2
 KEGG:hsa05150	Staphylococcus aureus infection	0.000140253170036	0.00191571	C1R|FCAR|FCGR2A|FCGR2B|FCGR2C|FCGR3A|FCGR3B|FGG|ICAM1|ITGB2|MASP2|MBL2|SELP
 KEGG:hsa04610	Complement and coagulation cascades	0.000177808986041	0.00241473	C1R|C8A|CD46|CD59|F3|FGA|FGB|FGG|ITGB2|MASP2|MBL2|PLAUR|SERPINB2|SERPINC1|SERPINF2|SERPING1
 REACT:R-HSA-189085	Digestion of dietary carbohydrate	0.000213080022174	0.00287719	AMY1A|AMY2A|AMY2B|MGAM|SI
 REACT:R-HSA-5669034	TNFs bind their physiological receptors	0.000217804169839	0.00290775	CD27|EDA2R|TNFRSF11B|TNFRSF14|TNFRSF18|TNFRSF1B|TNFRSF25|TNFRSF4|TNFRSF6B
 REACT:R-HSA-8863795	Downregulation of ERBB2 signaling	0.000217804169839	0.00290775	BTC|EGFR|ERBB2|ERBB3|ERBB4|HBEGF|NRG1|NRG2|NRG4
 KEGG:hsa04659	Th17 cell differentiation	0.000282983370135	0.00374692	CD3D|CD3G|CD4|GATA3|IFNG|IL1B|IL1R1|IL1RAP|IL21R|IL22|IL2RB|IL2RG|IL4R|IL6R|LAT|PPP3R2|RUNX1|STAT5A|ZAP70
 REACT:R-HSA-1250347	SHC1 events in ERBB4 signaling	0.000286193228216	0.00374692	BTC|ERBB4|HBEGF|NRG1|NRG2|NRG4
 REACT:R-HSA-2024101	CS/DS degradation	0.000286193228216	0.00374692	BCAN|BGN|DCN|HEXA|HEXB|VCAN
 KEGG:hsa00052	Galactose metabolism	0.000287004977763	0.00374692	B4GALT1|B4GALT2|GAA|GALM|GALT|GLA|MGAM|PGM1|SI
 REACT:R-HSA-1251985	Nuclear signaling by ERBB4	0.000298618770726	0.00387712	BTC|ERBB4|HBEGF|NRG1|NRG2|NRG4|PSEN2|STAT5A
 REACT:R-HSA-445717	Aquaporin-mediated transport	0.000319634586186	0.0041273	AQP1|AQP10|AQP12A|AQP2|AQP3|AQP4|AQP5|AQP6|AQP7|AQP9|GNAS|MIP
 REACT:R-HSA-5357572	Lysosomal glycogen catabolism	0.000401776650843	0.00513148	GAA|GYG1|GYG2
 REACT:R-HSA-140877	Formation of Fibrin Clot (Clotting Cascade)	0.000405692930075	0.00513148	F3|FGA|FGB|FGG|GP1BA|GP1BB|GP5|GP9|SERPINC1|SERPING1
 REACT:R-HSA-5173214	O-glycosylation of TSR domain-containing proteins	0.000405692930075	0.00513148	ADAMTS17|ADAMTSL1|ADAMTSL2|ADAMTSL4|CFP|POFUT2|THBS1|THBS2|THSD1|THSD7B
 REACT:R-HSA-446652	Interleukin-1 signaling	0.000406088102416	0.00513148	IL1A|IL1B|IL1R1|IL1R2|IL1RAP|IL1RN|IRAK1|IRAK3|IRAK4|MAP3K7|TNIP2
 REACT:R-HSA-1474244	Extracellular matrix organization	0.000606844191516	0.00762752	ASPN|BCAN|BGN|BSG|CAST|CD44|CD47|CEACAM1|CEACAM8|COL8A2|COMP|DCN|EFEMP1|FGA|FGB|FGF2|FGG|FMOD|ICAM1|ICAM2|ICAM3|ICAM4|ITGB2|JAM2|KDR|LAMC3|LTBP1|LTBP3|LUM|MUSK|NCAM1|NRXN1|NTN4|OPTC|P4HB|THBS1|TNXB|VCAN
 KEGG:hsa05332	Graft-versus-host disease	0.000625126267422	0.00781573	CD28|FAS|IFNG|IL1A|IL1B|KIR2DL1|KIR2DL3|KIR3DL2|KLRC1|KLRD1
 REACT:R-HSA-8866910	TFAP2 (AP-2) family regulates transcription of growth factors and their receptors	0.000671250474852	0.00834824	CGA|EGFR|ERBB2|KIT|TGFA|VEGFA
 KEGG:hsa05140	Leishmaniasis	0.000684920564086	0.00847365	FCGR2A|FCGR2C|FCGR3A|FCGR3B|IFNG|IL12B|IL1A|IL1B|IRAK1|IRAK4|ITGB2|MAP3K7|TLR2|TLR4
 KEGG:hsa05230	Central carbon metabolism in cancer	0.000798082896157	0.00982224	EGFR|ERBB2|FGFR1|FGFR2|FGFR3|FLT3|KIT|MET|NTRK1|NTRK3|RET|SLC2A1|SLC2A2
 REACT:R-HSA-3595172	Defective CHST3 causes SEDCJD	0.000863582409453	0.0104115	BCAN|BGN|DCN|VCAN
 REACT:R-HSA-3595174	"Defective CHST14 causes EDS musculocontractural type"	0.000863582409453	0.0104115	BCAN|BGN|DCN|VCAN
 REACT:R-HSA-3595177	Defective CHSY1 causes TPBS	0.000863582409453	0.0104115	BCAN|BGN|DCN|VCAN
 REACT:R-HSA-4411364	Binding of TCF/LEF:CTNNB1 to target gene promoters	0.000863582409453	0.0104115	LEF1|TCF7|TCF7L1|TCF7L2
 KEGG:hsa04512	ECM-receptor interaction	0.000873725267605	0.0104803	CD44|CD47|CHAD|COMP|GP1BA|GP1BB|GP5|GP9|LAMB4|LAMC3|THBS1|THBS2|THBS3|THBS4|TNXB
 REACT:R-HSA-375170	CDO in myogenesis	0.000909475086245	0.0107454	CDH15|CDH2|CDH4|MEF2A|MEF2C|NTN3|TCF12|TCF4
 REACT:R-HSA-525793	Myogenesis	0.000909475086245	0.0107454	CDH15|CDH2|CDH4|MEF2A|MEF2C|NTN3|TCF12|TCF4
 REACT:R-HSA-5621480	Dectin-2 family	0.000909475086245	0.0107454	CLEC10A|CLEC4A|CLEC4C|CLEC4D|CLEC4E|CLEC6A|MUC15|MUC7
 REACT:R-HSA-1236394	Signaling by ERBB4	0.000934374825703	0.0109847	BTC|EGFR|ERBB3|ERBB4|HBEGF|NRG1|NRG2|NRG4|PSEN2|STAT5A
 KEGG:hsa05340	Primary immunodeficiency	0.000959374342816	0.0112228	CD19|CD3D|CD4|CD40|CIITA|ICOS|IL2RG|RFXAP|ZAP70
 KEGG:hsa04658	Th1 and Th2 cell differentiation	0.00105368438357	0.0122052	CD3D|CD3G|CD4|DLL4|GATA3|IFNG|IL12B|IL2RB|IL2RG|IL4R|JAG2|LAT|PPP3R2|RUNX3|STAT5A|ZAP70
 REACT:R-HSA-163125	Post-translational modification: synthesis of GPI-anchored proteins	0.00105368438357	0.0122052	CNTN3|CNTN4|FCGR3B|GP2|LSAMP|LYPD4|LYPD6B|MDGA2|NTM|NTNG1|OPCML|PLAUR|PSCA|RTN4RL1|SPACA4|TEX101
 REACT:R-HSA-5083635	Defective B3GALTL causes Peters-plus syndrome (PpS)	0.00118596066889	0.0136704	ADAMTS17|ADAMTSL1|ADAMTSL2|ADAMTSL4|CFP|THBS1|THBS2|THSD1|THSD7B
 REACT:R-HSA-76009	Platelet Aggregation (Plug Formation)	0.00145385523246	0.016677	BCAR1|FGA|FGB|FGG|GP1BA|GP1BB|GP5|GP9|PTK2
 REACT:R-HSA-428542	Regulation of Commissural axon pathfinding by Slit and Robo	0.00151835865163	0.0171669	ROBO1|ROBO2|SLIT2
 REACT:R-HSA-428776	Class II GLUTs	0.00151835865163	0.0171669	SLC2A11|SLC2A5|SLC2A9
 REACT:R-HSA-5603037	IRAK4 deficiency (TLR5)	0.00151835865163	0.0171669	IRAK4|TLR10|TLR5
 KEGG:hsa04621	NOD-like receptor signaling pathway	0.00158266793094	0.0178088	IFNA1|IFNA10|IFNA13|IFNA14|IFNA16|IFNA17|IFNA2|IFNA21|IFNA4|IFNA5|IFNA6|IFNA7|IFNA8|IFNAR2|IFNB1|IL1B|IRAK4|MAP3K7|MEFV|NLRP1|NLRP12|NLRP7|OAS2|TLR4
 REACT:R-HSA-194313	VEGF ligand-receptor interactions	0.00162632213856	0.0181274	FLT1|KDR|VEGFA|VEGFC
 REACT:R-HSA-195399	VEGF binds to VEGFR leading to receptor dimerization	0.00162632213856	0.0181274	FLT1|KDR|VEGFA|VEGFC
 REACT:R-HSA-2892247	"POU5F1 (OCT4) SOX2 NANOG activate genes related to proliferation"	0.00169491980483	0.0188033	DPPA4|FGF2|SALL1|SOX2|TDGF1
 KEGG:hsa01521	EGFR tyrosine kinase inhibitor resistance	0.00176211784895	0.0194574	AXL|EGFR|ERBB2|ERBB3|FGF2|FGFR2|FGFR3|IL6R|KDR|MET|NRG1|NRG2|TGFA|VEGFA
 REACT:R-HSA-416700	Other semaphorin interactions	0.00187738844314	0.0206338	CD72|PLXNA1|PLXNA2|PLXNC1|PLXND1|SEMA3E
 REACT:R-HSA-168898	Toll-Like Receptors Cascades	0.0019213677505	0.0210194	AGER|CD14|CD180|FGA|FGB|FGG|IRAK1|IRAK3|IRAK4|ITGB2|MAP3K7|MEF2A|MEF2C|NFKB2|TLR1|TLR10|TLR2|TLR3|TLR4|TLR5|TLR6|TNIP2
 KEGG:hsa05323	Rheumatoid arthritis	0.00206397698205	0.0224755	ATP6V0A1|ATP6V1E2|CD28|CSF1|FLT1|ICAM1|IFNG|IL1A|IL1B|ITGB2|TEK|TLR2|TLR4|TNFRSF11A|VEGFA
 REACT:R-HSA-6794362	Protein-protein interactions at synapses	0.00213455035653	0.0231374	BEGAIN|DLGAP4|GRIA4|LRFN1|LRFN2|LRFN3|LRFN4|LRRTM1|LRRTM2|LRRTM3|LRRTM4|NRXN1|NRXN3
 KEGG:hsa05321	Inflammatory bowel disease (IBD)	0.00257180523914	0.0277497	GATA3|IFNG|IL12B|IL1A|IL1B|IL21R|IL22|IL2RG|IL4R|TLR2|TLR4|TLR5
 REACT:R-HSA-3000178	ECM proteoglycans	0.00266643704247	0.02864	ASPN|BCAN|BGN|COMP|DCN|FMOD|LUM|MUSK|NCAM1|TNXB|VCAN
 REACT:R-HSA-3928663	EPHA-mediated growth cone collapse	0.0027679275679	0.0295955	EFNA1|EFNA2|EFNA3|EFNA4|EPHA3|KDR|PTK2|VEGFA
 KEGG:hsa00601	Glycosphingolipid biosynthesis - lacto and neolacto series	0.0028063398036	0.0298711	ABO|B3GNT4|B4GALT1|B4GALT2|B4GALT3|B4GALT4|FUT4
 KEGG:hsa_M00686	Toll-like receptor signaling	0.0034926602333	0.0370097	IRAK1|IRAK4|MAP3K7|TLR2|TLR4
 KEGG:hsa04064	NF-kappa B signaling pathway	0.00356382754878	0.0375952	CD14|CD40|CSNK2B|ICAM1|IL1B|IL1R1|IRAK1|IRAK4|LAT|LTBR|MAP3K7|NFKB2|TLR4|TNFRSF11A|ZAP70
 REACT:R-HSA-3769402	Deactivation of the beta-catenin transactivating complex	0.00360795583818	0.0378916	LEF1|PYGO2|SOX17|SOX2|SOX7|SOX9|TCF7|TCF7L1|TCF7L2
 REACT:R-HSA-913531	Interferon Signaling	0.00384969100109	0.0402514	CD44|CIITA|FCGR1B|ICAM1|IFNA1|IFNA10|IFNA13|IFNA14|IFNA16|IFNA17|IFNA2|IFNA21|IFNA4|IFNA5|IFNA6|IFNA7|IFNA8|IFNAR2|IFNB1|IFNG|ISG20|NCAM1|OAS2|POM121|TRIM14|TRIM17
 KEGG:hsa05146	Amoebiasis	0.00395110302605	0.0411298	C8A|CD14|CD1D|GNAS|IFNG|IL12B|IL1B|IL1R1|IL1R2|ITGB2|LAMB4|LAMC3|PTK2|TLR2|TLR4
 REACT:R-HSA-452723	Transcriptional regulation of pluripotent stem cells	0.00404607836227	0.0417512	DPPA4|FGF2|FOXP1|LIN28A|SALL1|SOX2|TDGF1|ZSCAN10
 REACT:R-HSA-3906995	Diseases associated with O-glycosylation of proteins	0.00404613535304	0.0417512	ADAMTS17|ADAMTSL1|ADAMTSL2|ADAMTSL4|CFP|MUC15|MUC7|THBS1|THBS2|THSD1|THSD7B
 REACT:R-HSA-6785807	Interleukin-4 and 13 signaling	0.00411239553354	0.0422504	BCL6|FGF2|FOXO1|GATA3|ICAM1|IL12B|IL13RA2|IL1A|IL1B|IL2RG|IL4R|IL6R|ITGB2|JUNB|SOX2|TNFRSF1B|VEGFA
 KEGG:hsa00514	Other types of O-glycan biosynthesis	0.00426584309563	0.0434491	B4GALT1|B4GALT2|B4GALT3|GXYLT1|GXYLT2|POFUT2
 REACT:R-HSA-140837	Intrinsic Pathway of Fibrin Clot Formation	0.00426584309563	0.0434491	GP1BA|GP1BB|GP5|GP9|SERPINC1|SERPING1
 REACT:R-HSA-6805567	Keratinization	0.00430765627516	0.0435781	CDSN|KRT14|KRT7|KRT82|KRTAP10-1|KRTAP10-12|KRTAP10-2|KRTAP10-3|KRTAP1-1|KRTAP1-3|KRTAP13-1|KRTAP13-2|KRTAP13-4|KRTAP1-5|KRTAP2-1|KRTAP2-4|KRTAP24-1|KRTAP26-1|KRTAP27-1|KRTAP3-3|KRTAP4-1|KRTAP4-3|KRTAP4-6|KRTAP4-7|LCE2B|SPINK9|SPRR3
 REACT:R-HSA-430116	GP1b-IX-V activation signalling	0.00432802021816	0.0435781	GP1BA|GP1BB|GP5|GP9
 KEGG:hsa05216	Thyroid cancer	0.00433383501664	0.0435781	LEF1|NTRK1|PAX8|RET|TCF7|TCF7L1|TCF7L2
 REACT:R-HSA-881907	Gastrin-CREB signalling pathway via PKC and MAPK	0.00458439806858	0.0459023	BTC|CSF2RA|CSF2RB|EGFR|ERBB2|ERBB3|ERBB4|FGA|FGB|FGF1|FGF10|FGF16|FGF17|FGF18|FGF19|FGF2|FGF20|FGF22|FGF23|FGF3|FGF4|FGF5|FGF6|FGF7|FGF8|FGF9|FGFR1|FGFR2|FGFR3|FGG|GNRH2|HBEGF|IL2RB|IL2RG|IL5RA|KALRN|KIT|LAT|MET|NCAM1|NRG1|NRG2|NRG4|PROK1|PROK2|PTK2|RET|TEK
 REACT:R-HSA-372708	p130Cas linkage to MAPK signaling for integrins	0.00477511920876	0.0476102	BCAR1|FGA|FGB|FGG|PTK2
