 REACT:R-HSA-2453902	The canonical retinoid cycle in rods (twilight vision)	5.2881810042e-11	1.2496e-07	LRAT|RBP3|RBP4|RDH11|RDH12|RDH8|RLBP1
 REACT:R-HSA-383280	Nuclear Receptor transcription pathway	9.5935293043e-10	1.13348e-06	AR|NR0B1|NR2C1|NR3C1|NR3C2|NR4A3|PGR|VDR
 KEGG:hsa_M00415	"Fatty acid biosynthesis elongation endoplasmic reticulum"	1.14478990731e-08	9.01713e-06	ELOVL1|ELOVL3|ELOVL4|ELOVL7|TECR
 REACT:R-HSA-75876	Synthesis of very long-chain fatty acyl-CoAs	1.85926951612e-08	1.09836e-05	ELOVL1|ELOVL3|ELOVL4|ELOVL7|TECR|TECRL
 KEGG:hsa00062	Fatty acid elongation	4.45361778012e-07	0.000210478	ELOVL1|ELOVL3|ELOVL4|ELOVL7|TECR
 REACT:R-HSA-75105	Fatty Acyl-CoA Biosynthesis	1.11836251315e-06	0.000440448	ELOVL1|ELOVL3|ELOVL4|ELOVL7|TECR|TECRL
 REACT:R-HSA-2187338	Visual phototransduction	3.45726278872e-06	0.00116707	LRAT|RBP3|RBP4|RDH11|RDH12|RDH8|RLBP1
 REACT:R-HSA-216083	Integrin cell surface interactions	4.41690669351e-06	0.00130464	ITGB1|ITGB2|ITGB3|ITGB5|ITGB6|ITGB7
 KEGG:hsa05412	Arrhythmogenic right ventricular cardiomyopathy (ARVC)	6.17924050061e-06	0.00162239	ITGB1|ITGB3|ITGB5|ITGB6|ITGB7|SLC8A1
 REACT:R-HSA-75109	Triglyceride Biosynthesis	1.22671291896e-05	0.00289872	ELOVL1|ELOVL3|ELOVL4|ELOVL7|TECR|TECRL
 KEGG:hsa05410	Hypertrophic cardiomyopathy (HCM)	1.41240695459e-05	0.00303411	ITGB1|ITGB3|ITGB5|ITGB6|ITGB7|SLC8A1
 KEGG:hsa05414	Dilated cardiomyopathy	2.10984481847e-05	0.00415464	ITGB1|ITGB3|ITGB5|ITGB6|ITGB7|SLC8A1
 REACT:R-HSA-2129379	Molecules associated with elastic fibres	4.230957337e-05	0.00769058	ITGB1|ITGB3|ITGB5|ITGB6
 KEGG:hsa00830	Retinol metabolism	5.67741013854e-05	0.00958266	LRAT|RDH11|RDH12|RDH8|RETSAT
 REACT:R-HSA-425561	Sodium/Calcium exchangers	6.82894367401e-05	0.0107579	SLC8A1|SLC8A2|SLC8A3
 REACT:R-HSA-418359	Reduction of cytosolic Ca++ levels	8.65152662008e-05	0.0127772	SLC8A1|SLC8A2|SLC8A3
 REACT:R-HSA-1566948	Elastic fibre formation	0.000142727376011	0.0198391	ITGB1|ITGB3|ITGB5|ITGB6
 REACT:R-HSA-556833	Metabolism of lipids and lipoproteins	0.00016046029812	0.0210649	CYP11B1|ELOVL1|ELOVL3|ELOVL4|ELOVL7|HSD3B7|OSBPL5|OSBPL8|OSBPL9|PTGR2|SRD5A1|SRD5A3|TECR|TECRL|TMEM86B
 KEGG:hsa04512	ECM-receptor interaction	0.000172405722585	0.0214418	ITGB1|ITGB3|ITGB5|ITGB6|ITGB7
 REACT:R-HSA-3000170	Syndecan interactions	0.000263591055755	0.0311433	ITGB1|ITGB3|ITGB5
 REACT:R-HSA-418346	Platelet homeostasis	0.000281051531972	0.031625	PPP2R1A|PPP2R1B|SLC8A1|SLC8A2|SLC8A3
 REACT:R-HSA-5365859	RA biosynthesis pathway	0.000403894720362	0.043382	RDH11|RDH13|RDH14
 KEGG:hsa_M00154	Cytochrome c oxidase	0.000459482600851	0.0461368	COX7A1|COX7A2|COX7A2L
 REACT:R-HSA-3000178	ECM proteoglycans	0.000468592060403	0.0461368	ITGB1|ITGB3|ITGB5|ITGB6
 REACT:R-HSA-1251985	Nuclear signaling by ERBB4	0.000519751561012	0.0491269	APH1A|APH1B|PGR
