 REACT:R-HSA-166520	Signalling by NGF	6.71337451519e-07	0.000399822	APH1A|FGFR1|FGFR2|FGFR3|TEK
 REACT:R-HSA-422475	Axon guidance	1.36461613454e-06	0.000399822	APH1A|FGFR1|FGFR2|FGFR3|TEK
 KEGG:hsa04015	Rap1 signaling pathway	1.52841997403e-06	0.000399822	FGFR1|FGFR2|FGFR3|TEK
 KEGG:hsa04014	Ras signaling pathway	2.08628760157e-06	0.000399822	FGFR1|FGFR2|FGFR3|TEK
 REACT:R-HSA-112412	SOS-mediated signalling	2.82936236595e-06	0.000399822	FGFR1|FGFR2|FGFR3|TEK
 REACT:R-HSA-179812	GRB2 events in EGFR signaling	2.82936236595e-06	0.000399822	FGFR1|FGFR2|FGFR3|TEK
 REACT:R-HSA-180336	SHC1 events in EGFR signaling	2.82936236595e-06	0.000399822	FGFR1|FGFR2|FGFR3|TEK
 REACT:R-HSA-5673001	RAF/MAP kinase cascade	2.82936236595e-06	0.000399822	FGFR1|FGFR2|FGFR3|TEK
 REACT:R-HSA-170984	ARMS-mediated activation	3.01820834347e-06	0.000399822	FGFR1|FGFR2|FGFR3|TEK
 REACT:R-HSA-187706	Signalling to p38 via RIT and RIN	3.01820834347e-06	0.000399822	FGFR1|FGFR2|FGFR3|TEK
 REACT:R-HSA-1226099	Signaling by FGFR in disease	3.02767508753e-06	0.000399822	FGFR1|FGFR2|FGFR3
 REACT:R-HSA-170968	Frs2-mediated activation	3.06684027751e-06	0.000399822	FGFR1|FGFR2|FGFR3|TEK
 REACT:R-HSA-5684996	MAPK1/MAPK3 signaling	3.11608158066e-06	0.000399822	FGFR1|FGFR2|FGFR3|TEK
 REACT:R-HSA-169893	Prolonged ERK activation events	3.16589311822e-06	0.000399822	FGFR1|FGFR2|FGFR3|TEK
 REACT:R-HSA-2586552	Signaling by Leptin	3.21629350453e-06	0.000399822	FGFR1|FGFR2|FGFR3|TEK
 REACT:R-HSA-912526	Interleukin receptor SHC signaling	3.3188851829e-06	0.000399822	FGFR1|FGFR2|FGFR3|TEK
 KEGG:hsa05230	Central carbon metabolism in cancer	3.32899147104e-06	0.000399822	FGFR1|FGFR2|FGFR3
 REACT:R-HSA-2219530	Constitutive Signaling by Aberrant PI3K in Cancer	3.32899147104e-06	0.000399822	FGFR1|FGFR2|FGFR3
 REACT:R-HSA-167044	Signalling to RAS	3.37112087279e-06	0.000399822	FGFR1|FGFR2|FGFR3|TEK
 REACT:R-HSA-5218921	VEGFR2 mediated cell proliferation	3.47735962691e-06	0.000399822	FGFR1|FGFR2|FGFR3|TEK
 REACT:R-HSA-451927	Interleukin-2 signaling	3.69731423355e-06	0.000399822	FGFR1|FGFR2|FGFR3|TEK
 REACT:R-HSA-187687	Signalling to ERKs	3.7539014035e-06	0.000399822	FGFR1|FGFR2|FGFR3|TEK
 REACT:R-HSA-8853659	RET signaling	4.16817993687e-06	0.000399822	FGFR1|FGFR2|FGFR3|TEK
 REACT:R-HSA-2871796	FCERI mediated MAPK activation	4.23002985739e-06	0.000399822	FGFR1|FGFR2|FGFR3|TEK
 REACT:R-HSA-512988	"Interleukin-3 5 and GM-CSF signaling"	4.23002985739e-06	0.000399822	FGFR1|FGFR2|FGFR3|TEK
 REACT:R-HSA-375165	NCAM signaling for neurite out-growth	4.54959773522e-06	0.000413488	FGFR1|FGFR2|FGFR3|TEK
 REACT:R-HSA-5683057	MAPK family signaling cascades	5.54028288846e-06	0.000448019	FGFR1|FGFR2|FGFR3|TEK
 REACT:R-HSA-112399	IRS-mediated signalling	5.85071000092e-06	0.000448019	FGFR1|FGFR2|FGFR3|TEK
 REACT:R-HSA-109704	PI3K Cascade	6.01040549109e-06	0.000448019	FGFR1|FGFR2|FGFR3
 REACT:R-HSA-74751	Insulin receptor signalling cascade	6.09187687461e-06	0.000448019	FGFR1|FGFR2|FGFR3|TEK
 REACT:R-HSA-2428924	IGF1R signaling cascade	6.17388566937e-06	0.000448019	FGFR1|FGFR2|FGFR3|TEK
 REACT:R-HSA-2428928	IRS-related events triggered by IGF1R	6.17388566937e-06	0.000448019	FGFR1|FGFR2|FGFR3|TEK
 REACT:R-HSA-2404192	Signaling by Type 1 Insulin-like Growth Factor 1 Receptor (IGF1R)	6.25672374688e-06	0.000448019	FGFR1|FGFR2|FGFR3|TEK
 REACT:R-HSA-1280215	Cytokine Signaling in Immune system	6.80098074357e-06	0.000472668	FGFR1|FGFR2|FGFR3|NUP107|TEK
 REACT:R-HSA-6811558	"PI5P PP2A and IER3 Regulate PI3K/AKT Signaling"	8.04359143192e-06	0.000543057	FGFR1|FGFR2|FGFR3
 REACT:R-HSA-74752	Signaling by Insulin receptor	8.40047548389e-06	0.000550173	FGFR1|FGFR2|FGFR3|TEK
 REACT:R-HSA-190236	Signaling by FGFR	8.61464683444e-06	0.000550173	FGFR1|FGFR2|FGFR3
 REACT:R-HSA-2219528	PI3K/AKT Signaling in Cancer	8.90994836023e-06	0.000554058	FGFR1|FGFR2|FGFR3
 REACT:R-HSA-4420097	VEGFA-VEGFR2 Pathway	9.26071784513e-06	0.000561105	FGFR1|FGFR2|FGFR3|TEK
 REACT:R-HSA-1433557	Signaling by SCF-KIT	1.00656928375e-05	0.000573016	FGFR1|FGFR2|FGFR3|TEK
 REACT:R-HSA-199418	Negative regulation of the PI3K/AKT network	1.0158280771e-05	0.000573016	FGFR1|FGFR2|FGFR3
 REACT:R-HSA-194138	Signaling by VEGF	1.01847893792e-05	0.000573016	FGFR1|FGFR2|FGFR3|TEK
 KEGG:hsa04151	PI3K-Akt signaling pathway	1.05484147844e-05	0.000579672	FGFR1|FGFR2|FGFR3|TEK
 REACT:R-HSA-186763	Downstream signal transduction	1.19648166215e-05	0.000642565	FGFR1|FGFR2|FGFR3|TEK
 REACT:R-HSA-2424491	DAP12 signaling	1.25133511226e-05	0.000644245	FGFR1|FGFR2|FGFR3|TEK
 REACT:R-HSA-1643685	Disease	1.2541372599e-05	0.000644245	APH1A|FGFR1|FGFR2|FGFR3|NUP107
 REACT:R-HSA-177929	Signaling by EGFR	1.36662463958e-05	0.000687092	FGFR1|FGFR2|FGFR3|TEK
 REACT:R-HSA-5663202	Diseases of signal transduction	1.45814018611e-05	0.000710744	APH1A|FGFR1|FGFR2|FGFR3
 REACT:R-HSA-2172127	DAP12 interactions	1.4738236892e-05	0.000710744	FGFR1|FGFR2|FGFR3|TEK
 REACT:R-HSA-186797	Signaling by PDGF	1.55412894522e-05	0.000734481	FGFR1|FGFR2|FGFR3|TEK
 REACT:R-HSA-2454202	Fc epsilon receptor (FCERI) signaling	1.5871465864e-05	0.000735378	FGFR1|FGFR2|FGFR3|TEK
 REACT:R-HSA-187037	NGF signalling via TRKA from the plasma membrane	1.74221458741e-05	0.000791703	FGFR1|FGFR2|FGFR3|TEK
 REACT:R-HSA-1257604	PIP3 activates AKT signaling	2.39346510715e-05	0.00106712	FGFR1|FGFR2|FGFR3
 REACT:R-HSA-180292	GAB1 signalosome	2.56992321925e-05	0.00110413	FGFR1|FGFR2|FGFR3
 REACT:R-HSA-198203	PI3K/AKT activation	2.56992321925e-05	0.00110413	FGFR1|FGFR2|FGFR3
 REACT:R-HSA-881907	Gastrin-CREB signalling pathway via PKC and MAPK	2.97354871135e-05	0.00125473	FGFR1|FGFR2|FGFR3|TEK
 REACT:R-HSA-2730905	Role of LAT2/NTAL/LAB on calcium mobilization	3.15039115275e-05	0.00130603	FGFR1|FGFR2|FGFR3
 KEGG:hsa04550	Signaling pathways regulating pluripotency of stem cells	3.29014912011e-05	0.00134045	FGFR1|FGFR2|FGFR3
 REACT:R-HSA-1266738	Developmental Biology	3.79035849479e-05	0.00151807	APH1A|FGFR1|FGFR2|FGFR3|TEK
 REACT:R-HSA-449147	Signaling by Interleukins	5.9412929529e-05	0.00233988	FGFR1|FGFR2|FGFR3|TEK
 REACT:R-HSA-1168372	Downstream signaling events of B Cell Receptor (BCR)	9.3200840362e-05	0.00361039	FGFR1|FGFR2|FGFR3
 KEGG:hsa04810	Regulation of actin cytoskeleton	0.0001159366532	0.00441868	FGFR1|FGFR2|FGFR3
 REACT:R-HSA-162582	Signal Transduction	0.000123245203007	0.00462267	APH1A|FGFR1|FGFR2|FGFR3|NUP107|TEK
 REACT:R-HSA-983705	Signaling by the B Cell Receptor (BCR)	0.000155440460013	0.00573915	FGFR1|FGFR2|FGFR3
 KEGG:hsa04010	MAPK signaling pathway	0.000200540925362	0.00729043	FGFR1|FGFR2|FGFR3
 REACT:R-HSA-1839120	Signaling by FGFR1 amplification mutants	0.000517777024828	0.017732	FGFR1
 REACT:R-HSA-2023837	Signaling by FGFR2 amplification mutants	0.000517777024828	0.017732	FGFR2
 REACT:R-HSA-2033515	t(4;14) translocations of FGFR3	0.000517777024828	0.017732	FGFR3
 REACT:R-HSA-8853333	Signaling by FGFR2 fusions	0.000517777024828	0.017732	FGFR2
 KEGG:hsa01521	EGFR tyrosine kinase inhibitor resistance	0.000676277992433	0.0228292	FGFR2|FGFR3
 KEGG:hsa05200	Pathways in cancer	0.000728062446546	0.0242311	FGFR1|FGFR2|FGFR3
 KEGG:hsa05215	Prostate cancer	0.000819632538919	0.0268999	FGFR1|FGFR2
 REACT:R-HSA-168256	Immune System	0.00103382664861	0.0334648	FGFR1|FGFR2|FGFR3|NUP107|TEK
 REACT:R-HSA-190374	FGFR1c and Klotho ligand binding and activation	0.00155266082186	0.0489192	FGFR1
 REACT:R-HSA-8853336	Signaling by plasma membrane FGFR1 fusions	0.00155266082186	0.0489192	FGFR1
