 REACT:R-HSA-388396	GPCR downstream signaling	1.19891856998e-07	0.000283304	AGTR1|CCR2|CCR5|GNB4|GPR132|OR10G7|OR10H5|OR10S1|OR2V2|OR4C12|OR4K5|OR51A4|OR52M1|OR5D14|TSHR
 REACT:R-HSA-162582	Signal Transduction	5.99624020658e-07	0.000567039	AGTR1|BTRC|CCR2|CCR5|CX3CR1|GNB4|GPR132|NUP43|OR10G7|OR10H5|OR10S1|OR2V2|OR4C12|OR4K5|OR51A4|OR52M1|OR5D14|PAFAH1B1|RBBP5|RPTOR|TLE4|TSHR
 REACT:R-HSA-372790	Signaling by GPCR	7.19896704915e-07	0.000567039	AGTR1|CCR2|CCR5|CX3CR1|GNB4|GPR132|OR10G7|OR10H5|OR10S1|OR2V2|OR4C12|OR4K5|OR51A4|OR52M1|OR5D14|TSHR
 KEGG:hsa04740	Olfactory transduction	3.68117068739e-06	0.00217465	OR10G7|OR10H5|OR10S1|OR2V2|OR4C12|OR4K5|OR51A4|OR52M1|OR5D14
 REACT:R-HSA-381753	Olfactory Signaling Pathway	5.00746537757e-06	0.00236653	OR10G7|OR10H5|OR10S1|OR2V2|OR4C12|OR4K5|OR51A4|OR52M1|OR5D14
 KEGG:hsa_M00380	SCF-BTRC complex	9.32910456013e-05	0.0367411	BTRC|FBXW11
