 KEGG:hsa04740	Olfactory transduction	0.0	0	OR10G4|OR10H1|OR11A1|OR11L1|OR14A16|OR14I1|OR1A1|OR1A2|OR1C1|OR1D5|OR1E1|OR1E2|OR1J1|OR1J4|OR1K1|OR1L4|OR1M1|OR1N1|OR1S2|OR2B6|OR2G3|OR2G6|OR2T2|OR2T33|OR3A3|OR4A16|OR4B1|OR4D10|OR4K15|OR4K2|OR4M1|OR4N5|OR4S1|OR4X2|OR52E2|OR5AS1|OR5I1|OR5M9|OR5R1|OR7A10|OR7A5|OR7C1|OR7C2|OR7D2|OR8D1|OR8H1|OR9A2|OR9A4|SLC8A1|SLC8A2|SLC8A3
 REACT:R-HSA-162582	Signal Transduction	0.0	0	ADORA3|ANXA1|APH1A|APH1B|AR|AXL|BCAR1|CSF2RA|EGFR|ERBB2|ERBB3|ERBB4|FES|FGFR1|FGFR2|FGFR3|FLT1|GRP|IL2RB|IRAK1|ITGB1|ITGB3|KALRN|KDR|KIT|LIMK2|LRAT|MAP3K7|MET|NR3C1|NTRK1|NTRK2|NUP107|OR10G4|OR10H1|OR11A1|OR11L1|OR14A16|OR14I1|OR1A1|OR1A2|OR1C1|OR1D5|OR1E1|OR1E2|OR1J1|OR1J4|OR1K1|OR1L4|OR1M1|OR1N1|OR1S2|OR2B6|OR2G3|OR2G6|OR2T2|OR2T33|OR3A3|OR4A16|OR4B1|OR4D10|OR4K15|OR4K2|OR4M1|OR4N5|OR4S1|OR4X2|OR52E2|OR5AS1|OR5I1|OR5M9|OR5R1|OR7A10|OR7A5|OR7C1|OR7C2|OR7D2|OR8D1|OR8H1|OR9A2|OR9A4|PGR|PTGER1|PTGER3|PTK2|PTK2B|RBP1|RBP3|RDH11|RDH12|RDH13|RDH14|RDH8|RET|RLBP1|ROR2|RPTOR|RYK|TEK
 REACT:R-HSA-372790	Signaling by GPCR	0.0	0	ADORA3|ANXA1|CSF2RA|EGFR|ERBB2|ERBB3|ERBB4|FGFR1|FGFR2|FGFR3|GRP|IL2RB|ITGB3|KALRN|KIT|MET|OR10G4|OR10H1|OR11A1|OR11L1|OR14A16|OR14I1|OR1A1|OR1A2|OR1C1|OR1D5|OR1E1|OR1E2|OR1J1|OR1J4|OR1K1|OR1L4|OR1M1|OR1N1|OR1S2|OR2B6|OR2G3|OR2G6|OR2T2|OR2T33|OR3A3|OR4A16|OR4B1|OR4D10|OR4K15|OR4K2|OR4M1|OR4N5|OR4S1|OR4X2|OR52E2|OR5AS1|OR5I1|OR5M9|OR5R1|OR7A10|OR7A5|OR7C1|OR7C2|OR7D2|OR8D1|OR8H1|OR9A2|OR9A4|PTGER1|PTGER3|PTK2|RET|TEK
 REACT:R-HSA-381753	Olfactory Signaling Pathway	0.0	0	OR10G4|OR10H1|OR11A1|OR11L1|OR14A16|OR14I1|OR1A1|OR1A2|OR1C1|OR1D5|OR1E1|OR1E2|OR1J1|OR1J4|OR1K1|OR1L4|OR1M1|OR1N1|OR1S2|OR2B6|OR2G3|OR2G6|OR2T2|OR2T33|OR3A3|OR4A16|OR4B1|OR4D10|OR4K15|OR4K2|OR4M1|OR4N5|OR4S1|OR4X2|OR52E2|OR5AS1|OR5I1|OR5M9|OR5R1|OR7A10|OR7A5|OR7C1|OR7C2|OR7D2|OR8D1|OR8H1|OR9A2|OR9A4
 REACT:R-HSA-388396	GPCR downstream signaling	0.0	0	ADORA3|ANXA1|CSF2RA|GRP|IL2RB|KALRN|OR10G4|OR10H1|OR11A1|OR11L1|OR14A16|OR14I1|OR1A1|OR1A2|OR1C1|OR1D5|OR1E1|OR1E2|OR1J1|OR1J4|OR1K1|OR1L4|OR1M1|OR1N1|OR1S2|OR2B6|OR2G3|OR2G6|OR2T2|OR2T33|OR3A3|OR4A16|OR4B1|OR4D10|OR4K15|OR4K2|OR4M1|OR4N5|OR4S1|OR4X2|OR52E2|OR5AS1|OR5I1|OR5M9|OR5R1|OR7A10|OR7A5|OR7C1|OR7C2|OR7D2|OR8D1|OR8H1|OR9A2|OR9A4|PTGER1|PTGER3
 KEGG:hsa05230	Central carbon metabolism in cancer	2.80610745751e-09	1.10514e-06	EGFR|ERBB2|FGFR1|FGFR2|FGFR3|FLT3|KIT|MET|NTRK1|NTRK3|RET
 REACT:R-HSA-2453902	The canonical retinoid cycle in rods (twilight vision)	3.05134357781e-08	1.03005e-05	LRAT|RBP1|RBP3|RDH11|RDH12|RDH8|RLBP1
 REACT:R-HSA-449147	Signaling by Interleukins	8.15935593534e-08	2.41007e-05	ANXA1|CSF2RA|EGFR|ERBB2|ERBB3|ERBB4|FGFR1|FGFR2|FGFR3|FLT3|IL22RA2|IL2RB|IL4R|IRAK1|IRAK3|IRAK4|ITGB1|ITGB2|ITGB3|KIT|MAP3K7|MET|PTK2|PTK2B|RET|TEK
 REACT:R-HSA-194138	Signaling by VEGF	1.62964712169e-07	4.27873e-05	AXL|BCAR1|CSF2RA|EGFR|ERBB2|ERBB3|ERBB4|FGFR1|FGFR2|FGFR3|FLT1|IL2RB|ITGB3|KDR|KIT|MET|PTK2|PTK2B|RET|TEK
 KEGG:hsa04144	Endocytosis	3.62836929835e-07	8.57384e-05	ARFGEF1|EGFR|ERBB3|ERBB4|FGFR2|FGFR3|FLT1|GBF1|IL2RB|KDR|KIT|MET|NTRK1|PSD|PSD2|PSD3|RET
 REACT:R-HSA-2219530	Constitutive Signaling by Aberrant PI3K in Cancer	4.89918617452e-07	0.000101653	EGFR|ERBB2|ERBB3|ERBB4|FGFR1|FGFR2|FGFR3|KIT|MET
 REACT:R-HSA-4420097	VEGFA-VEGFR2 Pathway	5.1622205921e-07	0.000101653	AXL|BCAR1|CSF2RA|EGFR|ERBB2|ERBB3|ERBB4|FGFR1|FGFR2|FGFR3|IL2RB|ITGB3|KDR|KIT|MET|PTK2|PTK2B|RET|TEK
 KEGG:hsa04151	PI3K-Akt signaling pathway	8.4901098063e-07	0.000154324	EGFR|FGFR1|FGFR2|FGFR3|FLT1|IL2RB|IL4R|ITGB1|ITGB3|ITGB5|ITGB6|ITGB7|KDR|KIT|MET|PRLR|PTK2|RPTOR|TEK
 REACT:R-HSA-170984	ARMS-mediated activation	1.02724015538e-06	0.000159987	CSF2RA|EGFR|ERBB2|ERBB3|ERBB4|FGFR1|FGFR2|FGFR3|IL2RB|ITGB3|KIT|MET|NTRK1|PTK2|RET|TEK
 REACT:R-HSA-187706	Signalling to p38 via RIT and RIN	1.02724015538e-06	0.000159987	CSF2RA|EGFR|ERBB2|ERBB3|ERBB4|FGFR1|FGFR2|FGFR3|IL2RB|ITGB3|KIT|MET|NTRK1|PTK2|RET|TEK
 REACT:R-HSA-170968	Frs2-mediated activation	1.08327838277e-06	0.000159987	CSF2RA|EGFR|ERBB2|ERBB3|ERBB4|FGFR1|FGFR2|FGFR3|IL2RB|ITGB3|KIT|MET|NTRK1|PTK2|RET|TEK
 REACT:R-HSA-169893	Prolonged ERK activation events	1.2037375331e-06	0.00016732	CSF2RA|EGFR|ERBB2|ERBB3|ERBB4|FGFR1|FGFR2|FGFR3|IL2RB|ITGB3|KIT|MET|NTRK1|PTK2|RET|TEK
 REACT:R-HSA-167044	Signalling to RAS	1.48154289792e-06	0.000194494	CSF2RA|EGFR|ERBB2|ERBB3|ERBB4|FGFR1|FGFR2|FGFR3|IL2RB|ITGB3|KIT|MET|NTRK1|PTK2|RET|TEK
 REACT:R-HSA-5218921	VEGFR2 mediated cell proliferation	1.64108304601e-06	0.000204099	CSF2RA|EGFR|ERBB2|ERBB3|ERBB4|FGFR1|FGFR2|FGFR3|IL2RB|ITGB3|KDR|KIT|MET|PTK2|RET|TEK
 REACT:R-HSA-451927	Interleukin-2 signaling	2.00739633893e-06	0.000237174	CSF2RA|EGFR|ERBB2|ERBB3|ERBB4|FGFR1|FGFR2|FGFR3|IL2RB|ITGB3|KIT|MET|PTK2|PTK2B|RET|TEK
 REACT:R-HSA-187687	Signalling to ERKs	2.10982079074e-06	0.000237405	CSF2RA|EGFR|ERBB2|ERBB3|ERBB4|FGFR1|FGFR2|FGFR3|IL2RB|ITGB3|KIT|MET|NTRK1|PTK2|RET|TEK
 REACT:R-HSA-422475	Axon guidance	2.35897361112e-06	0.000253375	APH1A|APH1B|CSF2RA|EGFR|EPHA3|ERBB2|ERBB3|ERBB4|FES|FGFR1|FGFR2|FGFR3|IL2RB|ITGB1|ITGB3|KALRN|KDR|KIT|LIMK2|MET|PTK2|RET|TEK|TRPC4
 REACT:R-HSA-1280215	Cytokine Signaling in Immune system	2.83848044724e-06	0.000291623	ANXA1|CSF2RA|EGFR|ERBB2|ERBB3|ERBB4|FGFR1|FGFR2|FGFR3|FLT3|IL22RA2|IL2RB|IL4R|IRAK1|IRAK3|IRAK4|ITGB1|ITGB2|ITGB3|KIT|MAP3K7|MET|NUP107|OAS2|PRLR|PTK2|PTK2B|RET|TEK
 REACT:R-HSA-112412	SOS-mediated signalling	4.12169658792e-06	0.000360725	CSF2RA|EGFR|ERBB2|ERBB3|ERBB4|FGFR1|FGFR2|FGFR3|IL2RB|ITGB3|KIT|MET|PTK2|RET|TEK
 REACT:R-HSA-179812	GRB2 events in EGFR signaling	4.12169658792e-06	0.000360725	CSF2RA|EGFR|ERBB2|ERBB3|ERBB4|FGFR1|FGFR2|FGFR3|IL2RB|ITGB3|KIT|MET|PTK2|RET|TEK
 REACT:R-HSA-180336	SHC1 events in EGFR signaling	4.12169658792e-06	0.000360725	CSF2RA|EGFR|ERBB2|ERBB3|ERBB4|FGFR1|FGFR2|FGFR3|IL2RB|ITGB3|KIT|MET|PTK2|RET|TEK
 REACT:R-HSA-5673001	RAF/MAP kinase cascade	4.12169658792e-06	0.000360725	CSF2RA|EGFR|ERBB2|ERBB3|ERBB4|FGFR1|FGFR2|FGFR3|IL2RB|ITGB3|KIT|MET|PTK2|RET|TEK
 REACT:R-HSA-5684996	MAPK1/MAPK3 signaling	5.53846728502e-06	0.000467407	CSF2RA|EGFR|ERBB2|ERBB3|ERBB4|FGFR1|FGFR2|FGFR3|IL2RB|ITGB3|KIT|MET|PTK2|RET|TEK
 REACT:R-HSA-6811558	"PI5P PP2A and IER3 Regulate PI3K/AKT Signaling"	5.92491661433e-06	0.000480416	EGFR|ERBB2|ERBB3|ERBB4|FGFR1|FGFR2|FGFR3|KIT|MET
 REACT:R-HSA-2586552	Signaling by Leptin	6.09923161954e-06	0.000480416	CSF2RA|EGFR|ERBB2|ERBB3|ERBB4|FGFR1|FGFR2|FGFR3|IL2RB|ITGB3|KIT|MET|PTK2|RET|TEK
 REACT:R-HSA-912526	Interleukin receptor SHC signaling	6.7100823895e-06	0.000511481	CSF2RA|EGFR|ERBB2|ERBB3|ERBB4|FGFR1|FGFR2|FGFR3|IL2RB|ITGB3|KIT|MET|PTK2|RET|TEK
 REACT:R-HSA-5683057	MAPK family signaling cascades	7.40977998825e-06	0.000547166	CSF2RA|EGFR|ERBB2|ERBB3|ERBB4|FGFR1|FGFR2|FGFR3|IL2RB|ITGB3|KALRN|KIT|MET|PTK2|RET|TEK
 REACT:R-HSA-2219528	PI3K/AKT Signaling in Cancer	7.8499161329e-06	0.000562102	EGFR|ERBB2|ERBB3|ERBB4|FGFR1|FGFR2|FGFR3|KIT|MET
 REACT:R-HSA-112399	IRS-mediated signalling	8.80859720565e-06	0.000612198	CSF2RA|EGFR|ERBB2|ERBB3|ERBB4|FGFR1|FGFR2|FGFR3|IL2RB|ITGB3|KIT|MET|PTK2|RET|RPTOR|TEK
 REACT:R-HSA-166520	Signalling by NGF	9.33355006194e-06	0.000630148	APH1A|APH1B|CSF2RA|EGFR|ERBB2|ERBB3|ERBB4|FGFR1|FGFR2|FGFR3|IL2RB|IRAK1|ITGB3|KALRN|KIT|MET|NTRK1|NTRK2|PTK2|RET|TEK
 REACT:R-HSA-74751	Insulin receptor signalling cascade	1.00078136205e-05	0.000632483	CSF2RA|EGFR|ERBB2|ERBB3|ERBB4|FGFR1|FGFR2|FGFR3|IL2RB|ITGB3|KIT|MET|PTK2|RET|RPTOR|TEK
 REACT:R-HSA-383280	Nuclear Receptor transcription pathway	1.01196452449e-05	0.000632483	AR|NR0B1|NR3C1|NR3C2|NR4A3|PGR|VDR
 REACT:R-HSA-2428924	IGF1R signaling cascade	1.04387809495e-05	0.000632483	CSF2RA|EGFR|ERBB2|ERBB3|ERBB4|FGFR1|FGFR2|FGFR3|IL2RB|ITGB3|KIT|MET|PTK2|RET|RPTOR|TEK
 REACT:R-HSA-2428928	IRS-related events triggered by IGF1R	1.04387809495e-05	0.000632483	CSF2RA|EGFR|ERBB2|ERBB3|ERBB4|FGFR1|FGFR2|FGFR3|IL2RB|ITGB3|KIT|MET|PTK2|RET|RPTOR|TEK
 REACT:R-HSA-2404192	Signaling by Type 1 Insulin-like Growth Factor 1 Receptor (IGF1R)	1.08862468503e-05	0.000643105	CSF2RA|EGFR|ERBB2|ERBB3|ERBB4|FGFR1|FGFR2|FGFR3|IL2RB|ITGB3|KIT|MET|PTK2|RET|RPTOR|TEK
 REACT:R-HSA-199418	Negative regulation of the PI3K/AKT network	1.12309267163e-05	0.000647285	EGFR|ERBB2|ERBB3|ERBB4|FGFR1|FGFR2|FGFR3|KIT|MET
 REACT:R-HSA-8853659	RET signaling	1.33220012513e-05	0.000747575	CSF2RA|EGFR|ERBB2|ERBB3|ERBB4|FGFR1|FGFR2|FGFR3|IL2RB|ITGB3|KIT|MET|PTK2|RET|TEK
 REACT:R-HSA-2871796	FCERI mediated MAPK activation	1.3920145174e-05	0.000747575	CSF2RA|EGFR|ERBB2|ERBB3|ERBB4|FGFR1|FGFR2|FGFR3|IL2RB|ITGB3|KIT|MET|PTK2|RET|TEK
 REACT:R-HSA-512988	"Interleukin-3 5 and GM-CSF signaling"	1.3920145174e-05	0.000747575	CSF2RA|EGFR|ERBB2|ERBB3|ERBB4|FGFR1|FGFR2|FGFR3|IL2RB|ITGB3|KIT|MET|PTK2|RET|TEK
 KEGG:hsa04015	Rap1 signaling pathway	1.6430787106e-05	0.000862799	BCAR1|EGFR|FGFR1|FGFR2|FGFR3|FLT1|ITGB1|ITGB2|ITGB3|KDR|KIT|MET|TEK
 REACT:R-HSA-375165	NCAM signaling for neurite out-growth	1.72831423415e-05	0.000887828	CSF2RA|EGFR|ERBB2|ERBB3|ERBB4|FGFR1|FGFR2|FGFR3|IL2RB|ITGB3|KIT|MET|PTK2|RET|TEK
 KEGG:hsa04810	Regulation of actin cytoskeleton	1.81747061511e-05	0.000913762	BCAR1|EGFR|FGFR1|FGFR2|FGFR3|ITGB1|ITGB2|ITGB3|ITGB5|ITGB6|ITGB7|LIMK2|PTK2
 REACT:R-HSA-198203	PI3K/AKT activation	2.21691432933e-05	0.00109137	EGFR|ERBB2|ERBB3|ERBB4|FGFR1|FGFR2|FGFR3|KIT|MET|NTRK1
 KEGG:hsa01521	EGFR tyrosine kinase inhibitor resistance	2.31622544029e-05	0.00111699	AXL|EGFR|ERBB2|ERBB3|FGFR2|FGFR3|KDR|MET
 REACT:R-HSA-74752	Signaling by Insulin receptor	2.72021455447e-05	0.00128557	CSF2RA|EGFR|ERBB2|ERBB3|ERBB4|FGFR1|FGFR2|FGFR3|IL2RB|ITGB3|KIT|MET|PTK2|RET|RPTOR|TEK
 KEGG:hsa_M00415	"Fatty acid biosynthesis elongation endoplasmic reticulum"	3.15889803937e-05	0.00143548	ELOVL1|ELOVL3|ELOVL4|ELOVL7
 REACT:R-HSA-8847993	ERBB2 Activates PTK6 Signaling	3.15889803937e-05	0.00143548	EGFR|ERBB2|ERBB3|ERBB4
 REACT:R-HSA-881907	Gastrin-CREB signalling pathway via PKC and MAPK	3.66480956574e-05	0.00163395	ANXA1|CSF2RA|EGFR|ERBB2|ERBB3|ERBB4|FGFR1|FGFR2|FGFR3|GRP|IL2RB|ITGB3|KALRN|KIT|MET|PTGER1|PTK2|RET|TEK
 REACT:R-HSA-1236394	Signaling by ERBB4	4.04312160934e-05	0.00176924	APH1A|APH1B|EGFR|ERBB3|ERBB4|PGR
 REACT:R-HSA-6785631	ERBB2 Regulates Cell Motility	4.3707347325e-05	0.00187783	EGFR|ERBB2|ERBB3|ERBB4
 KEGG:hsa04510	Focal adhesion	4.53237678852e-05	0.0019125	BCAR1|EGFR|ERBB2|FLT1|ITGB1|ITGB3|ITGB5|ITGB6|ITGB7|KDR|MET|PTK2
 REACT:R-HSA-1433557	Signaling by SCF-KIT	4.71583837003e-05	0.001955	CSF2RA|EGFR|ERBB2|ERBB3|ERBB4|FES|FGFR1|FGFR2|FGFR3|IL2RB|ITGB3|KIT|MET|PTK2|RET|TEK
 REACT:R-HSA-216083	Integrin cell surface interactions	6.83929114533e-05	0.00278642	ITGB1|ITGB2|ITGB3|ITGB5|ITGB6|ITGB7|KDR
 REACT:R-HSA-187037	NGF signalling via TRKA from the plasma membrane	7.16976253946e-05	0.00287155	CSF2RA|EGFR|ERBB2|ERBB3|ERBB4|FGFR1|FGFR2|FGFR3|IL2RB|ITGB3|KIT|MET|NTRK1|NTRK2|PTK2|RET|TEK
 REACT:R-HSA-1963642	PI3K events in ERBB2 signaling	7.76212612508e-05	0.00305698	EGFR|ERBB2|ERBB3|ERBB4
 REACT:R-HSA-186763	Downstream signal transduction	7.90832654651e-05	0.0030635	BCAR1|CSF2RA|EGFR|ERBB2|ERBB3|ERBB4|FGFR1|FGFR2|FGFR3|IL2RB|ITGB3|KIT|MET|PTK2|RET|TEK
 KEGG:hsa04020	Calcium signaling pathway	8.81892124713e-05	0.00336115	EGFR|ERBB2|ERBB3|ERBB4|PPP3R2|PTGER1|PTGER3|PTK2B|SLC8A1|SLC8A2|SLC8A3
 REACT:R-HSA-1257604	PIP3 activates AKT signaling	0.000108504477973	0.00406978	EGFR|ERBB2|ERBB3|ERBB4|FGFR1|FGFR2|FGFR3|KIT|MET
 REACT:R-HSA-180292	GAB1 signalosome	0.000130179336589	0.00480647	EGFR|ERBB2|ERBB3|ERBB4|FGFR1|FGFR2|FGFR3|KIT|MET
 REACT:R-HSA-186797	Signaling by PDGF	0.000169954133966	0.00617849	BCAR1|CSF2RA|EGFR|ERBB2|ERBB3|ERBB4|FGFR1|FGFR2|FGFR3|IL2RB|ITGB3|KIT|MET|PTK2|RET|TEK
 REACT:R-HSA-2454202	Fc epsilon receptor (FCERI) signaling	0.000180564414689	0.00646475	CSF2RA|EGFR|ERBB2|ERBB3|ERBB4|FGFR1|FGFR2|FGFR3|IL2RB|ITGB3|KIT|MAP3K7|MET|PTK2|RET|TEK
 REACT:R-HSA-2730905	Role of LAT2/NTAL/LAB on calcium mobilization	0.000218034979718	0.0076898	EGFR|ERBB2|ERBB3|ERBB4|FGFR1|FGFR2|FGFR3|KIT|MET
 REACT:R-HSA-445144	Signal transduction by L1	0.000240705068825	0.00830719	EGFR|FGFR1|ITGB1|ITGB3
 KEGG:hsa05205	Proteoglycans in cancer	0.000242571454665	0.00830719	EGFR|ERBB2|ERBB3|ERBB4|FGFR1|ITGB1|ITGB3|ITGB5|KDR|MET|PTK2
 REACT:R-HSA-1250196	SHC1 events in ERBB2 signaling	0.000290766656994	0.00981545	EGFR|ERBB2|ERBB3|ERBB4
 KEGG:hsa05200	Pathways in cancer	0.000296634339953	0.00987249	AR|CSF2RA|EGFR|ERBB2|FGFR1|FGFR2|FGFR3|FLT3|ITGB1|KIT|MET|NTRK1|PTGER1|PTGER3|PTK2|RET
 REACT:R-HSA-2424491	DAP12 signaling	0.000303154156643	0.00994935	CSF2RA|EGFR|ERBB2|ERBB3|ERBB4|FGFR1|FGFR2|FGFR3|IL2RB|ITGB3|KIT|MET|PTK2|RET|TEK
 REACT:R-HSA-177929	Signaling by EGFR	0.000383798006844	0.0124235	CSF2RA|EGFR|ERBB2|ERBB3|ERBB4|FGFR1|FGFR2|FGFR3|IL2RB|ITGB3|KIT|MET|PTK2|RET|TEK
 REACT:R-HSA-2172127	DAP12 interactions	0.000468868016116	0.0149721	CSF2RA|EGFR|ERBB2|ERBB3|ERBB4|FGFR1|FGFR2|FGFR3|IL2RB|ITGB3|KIT|MET|PTK2|RET|TEK
 KEGG:hsa00062	Fatty acid elongation	0.00048546993511	0.0150877	ELOVL1|ELOVL3|ELOVL4|ELOVL7
 REACT:R-HSA-1251985	Nuclear signaling by ERBB4	0.00048546993511	0.0150877	APH1A|APH1B|ERBB4|PGR
 REACT:R-HSA-8848021	Signaling by PTK6	0.00049164426863	0.0150877	BCAR1|EGFR|ERBB2|ERBB3|ERBB4|NR3C1
 REACT:R-HSA-2682334	EPH-Ephrin signaling	0.000555372177781	0.0168249	APH1A|APH1B|EPHA3|KALRN|KDR|LIMK2|PTK2
 KEGG:hsa05412	Arrhythmogenic right ventricular cardiomyopathy (ARVC)	0.000723640031146	0.0216451	ITGB1|ITGB3|ITGB5|ITGB6|ITGB7|SLC8A1
 REACT:R-HSA-75876	Synthesis of very long-chain fatty acyl-CoAs	0.00075867929986	0.0223007	ELOVL1|ELOVL3|ELOVL4|ELOVL7
 KEGG:hsa04060	Cytokine-cytokine receptor interaction	0.000769680247209	0.0223007	CSF2RA|EGFR|FLT1|FLT3|IL21R|IL22RA2|IL2RB|IL4R|KDR|KIT|MET|PRLR
 REACT:R-HSA-1168372	Downstream signaling events of B Cell Receptor (BCR)	0.000773869411632	0.0223007	EGFR|ERBB2|ERBB3|ERBB4|FGFR1|FGFR2|FGFR3|KIT|MAP3K7|MET
 REACT:R-HSA-2187338	Visual phototransduction	0.000801872067648	0.0228292	LRAT|RBP1|RBP3|RDH11|RDH12|RDH8|RLBP1
 REACT:R-HSA-425561	Sodium/Calcium exchangers	0.000851883533191	0.0239643	SLC8A1|SLC8A2|SLC8A3
 REACT:R-HSA-8863795	Downregulation of ERBB2 signaling	0.000992013488076	0.027578	EGFR|ERBB2|ERBB3|ERBB4
 REACT:R-HSA-418359	Reduction of cytosolic Ca++ levels	0.00107229519044	0.0294632	SLC8A1|SLC8A2|SLC8A3
 REACT:R-HSA-2129379	Molecules associated with elastic fibres	0.00112575990731	0.0305767	ITGB1|ITGB3|ITGB5|ITGB6
 KEGG:hsa04360	Axon guidance	0.00128983341033	0.034423	EPHA3|FES|ITGB1|LIMK2|MET|PPP3R2|PTK2|RYK|TRPC4
 REACT:R-HSA-1251932	PLCG1 events in ERBB2 signaling	0.00131866051662	0.034423	EGFR|ERBB2
 REACT:R-HSA-194306	Neurophilin interactions with VEGF and VEGFR	0.00131866051662	0.034423	FLT1|KDR
 KEGG:hsa_M00686	Toll-like receptor signaling	0.00132564295013	0.034423	IRAK1|IRAK4|MAP3K7
 REACT:R-HSA-5663202	Diseases of signal transduction	0.00137169152563	0.0352316	APH1A|APH1B|EGFR|ERBB2|ERBB3|ERBB4|FGFR1|FGFR2|FGFR3|ITGB3|KIT|MET|RBP1|RLBP1
 KEGG:hsa05410	Hypertrophic cardiomyopathy (HCM)	0.00152662171685	0.0387893	ITGB1|ITGB3|ITGB5|ITGB6|ITGB7|SLC8A1
 REACT:R-HSA-3000178	ECM proteoglycans	0.00160560904272	0.0393098	ITGB1|ITGB3|ITGB5|ITGB6|MUSK
 REACT:R-HSA-1963640	GRB2 events in ERBB2 signaling	0.00161364794492	0.0393098	EGFR|ERBB2|ERBB4
 REACT:R-HSA-372708	p130Cas linkage to MAPK signaling for integrins	0.00161364794492	0.0393098	BCAR1|ITGB3|PTK2
 REACT:R-HSA-8866910	TFAP2 (AP-2) family regulates transcription of growth factors and their receptors	0.00161364794492	0.0393098	EGFR|ERBB2|KIT
