 REACT:R-HSA-2453902	The canonical retinoid cycle in rods (twilight vision)	0.0	0	LRAT|RBP1|RBP3|RBP4|RDH11|RDH12|RDH8|RLBP1|RPE65
 REACT:R-HSA-383280	Nuclear Receptor transcription pathway	1.97740268604e-10	2.3363e-07	AR|NR0B1|NR1I2|NR1I3|NR3C1|NR3C2|NR4A3|PGR|VDR
 KEGG:hsa_M00415	"Fatty acid biosynthesis elongation endoplasmic reticulum"	3.45933601764e-08	2.7248e-05	ELOVL1|ELOVL3|ELOVL4|ELOVL5|ELOVL7
 REACT:R-HSA-2187338	Visual phototransduction	9.66042997819e-08	5.7069e-05	LRAT|RBP1|RBP3|RBP4|RDH11|RDH12|RDH8|RLBP1|RPE65
 KEGG:hsa00062	Fatty acid elongation	1.3247526619e-06	0.000626078	ELOVL1|ELOVL3|ELOVL4|ELOVL5|ELOVL7
 REACT:R-HSA-75876	Synthesis of very long-chain fatty acyl-CoAs	2.40490169923e-06	0.00094713	ELOVL1|ELOVL3|ELOVL4|ELOVL5|ELOVL7
 KEGG:hsa00830	Retinol metabolism	1.20403954847e-05	0.00406449	LRAT|RDH11|RDH12|RDH8|RETSAT|RPE65
 REACT:R-HSA-216083	Integrin cell surface interactions	1.56533917242e-05	0.00462362	ITGB1|ITGB2|ITGB3|ITGB5|ITGB6|ITGB7
 KEGG:hsa05412	Arrhythmogenic right ventricular cardiomyopathy (ARVC)	2.17832702364e-05	0.00571932	ITGB1|ITGB3|ITGB5|ITGB6|ITGB7|SLC8A1
 REACT:R-HSA-2453864	Retinoid cycle disease events	3.93000001416e-05	0.00844235	RBP1|RBP4|RLBP1
 REACT:R-HSA-2474795	Diseases associated with visual transduction	3.93000001416e-05	0.00844235	RBP1|RBP4|RLBP1
 KEGG:hsa05410	Hypertrophic cardiomyopathy (HCM)	4.90715321546e-05	0.009663	ITGB1|ITGB3|ITGB5|ITGB6|ITGB7|SLC8A1
 REACT:R-HSA-2046105	Linoleic acid (LA) metabolism	5.58200229352e-05	0.0101367	ELOVL1|ELOVL3|ELOVL5
 REACT:R-HSA-6806667	Metabolism of fat-soluble vitamins	6.00568144479e-05	0.0101367	GC|LRAT|RBP1|RBP4|RDH11
 REACT:R-HSA-75105	Fatty Acyl-CoA Biosynthesis	6.57730416419e-05	0.0103614	ELOVL1|ELOVL3|ELOVL4|ELOVL5|ELOVL7
 KEGG:hsa05414	Dilated cardiomyopathy	7.27243709199e-05	0.0107405	ITGB1|ITGB3|ITGB5|ITGB6|ITGB7|SLC8A1
 REACT:R-HSA-2129379	Molecules associated with elastic fibres	9.9351416698e-05	0.0138098	ITGB1|ITGB3|ITGB5|ITGB6
 REACT:R-HSA-425561	Sodium/Calcium exchangers	0.000130757163289	0.0171655	SLC8A1|SLC8A2|SLC8A3
 REACT:R-HSA-418359	Reduction of cytosolic Ca++ levels	0.000165462396827	0.0205783	SLC8A1|SLC8A2|SLC8A3
 REACT:R-HSA-2046104	alpha-linolenic (omega3) and linoleic (omega6) acid metabolism	0.000205640528126	0.0231395	ELOVL1|ELOVL3|ELOVL5
 REACT:R-HSA-2046106	alpha-linolenic acid (ALA) metabolism	0.000205640528126	0.0231395	ELOVL1|ELOVL3|ELOVL5
 REACT:R-HSA-1566948	Elastic fibre formation	0.000330634739091	0.0355132	ITGB1|ITGB3|ITGB5|ITGB6
 REACT:R-HSA-1236394	Signaling by ERBB4	0.000362346581912	0.0372272	APH1A|APH1B|ERBB3|PGR
 REACT:R-HSA-975634	Retinoid metabolism and transport	0.000396176972822	0.0390069	LRAT|RBP1|RBP4|RDH11
 REACT:R-HSA-75109	Triglyceride Biosynthesis	0.000450323004868	0.0425645	ELOVL1|ELOVL3|ELOVL4|ELOVL5|ELOVL7
 KEGG:hsa04512	ECM-receptor interaction	0.000476589807028	0.0433147	ITGB1|ITGB3|ITGB5|ITGB6|ITGB7
 REACT:R-HSA-3000170	Syndecan interactions	0.000500623373233	0.0438138	ITGB1|ITGB3|ITGB5
 KEGG:hsa04020	Calcium signaling pathway	0.000578904814317	0.0488554	ERBB3|ORAI3|PTGER1|PTGER3|SLC8A1|SLC8A2|SLC8A3
