 KEGG:hsa04740	Olfactory transduction	0.0	0	OR10G3|OR10G4|OR10G8|OR10G9|OR10H1|OR10H3|OR10H4|OR10J1|OR10J3|OR10J5|OR10T2|OR11A1|OR12D3|OR13F1|OR14A16|OR14I1|OR14J1|OR1A2|OR1C1|OR1D5|OR1E1|OR1E2|OR1J4|OR1K1|OR1L1|OR1L4|OR1M1|OR1N1|OR1S2|OR2A12|OR2A14|OR2A2|OR2B6|OR2D3|OR2G6|OR2S2|OR2T10|OR2T12|OR2T2|OR2T33|OR2W3|OR4A16|OR4B1|OR4C3|OR4D1|OR4D10|OR4D9|OR4F17|OR4K15|OR4K2|OR4L1|OR4M1|OR4N5|OR4S1|OR4X2|OR52E2|OR52W1|OR5AP2|OR5AS1|OR5B12|OR5D13|OR5H6|OR5I1|OR5M9|OR5R1|OR6C3|OR6C4|OR6C6|OR6C70|OR6S1|OR6V1|OR6X1|OR7A10|OR7A5|OR7C1|OR7C2|OR7D2|OR7D4|OR8D1|OR8G5|OR8H1|OR8H3|OR9A2|OR9A4|SLC8A1|SLC8A2|SLC8A3
 REACT:R-HSA-162582	Signal Transduction	0.0	0	ADORA3|ANXA1|APH1A|APH1B|AR|AVPR2|AXL|CSF2RA|EGFR|ERBB2|ERBB3|ERBB4|FES|FGFR1|FGFR2|FGFR3|FLT1|GRP|HRH4|IRAK1|JAG2|KALRN|KDR|KIT|LAT|LIMK2|LRAT|MAP3K7|MC3R|MC4R|MET|NR3C1|NTRK1|NTRK2|OR10G3|OR10G4|OR10G8|OR10G9|OR10H1|OR10H3|OR10H4|OR10J1|OR10J3|OR10J5|OR10T2|OR11A1|OR12D3|OR13F1|OR14A16|OR14I1|OR14J1|OR1A2|OR1C1|OR1D5|OR1E1|OR1E2|OR1J4|OR1K1|OR1L1|OR1L4|OR1M1|OR1N1|OR1S2|OR2A12|OR2A14|OR2A2|OR2B6|OR2D3|OR2G6|OR2S2|OR2T10|OR2T12|OR2T2|OR2T33|OR2T35|OR2W3|OR4A16|OR4B1|OR4C3|OR4D1|OR4D10|OR4D9|OR4F17|OR4K15|OR4K2|OR4L1|OR4M1|OR4N5|OR4S1|OR4X2|OR52E2|OR52W1|OR5AP2|OR5AS1|OR5B12|OR5D13|OR5H6|OR5I1|OR5M9|OR5R1|OR6C3|OR6C4|OR6C6|OR6C70|OR6S1|OR6V1|OR6X1|OR7A10|OR7A5|OR7C1|OR7C2|OR7D2|OR7D4|OR8D1|OR8G5|OR8H1|OR8H3|OR9A2|OR9A4|PTK2|PTK2B|RBP3|RET|RLBP1|ROR2|RYK|TBXA2R|TEK
 REACT:R-HSA-372790	Signaling by GPCR	0.0	0	ADORA3|ANXA1|AVPR2|CSF2RA|EGFR|ERBB2|ERBB3|ERBB4|FGFR1|FGFR2|FGFR3|GRP|HRH4|KALRN|KIT|LAT|MC3R|MC4R|MET|OR10G3|OR10G4|OR10G8|OR10G9|OR10H1|OR10H3|OR10H4|OR10J1|OR10J3|OR10J5|OR10T2|OR11A1|OR12D3|OR13F1|OR14A16|OR14I1|OR14J1|OR1A2|OR1C1|OR1D5|OR1E1|OR1E2|OR1J4|OR1K1|OR1L1|OR1L4|OR1M1|OR1N1|OR1S2|OR2A12|OR2A14|OR2A2|OR2B6|OR2D3|OR2G6|OR2S2|OR2T10|OR2T12|OR2T2|OR2T33|OR2T35|OR2W3|OR4A16|OR4B1|OR4C3|OR4D1|OR4D10|OR4D9|OR4F17|OR4K15|OR4K2|OR4L1|OR4M1|OR4N5|OR4S1|OR4X2|OR52E2|OR52W1|OR5AP2|OR5AS1|OR5B12|OR5D13|OR5H6|OR5I1|OR5M9|OR5R1|OR6C3|OR6C4|OR6C6|OR6C70|OR6S1|OR6V1|OR6X1|OR7A10|OR7A5|OR7C1|OR7C2|OR7D2|OR7D4|OR8D1|OR8G5|OR8H1|OR8H3|OR9A2|OR9A4|PTK2|RET|TBXA2R|TEK
 REACT:R-HSA-381753	Olfactory Signaling Pathway	0.0	0	OR10G3|OR10G4|OR10G8|OR10G9|OR10H1|OR10H3|OR10H4|OR10J1|OR10J3|OR10J5|OR10T2|OR11A1|OR12D3|OR13F1|OR14A16|OR14I1|OR14J1|OR1A2|OR1C1|OR1D5|OR1E1|OR1E2|OR1J4|OR1K1|OR1L1|OR1L4|OR1M1|OR1N1|OR1S2|OR2A12|OR2A14|OR2A2|OR2B6|OR2D3|OR2G6|OR2S2|OR2T10|OR2T12|OR2T2|OR2T33|OR2T35|OR2W3|OR4A16|OR4B1|OR4C3|OR4D1|OR4D10|OR4D9|OR4F17|OR4K15|OR4K2|OR4L1|OR4M1|OR4N5|OR4S1|OR4X2|OR52E2|OR52W1|OR5AP2|OR5AS1|OR5B12|OR5D13|OR5H6|OR5I1|OR5M9|OR5R1|OR6C3|OR6C4|OR6C6|OR6C70|OR6S1|OR6V1|OR6X1|OR7A10|OR7A5|OR7C1|OR7C2|OR7D2|OR7D4|OR8D1|OR8G5|OR8H1|OR8H3|OR9A2|OR9A4
 REACT:R-HSA-388396	GPCR downstream signaling	0.0	0	ADORA3|ANXA1|AVPR2|CSF2RA|GRP|HRH4|KALRN|MC3R|MC4R|OR10G3|OR10G4|OR10G8|OR10G9|OR10H1|OR10H3|OR10H4|OR10J1|OR10J3|OR10J5|OR10T2|OR11A1|OR12D3|OR13F1|OR14A16|OR14I1|OR14J1|OR1A2|OR1C1|OR1D5|OR1E1|OR1E2|OR1J4|OR1K1|OR1L1|OR1L4|OR1M1|OR1N1|OR1S2|OR2A12|OR2A14|OR2A2|OR2B6|OR2D3|OR2G6|OR2S2|OR2T10|OR2T12|OR2T2|OR2T33|OR2T35|OR2W3|OR4A16|OR4B1|OR4C3|OR4D1|OR4D10|OR4D9|OR4F17|OR4K15|OR4K2|OR4L1|OR4M1|OR4N5|OR4S1|OR4X2|OR52E2|OR52W1|OR5AP2|OR5AS1|OR5B12|OR5D13|OR5H6|OR5I1|OR5M9|OR5R1|OR6C3|OR6C4|OR6C6|OR6C70|OR6S1|OR6V1|OR6X1|OR7A10|OR7A5|OR7C1|OR7C2|OR7D2|OR7D4|OR8D1|OR8G5|OR8H1|OR8H3|OR9A2|OR9A4|TBXA2R
 KEGG:hsa05230	Central carbon metabolism in cancer	7.95006327436e-09	3.131e-06	EGFR|ERBB2|FGFR1|FGFR2|FGFR3|FLT3|KIT|MET|NTRK1|NTRK3|RET
 REACT:R-HSA-2219530	Constitutive Signaling by Aberrant PI3K in Cancer	1.12024913212e-06	0.000378164	EGFR|ERBB2|ERBB3|ERBB4|FGFR1|FGFR2|FGFR3|KIT|MET
 REACT:R-HSA-383280	Nuclear Receptor transcription pathway	1.69885852463e-06	0.0005018	AR|NR0B1|NR1I2|NR1I3|NR3C1|NR3C2|NR4A3|VDR
 KEGG:hsa01521	EGFR tyrosine kinase inhibitor resistance	5.90769020847e-06	0.0015511	AXL|EGFR|ERBB2|ERBB3|FGFR2|FGFR3|GAS6|KDR|MET
 REACT:R-HSA-194138	Signaling by VEGF	1.27269111576e-05	0.00273497	AXL|CSF2RA|EGFR|ERBB2|ERBB3|ERBB4|FGFR1|FGFR2|FGFR3|FLT1|KDR|KIT|LAT|MET|PTK2|PTK2B|RET|TEK
 REACT:R-HSA-6811558	"PI5P PP2A and IER3 Regulate PI3K/AKT Signaling"	1.31378090251e-05	0.00273497	EGFR|ERBB2|ERBB3|ERBB4|FGFR1|FGFR2|FGFR3|KIT|MET
 REACT:R-HSA-170984	ARMS-mediated activation	1.65575177187e-05	0.00273497	CSF2RA|EGFR|ERBB2|ERBB3|ERBB4|FGFR1|FGFR2|FGFR3|KIT|LAT|MET|NTRK1|PTK2|RET|TEK
 REACT:R-HSA-187706	Signalling to p38 via RIT and RIN	1.65575177187e-05	0.00273497	CSF2RA|EGFR|ERBB2|ERBB3|ERBB4|FGFR1|FGFR2|FGFR3|KIT|LAT|MET|NTRK1|PTK2|RET|TEK
 REACT:R-HSA-2219528	PI3K/AKT Signaling in Cancer	1.73337840691e-05	0.00273497	EGFR|ERBB2|ERBB3|ERBB4|FGFR1|FGFR2|FGFR3|KIT|MET
 REACT:R-HSA-170968	Frs2-mediated activation	1.73612236352e-05	0.00273497	CSF2RA|EGFR|ERBB2|ERBB3|ERBB4|FGFR1|FGFR2|FGFR3|KIT|LAT|MET|NTRK1|PTK2|RET|TEK
 REACT:R-HSA-169893	Prolonged ERK activation events	1.90730886506e-05	0.00281686	CSF2RA|EGFR|ERBB2|ERBB3|ERBB4|FGFR1|FGFR2|FGFR3|KIT|LAT|MET|NTRK1|PTK2|RET|TEK
 REACT:R-HSA-449147	Signaling by Interleukins	2.08836257798e-05	0.00290282	ANXA1|CSF2RA|EGFR|ERBB2|ERBB3|ERBB4|FGFR1|FGFR2|FGFR3|FLT3|IL22RA2|IRAK1|IRAK3|IRAK4|ITGB2|KIT|LAT|MAP3K7|MET|PTK2|PTK2B|RET|TEK
 REACT:R-HSA-167044	Signalling to RAS	2.29512047999e-05	0.00297028	CSF2RA|EGFR|ERBB2|ERBB3|ERBB4|FGFR1|FGFR2|FGFR3|KIT|LAT|MET|NTRK1|PTK2|RET|TEK
 REACT:R-HSA-199418	Negative regulation of the PI3K/AKT network	2.46620449823e-05	0.00297028	EGFR|ERBB2|ERBB3|ERBB4|FGFR1|FGFR2|FGFR3|KIT|MET
 REACT:R-HSA-5218921	VEGFR2 mediated cell proliferation	2.51399137288e-05	0.00297028	CSF2RA|EGFR|ERBB2|ERBB3|ERBB4|FGFR1|FGFR2|FGFR3|KDR|KIT|LAT|MET|PTK2|RET|TEK
 REACT:R-HSA-451927	Interleukin-2 signaling	3.00777539668e-05	0.0033768	CSF2RA|EGFR|ERBB2|ERBB3|ERBB4|FGFR1|FGFR2|FGFR3|KIT|LAT|MET|PTK2|PTK2B|RET|TEK
 REACT:R-HSA-187687	Signalling to ERKs	3.14386445854e-05	0.0033768	CSF2RA|EGFR|ERBB2|ERBB3|ERBB4|FGFR1|FGFR2|FGFR3|KIT|LAT|MET|NTRK1|PTK2|RET|TEK
 REACT:R-HSA-4420097	VEGFA-VEGFR2 Pathway	3.41624430464e-05	0.00350982	AXL|CSF2RA|EGFR|ERBB2|ERBB3|ERBB4|FGFR1|FGFR2|FGFR3|KDR|KIT|LAT|MET|PTK2|PTK2B|RET|TEK
 REACT:R-HSA-8847993	ERBB2 Activates PTK6 Signaling	4.6458547438e-05	0.00457423	EGFR|ERBB2|ERBB3|ERBB4
 REACT:R-HSA-198203	PI3K/AKT activation	5.1469124248e-05	0.00463411	EGFR|ERBB2|ERBB3|ERBB4|FGFR1|FGFR2|FGFR3|KIT|MET|NTRK1
 REACT:R-HSA-112412	SOS-mediated signalling	5.68722407621e-05	0.00463411	CSF2RA|EGFR|ERBB2|ERBB3|ERBB4|FGFR1|FGFR2|FGFR3|KIT|LAT|MET|PTK2|RET|TEK
 REACT:R-HSA-179812	GRB2 events in EGFR signaling	5.68722407621e-05	0.00463411	CSF2RA|EGFR|ERBB2|ERBB3|ERBB4|FGFR1|FGFR2|FGFR3|KIT|LAT|MET|PTK2|RET|TEK
 REACT:R-HSA-180336	SHC1 events in EGFR signaling	5.68722407621e-05	0.00463411	CSF2RA|EGFR|ERBB2|ERBB3|ERBB4|FGFR1|FGFR2|FGFR3|KIT|LAT|MET|PTK2|RET|TEK
 REACT:R-HSA-5673001	RAF/MAP kinase cascade	5.68722407621e-05	0.00463411	CSF2RA|EGFR|ERBB2|ERBB3|ERBB4|FGFR1|FGFR2|FGFR3|KIT|LAT|MET|PTK2|RET|TEK
 REACT:R-HSA-6785631	ERBB2 Regulates Cell Motility	6.42011732899e-05	0.00505691	EGFR|ERBB2|ERBB3|ERBB4
 REACT:R-HSA-5684996	MAPK1/MAPK3 signaling	7.38493768765e-05	0.00562923	CSF2RA|EGFR|ERBB2|ERBB3|ERBB4|FGFR1|FGFR2|FGFR3|KIT|LAT|MET|PTK2|RET|TEK
 REACT:R-HSA-2586552	Signaling by Leptin	8.04155719493e-05	0.00593819	CSF2RA|EGFR|ERBB2|ERBB3|ERBB4|FGFR1|FGFR2|FGFR3|KIT|LAT|MET|PTK2|RET|TEK
 REACT:R-HSA-912526	Interleukin receptor SHC signaling	8.74849441045e-05	0.00626445	CSF2RA|EGFR|ERBB2|ERBB3|ERBB4|FGFR1|FGFR2|FGFR3|KIT|LAT|MET|PTK2|RET|TEK
 REACT:R-HSA-5683057	MAPK family signaling cascades	9.57482242306e-05	0.0066545	CSF2RA|EGFR|ERBB2|ERBB3|ERBB4|FGFR1|FGFR2|FGFR3|KALRN|KIT|LAT|MET|PTK2|RET|TEK
 REACT:R-HSA-1963642	PI3K events in ERBB2 signaling	0.000113733253116	0.00767862	EGFR|ERBB2|ERBB3|ERBB4
 REACT:R-HSA-166520	Signalling by NGF	0.000125662178179	0.00824833	APH1A|APH1B|CSF2RA|EGFR|ERBB2|ERBB3|ERBB4|FGFR1|FGFR2|FGFR3|IRAK1|KALRN|KIT|LAT|MET|NTRK1|NTRK2|PTK2|RET|TEK
 REACT:R-HSA-8853659	RET signaling	0.000160051136951	0.0100791	CSF2RA|EGFR|ERBB2|ERBB3|ERBB4|FGFR1|FGFR2|FGFR3|KIT|LAT|MET|PTK2|RET|TEK
 REACT:R-HSA-2871796	FCERI mediated MAPK activation	0.000166349493675	0.0100791	CSF2RA|EGFR|ERBB2|ERBB3|ERBB4|FGFR1|FGFR2|FGFR3|KIT|LAT|MET|PTK2|RET|TEK
 REACT:R-HSA-512988	"Interleukin-3 5 and GM-CSF signaling"	0.000166349493675	0.0100791	CSF2RA|EGFR|ERBB2|ERBB3|ERBB4|FGFR1|FGFR2|FGFR3|KIT|LAT|MET|PTK2|RET|TEK
 REACT:R-HSA-375165	NCAM signaling for neurite out-growth	0.000201162005291	0.0118836	CSF2RA|EGFR|ERBB2|ERBB3|ERBB4|FGFR1|FGFR2|FGFR3|KIT|LAT|MET|PTK2|RET|TEK
 REACT:R-HSA-192105	Synthesis of bile acids and bile salts	0.000223191792464	0.0128431	HSD3B7|OSBPL3|OSBPL6|OSBPL7|OSBPL9
 REACT:R-HSA-1257604	PIP3 activates AKT signaling	0.000228273149753	0.0128431	EGFR|ERBB2|ERBB3|ERBB4|FGFR1|FGFR2|FGFR3|KIT|MET
 REACT:R-HSA-180292	GAB1 signalosome	0.000272746254417	0.0149884	EGFR|ERBB2|ERBB3|ERBB4|FGFR1|FGFR2|FGFR3|KIT|MET
 REACT:R-HSA-422475	Axon guidance	0.000307508379376	0.0165146	APH1A|APH1B|CSF2RA|EGFR|EPHA3|ERBB2|ERBB3|ERBB4|FES|FGFR1|FGFR2|FGFR3|KALRN|KDR|KIT|LAT|LIMK2|MET|PTK2|RET|TEK
 REACT:R-HSA-112399	IRS-mediated signalling	0.000383585117174	0.0201425	CSF2RA|EGFR|ERBB2|ERBB3|ERBB4|FGFR1|FGFR2|FGFR3|KIT|LAT|MET|PTK2|RET|TEK
 REACT:R-HSA-881907	Gastrin-CREB signalling pathway via PKC and MAPK	0.000404209451743	0.0206458	ANXA1|CSF2RA|EGFR|ERBB2|ERBB3|ERBB4|FGFR1|FGFR2|FGFR3|GRP|KALRN|KIT|LAT|MET|PTK2|RET|TBXA2R|TEK
 REACT:R-HSA-1250196	SHC1 events in ERBB2 signaling	0.000422882544888	0.0206458	EGFR|ERBB2|ERBB3|ERBB4
 REACT:R-HSA-74751	Insulin receptor signalling cascade	0.000424799625527	0.0206458	CSF2RA|EGFR|ERBB2|ERBB3|ERBB4|FGFR1|FGFR2|FGFR3|KIT|LAT|MET|PTK2|RET|TEK
 REACT:R-HSA-2428924	IGF1R signaling cascade	0.000439353234956	0.0206458	CSF2RA|EGFR|ERBB2|ERBB3|ERBB4|FGFR1|FGFR2|FGFR3|KIT|LAT|MET|PTK2|RET|TEK
 REACT:R-HSA-2428928	IRS-related events triggered by IGF1R	0.000439353234956	0.0206458	CSF2RA|EGFR|ERBB2|ERBB3|ERBB4|FGFR1|FGFR2|FGFR3|KIT|LAT|MET|PTK2|RET|TEK
 REACT:R-HSA-2730905	Role of LAT2/NTAL/LAB on calcium mobilization	0.000451214626336	0.0206458	EGFR|ERBB2|ERBB3|ERBB4|FGFR1|FGFR2|FGFR3|KIT|MET
 REACT:R-HSA-2404192	Signaling by Type 1 Insulin-like Growth Factor 1 Receptor (IGF1R)	0.000454330777258	0.0206458	CSF2RA|EGFR|ERBB2|ERBB3|ERBB4|FGFR1|FGFR2|FGFR3|KIT|LAT|MET|PTK2|RET|TEK
 REACT:R-HSA-1433557	Signaling by SCF-KIT	0.000486435370857	0.0216877	CSF2RA|EGFR|ERBB2|ERBB3|ERBB4|FES|FGFR1|FGFR2|FGFR3|KIT|LAT|MET|PTK2|RET|TEK
 REACT:R-HSA-193048	Androgen biosynthesis	0.000669885678729	0.0278845	SRD5A1|SRD5A2|SRD5A3
 REACT:R-HSA-1980148	Signaling by NOTCH3	0.000669885678729	0.0278845	APH1A|APH1B|JAG2
 REACT:R-HSA-1980150	Signaling by NOTCH4	0.000669885678729	0.0278845	APH1A|APH1B|JAG2
 REACT:R-HSA-1236394	Signaling by ERBB4	0.00068442619366	0.0278845	APH1A|APH1B|EGFR|ERBB3|ERBB4
 REACT:R-HSA-194068	Bile acid and bile salt metabolism	0.00068442619366	0.0278845	HSD3B7|OSBPL3|OSBPL6|OSBPL7|OSBPL9
 REACT:R-HSA-187037	NGF signalling via TRKA from the plasma membrane	0.000707120629295	0.0283208	CSF2RA|EGFR|ERBB2|ERBB3|ERBB4|FGFR1|FGFR2|FGFR3|KIT|LAT|MET|NTRK1|NTRK2|PTK2|RET|TEK
 KEGG:hsa04015	Rap1 signaling pathway	0.000745423131395	0.0293572	EGFR|FGFR1|FGFR2|FGFR3|FLT1|ITGB2|KDR|KIT|LAT|MET|TEK
 KEGG:hsa04020	Calcium signaling pathway	0.000860514125191	0.0333343	EGFR|ERBB2|ERBB3|ERBB4|PTK2B|SLC8A1|SLC8A2|SLC8A3|STIM2|TBXA2R
 REACT:R-HSA-74752	Signaling by Insulin receptor	0.000940983049914	0.0358636	CSF2RA|EGFR|ERBB2|ERBB3|ERBB4|FGFR1|FGFR2|FGFR3|KIT|LAT|MET|PTK2|RET|TEK
 REACT:R-HSA-2682334	EPH-Ephrin signaling	0.000993435683149	0.0372617	APH1A|APH1B|EPHA3|KALRN|KDR|LIMK2|PTK2
 REACT:R-HSA-425561	Sodium/Calcium exchangers	0.00113307742033	0.0418353	SLC8A1|SLC8A2|SLC8A3
 KEGG:hsa04144	Endocytosis	0.00130803273058	0.047552	EGFR|ERBB3|ERBB4|FGFR2|FGFR3|FLT1|KDR|KIT|MET|NTRK1|PSD4|RET
 KEGG:hsa04014	Ras signaling pathway	0.00140480938246	0.0496446	EGFR|FGFR1|FGFR2|FGFR3|FLT1|KDR|KIT|LAT|MET|TEK|ZAP70
 REACT:R-HSA-418359	Reduction of cytosolic Ca++ levels	0.00142458911608	0.0496446	SLC8A1|SLC8A2|SLC8A3
 REACT:R-HSA-8863795	Downregulation of ERBB2 signaling	0.00142862018416	0.0496446	EGFR|ERBB2|ERBB3|ERBB4
