 REACT:R-HSA-2453902	The canonical retinoid cycle in rods (twilight vision)	0.0	0	LRAT|RBP3|RBP4|RDH11|RDH12|RDH8|RLBP1|RPE65
 REACT:R-HSA-2187338	Visual phototransduction	7.55070450609e-11	8.92116e-08	LRAT|RBP3|RBP4|RDH11|RDH12|RDH8|RLBP1|RPE65
 KEGG:hsa00830	Retinol metabolism	4.22428334312e-07	0.000332733	LRAT|RDH11|RDH12|RDH8|RPE65
 KEGG:hsa_M00415	"Fatty acid biosynthesis elongation endoplasmic reticulum"	3.55560399223e-06	0.00210047	ELOVL1|ELOVL5|ELOVL7
 REACT:R-HSA-6806667	Metabolism of fat-soluble vitamins	7.36091783615e-06	0.00347877	GC|LRAT|RBP4|RDH11
 REACT:R-HSA-5365859	RA biosynthesis pathway	2.1663878231e-05	0.00853196	RDH11|RDH13|RDH14
 KEGG:hsa00062	Fatty acid elongation	2.80440260885e-05	0.00946686	ELOVL1|ELOVL5|ELOVL7
 REACT:R-HSA-75876	Synthesis of very long-chain fatty acyl-CoAs	3.97509910204e-05	0.0117414	ELOVL1|ELOVL5|ELOVL7
 REACT:R-HSA-2187335	The retinoid cycle in cones (daylight vision)	8.39524190774e-05	0.0220422	RBP3|RLBP1
 REACT:R-HSA-5362517	Signaling by Retinoic Acid	0.000146155737203	0.0336398	RDH11|RDH13|RDH14
 REACT:R-HSA-975634	Retinoid metabolism and transport	0.000156596612192	0.0336398	LRAT|RBP4|RDH11
 REACT:R-HSA-2453864	Retinoid cycle disease events	0.000200583383801	0.0364599	RBP4|RLBP1
 REACT:R-HSA-2474795	Diseases associated with visual transduction	0.000200583383801	0.0364599	RBP4|RLBP1
 REACT:R-HSA-383280	Nuclear Receptor transcription pathway	0.000243462891525	0.0394392	NR4A3|PGR|VDR
 REACT:R-HSA-2046105	Linoleic acid (LA) metabolism	0.000250354453581	0.0394392	ELOVL1|ELOVL5
 REACT:R-HSA-75105	Fatty Acyl-CoA Biosynthesis	0.00028857804185	0.0426194	ELOVL1|ELOVL5|ELOVL7
