 REACT:R-HSA-156590	Glutathione conjugation	9.39376465503e-10	2.21975e-06	GSTA2|GSTA3|GSTA4|GSTM3|GSTM5
 KEGG:hsa00480	Glutathione metabolism	5.27796439886e-09	6.23591e-06	GSTA2|GSTA3|GSTA4|GSTM3|GSTM5
 KEGG:hsa00982	Drug metabolism - cytochrome P450	1.85021948873e-08	1.16661e-05	GSTA2|GSTA3|GSTA4|GSTM3|GSTM5
 KEGG:hsa00980	Metabolism of xenobiotics by cytochrome P450	2.46850253571e-08	1.16661e-05	GSTA2|GSTA3|GSTA4|GSTM3|GSTM5
 KEGG:hsa01524	Platinum drug resistance	2.46850253571e-08	1.16661e-05	GSTA2|GSTA3|GSTA4|GSTM3|GSTM5
 KEGG:hsa05204	Chemical carcinogenesis	4.4551242695e-08	1.75458e-05	GSTA2|GSTA3|GSTA4|GSTM3|GSTM5
 REACT:R-HSA-2142688	Synthesis of 5-eicosatetraenoic acids	1.466929066e-07	4.95193e-05	PON1|PON2|PON3
 REACT:R-HSA-156580	Phase II conjugation	1.70464545146e-07	5.0351e-05	GSTA2|GSTA3|GSTA4|GSTM3|GSTM5
 KEGG:hsa05418	Fluid shear stress and atherosclerosis	7.00533024811e-07	0.000183929	GSTA2|GSTA3|GSTA4|GSTM3|GSTM5
 REACT:R-HSA-211859	Biological oxidations	6.47544468146e-06	0.00153015	GSTA2|GSTA3|GSTA4|GSTM3|GSTM5
 REACT:R-HSA-2142753	Arachidonic acid metabolism	5.74489196051e-05	0.0123411	PON1|PON2|PON3
