 KEGG:hsa04060	Cytokine-cytokine receptor interaction	0.0	0	CD27|CD40|CRLF2|CSF1|CSF2RA|CSF2RB|CX3CL1|EDA2R|FAS|IFNA1|IFNA10|IFNA13|IFNA14|IFNA16|IFNA17|IFNA2|IFNA21|IFNA4|IFNA5|IFNA6|IFNA7|IFNA8|IFNAR2|IFNB1|IFNE|IFNG|IFNLR1|IFNW1|IL10RA|IL10RB|IL12B|IL12RB1|IL13RA1|IL17B|IL19|IL1A|IL1B|IL1R2|IL1RAP|IL20|IL20RB|IL21R|IL22|IL22RA1|IL22RA2|IL24|IL2RB|IL2RG|IL4R|IL5RA|IL6R|IL6ST|LTBR|OSMR|PRLR|RELT|TNFRSF10D|TNFRSF11A|TNFRSF11B|TNFRSF14|TNFRSF18|TNFRSF1B|TNFRSF25|TNFRSF4|TNFRSF6B|VEGFA|VEGFC
 KEGG:hsa04151	PI3K-Akt signaling pathway	0.0	0	CD19|CHAD|COMP|CREB3L3|CREB5|CSF1|EFNA1|EFNA2|EFNA3|EFNA4|FGF1|FGF10|FGF11|FGF12|FGF13|FGF14|FGF16|FGF17|FGF18|FGF19|FGF2|FGF20|FGF21|FGF22|FGF23|FGF3|FGF4|FGF5|FGF6|FGF7|FGF8|FGF9|IFNA1|IFNA10|IFNA13|IFNA14|IFNA16|IFNA17|IFNA2|IFNA21|IFNA4|IFNA5|IFNA6|IFNA7|IFNA8|IFNAR2|IFNB1|IL2RB|IL2RG|IL4R|IL6R|ITGB5|ITGB7|LAMB4|LAMC3|OSMR|PHLPP1|PHLPP2|PIK3AP1|PRLR|THBS1|THBS2|THBS3|THBS4|TLR2|TLR4|TNXB|VEGFA|VEGFC
 KEGG:hsa04630	Jak-STAT signaling pathway	0.0	0	CRLF2|CSF2RA|CSF2RB|IFNA1|IFNA10|IFNA13|IFNA14|IFNA16|IFNA17|IFNA2|IFNA21|IFNA4|IFNA5|IFNA6|IFNA7|IFNA8|IFNAR2|IFNB1|IFNE|IFNG|IFNLR1|IFNW1|IL10RA|IL10RB|IL12B|IL12RB1|IL13RA1|IL13RA2|IL19|IL20|IL20RB|IL21R|IL22|IL22RA1|IL22RA2|IL24|IL27RA|IL2RB|IL2RG|IL4R|IL5RA|IL6R|IL6ST|OSMR|PRLR|STAT5A|STAT6
 REACT:R-HSA-1280215	Cytokine Signaling in Immune system	0.0	0	BCL6|BTC|CD27|CD4|CD40|CD44|CRLF1|CSF1|CSF2RA|CSF2RB|EBI3|EDA2R|ERBB3|FGA|FGB|FGF1|FGF10|FGF16|FGF17|FGF18|FGF19|FGF2|FGF20|FGF22|FGF23|FGF3|FGF4|FGF5|FGF6|FGF7|FGF8|FGF9|FGG|FOXO1|GAB2|GATA3|HBEGF|IFNA1|IFNA10|IFNA13|IFNA14|IFNA16|IFNA17|IFNA2|IFNA21|IFNA4|IFNA5|IFNA6|IFNA7|IFNA8|IFNAR2|IFNB1|IFNG|IFNLR1|IL10RA|IL10RB|IL12B|IL12RB1|IL13RA1|IL13RA2|IL19|IL1A|IL1B|IL1R2|IL1RAP|IL1RL1|IL1RN|IL20|IL20RB|IL22|IL22RA1|IL22RA2|IL24|IL27RA|IL2RB|IL2RG|IL34|IL36A|IL36B|IL4R|IL5RA|IL6R|IL6ST|ITGB2|JUNB|LAT|LGALS9|LTBR|NCAM1|NFKB2|NRG1|NRG2|NRG4|OSMR|PELI3|PRLR|SOX2|STAT5A|STAT6|TNFRSF11A|TNFRSF11B|TNFRSF14|TNFRSF18|TNFRSF1B|TNFRSF25|TNFRSF4|TNFRSF6B|TNIP2|TRIM14|TRIM17|VEGFA
 REACT:R-HSA-168249	Innate Immune System	0.0	0	A1BG|AGER|AGL|ARSA|ATP6V0A1|ATP6V1E2|B4GALT1|BTC|C1R|C8A|CD14|CD180|CD19|CD28|CD3G|CD4|CD44|CD46|CD47|CD59|CD68|CEACAM1|CEACAM8|CFP|CHI3L1|CLEC10A|CLEC12A|CLEC4A|CLEC4C|CLEC4D|CLEC4E|CLEC5A|CLEC6A|CLEC7A|COLEC11|CRP|CSF2RA|CSF2RB|CSNK2B|DEFB112|DEFB119|DEGS1|DSN1|ERBB3|FAF2|FCAR|FCER1A|FCGR2A|FCGR3B|FCN3|FGA|FGB|FGF1|FGF10|FGF16|FGF17|FGF18|FGF19|FGF2|FGF20|FGF22|FGF23|FGF3|FGF4|FGF5|FGF6|FGF7|FGF8|FGF9|FGG|FOXO1|GAA|GAB2|GLA|GUSB|GYG1|HBEGF|HEXB|ICAM2|ICOS|IFNA1|IFNA10|IFNA13|IFNA14|IFNA16|IFNA17|IFNA2|IFNA21|IFNA4|IFNA5|IFNA6|IFNA7|IFNA8|IFNB1|IL1B|IL2RB|IL2RG|IL5RA|ITGB2|ITLN1|KIR3DS1|KLRC2|KLRC4-KLRK1|KLRD1|LAMP1|LAMTOR1|LAT|LGALS3|LILRA3|LRG1|MASP2|MBL2|MEF2A|MEF2C|MEFV|MGAM|MUC15|MUC7|NCAM1|NEU1|NFAM1|NFASC|NFKB2|NLRC3|NLRP1|NRG1|NRG2|NRG4|OLR1|PELI3|PGLYRP1|PGLYRP2|PGLYRP3|PGLYRP4|PGM1|PHLPP1|PHLPP2|PIK3AP1|PLAUR|PRG2|PRG3|PTX3|REG3A|REG3G|RNF135|RNF216|SELL|SEMG1|SERPINB6|SIGLEC14|SIGLEC15|SIGLEC5|SIGLEC9|SLC2A3|SLC2A5|STAT6|STBD1|TLR1|TLR10|TLR2|TLR3|TLR4|TLR5|TLR6|TNFRSF1B|TNIP2|TNRC6A|VAPA|WIPF1
 REACT:R-HSA-168256	Immune System	0.0	0	A1BG|AGER|AGL|ANAPC10|AP1M2|ARSA|ATP6V0A1|ATP6V1E2|B4GALT1|BCL6|BTC|BTLA|BTNL8|C1R|C8A|CALR|CANX|CD14|CD160|CD180|CD19|CD1B|CD1C|CD1D|CD207|CD22|CD27|CD28|CD3D|CD3G|CD4|CD40|CD44|CD46|CD47|CD59|CD68|CEACAM1|CEACAM8|CFP|CHI3L1|CLEC10A|CLEC12A|CLEC2B|CLEC2D|CLEC4A|CLEC4C|CLEC4D|CLEC4E|CLEC5A|CLEC6A|CLEC7A|COLEC11|CRLF1|CRP|CSF1|CSF2RA|CSF2RB|CSNK2B|CXADR|DCTN4|DEFB112|DEFB119|DEGS1|DSN1|EBI3|EDA2R|ERBB3|FAF2|FBXL12|FBXL13|FBXL14|FBXL15|FBXL19|FBXL4|FBXL5|FBXL7|FBXO17|FBXO44|FBXO6|FCAR|FCER1A|FCGR2A|FCGR3B|FCN3|FGA|FGB|FGF1|FGF10|FGF16|FGF17|FGF18|FGF19|FGF2|FGF20|FGF22|FGF23|FGF3|FGF4|FGF5|FGF6|FGF7|FGF8|FGF9|FGG|FOXO1|GAA|GAB2|GATA3|GLA|GUSB|GYG1|HBEGF|HERC6|HEXB|ICAM2|ICAM4|ICOS|IFNA1|IFNA10|IFNA13|IFNA14|IFNA16|IFNA17|IFNA2|IFNA21|IFNA4|IFNA5|IFNA6|IFNA7|IFNA8|IFNAR2|IFNB1|IFNG|IFNLR1|IL10RA|IL10RB|IL12B|IL12RB1|IL13RA1|IL13RA2|IL19|IL1A|IL1B|IL1R2|IL1RAP|IL1RL1|IL1RN|IL20|IL20RB|IL22|IL22RA1|IL22RA2|IL24|IL27RA|IL2RB|IL2RG|IL34|IL36A|IL36B|IL4R|IL5RA|IL6R|IL6ST|ITGB2|ITGB5|ITGB7|ITLN1|JUNB|KIR2DL1|KIR2DL3|KIR2DL4|KIR2DS1|KIR3DS1|KLRB1|KLRC1|KLRC2|KLRC4-KLRK1|KLRD1|KLRF1|KLRG1|LAIR2|LAMP1|LAMTOR1|LAT|LGALS3|LGALS9|LILRA1|LILRA3|LILRA4|LILRA5|LILRB5|LRG1|LTBR|MASP2|MBL2|MEF2A|MEF2C|MEFV|MGAM|MGRN1|MRC1|MUC15|MUC7|NCAM1|NEU1|NFAM1|NFASC|NFKB2|NLRC3|NLRP1|NRG1|NRG2|NRG4|OLR1|OSMR|PDCD1LG2|PELI3|PGLYRP1|PGLYRP2|PGLYRP3|PGLYRP4|PGM1|PHLPP1|PHLPP2|PIK3AP1|PLAUR|PRG2|PRG3|PRLR|PTX3|REG3A|REG3G|RNF135|RNF216|SELL|SEMG1|SERPINB6|SIGLEC10|SIGLEC11|SIGLEC12|SIGLEC14|SIGLEC15|SIGLEC5|SIGLEC6|SIGLEC7|SIGLEC8|SIGLEC9|SKP2|SLAMF6|SLC2A3|SLC2A5|SOX2|SPSB4|STAT5A|STAT6|STBD1|STIM1|TLR1|TLR10|TLR2|TLR3|TLR4|TLR5|TLR6|TNFRSF11A|TNFRSF11B|TNFRSF14|TNFRSF18|TNFRSF1B|TNFRSF25|TNFRSF4|TNFRSF6B|TNIP2|TNRC6A|TRIM14|TRIM17|TRPC1|VAPA|VEGFA|WIPF1
 REACT:R-HSA-1839130	Signaling by activated point mutants of FGFR3	0.0	0	FGF1|FGF16|FGF17|FGF18|FGF2|FGF20|FGF23|FGF4|FGF5|FGF8|FGF9
 REACT:R-HSA-190241	FGFR2 ligand binding and activation	0.0	0	FGF1|FGF10|FGF16|FGF17|FGF18|FGF2|FGF20|FGF22|FGF23|FGF3|FGF4|FGF5|FGF6|FGF7|FGF8|FGF9
 REACT:R-HSA-190242	FGFR1 ligand binding and activation	0.0	0	FGF1|FGF10|FGF17|FGF2|FGF20|FGF22|FGF23|FGF3|FGF4|FGF5|FGF6|FGF8|FGF9
 REACT:R-HSA-190322	FGFR4 ligand binding and activation	0.0	0	FGF1|FGF16|FGF17|FGF18|FGF19|FGF2|FGF20|FGF23|FGF4|FGF6|FGF8|FGF9
 REACT:R-HSA-190375	FGFR2c ligand binding and activation	0.0	0	FGF1|FGF16|FGF17|FGF18|FGF2|FGF20|FGF23|FGF4|FGF5|FGF6|FGF8|FGF9
 REACT:R-HSA-199418	Negative regulation of the PI3K/AKT network	0.0	0	BTC|CD19|CD28|ERBB3|FGF1|FGF10|FGF16|FGF17|FGF18|FGF19|FGF2|FGF20|FGF22|FGF23|FGF3|FGF4|FGF5|FGF6|FGF7|FGF8|FGF9|HBEGF|ICOS|NRG1|NRG2|NRG4|PHLPP1|PHLPP2|PIK3AP1
 REACT:R-HSA-2033514	FGFR3 mutant receptor activation	0.0	0	FGF1|FGF16|FGF17|FGF18|FGF2|FGF20|FGF23|FGF4|FGF5|FGF8|FGF9
 REACT:R-HSA-2033519	Activated point mutants of FGFR2	0.0	0	FGF1|FGF10|FGF16|FGF17|FGF18|FGF2|FGF20|FGF22|FGF23|FGF3|FGF4|FGF5|FGF6|FGF7|FGF8|FGF9
 REACT:R-HSA-2219528	PI3K/AKT Signaling in Cancer	0.0	0	BTC|CD19|CD28|ERBB3|FGF1|FGF10|FGF16|FGF17|FGF18|FGF19|FGF2|FGF20|FGF22|FGF23|FGF3|FGF4|FGF5|FGF6|FGF7|FGF8|FGF9|FOXO1|HBEGF|ICOS|NRG1|NRG2|NRG4|PIK3AP1
 REACT:R-HSA-2219530	Constitutive Signaling by Aberrant PI3K in Cancer	0.0	0	BTC|CD19|CD28|ERBB3|FGF1|FGF10|FGF16|FGF17|FGF18|FGF19|FGF2|FGF20|FGF22|FGF23|FGF3|FGF4|FGF5|FGF6|FGF7|FGF8|FGF9|HBEGF|ICOS|NRG1|NRG2|NRG4|PIK3AP1
 REACT:R-HSA-5654219	Phospholipase C-mediated cascade: FGFR1	0.0	0	FGF1|FGF10|FGF17|FGF2|FGF20|FGF22|FGF23|FGF3|FGF4|FGF5|FGF6|FGF8|FGF9
 REACT:R-HSA-5654221	Phospholipase C-mediated cascade; FGFR2	0.0	0	FGF1|FGF10|FGF16|FGF17|FGF18|FGF2|FGF20|FGF22|FGF23|FGF3|FGF4|FGF5|FGF6|FGF7|FGF8|FGF9
 REACT:R-HSA-5654228	Phospholipase C-mediated cascade; FGFR4	0.0	0	FGF1|FGF16|FGF17|FGF18|FGF19|FGF2|FGF20|FGF23|FGF4|FGF6|FGF8|FGF9
 REACT:R-HSA-5654695	PI-3K cascade:FGFR2	0.0	0	FGF1|FGF10|FGF16|FGF17|FGF18|FGF2|FGF20|FGF22|FGF23|FGF3|FGF4|FGF5|FGF6|FGF7|FGF8|FGF9
 REACT:R-HSA-5654699	SHC-mediated cascade:FGFR2	0.0	0	FGF1|FGF10|FGF16|FGF17|FGF18|FGF2|FGF20|FGF22|FGF23|FGF3|FGF4|FGF5|FGF6|FGF7|FGF8|FGF9
 REACT:R-HSA-5654700	FRS-mediated FGFR2 signaling	0.0	0	FGF1|FGF10|FGF16|FGF17|FGF18|FGF2|FGF20|FGF22|FGF23|FGF3|FGF4|FGF5|FGF6|FGF7|FGF8|FGF9
 REACT:R-HSA-6811558	"PI5P PP2A and IER3 Regulate PI3K/AKT Signaling"	0.0	0	BTC|CD19|CD28|ERBB3|FGF1|FGF10|FGF16|FGF17|FGF18|FGF19|FGF2|FGF20|FGF22|FGF23|FGF3|FGF4|FGF5|FGF6|FGF7|FGF8|FGF9|HBEGF|ICOS|NRG1|NRG2|NRG4|PIK3AP1
 REACT:R-HSA-198933	Immunoregulatory interactions between a Lymphoid and a non-Lymphoid cell	1.70252700826e-12	1.67628e-10	CD160|CD19|CD1B|CD1C|CD1D|CD22|CD3D|CD3G|CD40|CLEC2B|CLEC2D|CXADR|ICAM2|ICAM4|ITGB2|ITGB7|KIR2DL1|KIR2DL3|KIR2DL4|KIR2DS1|KIR3DS1|KLRB1|KLRC1|KLRC4-KLRK1|KLRD1|KLRF1|KLRG1|LAIR2|LILRA1|LILRA3|LILRA4|LILRA5|LILRB5|SELL|SIGLEC10|SIGLEC11|SIGLEC12|SIGLEC5|SIGLEC6|SIGLEC7|SIGLEC8|SIGLEC9|SLAMF6
 REACT:R-HSA-1280218	Adaptive Immune System	5.59607915562e-12	5.05585e-10	ANAPC10|AP1M2|BTC|BTLA|BTNL8|CALR|CANX|CD14|CD160|CD19|CD1B|CD1C|CD1D|CD207|CD22|CD28|CD3D|CD3G|CD4|CD40|CLEC2B|CLEC2D|CXADR|DCTN4|ERBB3|FBXL12|FBXL13|FBXL14|FBXL15|FBXL19|FBXL4|FBXL5|FBXL7|FBXO17|FBXO44|FBXO6|FGF1|FGF10|FGF16|FGF17|FGF18|FGF19|FGF2|FGF20|FGF22|FGF23|FGF3|FGF4|FGF5|FGF6|FGF7|FGF8|FGF9|FOXO1|HBEGF|HERC6|ICAM2|ICAM4|ICOS|ITGB2|ITGB5|ITGB7|KIR2DL1|KIR2DL3|KIR2DL4|KIR2DS1|KIR3DS1|KLRB1|KLRC1|KLRC4-KLRK1|KLRD1|KLRF1|KLRG1|LAIR2|LAT|LILRA1|LILRA3|LILRA4|LILRA5|LILRB5|MGRN1|MRC1|NRG1|NRG2|NRG4|PDCD1LG2|PHLPP1|PHLPP2|PIK3AP1|SELL|SIGLEC10|SIGLEC11|SIGLEC12|SIGLEC5|SIGLEC6|SIGLEC7|SIGLEC8|SIGLEC9|SKP2|SLAMF6|SPSB4|STIM1|TLR1|TLR2|TLR4|TLR6|TNFRSF14|TNRC6A|TRPC1
 REACT:R-HSA-190239	FGFR3 ligand binding and activation	6.20481444003e-12	5.05585e-10	FGF1|FGF16|FGF17|FGF18|FGF2|FGF20|FGF23|FGF4|FGF5|FGF8|FGF9
 REACT:R-HSA-190372	FGFR3c ligand binding and activation	6.20481444003e-12	5.05585e-10	FGF1|FGF16|FGF17|FGF18|FGF2|FGF20|FGF23|FGF4|FGF5|FGF8|FGF9
 REACT:R-HSA-432047	Passive transport by Aquaporins	6.20481444003e-12	5.05585e-10	AQP1|AQP10|AQP12A|AQP2|AQP3|AQP4|AQP5|AQP6|AQP7|AQP9|MIP
 REACT:R-HSA-5654227	Phospholipase C-mediated cascade; FGFR3	6.20481444003e-12	5.05585e-10	FGF1|FGF16|FGF17|FGF18|FGF2|FGF20|FGF23|FGF4|FGF5|FGF8|FGF9
 REACT:R-HSA-912694	Regulation of IFNA signaling	9.26347887287e-12	7.29653e-10	IFNA1|IFNA10|IFNA13|IFNA14|IFNA16|IFNA17|IFNA2|IFNA21|IFNA4|IFNA5|IFNA6|IFNA7|IFNA8|IFNAR2|IFNB1
 REACT:R-HSA-1839122	Signaling by activated point mutants of FGFR1	1.60641500102e-11	1.2245e-09	FGF1|FGF17|FGF2|FGF20|FGF23|FGF4|FGF5|FGF6|FGF8|FGF9
 REACT:R-HSA-5654696	Downstream signaling of activated FGFR2	1.89541715656e-11	1.39965e-09	FGF1|FGF10|FGF16|FGF17|FGF18|FGF2|FGF20|FGF22|FGF23|FGF3|FGF4|FGF5|FGF6|FGF7|FGF8|FGF9
 REACT:R-HSA-449147	Signaling by Interleukins	2.23582263814e-11	1.60098e-09	BCL6|BTC|CD4|CRLF1|CSF1|CSF2RA|CSF2RB|EBI3|ERBB3|FGA|FGB|FGF1|FGF10|FGF16|FGF17|FGF18|FGF19|FGF2|FGF20|FGF22|FGF23|FGF3|FGF4|FGF5|FGF6|FGF7|FGF8|FGF9|FGG|FOXO1|GAB2|GATA3|HBEGF|IFNLR1|IL10RA|IL10RB|IL12B|IL12RB1|IL13RA1|IL13RA2|IL19|IL1A|IL1B|IL1R2|IL1RAP|IL1RL1|IL1RN|IL20|IL20RB|IL22|IL22RA1|IL22RA2|IL24|IL27RA|IL2RB|IL2RG|IL34|IL36A|IL36B|IL4R|IL5RA|IL6R|IL6ST|ITGB2|JUNB|LAT|LGALS9|NCAM1|NFKB2|NRG1|NRG2|NRG4|OSMR|PELI3|SOX2|STAT5A|STAT6|TNFRSF1B|TNIP2|VEGFA
 REACT:R-HSA-428790	Facilitative Na+-independent glucose transporters	2.52843301851e-11	1.75726e-09	FGF21|SLC2A1|SLC2A10|SLC2A11|SLC2A14|SLC2A2|SLC2A3|SLC2A5|SLC2A6|SLC2A8|SLC2A9
 KEGG:hsa05162	Measles	8.3785423044e-11	5.65671e-09	BBC3|CD28|CD3D|CD3G|CD46|CLEC4M|CSNK2B|FAS|IFNA1|IFNA10|IFNA13|IFNA14|IFNA16|IFNA17|IFNA2|IFNA21|IFNA4|IFNA5|IFNA6|IFNA7|IFNA8|IFNAR2|IFNB1|IFNG|IL12B|IL1A|IL1B|IL2RB|IL2RG|STAT5A|TLR2|TLR4|TNFRSF10D
 REACT:R-HSA-1839126	FGFR2 mutant receptor activation	9.20066245413e-11	6.03921e-09	FGF1|FGF10|FGF16|FGF17|FGF18|FGF2|FGF20|FGF22|FGF23|FGF3|FGF4|FGF5|FGF6|FGF7|FGF8|FGF9
 REACT:R-HSA-5654688	SHC-mediated cascade:FGFR1	1.07439834807e-10	6.5384e-09	FGF1|FGF10|FGF17|FGF2|FGF20|FGF22|FGF23|FGF3|FGF4|FGF5|FGF6|FGF8|FGF9
 REACT:R-HSA-5654689	PI-3K cascade:FGFR1	1.07439834807e-10	6.5384e-09	FGF1|FGF10|FGF17|FGF2|FGF20|FGF22|FGF23|FGF3|FGF4|FGF5|FGF6|FGF8|FGF9
 KEGG:hsa05218	Melanoma	1.07912678793e-10	6.5384e-09	FGF1|FGF10|FGF11|FGF12|FGF13|FGF14|FGF16|FGF17|FGF18|FGF19|FGF2|FGF20|FGF21|FGF22|FGF23|FGF3|FGF4|FGF5|FGF6|FGF7|FGF8|FGF9|MITF
 REACT:R-HSA-190373	FGFR1c ligand binding and activation	1.4858425601e-10	8.77761e-09	FGF1|FGF17|FGF2|FGF20|FGF23|FGF4|FGF5|FGF6|FGF8|FGF9
 REACT:R-HSA-5654727	Negative regulation of FGFR2 signaling	1.97210026087e-10	1.1366e-08	FGF1|FGF10|FGF16|FGF17|FGF18|FGF2|FGF20|FGF22|FGF23|FGF3|FGF4|FGF5|FGF6|FGF7|FGF8|FGF9
 REACT:R-HSA-1257604	PIP3 activates AKT signaling	3.45655171152e-10	1.94472e-08	BTC|CD19|CD28|ERBB3|FGF1|FGF10|FGF16|FGF17|FGF18|FGF19|FGF2|FGF20|FGF22|FGF23|FGF3|FGF4|FGF5|FGF6|FGF7|FGF8|FGF9|FOXO1|HBEGF|ICOS|NRG1|NRG2|NRG4|PHLPP1|PHLPP2|PIK3AP1|TNRC6A
 REACT:R-HSA-5654693	FRS-mediated FGFR1 signaling	5.24892795895e-10	2.88447e-08	FGF1|FGF10|FGF17|FGF2|FGF20|FGF22|FGF23|FGF3|FGF4|FGF5|FGF6|FGF8|FGF9
 REACT:R-HSA-5658623	FGFRL1 modulation of FGFR1 signaling	6.46427689155e-10	3.47161e-08	FGF10|FGF17|FGF18|FGF2|FGF22|FGF23|FGF3|FGF4|FGF5|FGF8
 REACT:R-HSA-180292	GAB1 signalosome	6.85760337404e-10	3.52272e-08	BTC|CD19|CD28|ERBB3|FGF1|FGF10|FGF16|FGF17|FGF18|FGF19|FGF2|FGF20|FGF22|FGF23|FGF3|FGF4|FGF5|FGF6|FGF7|FGF8|FGF9|FOXO1|HBEGF|ICOS|NRG1|NRG2|NRG4|PHLPP1|PHLPP2|PIK3AP1|TNRC6A
 REACT:R-HSA-198203	PI3K/AKT activation	6.85760337404e-10	3.52272e-08	BTC|CD19|CD28|ERBB3|FGF1|FGF10|FGF16|FGF17|FGF18|FGF19|FGF2|FGF20|FGF22|FGF23|FGF3|FGF4|FGF5|FGF6|FGF7|FGF8|FGF9|FOXO1|HBEGF|ICOS|NRG1|NRG2|NRG4|PHLPP1|PHLPP2|PIK3AP1|TNRC6A
 REACT:R-HSA-2730905	Role of LAT2/NTAL/LAB on calcium mobilization	9.75472369547e-10	4.77808e-08	BTC|CD19|CD28|ERBB3|FGF1|FGF10|FGF16|FGF17|FGF18|FGF19|FGF2|FGF20|FGF22|FGF23|FGF3|FGF4|FGF5|FGF6|FGF7|FGF8|FGF9|FOXO1|GAB2|HBEGF|ICOS|NRG1|NRG2|NRG4|PHLPP1|PHLPP2|PIK3AP1|TNRC6A
 REACT:R-HSA-5654719	SHC-mediated cascade:FGFR4	9.90800441691e-10	4.77808e-08	FGF1|FGF16|FGF17|FGF18|FGF19|FGF2|FGF20|FGF23|FGF4|FGF6|FGF8|FGF9
 REACT:R-HSA-5654720	PI-3K cascade:FGFR4	9.90800441691e-10	4.77808e-08	FGF1|FGF16|FGF17|FGF18|FGF19|FGF2|FGF20|FGF23|FGF4|FGF6|FGF8|FGF9
 KEGG:hsa05152	Tuberculosis	1.61503799223e-09	7.63267e-08	ATP6V0A1|CD14|CLEC4E|CLEC4M|CLEC7A|FCGR2A|FCGR3B|IFNA1|IFNA10|IFNA13|IFNA14|IFNA16|IFNA17|IFNA2|IFNA21|IFNA4|IFNA5|IFNA6|IFNA7|IFNA8|IFNB1|IFNG|IL10RA|IL10RB|IL12B|IL1A|IL1B|ITGB2|LAMP1|LSP1|MRC1|PLA2R1|RFXAP|TLR1|TLR2|TLR4|TLR6
 KEGG:hsa05224	Breast cancer	3.69024855118e-09	1.69421e-07	DLL4|FGF1|FGF10|FGF11|FGF12|FGF13|FGF14|FGF16|FGF17|FGF18|FGF19|FGF2|FGF20|FGF21|FGF22|FGF23|FGF3|FGF4|FGF5|FGF6|FGF7|FGF8|FGF9|HEY1|JAG2|LEF1|NFKB2|SP1|TCF7|TCF7L1|TCF7L2|WNT2
 REACT:R-HSA-933541	TRAF6 mediated IRF7 activation	3.76959330417e-09	1.69421e-07	IFNA1|IFNA10|IFNA13|IFNA14|IFNA16|IFNA17|IFNA2|IFNA21|IFNA4|IFNA5|IFNA6|IFNA7|IFNA8|IFNB1|RNF135
 REACT:R-HSA-5654704	SHC-mediated cascade:FGFR3	3.87165211002e-09	1.69421e-07	FGF1|FGF16|FGF17|FGF18|FGF2|FGF20|FGF23|FGF4|FGF5|FGF8|FGF9
 REACT:R-HSA-5654710	PI-3K cascade:FGFR3	3.87165211002e-09	1.69421e-07	FGF1|FGF16|FGF17|FGF18|FGF2|FGF20|FGF23|FGF4|FGF5|FGF8|FGF9
 REACT:R-HSA-5654712	FRS-mediated FGFR4 signaling	4.44863912374e-09	1.9113e-07	FGF1|FGF16|FGF17|FGF18|FGF19|FGF2|FGF20|FGF23|FGF4|FGF6|FGF8|FGF9
 REACT:R-HSA-8854691	"Interleukin-19 20 22 24"	4.82557838133e-09	2.03622e-07	IL10RB|IL19|IL20|IL20RB|IL22|IL22RA1|IL22RA2|IL24
 REACT:R-HSA-5654687	Downstream signaling of activated FGFR1	5.47284462193e-09	2.26883e-07	FGF1|FGF10|FGF17|FGF2|FGF20|FGF22|FGF23|FGF3|FGF4|FGF5|FGF6|FGF8|FGF9|FLRT3
 KEGG:hsa05320	Autoimmune thyroid disease	6.29166274635e-09	2.56331e-07	CD28|CD40|CGA|FAS|IFNA1|IFNA10|IFNA13|IFNA14|IFNA16|IFNA17|IFNA2|IFNA21|IFNA4|IFNA5|IFNA6|IFNA7|IFNA8|TSHR
 KEGG:hsa04650	Natural killer cell mediated cytotoxicity	6.52470522056e-09	2.6132e-07	FAS|FCGR3B|ICAM2|IFNA1|IFNA10|IFNA13|IFNA14|IFNA16|IFNA17|IFNA2|IFNA21|IFNA4|IFNA5|IFNA6|IFNA7|IFNA8|IFNAR2|IFNB1|IFNG|ITGB2|KIR2DL1|KIR2DL3|KIR2DL4|KIR2DS1|KLRC1|KLRC2|KLRC4-KLRK1|KLRD1|LAT|TNFRSF10D
 KEGG:hsa04514	Cell adhesion molecules (CAMs)	1.21152861077e-08	4.7714e-07	ALCAM|CADM1|CD2|CD22|CD276|CD28|CD4|CD40|CDH15|CDH2|CDH4|CLDN7|ESAM|ICAM2|ICOS|ITGB2|ITGB7|JAM2|LRRC4|MAG|NCAM1|NFASC|NLGN4Y|NRXN1|NRXN3|NTNG1|PDCD1LG2|SELE|SELL|SELP|VCAN
 REACT:R-HSA-5655253	Signaling by FGFR2 in disease	1.32987856283e-08	5.15164e-07	FGF1|FGF10|FGF16|FGF17|FGF18|FGF2|FGF20|FGF22|FGF23|FGF3|FGF4|FGF5|FGF6|FGF7|FGF8|FGF9
 REACT:R-HSA-5654706	FRS-mediated FGFR3 signaling	1.79536731038e-08	6.84267e-07	FGF1|FGF16|FGF17|FGF18|FGF2|FGF20|FGF23|FGF4|FGF5|FGF8|FGF9
 REACT:R-HSA-1266738	Developmental Biology	2.03169661095e-08	7.62047e-07	ABLIM1|ALCAM|APH1A|APH1B|ARHGAP39|ARHGEF7|BTC|CD72|CDH15|CDH2|CDH4|CDSN|CFC1|CNTN6|CSF2RA|CSF2RB|CSNK2B|DPPA4|DSC2|EFNA1|EFNA2|EFNA3|EFNA4|EGR2|EPHA3|ERBB3|FAM120B|FGA|FGB|FGF1|FGF10|FGF16|FGF17|FGF18|FGF19|FGF2|FGF20|FGF22|FGF23|FGF3|FGF4|FGF5|FGF6|FGF7|FGF8|FGF9|FGG|FOXO1|FOXP1|GAB2|GAP43|HBEGF|HNF1A|HNF1B|HOXA2|HOXA4|HOXB1|IL2RB|IL2RG|IL5RA|INSM1|KRT14|KRT82|KRTAP10-1|KRTAP10-12|KRTAP10-2|KRTAP10-3|KRTAP1-1|KRTAP1-3|KRTAP13-1|KRTAP13-2|KRTAP13-4|KRTAP1-5|KRTAP19-5|KRTAP2-1|KRTAP2-4|KRTAP24-1|KRTAP3-3|KRTAP4-1|KRTAP4-3|KRTAP4-6|KRTAP4-7|LAT|LCE2B|LIN28A|MED26|MEF2A|MEF2C|NCAM1|NFASC|NRG1|NRG2|NRG4|NTN3|NTN4|NUMB|PDX1|PLXNA1|PLXNA2|PLXNC1|PLXND1|PSEN2|ROBO1|ROBO2|SALL1|SCN3B|SCN4B|SEMA3E|SLC2A2|SLIT1|SLIT2|SLIT3|SOX2|SPINK9|SPRR3|TCF4|TDGF1|TRPC1|TRPC4|UNC5B|UNC5C|VEGFA|ZSCAN10
 KEGG:hsa04640	Hematopoietic cell lineage	3.01513172207e-08	1.11324e-06	CD14|CD19|CD1B|CD1C|CD1D|CD1E|CD2|CD22|CD3D|CD3G|CD4|CD44|CD59|CSF1|CSF2RA|GP1BA|GP5|IL1A|IL1B|IL1R2|IL4R|IL5RA|IL6R|TFRC
 KEGG:hsa04620	Toll-like receptor signaling pathway	3.63509912171e-08	1.3215e-06	CD14|CD40|IFNA1|IFNA10|IFNA13|IFNA14|IFNA16|IFNA17|IFNA2|IFNA21|IFNA4|IFNA5|IFNA6|IFNA7|IFNA8|IFNAR2|IFNB1|IL12B|IL1B|TLR1|TLR2|TLR3|TLR4|TLR5|TLR6
 REACT:R-HSA-5655332	Signaling by FGFR3 in disease	6.61446948325e-08	2.33283e-06	FGF1|FGF16|FGF17|FGF18|FGF2|FGF20|FGF23|FGF4|FGF5|FGF8|FGF9
 REACT:R-HSA-8853338	Signaling by FGFR3 point mutants in cancer	6.61446948325e-08	2.33283e-06	FGF1|FGF16|FGF17|FGF18|FGF2|FGF20|FGF23|FGF4|FGF5|FGF8|FGF9
 REACT:R-HSA-5654716	Downstream signaling of activated FGFR4	8.65201994493e-08	3.00658e-06	FGF1|FGF16|FGF17|FGF18|FGF19|FGF2|FGF20|FGF23|FGF4|FGF6|FGF8|FGF9
 REACT:R-HSA-109582	Hemostasis	1.02913224276e-07	3.52441e-06	A1BG|AKAP1|APOH|BCAR1|BSG|CABLES2|CD2|CD44|CD47|CD84|CEACAM1|CEACAM8|CHID1|CLEC1B|CLEC3B|CSF2RA|CSF2RB|CXADR|ESAM|F3|FGA|FGB|FGG|GAB2|GAS6|GATA2|GATA3|GATA6|GNAS|GP1BA|GP5|GYPB|IFNA1|IFNA10|IFNA13|IFNA14|IFNA16|IFNA17|IFNA2|IFNA21|IFNA4|IFNA5|IFNA6|IFNA7|IFNA8|IFNB1|IL2RB|IL2RG|IL5RA|ITGB2|JAM2|LAT|MAG|NFE2|OLR1|PCDH7|PDPN|PLAUR|PSG11|PSG2|PSG4|PSG5|PSG6|PSG8|SCG3|SELE|SELL|SELP|SERPINB2|SERPINB6|SERPINB8|SERPINC1|SERPINF2|SERPING1|STIM1|TBXA2R|THBS1|TNFRSF10D|VEGFA|VEGFC|ZFPM1
 KEGG:hsa05144	Malaria	1.12670720309e-07	3.80344e-06	CD40|COMP|GYPB|IFNG|IL1B|ITGB2|KLRB1|KLRC4-KLRK1|SELE|SELP|THBS1|THBS2|THBS3|THBS4|TLR2|TLR4
 REACT:R-HSA-5654726	Negative regulation of FGFR1 signaling	1.41280102839e-07	4.70204e-06	FGF1|FGF10|FGF17|FGF2|FGF20|FGF22|FGF23|FGF3|FGF4|FGF5|FGF6|FGF8|FGF9
 REACT:R-HSA-1226099	Signaling by FGFR in disease	1.82972592855e-07	6.00506e-06	FGF1|FGF10|FGF16|FGF17|FGF18|FGF2|FGF20|FGF22|FGF23|FGF3|FGF4|FGF5|FGF6|FGF7|FGF8|FGF9|GAB2|STAT5A
 KEGG:hsa04145	Phagosome	2.23069788086e-07	7.22074e-06	ATP6V0A1|ATP6V1E2|C1R|CALR|CANX|CD14|CLEC4M|CLEC7A|COLEC11|COLEC12|COMP|FCAR|FCGR2A|FCGR3B|ITGB2|ITGB5|LAMP1|MBL2|MRC1|OLR1|PLA2R1|SFTPD|TFRC|THBS1|THBS2|THBS3|THBS4|TLR2|TLR4|TLR6
 REACT:R-HSA-109704	PI3K Cascade	3.41624064371e-07	1.08276e-05	FGF1|FGF10|FGF16|FGF17|FGF18|FGF19|FGF2|FGF20|FGF22|FGF23|FGF3|FGF4|FGF5|FGF6|FGF7|FGF8|FGF9|LAMTOR1|PRKAB1|PRKAB2
 REACT:R-HSA-5654708	Downstream signaling of activated FGFR3	3.43660952029e-07	1.08276e-05	FGF1|FGF16|FGF17|FGF18|FGF2|FGF20|FGF23|FGF4|FGF5|FGF8|FGF9
 REACT:R-HSA-1839124	FGFR1 mutant receptor activation	5.4012394235e-07	1.65755e-05	FGF1|FGF17|FGF2|FGF20|FGF23|FGF4|FGF5|FGF6|FGF8|FGF9|GAB2|STAT5A
 REACT:R-HSA-5654733	Negative regulation of FGFR4 signaling	5.4012394235e-07	1.65755e-05	FGF1|FGF16|FGF17|FGF18|FGF19|FGF2|FGF20|FGF23|FGF4|FGF6|FGF8|FGF9
 REACT:R-HSA-422475	Axon guidance	6.88444928176e-07	2.08564e-05	ABLIM1|ALCAM|APH1A|APH1B|ARHGAP39|ARHGEF7|BTC|CD72|CNTN6|CSF2RA|CSF2RB|CSNK2B|EFNA1|EFNA2|EFNA3|EFNA4|EPHA3|ERBB3|FGA|FGB|FGF1|FGF10|FGF16|FGF17|FGF18|FGF19|FGF2|FGF20|FGF22|FGF23|FGF3|FGF4|FGF5|FGF6|FGF7|FGF8|FGF9|FGG|GAB2|GAP43|HBEGF|IL2RB|IL2RG|IL5RA|LAT|NCAM1|NFASC|NRG1|NRG2|NRG4|NTN4|NUMB|PLXNA1|PLXNA2|PLXNC1|PLXND1|PSEN2|ROBO1|ROBO2|SCN3B|SCN4B|SEMA3E|SLIT1|SLIT2|SLIT3|TRPC1|TRPC4|UNC5B|UNC5C|VEGFA
 REACT:R-HSA-190371	FGFR3b ligand binding and activation	7.77228224114e-07	2.3248e-05	FGF1|FGF17|FGF18|FGF20|FGF8|FGF9
 REACT:R-HSA-5654736	Signaling by FGFR1	9.68004103874e-07	2.85924e-05	FGF1|FGF10|FGF17|FGF18|FGF2|FGF20|FGF22|FGF23|FGF3|FGF4|FGF5|FGF6|FGF8|FGF9|FLRT3
 KEGG:hsa04622	RIG-I-like receptor signaling pathway	1.02655178524e-06	2.99474e-05	IFNA1|IFNA10|IFNA13|IFNA14|IFNA16|IFNA17|IFNA2|IFNA21|IFNA4|IFNA5|IFNA6|IFNA7|IFNA8|IFNB1|IFNE|IFNW1|IL12B|TBKBP1
 KEGG:hsa04015	Rap1 signaling pathway	1.3538939001e-06	3.90153e-05	BCAR1|CSF1|EFNA1|EFNA2|EFNA3|EFNA4|FGF1|FGF10|FGF11|FGF12|FGF13|FGF14|FGF16|FGF17|FGF18|FGF19|FGF2|FGF20|FGF21|FGF22|FGF23|FGF3|FGF4|FGF5|FGF6|FGF7|FGF8|FGF9|GNAS|ITGB2|LAT|RASSF5|THBS1|VEGFA|VEGFC
 REACT:R-HSA-3781865	Diseases of glycosylation	1.47353667668e-06	4.19514e-05	ADAMTS17|ADAMTSL1|ADAMTSL2|ADAMTSL4|BCAN|BGN|CFP|DCN|FMOD|KERA|LUM|MUC15|MUC7|OMD|PRELP|THBS1|THBS2|THSD1|THSD7B|VCAN
 REACT:R-HSA-5654732	Negative regulation of FGFR3 signaling	2.054743383e-06	5.78019e-05	FGF1|FGF16|FGF17|FGF18|FGF2|FGF20|FGF23|FGF4|FGF5|FGF8|FGF9
 REACT:R-HSA-5686938	Regulation of TLR by endogenous ligand	4.439052956e-06	0.000123406	CD14|FGA|FGB|FGG|TLR1|TLR2|TLR4|TLR6
 REACT:R-HSA-2022857	Keratan sulfate degradation	4.76707668839e-06	0.000130806	FMOD|HEXA|HEXB|KERA|LUM|OMD|PRELP
 KEGG:hsa05168	Herpes simplex infection	4.81594576607e-06	0.000130806	CFP|CSNK2B|FAS|IFNA1|IFNA10|IFNA13|IFNA14|IFNA16|IFNA17|IFNA2|IFNA21|IFNA4|IFNA5|IFNA6|IFNA7|IFNA8|IFNAR2|IFNB1|IFNG|IL12B|IL1B|MCRS1|NXF5|PILRA|POU2F3|SKP2|TAF4B|TAF6|TLR2|TLR3|TNFRSF14
 REACT:R-HSA-5655302	Signaling by FGFR1 in disease	6.55004847527e-06	0.000175884	FGF1|FGF17|FGF2|FGF20|FGF23|FGF4|FGF5|FGF6|FGF8|FGF9|GAB2|STAT5A
 REACT:R-HSA-1638074	Keratan sulfate/keratin metabolism	8.85870593981e-06	0.000235204	B4GALT1|B4GALT2|B4GALT3|B4GALT4|FMOD|HEXA|HEXB|KERA|LUM|OMD|PRELP
 REACT:R-HSA-190370	FGFR1b ligand binding and activation	9.55470904296e-06	0.000250864	FGF1|FGF10|FGF2|FGF22|FGF3
 REACT:R-HSA-1643685	Disease	1.3906462397e-05	0.00036111	ADAMTS17|ADAMTSL1|ADAMTSL2|ADAMTSL4|AP1M2|APH1A|APH1B|BCAN|BGN|BTC|CALR|CANX|CAST|CD14|CD19|CD28|CD320|CD4|CFP|CSF2RA|CSF2RB|DCN|DKK1|DKK2|DLL4|EPM2A|ERBB3|ERLEC1|FGA|FGB|FGF1|FGF10|FGF16|FGF17|FGF18|FGF19|FGF2|FGF20|FGF22|FGF23|FGF3|FGF4|FGF5|FGF6|FGF7|FGF8|FGF9|FGG|FMOD|FOXO1|GAB2|GYG1|GYG2|HBEGF|HEY1|ICOS|JAG2|KERA|LUM|MAMLD1|MUC15|MUC7|NELFA|NFKB2|NRG1|NRG2|NRG4|OMD|OS9|PIK3AP1|PORCN|PRELP|PSEN2|RANGAP1|RPL10L|RPS23|SFTPD|STAT5A|TAF4B|TAF6|TCF7L2|THBS1|THBS2|THSD1|THSD7B|TLR1|TLR10|TLR2|TLR3|TLR4|TLR5|TLR6|VCAN
 REACT:R-HSA-5654743	Signaling by FGFR4	1.57048914081e-05	0.000403377	FGF1|FGF16|FGF17|FGF18|FGF19|FGF2|FGF20|FGF23|FGF4|FGF6|FGF8|FGF9
 REACT:R-HSA-202733	Cell surface interactions at the vascular wall	1.65038158494e-05	0.000415487	BSG|CD2|CD44|CD47|CD84|CEACAM1|CEACAM8|CXADR|ESAM|GAS6|GYPB|ITGB2|JAM2|MAG|OLR1|PSG11|PSG2|PSG4|PSG5|PSG6|PSG8|SELE|SELL|SELP|TNFRSF10D
 REACT:R-HSA-168928	RIG-I/MDA5 mediated induction of IFN-alpha/beta pathways	1.65280545444e-05	0.000415487	AGER|IFNA1|IFNA10|IFNA13|IFNA14|IFNA16|IFNA17|IFNA2|IFNA21|IFNA4|IFNA5|IFNA6|IFNA7|IFNA8|IFNB1|NFKB2|RNF135|RNF216
 REACT:R-HSA-1168372	Downstream signaling events of B Cell Receptor (BCR)	1.78102012555e-05	0.000443005	BTC|CD19|CD28|ERBB3|FGF1|FGF10|FGF16|FGF17|FGF18|FGF19|FGF2|FGF20|FGF22|FGF23|FGF3|FGF4|FGF5|FGF6|FGF7|FGF8|FGF9|FOXO1|HBEGF|ICOS|NRG1|NRG2|NRG4|PHLPP1|PHLPP2|PIK3AP1|TNRC6A
 REACT:R-HSA-190377	FGFR2b ligand binding and activation	1.93888013587e-05	0.000477247	FGF1|FGF10|FGF2|FGF22|FGF3|FGF7
 REACT:R-HSA-5260271	Diseases of Immune System	1.99091045339e-05	0.000480053	CD14|NFKB2|TLR1|TLR10|TLR2|TLR3|TLR4|TLR5|TLR6
 REACT:R-HSA-5602358	Diseases associated with the TLR signaling cascade	1.99091045339e-05	0.000480053	CD14|NFKB2|TLR1|TLR10|TLR2|TLR3|TLR4|TLR5|TLR6
 KEGG:hsa04014	Ras signaling pathway	2.07741920325e-05	0.000495853	CSF1|EFNA1|EFNA2|EFNA3|EFNA4|FGF1|FGF10|FGF11|FGF12|FGF13|FGF14|FGF16|FGF17|FGF18|FGF19|FGF2|FGF20|FGF21|FGF22|FGF23|FGF3|FGF4|FGF5|FGF6|FGF7|FGF8|FGF9|GAB2|LAT|PLA2G4D|RASSF5|SHOC2|VEGFA|VEGFC
 KEGG:hsa04623	Cytosolic DNA-sensing pathway	2.22015853034e-05	0.000524623	IFNA1|IFNA10|IFNA13|IFNA14|IFNA16|IFNA17|IFNA2|IFNA21|IFNA4|IFNA5|IFNA6|IFNA7|IFNA8|IFNB1|IL1B
 KEGG:hsa00500	Starch and sucrose metabolism	2.26288086637e-05	0.000529425	AGL|AMY1A|AMY2A|AMY2B|GAA|GYG1|GYG2|MGAM|PGM1|PGM2L1|SI
 REACT:R-HSA-2172127	DAP12 interactions	2.64909464079e-05	0.000613707	BTC|CD19|CD28|CLEC5A|CSF2RA|CSF2RB|ERBB3|FGA|FGB|FGF1|FGF10|FGF16|FGF17|FGF18|FGF19|FGF2|FGF20|FGF22|FGF23|FGF3|FGF4|FGF5|FGF6|FGF7|FGF8|FGF9|FGG|FOXO1|HBEGF|ICOS|IL2RB|IL2RG|IL5RA|KIR3DS1|KLRC2|KLRC4-KLRK1|KLRD1|LAT|NCAM1|NRG1|NRG2|NRG4|PHLPP1|PHLPP2|PIK3AP1|SIGLEC14|SIGLEC15|TNRC6A
 REACT:R-HSA-1251985	Nuclear signaling by ERBB4	2.91804300122e-05	0.00066945	APH1A|APH1B|BTC|HBEGF|NRG1|NRG2|NRG4|PSEN2|STAT5A
 REACT:R-HSA-3656225	Defective CHST6 causes MCDC1	3.14983844638e-05	0.000702176	FMOD|KERA|LUM|OMD|PRELP
 REACT:R-HSA-3656243	Defective ST3GAL3 causes MCT12 and EIEE15	3.14983844638e-05	0.000702176	FMOD|KERA|LUM|OMD|PRELP
 REACT:R-HSA-3656244	Defective B4GALT1 causes B4GALT1-CDG (CDG-2d)	3.14983844638e-05	0.000702176	FMOD|KERA|LUM|OMD|PRELP
 REACT:R-HSA-425366	"Transport of glucose and other sugars bile salts and organic acids metal ions and amine compounds"	3.56086512989e-05	0.000786385	BSG|FGF21|RUNX1|SLC13A3|SLC14A1|SLC14A2|SLC22A6|SLC22A8|SLC2A1|SLC2A10|SLC2A11|SLC2A14|SLC2A2|SLC2A3|SLC2A5|SLC2A6|SLC2A8|SLC2A9|SLC30A8|SLC39A8
 REACT:R-HSA-186797	Signaling by PDGF	3.74807178731e-05	0.000818696	BCAR1|BTC|CD19|CD28|CSF2RA|CSF2RB|ERBB3|FGA|FGB|FGF1|FGF10|FGF16|FGF17|FGF18|FGF19|FGF2|FGF20|FGF22|FGF23|FGF3|FGF4|FGF5|FGF6|FGF7|FGF8|FGF9|FGG|FOXO1|HBEGF|ICOS|IL2RB|IL2RG|IL5RA|LAT|NCAM1|NRG1|NRG2|NRG4|PHLPP1|PHLPP2|PIK3AP1|STAT5A|STAT6|THBS1|THBS2|THBS3|THBS4|TNRC6A
 REACT:R-HSA-190236	Signaling by FGFR	3.77646293955e-05	0.000818696	FGF1|FGF10|FGF16|FGF17|FGF18|FGF19|FGF2|FGF20|FGF22|FGF23|FGF3|FGF4|FGF5|FGF6|FGF7|FGF8|FGF9|FLRT3
 REACT:R-HSA-983705	Signaling by the B Cell Receptor (BCR)	3.9418289948e-05	0.000846777	BTC|CD19|CD22|CD28|ERBB3|FGF1|FGF10|FGF16|FGF17|FGF18|FGF19|FGF2|FGF20|FGF22|FGF23|FGF3|FGF4|FGF5|FGF6|FGF7|FGF8|FGF9|FOXO1|HBEGF|ICOS|NRG1|NRG2|NRG4|PHLPP1|PHLPP2|PIK3AP1|STIM1|TNRC6A|TRPC1
 REACT:R-HSA-3560782	Diseases associated with glycosaminoglycan metabolism	4.18655368259e-05	0.000891246	BCAN|BGN|DCN|FMOD|KERA|LUM|OMD|PRELP|VCAN
 KEGG:hsa04659	Th17 cell differentiation	4.72259996234e-05	0.000996384	CD3D|CD3G|CD4|GATA3|IFNG|IL12RB1|IL1B|IL1RAP|IL21R|IL22|IL27RA|IL2RB|IL2RG|IL4R|IL6R|IL6ST|LAT|RUNX1|STAT5A|STAT6
 REACT:R-HSA-6798695	Neutrophil degranulation	4.92544477194e-05	0.00102998	A1BG|AGL|ARSA|ATP6V0A1|B4GALT1|CD14|CD44|CD47|CD59|CD68|CEACAM1|CEACAM8|CFP|CHI3L1|CLEC12A|CLEC4C|CLEC4D|CLEC5A|CSNK2B|DEGS1|DSN1|FAF2|FCAR|FCGR2A|FCGR3B|GAA|GLA|GUSB|GYG1|HEXB|ITGB2|LAMP1|LAMTOR1|LGALS3|LILRA3|LRG1|MGAM|NEU1|NFAM1|NFASC|OLR1|PGLYRP1|PGM1|PLAUR|PRG2|PRG3|PTX3|SELL|SERPINB6|SIGLEC14|SIGLEC5|SIGLEC9|SLC2A3|SLC2A5|STBD1|TLR2|TNFRSF1B|VAPA
 REACT:R-HSA-5654738	Signaling by FGFR2	5.11240554212e-05	0.0010597	FGF1|FGF10|FGF16|FGF17|FGF18|FGF2|FGF20|FGF22|FGF23|FGF3|FGF4|FGF5|FGF6|FGF7|FGF8|FGF9
 REACT:R-HSA-216083	Integrin cell surface interactions	5.79644163607e-05	0.00119104	BSG|CD44|CD47|COMP|FGA|FGB|FGG|ICAM2|ICAM4|ITGB2|ITGB5|ITGB7|JAM2|LUM|THBS1
 KEGG:hsa05161	Hepatitis B	6.08827847411e-05	0.00124022	CREB3L3|CREB5|EGR2|EGR3|FAS|IFNA1|IFNA10|IFNA13|IFNA14|IFNA16|IFNA17|IFNA2|IFNA21|IFNA4|IFNA5|IFNA6|IFNA7|IFNA8|IFNB1|STAT5A|STAT6|TLR2|TLR3|TLR4
 REACT:R-HSA-5654741	Signaling by FGFR3	6.71715482e-05	0.00135664	FGF1|FGF16|FGF17|FGF18|FGF2|FGF20|FGF23|FGF4|FGF5|FGF8|FGF9
 REACT:R-HSA-909733	Interferon alpha/beta signaling	6.93362638564e-05	0.00138849	IFNA1|IFNA10|IFNA13|IFNA14|IFNA16|IFNA17|IFNA2|IFNA21|IFNA4|IFNA5|IFNA6|IFNA7|IFNA8|IFNAR2|IFNB1
 REACT:R-HSA-5684996	MAPK1/MAPK3 signaling	7.23309174303e-05	0.00143629	BTC|CSF2RA|CSF2RB|ERBB3|FGA|FGB|FGF1|FGF10|FGF16|FGF17|FGF18|FGF19|FGF2|FGF20|FGF22|FGF23|FGF3|FGF4|FGF5|FGF6|FGF7|FGF8|FGF9|FGG|HBEGF|IL2RB|IL2RG|IL5RA|IL6R|IL6ST|LAT|NCAM1|NRG1|NRG2|NRG4
 REACT:R-HSA-451927	Interleukin-2 signaling	7.80817430704e-05	0.00153756	BTC|CSF2RA|CSF2RB|ERBB3|FGA|FGB|FGF1|FGF10|FGF16|FGF17|FGF18|FGF19|FGF2|FGF20|FGF22|FGF23|FGF3|FGF4|FGF5|FGF6|FGF7|FGF8|FGF9|FGG|GAB2|HBEGF|IL2RB|IL2RG|IL5RA|LAT|LGALS9|NCAM1|NRG1|NRG2|NRG4|STAT5A
 REACT:R-HSA-2022854	Keratan sulfate biosynthesis	8.14509250997e-05	0.00159065	B4GALT1|B4GALT2|B4GALT3|B4GALT4|FMOD|KERA|LUM|OMD|PRELP
 KEGG:hsa04360	Axon guidance	8.63200131139e-05	0.00167192	ABLIM1|EFNA1|EFNA2|EFNA3|EFNA4|EPHA3|LRRC4|NTN3|NTN4|NTNG1|PLXNA1|PLXNA2|PLXNC1|ROBO1|ROBO2|SEMA3B|SEMA3C|SEMA3E|SEMA3F|SEMA3G|SLIT1|SLIT2|SLIT3|TRPC1|TRPC4|UNC5B|UNC5C
 REACT:R-HSA-1433557	Signaling by SCF-KIT	9.55232856893e-05	0.00183513	BTC|CD19|CD28|CSF2RA|CSF2RB|ERBB3|FGA|FGB|FGF1|FGF10|FGF16|FGF17|FGF18|FGF19|FGF2|FGF20|FGF22|FGF23|FGF3|FGF4|FGF5|FGF6|FGF7|FGF8|FGF9|FGG|FOXO1|GAB2|HBEGF|ICOS|IL2RB|IL2RG|IL5RA|LAT|NCAM1|NRG1|NRG2|NRG4|PHLPP1|PHLPP2|PIK3AP1|STAT5A|TNRC6A
 KEGG:hsa04610	Complement and coagulation cascades	9.89665352595e-05	0.00188595	C1R|C8A|CD46|CD59|F3|FGA|FGB|FGG|ITGB2|MASP2|MBL2|PLAUR|SERPINB2|SERPINC1|SERPINF2|SERPING1
 REACT:R-HSA-71387	Metabolism of carbohydrates	0.000100752670152	0.00190463	AGL|AMY1A|AMY2A|AMY2B|B3GAT3|B4GALT1|B4GALT2|B4GALT3|B4GALT4|BCAN|BGN|CD44|DCN|EPM2A|FGF21|FMOD|GAA|GLCE|GUSB|GYG1|GYG2|HEXA|HEXB|KERA|LUM|MGAM|NAGLU|OMD|PGM1|PRELP|SI|SLC25A10|SLC2A1|SLC2A14|SLC2A2|SLC2A3|SLC2A5|VCAN|XYLT2
 REACT:R-HSA-5663202	Diseases of signal transduction	0.000103222620853	0.00193583	APH1A|APH1B|BTC|CD19|CD28|DKK1|DKK2|DLL4|ERBB3|ERLEC1|FGA|FGB|FGF1|FGF10|FGF16|FGF17|FGF18|FGF19|FGF2|FGF20|FGF22|FGF23|FGF3|FGF4|FGF5|FGF6|FGF7|FGF8|FGF9|FGG|FOXO1|GAB2|HBEGF|HEY1|ICOS|JAG2|MAMLD1|NRG1|NRG2|NRG4|OS9|PIK3AP1|PORCN|PSEN2|STAT5A|TCF7L2
 KEGG:hsa_M00071	"Glycosphingolipid biosynthesis neolacto-series LacCer => nLc4Cer"	0.000114143896766	0.0021238	B4GALT1|B4GALT2|B4GALT3|B4GALT4
 REACT:R-HSA-186763	Downstream signal transduction	0.000128284561739	0.00236825	BCAR1|BTC|CD19|CD28|CSF2RA|CSF2RB|ERBB3|FGA|FGB|FGF1|FGF10|FGF16|FGF17|FGF18|FGF19|FGF2|FGF20|FGF22|FGF23|FGF3|FGF4|FGF5|FGF6|FGF7|FGF8|FGF9|FGG|FOXO1|HBEGF|ICOS|IL2RB|IL2RG|IL5RA|LAT|NCAM1|NRG1|NRG2|NRG4|PHLPP1|PHLPP2|PIK3AP1|STAT5A|STAT6|TNRC6A
 REACT:R-HSA-8847993	ERBB2 Activates PTK6 Signaling	0.000131839432965	0.00241501	BTC|ERBB3|HBEGF|NRG1|NRG2|NRG4
 KEGG:hsa05321	Inflammatory bowel disease (IBD)	0.000133606260633	0.00242855	GATA3|IFNG|IL12B|IL12RB1|IL1A|IL1B|IL21R|IL22|IL2RG|IL4R|STAT6|TLR2|TLR4|TLR5
 REACT:R-HSA-1630316	Glycosaminoglycan metabolism	0.000136713010392	0.00246605	B3GAT3|B4GALT1|B4GALT2|B4GALT3|B4GALT4|BCAN|BGN|CD44|DCN|FMOD|GLCE|GUSB|HEXA|HEXB|KERA|LUM|NAGLU|OMD|PRELP|VCAN|XYLT2
 REACT:R-HSA-5669034	TNFs bind their physiological receptors	0.000148523298751	0.00265879	CD27|EDA2R|TNFRSF11B|TNFRSF14|TNFRSF18|TNFRSF1B|TNFRSF25|TNFRSF4|TNFRSF6B
 REACT:R-HSA-2424491	DAP12 signaling	0.000166143296748	0.00295185	BTC|CD19|CD28|CSF2RA|CSF2RB|ERBB3|FGA|FGB|FGF1|FGF10|FGF16|FGF17|FGF18|FGF19|FGF2|FGF20|FGF22|FGF23|FGF3|FGF4|FGF5|FGF6|FGF7|FGF8|FGF9|FGG|FOXO1|HBEGF|ICOS|IL2RB|IL2RG|IL5RA|KLRC2|KLRC4-KLRK1|KLRD1|LAT|NCAM1|NRG1|NRG2|NRG4|PHLPP1|PHLPP2|PIK3AP1|TNRC6A
 REACT:R-HSA-189085	Digestion of dietary carbohydrate	0.000167719539401	0.00295762	AMY1A|AMY2A|AMY2B|MGAM|SI
 REACT:R-HSA-2586552	Signaling by Leptin	0.000188938460136	0.00330712	BTC|CSF2RA|CSF2RB|ERBB3|FGA|FGB|FGF1|FGF10|FGF16|FGF17|FGF18|FGF19|FGF2|FGF20|FGF22|FGF23|FGF3|FGF4|FGF5|FGF6|FGF7|FGF8|FGF9|FGG|HBEGF|IL2RB|IL2RG|IL5RA|LAT|NCAM1|NRG1|NRG2|NRG4|STAT5A
 REACT:R-HSA-163125	Post-translational modification: synthesis of GPI-anchored proteins	0.00019837579835	0.00344678	CNTN3|CNTN4|FCGR3B|GP2|LSAMP|LYPD4|LYPD6B|MDGA1|MDGA2|NTM|NTNG1|OPCML|PLAUR|PSCA|RTN4RL1|SPACA4|TEX101
 REACT:R-HSA-445717	Aquaporin-mediated transport	0.000200351376165	0.0034557	AQP1|AQP10|AQP12A|AQP2|AQP3|AQP4|AQP5|AQP6|AQP7|AQP9|GNAS|MIP
 REACT:R-HSA-2024101	CS/DS degradation	0.000217048074399	0.00367334	BCAN|BGN|DCN|HEXA|HEXB|VCAN
 REACT:R-HSA-6785631	ERBB2 Regulates Cell Motility	0.000217048074399	0.00367334	BTC|ERBB3|HBEGF|NRG1|NRG2|NRG4
 REACT:R-HSA-912526	Interleukin receptor SHC signaling	0.000219863601816	0.00367334	BTC|CSF2RA|CSF2RB|ERBB3|FGA|FGB|FGF1|FGF10|FGF16|FGF17|FGF18|FGF19|FGF2|FGF20|FGF22|FGF23|FGF3|FGF4|FGF5|FGF6|FGF7|FGF8|FGF9|FGG|GAB2|HBEGF|IL2RB|IL2RG|IL5RA|LAT|NCAM1|NRG1|NRG2|NRG4
 REACT:R-HSA-112412	SOS-mediated signalling	0.000223851277049	0.00367334	BTC|CSF2RA|CSF2RB|ERBB3|FGA|FGB|FGF1|FGF10|FGF16|FGF17|FGF18|FGF19|FGF2|FGF20|FGF22|FGF23|FGF3|FGF4|FGF5|FGF6|FGF7|FGF8|FGF9|FGG|HBEGF|IL2RB|IL2RG|IL5RA|LAT|NCAM1|NRG1|NRG2|NRG4
 REACT:R-HSA-179812	GRB2 events in EGFR signaling	0.000223851277049	0.00367334	BTC|CSF2RA|CSF2RB|ERBB3|FGA|FGB|FGF1|FGF10|FGF16|FGF17|FGF18|FGF19|FGF2|FGF20|FGF22|FGF23|FGF3|FGF4|FGF5|FGF6|FGF7|FGF8|FGF9|FGG|HBEGF|IL2RB|IL2RG|IL5RA|LAT|NCAM1|NRG1|NRG2|NRG4
 REACT:R-HSA-180336	SHC1 events in EGFR signaling	0.000223851277049	0.00367334	BTC|CSF2RA|CSF2RB|ERBB3|FGA|FGB|FGF1|FGF10|FGF16|FGF17|FGF18|FGF19|FGF2|FGF20|FGF22|FGF23|FGF3|FGF4|FGF5|FGF6|FGF7|FGF8|FGF9|FGG|HBEGF|IL2RB|IL2RG|IL5RA|LAT|NCAM1|NRG1|NRG2|NRG4
 REACT:R-HSA-5673001	RAF/MAP kinase cascade	0.000223851277049	0.00367334	BTC|CSF2RA|CSF2RB|ERBB3|FGA|FGB|FGF1|FGF10|FGF16|FGF17|FGF18|FGF19|FGF2|FGF20|FGF22|FGF23|FGF3|FGF4|FGF5|FGF6|FGF7|FGF8|FGF9|FGG|HBEGF|IL2RB|IL2RG|IL5RA|LAT|NCAM1|NRG1|NRG2|NRG4
 KEGG:hsa05200	Pathways in cancer	0.000247152781587	0.00402774	CSF2RA|FAS|FGF1|FGF10|FGF11|FGF12|FGF13|FGF14|FGF16|FGF17|FGF18|FGF19|FGF2|FGF20|FGF21|FGF22|FGF23|FGF3|FGF4|FGF5|FGF6|FGF7|FGF8|FGF9|FOXO1|GLI1|GNAS|HHIP|LAMB4|LAMC3|LEF1|MITF|NFKB2|PAX8|RASSF5|RUNX1|SKP2|SLC2A1|SPI1|STAT5A|TCF7|TCF7L1|TCF7L2|TGFA|VEGFA|VEGFC|WNT2
 REACT:R-HSA-5173214	O-glycosylation of TSR domain-containing proteins	0.000270458495196	0.00437735	ADAMTS17|ADAMTSL1|ADAMTSL2|ADAMTSL4|CFP|POFUT2|THBS1|THBS2|THSD1|THSD7B
 REACT:R-HSA-5218921	VEGFR2 mediated cell proliferation	0.000274770416404	0.00441689	BTC|CSF2RA|CSF2RB|ERBB3|FGA|FGB|FGF1|FGF10|FGF16|FGF17|FGF18|FGF19|FGF2|FGF20|FGF22|FGF23|FGF3|FGF4|FGF5|FGF6|FGF7|FGF8|FGF9|FGG|HBEGF|IL2RB|IL2RG|IL5RA|LAT|NCAM1|NRG1|NRG2|NRG4|VEGFA
 REACT:R-HSA-5683057	MAPK family signaling cascades	0.00028894922279	0.00461343	BTC|CSF2RA|CSF2RB|ERBB3|FGA|FGB|FGF1|FGF10|FGF16|FGF17|FGF18|FGF19|FGF2|FGF20|FGF22|FGF23|FGF3|FGF4|FGF5|FGF6|FGF7|FGF8|FGF9|FGG|FOXO1|HBEGF|IL2RB|IL2RG|IL5RA|IL6R|IL6ST|LAT|NCAM1|NRG1|NRG2|NRG4|TNRC6A
 REACT:R-HSA-170984	ARMS-mediated activation	0.000302834256967	0.00477065	BTC|CSF2RA|CSF2RB|ERBB3|FGA|FGB|FGF1|FGF10|FGF16|FGF17|FGF18|FGF19|FGF2|FGF20|FGF22|FGF23|FGF3|FGF4|FGF5|FGF6|FGF7|FGF8|FGF9|FGG|HBEGF|IL2RB|IL2RG|IL5RA|LAT|NCAM1|NRG1|NRG2|NRG4
 REACT:R-HSA-187706	Signalling to p38 via RIT and RIN	0.000302834256967	0.00477065	BTC|CSF2RA|CSF2RB|ERBB3|FGA|FGB|FGF1|FGF10|FGF16|FGF17|FGF18|FGF19|FGF2|FGF20|FGF22|FGF23|FGF3|FGF4|FGF5|FGF6|FGF7|FGF8|FGF9|FGG|HBEGF|IL2RB|IL2RG|IL5RA|LAT|NCAM1|NRG1|NRG2|NRG4
 REACT:R-HSA-1250342	PI3K events in ERBB4 signaling	0.000316050310761	0.00494587	BTC|HBEGF|NRG1|NRG2|NRG4
 REACT:R-HSA-170968	Frs2-mediated activation	0.000326102489291	0.00506961	BTC|CSF2RA|CSF2RB|ERBB3|FGA|FGB|FGF1|FGF10|FGF16|FGF17|FGF18|FGF19|FGF2|FGF20|FGF22|FGF23|FGF3|FGF4|FGF5|FGF6|FGF7|FGF8|FGF9|FGG|HBEGF|IL2RB|IL2RG|IL5RA|LAT|NCAM1|NRG1|NRG2|NRG4
 REACT:R-HSA-512988	"Interleukin-3 5 and GM-CSF signaling"	0.000331434876024	0.00511883	BTC|CSF2RA|CSF2RB|ERBB3|FGA|FGB|FGF1|FGF10|FGF16|FGF17|FGF18|FGF19|FGF2|FGF20|FGF22|FGF23|FGF3|FGF4|FGF5|FGF6|FGF7|FGF8|FGF9|FGG|GAB2|HBEGF|IL2RB|IL2RG|IL5RA|LAT|NCAM1|NRG1|NRG2|NRG4|STAT5A
 REACT:R-HSA-5357572	Lysosomal glycogen catabolism	0.000345428323042	0.00530031	GAA|GYG1|GYG2
 REACT:R-HSA-169893	Prolonged ERK activation events	0.000377462605627	0.00575448	BTC|CSF2RA|CSF2RB|ERBB3|FGA|FGB|FGF1|FGF10|FGF16|FGF17|FGF18|FGF19|FGF2|FGF20|FGF22|FGF23|FGF3|FGF4|FGF5|FGF6|FGF7|FGF8|FGF9|FGG|HBEGF|IL2RB|IL2RG|IL5RA|LAT|NCAM1|NRG1|NRG2|NRG4
 KEGG:hsa05164	Influenza A	0.000437266114884	0.00662346	AGFG1|FAS|IFNA1|IFNA10|IFNA13|IFNA14|IFNA16|IFNA17|IFNA2|IFNA21|IFNA4|IFNA5|IFNA6|IFNA7|IFNA8|IFNAR2|IFNB1|IFNG|IL12B|IL1A|IL1B|NXF5|TLR3|TLR4|TNFRSF10D
 REACT:R-HSA-167044	Signalling to RAS	0.000502183588878	0.00755834	BTC|CSF2RA|CSF2RB|ERBB3|FGA|FGB|FGF1|FGF10|FGF16|FGF17|FGF18|FGF19|FGF2|FGF20|FGF22|FGF23|FGF3|FGF4|FGF5|FGF6|FGF7|FGF8|FGF9|FGG|HBEGF|IL2RB|IL2RG|IL5RA|LAT|NCAM1|NRG1|NRG2|NRG4
 REACT:R-HSA-1963642	PI3K events in ERBB2 signaling	0.000512369752475	0.00765252	BTC|ERBB3|HBEGF|NRG1|NRG2|NRG4
 REACT:R-HSA-373752	Netrin-1 signaling	0.000516538312331	0.00765252	ABLIM1|NTN4|ROBO1|SLIT1|SLIT2|SLIT3|TRPC1|TRPC4|UNC5B|UNC5C
 KEGG:hsa04512	ECM-receptor interaction	0.00051815640913	0.00765252	CD44|CD47|CHAD|COMP|GP1BA|GP5|ITGB5|ITGB7|LAMB4|LAMC3|THBS1|THBS2|THBS3|THBS4|TNXB
 REACT:R-HSA-177929	Signaling by EGFR	0.000522303865446	0.00766586	ARHGEF7|BTC|CD19|CD28|CSF2RA|CSF2RB|ERBB3|FGA|FGB|FGF1|FGF10|FGF16|FGF17|FGF18|FGF19|FGF2|FGF20|FGF22|FGF23|FGF3|FGF4|FGF5|FGF6|FGF7|FGF8|FGF9|FGG|FOXO1|HBEGF|ICOS|IL2RB|IL2RG|IL5RA|LAT|LRIG1|NCAM1|NRG1|NRG2|NRG4|PHLPP1|PHLPP2|PIK3AP1|TNRC6A
 REACT:R-HSA-1980148	Signaling by NOTCH3	0.000545994147512	0.0078193	APH1A|APH1B|DLL4|JAG2|PSEN2
 REACT:R-HSA-1980150	Signaling by NOTCH4	0.000545994147512	0.0078193	APH1A|APH1B|DLL4|JAG2|PSEN2
 REACT:R-HSA-5602498	MyD88 deficiency (TLR2/4)	0.000545994147512	0.0078193	CD14|TLR1|TLR2|TLR4|TLR6
 REACT:R-HSA-5603041	IRAK4 deficiency (TLR2/4)	0.000545994147512	0.0078193	CD14|TLR1|TLR2|TLR4|TLR6
 KEGG:hsa04658	Th1 and Th2 cell differentiation	0.000613608446958	0.00873468	CD3D|CD3G|CD4|DLL4|GATA3|IFNG|IL12B|IL12RB1|IL2RB|IL2RG|IL4R|JAG2|LAT|RUNX3|STAT5A|STAT6
 REACT:R-HSA-1236394	Signaling by ERBB4	0.000631360286528	0.00893356	APH1A|APH1B|BTC|ERBB3|HBEGF|NRG1|NRG2|NRG4|PSEN2|STAT5A
 REACT:R-HSA-8853659	RET signaling	0.000636977655757	0.00895939	BTC|CSF2RA|CSF2RB|ERBB3|FGA|FGB|FGF1|FGF10|FGF16|FGF17|FGF18|FGF19|FGF2|FGF20|FGF22|FGF23|FGF3|FGF4|FGF5|FGF6|FGF7|FGF8|FGF9|FGG|GAB2|HBEGF|IL2RB|IL2RG|IL5RA|LAT|NCAM1|NRG1|NRG2|NRG4
 KEGG:hsa04380	Osteoclast differentiation	0.000645295712564	0.00902269	CSF1|FCGR2A|FCGR3B|GAB2|IFNAR2|IFNB1|IFNG|IL1A|IL1B|JUNB|LILRA1|LILRA3|LILRA4|LILRA5|LILRB5|MITF|NFKB2|SPI1|TNFRSF11A|TNFRSF11B
 REACT:R-HSA-5621480	Dectin-2 family	0.000651702262959	0.00905866	CLEC10A|CLEC4A|CLEC4C|CLEC4D|CLEC4E|CLEC6A|MUC15|MUC7
 REACT:R-HSA-3595172	Defective CHST3 causes SEDCJD	0.000712420802177	0.009675	BCAN|BGN|DCN|VCAN
 REACT:R-HSA-3595174	"Defective CHST14 causes EDS musculocontractural type"	0.000712420802177	0.009675	BCAN|BGN|DCN|VCAN
 REACT:R-HSA-3595177	Defective CHSY1 causes TPBS	0.000712420802177	0.009675	BCAN|BGN|DCN|VCAN
 REACT:R-HSA-4411364	Binding of TCF/LEF:CTNNB1 to target gene promoters	0.000712420802177	0.009675	LEF1|TCF7|TCF7L1|TCF7L2
 REACT:R-HSA-112399	IRS-mediated signalling	0.000755689636128	0.010204	BTC|CSF2RA|CSF2RB|ERBB3|FGA|FGB|FGF1|FGF10|FGF16|FGF17|FGF18|FGF19|FGF2|FGF20|FGF22|FGF23|FGF3|FGF4|FGF5|FGF6|FGF7|FGF8|FGF9|FGG|HBEGF|IL2RB|IL2RG|IL5RA|LAMTOR1|LAT|NCAM1|NRG1|NRG2|NRG4|PRKAB1|PRKAB2
 REACT:R-HSA-187687	Signalling to ERKs	0.000809863887569	0.0108733	BTC|CSF2RA|CSF2RB|ERBB3|FGA|FGB|FGF1|FGF10|FGF16|FGF17|FGF18|FGF19|FGF2|FGF20|FGF22|FGF23|FGF3|FGF4|FGF5|FGF6|FGF7|FGF8|FGF9|FGG|HBEGF|IL2RB|IL2RG|IL5RA|LAT|NCAM1|NRG1|NRG2|NRG4
 REACT:R-HSA-5083635	Defective B3GALTL causes Peters-plus syndrome (PpS)	0.000827889319454	0.0110526	ADAMTS17|ADAMTSL1|ADAMTSL2|ADAMTSL4|CFP|THBS1|THBS2|THSD1|THSD7B
 REACT:R-HSA-2122948	Activated NOTCH1 Transmits Signal to the Nucleus	0.000834676457105	0.0110806	APH1A|APH1B|DLK1|DLL4|DNER|JAG2|NUMB|PSEN2
 KEGG:hsa05146	Amoebiasis	0.000881632604282	0.0116385	C8A|CD14|CD1D|GNAS|IFNG|IL12B|IL1B|IL1R2|ITGB2|LAMB4|LAMC3|SERPINB13|SERPINB6|SERPINB9|TLR2|TLR4
 KEGG:hsa04810	Regulation of actin cytoskeleton	0.000890838934328	0.0116947	ARHGEF7|BCAR1|CD14|FGF1|FGF10|FGF11|FGF12|FGF13|FGF14|FGF16|FGF17|FGF18|FGF19|FGF2|FGF20|FGF21|FGF22|FGF23|FGF3|FGF4|FGF5|FGF6|FGF7|FGF8|FGF9|ITGB2|ITGB5|ITGB7
 REACT:R-HSA-74751	Insulin receptor signalling cascade	0.000910487200204	0.0118866	BTC|CSF2RA|CSF2RB|ERBB3|FGA|FGB|FGF1|FGF10|FGF16|FGF17|FGF18|FGF19|FGF2|FGF20|FGF22|FGF23|FGF3|FGF4|FGF5|FGF6|FGF7|FGF8|FGF9|FGG|HBEGF|IL2RB|IL2RG|IL5RA|LAMTOR1|LAT|NCAM1|NRG1|NRG2|NRG4|PRKAB1|PRKAB2
 REACT:R-HSA-6785807	Interleukin-4 and 13 signaling	0.000949990778595	0.0123342	BCL6|FGF2|FOXO1|GATA3|IL12B|IL13RA1|IL13RA2|IL1A|IL1B|IL2RG|IL4R|IL6R|ITGB2|JUNB|SOX2|STAT6|TNFRSF1B|VEGFA
 KEGG:hsa04010	MAPK signaling pathway	0.000963466749013	0.0123636	CD14|ELK4|FAS|FGF1|FGF10|FGF11|FGF12|FGF13|FGF14|FGF16|FGF17|FGF18|FGF19|FGF2|FGF20|FGF21|FGF22|FGF23|FGF3|FGF4|FGF5|FGF6|FGF7|FGF8|FGF9|IL1A|IL1B|IL1R2|MAPT|MEF2C|NFKB2|PLA2G4D
 REACT:R-HSA-2428924	IGF1R signaling cascade	0.00096794838748	0.0123636	BTC|CSF2RA|CSF2RB|ERBB3|FGA|FGB|FGF1|FGF10|FGF16|FGF17|FGF18|FGF19|FGF2|FGF20|FGF22|FGF23|FGF3|FGF4|FGF5|FGF6|FGF7|FGF8|FGF9|FGG|HBEGF|IL2RB|IL2RG|IL5RA|LAMTOR1|LAT|NCAM1|NRG1|NRG2|NRG4|PRKAB1|PRKAB2
 REACT:R-HSA-2428928	IRS-related events triggered by IGF1R	0.00096794838748	0.0123636	BTC|CSF2RA|CSF2RB|ERBB3|FGA|FGB|FGF1|FGF10|FGF16|FGF17|FGF18|FGF19|FGF2|FGF20|FGF22|FGF23|FGF3|FGF4|FGF5|FGF6|FGF7|FGF8|FGF9|FGG|HBEGF|IL2RB|IL2RG|IL5RA|LAMTOR1|LAT|NCAM1|NRG1|NRG2|NRG4|PRKAB1|PRKAB2
 REACT:R-HSA-2404192	Signaling by Type 1 Insulin-like Growth Factor 1 Receptor (IGF1R)	0.00102856987112	0.0130673	BTC|CSF2RA|CSF2RB|ERBB3|FGA|FGB|FGF1|FGF10|FGF16|FGF17|FGF18|FGF19|FGF2|FGF20|FGF22|FGF23|FGF3|FGF4|FGF5|FGF6|FGF7|FGF8|FGF9|FGG|HBEGF|IL2RB|IL2RG|IL5RA|LAMTOR1|LAT|NCAM1|NRG1|NRG2|NRG4|PRKAB1|PRKAB2
 KEGG:hsa00052	Galactose metabolism	0.00105669525737	0.0133528	B4GALT1|B4GALT2|GAA|GALM|GLA|MGAM|PGM1|SI
 REACT:R-HSA-74752	Signaling by Insulin receptor	0.001101142953	0.0138404	ATP6V0A1|ATP6V1E2|BTC|CSF2RA|CSF2RB|ERBB3|FGA|FGB|FGF1|FGF10|FGF16|FGF17|FGF18|FGF19|FGF2|FGF20|FGF22|FGF23|FGF3|FGF4|FGF5|FGF6|FGF7|FGF8|FGF9|FGG|HBEGF|IL2RB|IL2RG|IL5RA|LAMTOR1|LAT|NCAM1|NRG1|NRG2|NRG4|PRKAB1|PRKAB2
 REACT:R-HSA-2454202	Fc epsilon receptor (FCERI) signaling	0.00113214633594	0.0141548	BTC|CD19|CD28|CSF2RA|CSF2RB|ERBB3|FCER1A|FGA|FGB|FGF1|FGF10|FGF16|FGF17|FGF18|FGF19|FGF2|FGF20|FGF22|FGF23|FGF3|FGF4|FGF5|FGF6|FGF7|FGF8|FGF9|FGG|FOXO1|GAB2|HBEGF|ICOS|IL2RB|IL2RG|IL5RA|LAT|NCAM1|NRG1|NRG2|NRG4|PHLPP1|PHLPP2|PIK3AP1|TNRC6A
 REACT:R-HSA-428542	Regulation of Commissural axon pathfinding by Slit and Robo	0.00130916892812	0.0161967	ROBO1|ROBO2|SLIT2
 REACT:R-HSA-428776	Class II GLUTs	0.00130916892812	0.0161967	SLC2A11|SLC2A5|SLC2A9
 REACT:R-HSA-2892247	"POU5F1 (OCT4) SOX2 NANOG activate genes related to proliferation"	0.00135098692178	0.0164946	DPPA4|FGF2|SALL1|SOX2|TDGF1
 REACT:R-HSA-75205	Dissolution of Fibrin Clot	0.00135098692178	0.0164946	PLAUR|SERPINB2|SERPINB6|SERPINB8|SERPINF2
 REACT:R-HSA-2871796	FCERI mediated MAPK activation	0.00135419187196	0.0164946	BTC|CSF2RA|CSF2RB|ERBB3|FGA|FGB|FGF1|FGF10|FGF16|FGF17|FGF18|FGF19|FGF2|FGF20|FGF22|FGF23|FGF3|FGF4|FGF5|FGF6|FGF7|FGF8|FGF9|FGG|HBEGF|IL2RB|IL2RG|IL5RA|LAT|NCAM1|NRG1|NRG2|NRG4
 REACT:R-HSA-416700	Other semaphorin interactions	0.00144683966297	0.0175327	CD72|PLXNA1|PLXNA2|PLXNC1|PLXND1|SEMA3E
 REACT:R-HSA-1474244	Extracellular matrix organization	0.00174334256728	0.021018	ASPN|BCAN|BGN|BSG|CAST|CD44|CD47|CEACAM1|CEACAM8|COL8A2|COMP|DCN|EFEMP1|FGA|FGB|FGF2|FGG|FMOD|ICAM2|ICAM4|ITGB2|ITGB5|ITGB7|JAM2|LAMC3|LTBP1|LTBP3|LUM|NCAM1|NRXN1|NTN4|P4HB|THBS1|TNXB|VCAN
 REACT:R-HSA-3000178	ECM proteoglycans	0.00179173750262	0.0214538	ASPN|BCAN|BGN|COMP|DCN|FMOD|ITGB5|LUM|NCAM1|TNXB|VCAN
 REACT:R-HSA-187037	NGF signalling via TRKA from the plasma membrane	0.00179765127353	0.0214538	BTC|CD19|CD28|CSF2RA|CSF2RB|ERBB3|FGA|FGB|FGF1|FGF10|FGF16|FGF17|FGF18|FGF19|FGF2|FGF20|FGF22|FGF23|FGF3|FGF4|FGF5|FGF6|FGF7|FGF8|FGF9|FGG|FOXO1|HBEGF|ICOS|IL2RB|IL2RG|IL5RA|LAT|MEF2A|MEF2C|NCAM1|NRG1|NRG2|NRG4|PHLPP1|PHLPP2|PIK3AP1|TNRC6A
 KEGG:hsa05332	Graft-versus-host disease	0.00181051168045	0.0214987	CD28|FAS|IFNG|IL1A|IL1B|KIR2DL1|KIR2DL3|KLRC1|KLRD1
 REACT:R-HSA-375165	NCAM signaling for neurite out-growth	0.00183689087242	0.0217029	BTC|CSF2RA|CSF2RB|ERBB3|FGA|FGB|FGF1|FGF10|FGF16|FGF17|FGF18|FGF19|FGF2|FGF20|FGF22|FGF23|FGF3|FGF4|FGF5|FGF6|FGF7|FGF8|FGF9|FGG|HBEGF|IL2RB|IL2RG|IL5RA|LAT|NCAM1|NRG1|NRG2|NRG4
 REACT:R-HSA-1250347	SHC1 events in ERBB4 signaling	0.00198095290871	0.0232885	BTC|HBEGF|NRG1|NRG2|NRG4
 REACT:R-HSA-3769402	Deactivation of the beta-catenin transactivating complex	0.00256895697748	0.0300517	LEF1|PYGO2|SOX17|SOX2|SOX7|SOX9|TCF7|TCF7L1|TCF7L2
 REACT:R-HSA-3906995	Diseases associated with O-glycosylation of proteins	0.00274611203771	0.0319658	ADAMTS17|ADAMTSL1|ADAMTSL2|ADAMTSL4|CFP|MUC15|MUC7|THBS1|THBS2|THSD1|THSD7B
 REACT:R-HSA-452723	Transcriptional regulation of pluripotent stem cells	0.00296638655032	0.0343606	DPPA4|FGF2|FOXP1|LIN28A|SALL1|SOX2|TDGF1|ZSCAN10
 REACT:R-HSA-1306955	GRB7 events in ERBB2 signaling	0.00310170644236	0.0357528	ERBB3|NRG1|NRG2
 REACT:R-HSA-983231	Factors involved in megakaryocyte development and platelet production	0.00320475149815	0.0367613	AKAP1|CABLES2|GATA2|GATA3|GATA6|IFNA1|IFNA10|IFNA13|IFNA14|IFNA16|IFNA17|IFNA2|IFNA21|IFNA4|IFNA5|IFNA6|IFNA7|IFNA8|IFNB1|NFE2|ZFPM1
 REACT:R-HSA-375170	CDO in myogenesis	0.00327251824233	0.0371777	CDH15|CDH2|CDH4|MEF2A|MEF2C|NTN3|TCF4
 REACT:R-HSA-525793	Myogenesis	0.00327251824233	0.0371777	CDH15|CDH2|CDH4|MEF2A|MEF2C|NTN3|TCF4
 KEGG:hsa00514	Other types of O-glycan biosynthesis	0.00331889247872	0.0373454	B4GALT1|B4GALT2|B4GALT3|GXYLT1|GXYLT2|POFUT2
 REACT:R-HSA-1250196	SHC1 events in ERBB2 signaling	0.00331889247872	0.0373454	BTC|ERBB3|HBEGF|NRG1|NRG2|NRG4
 REACT:R-HSA-1963640	GRB2 events in ERBB2 signaling	0.00384166261054	0.043023	BTC|HBEGF|NRG1|NRG2|NRG4
 REACT:R-HSA-1660662	Glycosphingolipid metabolism	0.00415569000656	0.0463203	ARSA|GLA|HEXA|HEXB|NEU1|NEU2|NEU3|SUMF1|SUMF2
 REACT:R-HSA-6805567	Keratinization	0.00431156201122	0.047832	CDSN|DSC2|KRT14|KRT82|KRTAP10-1|KRTAP10-12|KRTAP10-2|KRTAP10-3|KRTAP1-1|KRTAP1-3|KRTAP13-1|KRTAP13-2|KRTAP13-4|KRTAP1-5|KRTAP19-5|KRTAP2-1|KRTAP2-4|KRTAP24-1|KRTAP3-3|KRTAP4-1|KRTAP4-3|KRTAP4-6|KRTAP4-7|LCE2B|SPINK9|SPRR3
 REACT:R-HSA-166520	Signalling by NGF	0.00449352236964	0.0496177	APH1A|APH1B|ARHGEF7|BTC|CD19|CD28|CSF2RA|CSF2RB|ERBB3|FGA|FGB|FGF1|FGF10|FGF16|FGF17|FGF18|FGF19|FGF2|FGF20|FGF22|FGF23|FGF3|FGF4|FGF5|FGF6|FGF7|FGF8|FGF9|FGG|FOXO1|HBEGF|ICOS|IL2RB|IL2RG|IL5RA|LAT|LINGO1|MAG|MEF2A|MEF2C|NCAM1|NRG1|NRG2|NRG4|PHLPP1|PHLPP2|PIK3AP1|PSEN2|TNRC6A
