 KEGG:hsa04740	Olfactory transduction	0.0	0	OR10G4|OR10G7|OR10H1|OR10H3|OR10H5|OR10J5|OR10S1|OR11A1|OR11L1|OR12D3|OR14A16|OR14I1|OR1A2|OR1D2|OR1D5|OR1E1|OR1E2|OR1F1|OR1J1|OR1J4|OR1K1|OR1L4|OR1N1|OR1S2|OR2D3|OR2G6|OR2V2|OR4A16|OR4C12|OR4C3|OR4K5|OR4N5|OR51A4|OR52M1|OR52W1|OR5AK2|OR5AS1|OR5B12|OR5D13|OR5D14|OR5H6|OR5I1|OR5M9|OR7C1|OR7D2|OR8D1|OR9A2|SLC8A1|SLC8A2|SLC8A3
 REACT:R-HSA-162582	Signal Transduction	0.0	0	ADORA3|AGTR1|ANXA1|APH1B|AVPR2|BTRC|CCR2|CCR5|CD19|CRABP1|CRABP2|CSF2RA|CX3CR1|FABP5|FLT1|GIP|GNB4|GPR132|GPR31|GRP|HHIP|HRH4|ITGB1|ITGB3|MAG|MC1R|MC3R|MC4R|MEF2C|NR3C1|NRG1|NUP43|OR10G4|OR10G7|OR10H1|OR10H3|OR10H5|OR10J5|OR10S1|OR11A1|OR11L1|OR12D3|OR14A16|OR14I1|OR1A2|OR1D2|OR1D5|OR1E1|OR1E2|OR1F1|OR1J1|OR1J4|OR1K1|OR1L4|OR1N1|OR1S2|OR2D3|OR2G6|OR2V2|OR4A16|OR4C12|OR4C3|OR4K5|OR4N5|OR51A4|OR52M1|OR52W1|OR5AK2|OR5AS1|OR5B12|OR5D13|OR5D14|OR5H6|OR5I1|OR5M9|OR7C1|OR7D2|OR8D1|OR9A2|PAFAH1B1|PGR|PPP2R1A|PPP2R1B|PTGER1|PTGER3|RANGAP1|RBBP5|RBP1|RBP2|RPTOR|SOX17|TLE4|TSHR
 REACT:R-HSA-372790	Signaling by GPCR	0.0	0	ADORA3|AGTR1|ANXA1|AVPR2|CCR2|CCR5|CSF2RA|CX3CR1|GIP|GNB4|GPR132|GPR31|GRP|HRH4|ITGB3|MC1R|MC3R|MC4R|NRG1|OR10G4|OR10G7|OR10H1|OR10H3|OR10H5|OR10J5|OR10S1|OR11A1|OR11L1|OR12D3|OR14A16|OR14I1|OR1A2|OR1D2|OR1D5|OR1E1|OR1E2|OR1F1|OR1J1|OR1J4|OR1K1|OR1L4|OR1N1|OR1S2|OR2D3|OR2G6|OR2V2|OR4A16|OR4C12|OR4C3|OR4K5|OR4N5|OR51A4|OR52M1|OR52W1|OR5AK2|OR5AS1|OR5B12|OR5D13|OR5D14|OR5H6|OR5I1|OR5M9|OR7C1|OR7D2|OR8D1|OR9A2|PPP2R1A|PPP2R1B|PTGER1|PTGER3|TSHR
 REACT:R-HSA-381753	Olfactory Signaling Pathway	0.0	0	OR10G4|OR10G7|OR10H1|OR10H3|OR10H5|OR10J5|OR10S1|OR11A1|OR11L1|OR12D3|OR14A16|OR14I1|OR1A2|OR1D2|OR1D5|OR1E1|OR1E2|OR1F1|OR1J1|OR1J4|OR1K1|OR1L4|OR1N1|OR1S2|OR2D3|OR2G6|OR2V2|OR4A16|OR4C12|OR4C3|OR4K5|OR4N5|OR51A4|OR52M1|OR52W1|OR5AK2|OR5AS1|OR5B12|OR5D13|OR5D14|OR5H6|OR5I1|OR5M9|OR7C1|OR7D2|OR8D1|OR9A2
 REACT:R-HSA-388396	GPCR downstream signaling	0.0	0	ADORA3|AGTR1|ANXA1|AVPR2|CCR2|CCR5|CSF2RA|GIP|GNB4|GPR132|GRP|HRH4|MC1R|MC3R|MC4R|OR10G4|OR10G7|OR10H1|OR10H3|OR10H5|OR10J5|OR10S1|OR11A1|OR11L1|OR12D3|OR14A16|OR14I1|OR1A2|OR1D2|OR1D5|OR1E1|OR1E2|OR1F1|OR1J1|OR1J4|OR1K1|OR1L4|OR1N1|OR1S2|OR2D3|OR2G6|OR2V2|OR4A16|OR4C12|OR4C3|OR4K5|OR4N5|OR51A4|OR52M1|OR52W1|OR5AK2|OR5AS1|OR5B12|OR5D13|OR5D14|OR5H6|OR5I1|OR5M9|OR7C1|OR7D2|OR8D1|OR9A2|PTGER1|PTGER3|TSHR
 REACT:R-HSA-163560	Hormone-sensitive lipase (HSL)-mediated triacylglycerol hydrolysis	1.13402176538e-09	4.46616e-07	FABP1|FABP2|FABP3|FABP4|FABP5|FABP6|FABP7|FABP9
 REACT:R-HSA-198933	Immunoregulatory interactions between a Lymphoid and a non-Lymphoid cell	1.25305882226e-07	4.22997e-05	CD19|FCGR2B|FCGR3A|ICAM3|ICAM4|ITGB1|ITGB2|ITGB7|KIR2DL1|KIR2DS1|LILRA1|LILRA3|PVR|SIGLEC1
 KEGG:hsa04514	Cell adhesion molecules (CAMs)	2.10476435147e-06	0.000621695	CD2|CD276|CD4|CD58|ESAM|ICAM3|ITGB1|ITGB2|ITGB7|LRRC4|MAG|PVR|SIGLEC1
 REACT:R-HSA-216083	Integrin cell surface interactions	3.74788618518e-06	0.000984028	BSG|ICAM3|ICAM4|ITGB1|ITGB2|ITGB3|ITGB5|ITGB6|ITGB7
 KEGG:hsa04145	Phagosome	2.36531791842e-05	0.00558925	CORO1A|FCAR|FCGR2A|FCGR2B|FCGR2C|FCGR3A|ITGB1|ITGB2|ITGB3|ITGB5|TLR2|TLR4
 REACT:R-HSA-202733	Cell surface interactions at the vascular wall	5.81603253839e-05	0.0124939	BSG|CD2|CD58|CD84|ESAM|ITGB1|ITGB2|ITGB3|MAG|PSG11|PSG8
 KEGG:hsa_M00415	"Fatty acid biosynthesis elongation endoplasmic reticulum"	6.8399116077e-05	0.0134689	ELOVL1|ELOVL3|ELOVL4|ELOVL7
 REACT:R-HSA-373076	Class A/1 (Rhodopsin-like receptors)	8.75674159299e-05	0.0159171	ADORA3|AGTR1|ANXA1|AVPR2|CCR2|CCR5|CX3CR1|GPR132|GPR31|GRP|HRH4|MC1R|MC3R|MC4R|PTGER1|PTGER3|TSHR
 KEGG:hsa04151	PI3K-Akt signaling pathway	0.000175078660579	0.0295508	CD19|EFNA1|EFNA2|EFNA4|FLT1|GNB4|ITGB1|ITGB3|ITGB5|ITGB6|ITGB7|PPP2R1A|PPP2R1B|PRLR|RPTOR|TLR2|TLR4
 REACT:R-HSA-383280	Nuclear Receptor transcription pathway	0.000316620853284	0.0464416	NR1I3|NR3C1|NR3C2|NR4A3|PGR|VDR
 KEGG:hsa03320	PPAR signaling pathway	0.000334112437147	0.0464416	FABP1|FABP2|FABP3|FABP4|FABP5|FABP6|FABP7
 KEGG:hsa05140	Leishmaniasis	0.000334112437147	0.0464416	FCGR2A|FCGR2C|FCGR3A|ITGB1|ITGB2|TLR2|TLR4
