 KEGG:hsa04740	Olfactory transduction	0.0	0	OR10G4|OR10G7|OR10H3|OR10J1|OR11A1|OR11L1|OR12D3|OR14A16|OR14I1|OR1A2|OR1C1|OR1D2|OR1D5|OR1E1|OR1E2|OR1F1|OR1J1|OR1J4|OR1M1|OR1N1|OR1S2|OR2G3|OR2G6|OR2T2|OR2V2|OR4A16|OR4C12|OR4C3|OR4K15|OR4K2|OR4X2|OR52M1|OR52W1|OR5AK2|OR5AS1|OR5B12|OR5D14|OR5M9|OR5R1|OR7A10|OR7C1|OR7D2|OR8D1|OR8G1|OR9A2|OR9A4|SLC8A1|SLC8A2|SLC8A3
 REACT:R-HSA-372790	Signaling by GPCR	0.0	0	ADORA3|ANXA1|AVPR2|CSF2RA|ERBB3|GRP|HRH4|IL2RB|IL2RG|ITGB3|KALRN|MC3R|MC4R|OR10G4|OR10G7|OR10H3|OR10J1|OR11A1|OR11L1|OR12D3|OR14A16|OR14I1|OR1A2|OR1C1|OR1D2|OR1D5|OR1E1|OR1E2|OR1F1|OR1J1|OR1J4|OR1M1|OR1N1|OR1S2|OR2G3|OR2G6|OR2T2|OR2V2|OR4A16|OR4C12|OR4C3|OR4K15|OR4K2|OR4X2|OR52M1|OR52W1|OR5AK2|OR5AS1|OR5B12|OR5D14|OR5M9|OR5R1|OR7A10|OR7C1|OR7D2|OR8D1|OR8G1|OR9A2|OR9A4|PPP2R1A|PPP2R1B|PTGER1|PTGER3|TBXA2R
 REACT:R-HSA-388396	GPCR downstream signaling	0.0	0	ADORA3|ANXA1|AVPR2|CSF2RA|GRP|HRH4|IL2RB|IL2RG|KALRN|MC3R|MC4R|OR10G4|OR10G7|OR10H3|OR10J1|OR11A1|OR11L1|OR12D3|OR14A16|OR14I1|OR1A2|OR1C1|OR1D2|OR1D5|OR1E1|OR1E2|OR1F1|OR1J1|OR1J4|OR1M1|OR1N1|OR1S2|OR2G3|OR2G6|OR2T2|OR2V2|OR4A16|OR4C12|OR4C3|OR4K15|OR4K2|OR4X2|OR52M1|OR52W1|OR5AK2|OR5AS1|OR5B12|OR5D14|OR5M9|OR5R1|OR7A10|OR7C1|OR7D2|OR8D1|OR8G1|OR9A2|OR9A4|PTGER1|PTGER3|TBXA2R
 REACT:R-HSA-162582	Signal Transduction	2.86315415821e-12	1.69141e-09	ADORA3|ANXA1|APH1A|APH1B|AR|AVPR2|CRABP1|CRABP2|CSF2RA|ERBB3|FABP5|GGA3|GRP|HRH4|IL2RB|IL2RG|ITGB1|ITGB3|KALRN|LRAT|MC3R|MC4R|NR3C1|NUP107|OR10G4|OR10G7|OR10H3|OR10J1|OR11A1|OR11L1|OR12D3|OR14A16|OR14I1|OR1A2|OR1C1|OR1D2|OR1D5|OR1E1|OR1E2|OR1F1|OR1J1|OR1J4|OR1M1|OR1N1|OR1S2|OR2G3|OR2G6|OR2T2|OR2V2|OR4A16|OR4C12|OR4C3|OR4K15|OR4K2|OR4X2|OR52M1|OR52W1|OR5AK2|OR5AS1|OR5B12|OR5D14|OR5M9|OR5R1|OR7A10|OR7C1|OR7D2|OR8D1|OR8G1|OR9A2|OR9A4|PGR|PPP2R1A|PPP2R1B|PTGER1|PTGER3|RBP1|RBP2|RBP3|RBP4|RDH11|RDH12|RDH13|RDH14|RDH8|RLBP1|RPE65|TBXA2R
 REACT:R-HSA-381753	Olfactory Signaling Pathway	6.50635101351e-12	3.0749e-09	OR10G4|OR10G7|OR10H3|OR10J1|OR11A1|OR11L1|OR12D3|OR14A16|OR14I1|OR1A2|OR1C1|OR1D2|OR1D5|OR1E1|OR1E2|OR1F1|OR1J1|OR1J4|OR1M1|OR1N1|OR1S2|OR2G3|OR2G6|OR2T2|OR2V2|OR4A16|OR4C12|OR4C3|OR4K15|OR4K2|OR4X2|OR52M1|OR52W1|OR5AK2|OR5AS1|OR5B12|OR5D14|OR5M9|OR5R1|OR7A10|OR7C1|OR7D2|OR8D1|OR8G1|OR9A2|OR9A4
 REACT:R-HSA-2453902	The canonical retinoid cycle in rods (twilight vision)	1.06660236199e-11	4.20064e-09	LRAT|RBP1|RBP3|RBP4|RDH11|RDH12|RDH8|RLBP1|RPE65
 REACT:R-HSA-163560	Hormone-sensitive lipase (HSL)-mediated triacylglycerol hydrolysis	2.49924414497e-10	8.43673e-08	FABP1|FABP2|FABP3|FABP4|FABP5|FABP6|FABP7|FABP9
 REACT:R-HSA-383280	Nuclear Receptor transcription pathway	3.57668561435e-09	1.05646e-06	AR|NR0B1|NR1I2|NR1I3|NR2C1|NR3C1|NR3C2|NR4A3|PGR|VDR
 KEGG:hsa_M00415	"Fatty acid biosynthesis elongation endoplasmic reticulum"	1.7111874473e-08	4.49282e-06	ELOVL1|ELOVL3|ELOVL4|ELOVL5|ELOVL7|TECR
 REACT:R-HSA-75876	Synthesis of very long-chain fatty acyl-CoAs	1.43961868426e-07	3.40182e-05	ELOVL1|ELOVL3|ELOVL4|ELOVL5|ELOVL7|TECR|TECRL
 KEGG:hsa00062	Fatty acid elongation	1.51938195925e-06	0.000326391	ELOVL1|ELOVL3|ELOVL4|ELOVL5|ELOVL7|TECR
 REACT:R-HSA-2187338	Visual phototransduction	2.80112421247e-06	0.000551588	LRAT|RBP1|RBP2|RBP3|RBP4|RDH11|RDH12|RDH8|RLBP1|RPE65
 REACT:R-HSA-556833	Metabolism of lipids and lipoproteins	1.20826124885e-05	0.00219625	CDIPT|ELOVL1|ELOVL3|ELOVL4|ELOVL5|ELOVL7|FABP1|FABP2|FABP3|FABP4|FABP5|FABP6|FABP7|FABP9|HSD3B7|OSBPL10|OSBPL3|OSBPL5|OSBPL6|OSBPL7|OSBPL8|OSBPL9|PTGR2|SRD5A1|SRD5A2|SRD5A3|TECR|TECRL|TMEM86B
 REACT:R-HSA-75105	Fatty Acyl-CoA Biosynthesis	1.54706744614e-05	0.00261123	ELOVL1|ELOVL3|ELOVL4|ELOVL5|ELOVL7|TECR|TECRL
 REACT:R-HSA-194068	Bile acid and bile salt metabolism	4.17517272178e-05	0.00616621	FABP6|HSD3B7|OSBPL3|OSBPL6|OSBPL7|OSBPL9
 REACT:R-HSA-5362517	Signaling by Retinoic Acid	4.17517272178e-05	0.00616621	CRABP1|CRABP2|FABP5|RDH11|RDH13|RDH14
 KEGG:hsa03320	PPAR signaling pathway	0.000102437166413	0.0142388	FABP1|FABP2|FABP3|FABP4|FABP5|FABP6|FABP7
 REACT:R-HSA-6806667	Metabolism of fat-soluble vitamins	0.000138779649429	0.0180006	GC|LRAT|RBP1|RBP2|RBP4|RDH11
 REACT:R-HSA-192105	Synthesis of bile acids and bile salts	0.000144736460956	0.0180006	HSD3B7|OSBPL3|OSBPL6|OSBPL7|OSBPL9
 REACT:R-HSA-75109	Triglyceride Biosynthesis	0.000215789691622	0.0254956	ELOVL1|ELOVL3|ELOVL4|ELOVL5|ELOVL7|TECR|TECRL
 REACT:R-HSA-2453864	Retinoid cycle disease events	0.000265993899045	0.027328	RBP1|RBP4|RLBP1
 REACT:R-HSA-2474795	Diseases associated with visual transduction	0.000265993899045	0.027328	RBP1|RBP4|RLBP1
 REACT:R-HSA-391908	Prostanoid ligand receptors	0.000265993899045	0.027328	PTGER1|PTGER3|TBXA2R
 REACT:R-HSA-73923	"Lipid digestion mobilization and transport"	0.000345433088679	0.0336066	FABP1|FABP2|FABP3|FABP4|FABP5|FABP6|FABP7|FABP9
 REACT:R-HSA-5365859	RA biosynthesis pathway	0.000355549950374	0.0336066	CRABP1|RDH11|RDH13|RDH14
 REACT:R-HSA-2046105	Linoleic acid (LA) metabolism	0.000375777506012	0.0341524	ELOVL1|ELOVL3|ELOVL5
 KEGG:hsa00830	Retinol metabolism	0.000430034611752	0.037636	LRAT|RDH11|RDH12|RDH8|RETSAT|RPE65
 REACT:R-HSA-975634	Retinoid metabolism and transport	0.000500099919438	0.0416351	LRAT|RBP1|RBP2|RBP4|RDH11
 REACT:R-HSA-193048	Androgen biosynthesis	0.000510968360035	0.0416351	SRD5A1|SRD5A2|SRD5A3
 REACT:R-HSA-216083	Integrin cell surface interactions	0.000548995423936	0.0432425	ITGB1|ITGB2|ITGB3|ITGB5|ITGB6|ITGB7
