 REACT:R-HSA-372790	Signaling by GPCR	9.31328254516e-08	0.000220073	ADORA3|ANXA1|GPR31|HRH4|MC3R|MC4R|OR10G7|OR10S1|OR1D2|OR4C12|OR4K5|OR5AK2|OR5D14|PPP2R1A|PPP2R1B|PTGER1
 REACT:R-HSA-388396	GPCR downstream signaling	1.19713355262e-06	0.00141441	ADORA3|ANXA1|HRH4|MC3R|MC4R|OR10G7|OR10S1|OR1D2|OR4C12|OR4K5|OR5AK2|OR5D14|PTGER1
 KEGG:hsa04144	Endocytosis	5.49951912021e-06	0.00433179	ARFGEF1|ARFGEF2|GBF1|PSD|PSD2|PSD3|PSD4
 KEGG:hsa04080	Neuroactive ligand-receptor interaction	8.33556090851e-06	0.00492423	ADORA3|HRH4|MC3R|MC4R|NR3C1|PRLR|PTGER1
 REACT:R-HSA-383280	Nuclear Receptor transcription pathway	1.09266975707e-05	0.00516396	NR3C1|NR3C2|NR4A3|PGR
 REACT:R-HSA-373076	Class A/1 (Rhodopsin-like receptors)	2.21718125321e-05	0.008732	ADORA3|ANXA1|GPR31|HRH4|MC3R|MC4R|PTGER1
 REACT:R-HSA-162582	Signal Transduction	3.18719904524e-05	0.0107591	ADORA3|ANXA1|GPR31|HRH4|MC3R|MC4R|NR3C1|OR10G7|OR10S1|OR1D2|OR4C12|OR4K5|OR5AK2|OR5D14|PGR|PPP2R1A|PPP2R1B|PTGER1
 KEGG:hsa04740	Olfactory transduction	0.000114559234949	0.0338379	OR10G7|OR10S1|OR1D2|OR4C12|OR4K5|OR5AK2|OR5D14
 REACT:R-HSA-381753	Olfactory Signaling Pathway	0.000144853667531	0.0363467	OR10G7|OR10S1|OR1D2|OR4C12|OR4K5|OR5AK2|OR5D14
 REACT:R-HSA-163767	PP2A-mediated dephosphorylation of key metabolic factors	0.000153815803818	0.0363467	PPP2R1A|PPP2R1B
 REACT:R-HSA-500792	GPCR ligand binding	0.000194229287122	0.041724	ADORA3|ANXA1|GPR31|HRH4|MC3R|MC4R|PTGER1
