 REACT:R-HSA-388396	GPCR downstream signaling	2.31464847289e-11	5.46951e-08	AGTR1|AVPR2|GPR132|HRH4|MC1R|OR10H5|OR2V2|OR51A4|OR5AK2|TSHR
 REACT:R-HSA-372790	Signaling by GPCR	4.17037293587e-10	4.9273e-07	AGTR1|AVPR2|GPR132|HRH4|MC1R|OR10H5|OR2V2|OR51A4|OR5AK2|TSHR
 REACT:R-HSA-373076	Class A/1 (Rhodopsin-like receptors)	8.40274116953e-08	6.61856e-05	AGTR1|AVPR2|GPR132|HRH4|MC1R|TSHR
 REACT:R-HSA-162582	Signal Transduction	3.03391007983e-07	0.000179228	AGTR1|AVPR2|GPR132|HRH4|MC1R|OR10H5|OR2V2|OR51A4|OR5AK2|TSHR
 REACT:R-HSA-500792	GPCR ligand binding	6.42899991798e-07	0.000303835	AGTR1|AVPR2|GPR132|HRH4|MC1R|TSHR
 KEGG:hsa04080	Neuroactive ligand-receptor interaction	1.71987330566e-06	0.000677343	AGTR1|AVPR2|HRH4|MC1R|TSHR
