 KEGG:hsa_M00071	"Glycosphingolipid biosynthesis neolacto-series LacCer => nLc4Cer"	3.72807241744e-08	8.80944e-05	B4GALT2|B4GALT3|B4GALT4
 REACT:R-HSA-425561	Sodium/Calcium exchangers	1.05784400894e-06	0.000793712	SLC8A1|SLC8A2|SLC8A3
 KEGG:hsa00533	Glycosaminoglycan biosynthesis - keratan sulfate	1.34495623516e-06	0.000793712	B4GALT2|B4GALT3|B4GALT4
 REACT:R-HSA-418359	Reduction of cytosolic Ca++ levels	1.34495623516e-06	0.000793712	SLC8A1|SLC8A2|SLC8A3
 REACT:R-HSA-975577	N-Glycan antennae elongation	1.67945831486e-06	0.000793712	B4GALT2|B4GALT3|B4GALT4
 REACT:R-HSA-71387	Metabolism of carbohydrates	5.41247696573e-06	0.00213161	B4GALT2|B4GALT3|B4GALT4|NAGLU|NUP107|SI
 REACT:R-HSA-975576	N-glycan antennae elongation in the medial/trans-Golgi	9.48819712698e-06	0.00313239	B4GALT2|B4GALT3|B4GALT4
 KEGG:hsa00601	Glycosphingolipid biosynthesis - lacto and neolacto series	1.06631395638e-05	0.00313239	B4GALT2|B4GALT3|B4GALT4
 REACT:R-HSA-2022854	Keratan sulfate biosynthesis	1.19303769724e-05	0.00313239	B4GALT2|B4GALT3|B4GALT4
 REACT:R-HSA-418360	Platelet calcium homeostasis	1.63188256057e-05	0.00385614	SLC8A1|SLC8A2|SLC8A3
 REACT:R-HSA-1638074	Keratan sulfate/keratin metabolism	1.97666720815e-05	0.00424624	B4GALT2|B4GALT3|B4GALT4
 REACT:R-HSA-1630316	Glycosaminoglycan metabolism	4.27505291923e-05	0.00841829	B4GALT2|B4GALT3|B4GALT4|NAGLU
 REACT:R-HSA-446210	Synthesis of UDP-N-acetyl-glucosamine	7.09014092136e-05	0.0126337	NAGK|RENBP
 REACT:R-HSA-446203	Asparagine N-linked glycosylation	7.48502546222e-05	0.0126337	B4GALT2|B4GALT3|B4GALT4|NAGK|RENBP
 REACT:R-HSA-5578775	Ion homeostasis	9.80620794311e-05	0.015448	SLC8A1|SLC8A2|SLC8A3
 REACT:R-HSA-193692	Regulated proteolysis of p75NTR	0.00011372595038	0.0167959	APH1A|APH1B
 REACT:R-HSA-1980148	Signaling by NOTCH3	0.000138862467395	0.0182296	APH1A|APH1B
 REACT:R-HSA-1980150	Signaling by NOTCH4	0.000138862467395	0.0182296	APH1A|APH1B
 REACT:R-HSA-205043	NRIF signals cell death from the nucleus	0.000264065949595	0.0328415	APH1A|APH1B
 KEGG:hsa_M00075	"N-glycan biosynthesis complex type"	0.00030149468948	0.0339253	B4GALT2|B4GALT3
 KEGG:hsa_M00682	Notch signaling	0.00030149468948	0.0339253	APH1A|APH1B
 KEGG:hsa04974	Protein digestion and absorption	0.000401208509576	0.0425809	SLC8A1|SLC8A2|SLC8A3
 REACT:R-HSA-418346	Platelet homeostasis	0.00041445636916	0.0425809	SLC8A1|SLC8A2|SLC8A3
