 REACT:R-HSA-372790	Signaling by GPCR	0.0	0	AGTR1|AVPR2|CCR2|CCR5|CX3CR1|GPR132|GPR31|OR10H5|OR10S1|OR4K5|PTGER1|PTGER3
 REACT:R-HSA-373076	Class A/1 (Rhodopsin-like receptors)	0.0	0	AGTR1|AVPR2|CCR2|CCR5|CX3CR1|GPR132|GPR31|PTGER1|PTGER3
 REACT:R-HSA-500792	GPCR ligand binding	3.20555804123e-11	2.52491e-08	AGTR1|AVPR2|CCR2|CCR5|CX3CR1|GPR132|GPR31|PTGER1|PTGER3
 REACT:R-HSA-388396	GPCR downstream signaling	1.43525014096e-09	8.47874e-07	AGTR1|AVPR2|CCR2|CCR5|GPR132|OR10H5|OR10S1|OR4K5|PTGER1|PTGER3
 REACT:R-HSA-162582	Signal Transduction	1.50190135884e-08	7.09799e-06	AGTR1|AVPR2|CCR2|CCR5|CX3CR1|GPR132|GPR31|OR10H5|OR10S1|OR4K5|PTGER1|PTGER3
 REACT:R-HSA-375276	Peptide ligand-binding receptors	7.69674262546e-07	0.000303123	AGTR1|AVPR2|CCR2|CCR5|CX3CR1
 REACT:R-HSA-380108	Chemokine receptors bind chemokines	1.42957942145e-05	0.00482585	CCR2|CCR5|CX3CR1
 REACT:R-HSA-391908	Prostanoid ligand receptors	3.52490125903e-05	0.0104117	PTGER1|PTGER3
 REACT:R-HSA-391903	Eicosanoid ligand-binding receptors	0.000102455259436	0.0269002	PTGER1|PTGER3
 KEGG:hsa04080	Neuroactive ligand-receptor interaction	0.00013592859577	0.0321199	AGTR1|AVPR2|PTGER1|PTGER3
