 REACT:R-HSA-163560	Hormone-sensitive lipase (HSL)-mediated triacylglycerol hydrolysis	7.95247201424e-11	1.87917e-07	FABP2|FABP3|FABP4|FABP5|FABP7|FABP9
 REACT:R-HSA-162582	Signal Transduction	2.15863882325e-09	2.55043e-06	ADORA3|BTRC|CRABP1|CRABP2|FABP5|GNB4|GPR132|GPR31|HRH4|NUP43|OR10G7|OR10J1|OR10J5|OR10S1|OR1D2|OR1L1|OR4K5|OR52W1|OR5AK2|OR5H6|PAFAH1B1|PTGER1|PTGER3|RBBP5|RBP1|RBP2|RPTOR|TLE4
 REACT:R-HSA-388396	GPCR downstream signaling	2.96003551892e-07	0.000233152	ADORA3|GNB4|GPR132|HRH4|OR10G7|OR10J1|OR10J5|OR10S1|OR1D2|OR1L1|OR4K5|OR52W1|OR5AK2|OR5H6|PTGER1|PTGER3
 KEGG:hsa04740	Olfactory transduction	2.16048193002e-06	0.00112795	OR10G7|OR10J1|OR10J5|OR10S1|OR1D2|OR1L1|OR4K5|OR52W1|OR5AK2|OR5H6
 REACT:R-HSA-372790	Signaling by GPCR	2.38669749519e-06	0.00112795	ADORA3|GNB4|GPR132|GPR31|HRH4|OR10G7|OR10J1|OR10J5|OR10S1|OR1D2|OR1L1|OR4K5|OR52W1|OR5AK2|OR5H6|PTGER1|PTGER3
 REACT:R-HSA-381753	Olfactory Signaling Pathway	3.02956178699e-06	0.00119314	OR10G7|OR10J1|OR10J5|OR10S1|OR1D2|OR1L1|OR4K5|OR52W1|OR5AK2|OR5H6
 REACT:R-HSA-73923	"Lipid digestion mobilization and transport"	3.78688206359e-06	0.00127834	FABP2|FABP3|FABP4|FABP5|FABP7|FABP9
 KEGG:hsa03320	PPAR signaling pathway	6.44437275532e-06	0.00190351	FABP2|FABP3|FABP4|FABP5|FABP7
 REACT:R-HSA-5684264	MAP3K8 (TPL2)-dependent MAPK1/3 activation	2.57719103587e-05	0.00676656	BTRC|FBXW11|TNIP2
 KEGG:hsa_M00380	SCF-BTRC complex	0.000133555459915	0.0315592	BTRC|FBXW11
