 REACT:R-HSA-162582	Signal Transduction	2.63003311352e-08	6.21477e-05	AGTR1|AVPR2|BTRC|CCR2|CCR5|CX3CR1|GNB4|GPR132|GPR31|NUP43|OR10H5|OR10S1|OR4K5|PAFAH1B1|PPP2R1A|PPP2R1B|PSEN2|PTGER1|PTGER3|RBBP5|RPTOR|TLE4
 REACT:R-HSA-373076	Class A/1 (Rhodopsin-like receptors)	1.41046639146e-07	0.000166647	AGTR1|AVPR2|CCR2|CCR5|CX3CR1|GPR132|GPR31|PTGER1|PTGER3
 REACT:R-HSA-500792	GPCR ligand binding	2.29236338245e-07	0.000180562	AGTR1|AVPR2|CCR2|CCR5|CX3CR1|GNB4|GPR132|GPR31|PTGER1|PTGER3
 REACT:R-HSA-372790	Signaling by GPCR	6.88272145499e-07	0.000406597	AGTR1|AVPR2|CCR2|CCR5|CX3CR1|GNB4|GPR132|GPR31|OR10H5|OR10S1|OR4K5|PPP2R1A|PPP2R1B|PTGER1|PTGER3
 REACT:R-HSA-2565942	Regulation of PLK1 Activity at G2/M Transition	4.31163331516e-06	0.00203768	BTRC|FBXW11|NEDD1|PAFAH1B1|PPP2R1A
 REACT:R-HSA-69275	G2/M Transition	8.91952293214e-06	0.00320554	BTRC|FBXW11|NEDD1|PAFAH1B1|PPP2R1A|PPP2R1B
 REACT:R-HSA-453274	Mitotic G2-G2/M phases	9.49587661392e-06	0.00320554	BTRC|FBXW11|NEDD1|PAFAH1B1|PPP2R1A|PPP2R1B
 REACT:R-HSA-450294	MAP kinase activation in TLR cascade	2.70913733132e-05	0.00800211	BTRC|FBXW11|PPP2R1A|PPP2R1B
 REACT:R-HSA-388396	GPCR downstream signaling	5.11848706473e-05	0.0116893	AGTR1|AVPR2|CCR2|CCR5|GNB4|GPR132|OR10H5|OR10S1|OR4K5|PTGER1|PTGER3
 REACT:R-HSA-69278	"Cell Cycle Mitotic"	5.80956359205e-05	0.0116893	BTRC|FBXW11|FZR1|NEDD1|NUP43|PAFAH1B1|PPP2R1A|PPP2R1B
 KEGG:hsa04390	Hippo signaling pathway	5.8544563598e-05	0.0116893	BTRC|FBXW11|LLGL2|PPP2R1A|PPP2R1B
 KEGG:hsa_M00380	SCF-BTRC complex	7.3499022463e-05	0.0116893	BTRC|FBXW11
 REACT:R-HSA-195253	Degradation of beta-catenin by the destruction complex	7.55259000149e-05	0.0116893	BTRC|PPP2R1A|PPP2R1B|TLE4
 REACT:R-HSA-168142	Toll Like Receptor 10 (TLR10) Cascade	7.91489734129e-05	0.0116893	BTRC|FBXW11|PPP2R1A|PPP2R1B
 REACT:R-HSA-168176	Toll Like Receptor 5 (TLR5) Cascade	7.91489734129e-05	0.0116893	BTRC|FBXW11|PPP2R1A|PPP2R1B
 REACT:R-HSA-975871	MyD88 cascade initiated on plasma membrane	7.91489734129e-05	0.0116893	BTRC|FBXW11|PPP2R1A|PPP2R1B
 REACT:R-HSA-975138	TRAF6 mediated induction of NFkB and MAP kinases upon TLR7/8 or 9 activation	0.000108160026466	0.0125333	BTRC|FBXW11|PPP2R1A|PPP2R1B
 REACT:R-HSA-168181	Toll Like Receptor 7/8 (TLR7/8) Cascade	0.000117702416715	0.0125333	BTRC|FBXW11|PPP2R1A|PPP2R1B
 REACT:R-HSA-975155	MyD88 dependent cascade initiated on endosome	0.000117702416715	0.0125333	BTRC|FBXW11|PPP2R1A|PPP2R1B
 REACT:R-HSA-166058	MyD88:Mal cascade initiated on plasma membrane	0.000127841926175	0.0125333	BTRC|FBXW11|PPP2R1A|PPP2R1B
 REACT:R-HSA-168179	Toll Like Receptor TLR1:TLR2 Cascade	0.000127841926175	0.0125333	BTRC|FBXW11|PPP2R1A|PPP2R1B
 REACT:R-HSA-168188	Toll Like Receptor TLR6:TLR2 Cascade	0.000127841926175	0.0125333	BTRC|FBXW11|PPP2R1A|PPP2R1B
 REACT:R-HSA-181438	Toll Like Receptor 2 (TLR2) Cascade	0.000127841926175	0.0125333	BTRC|FBXW11|PPP2R1A|PPP2R1B
 REACT:R-HSA-168138	Toll Like Receptor 9 (TLR9) Cascade	0.000138600883387	0.0125333	BTRC|FBXW11|PPP2R1A|PPP2R1B
 REACT:R-HSA-166166	MyD88-independent TLR3/TLR4 cascade	0.000150001765571	0.0125333	BTRC|FBXW11|PPP2R1A|PPP2R1B
 REACT:R-HSA-168164	Toll Like Receptor 3 (TLR3) Cascade	0.000150001765571	0.0125333	BTRC|FBXW11|PPP2R1A|PPP2R1B
 REACT:R-HSA-937061	TRIF-mediated TLR3/TLR4 signaling	0.000150001765571	0.0125333	BTRC|FBXW11|PPP2R1A|PPP2R1B
 REACT:R-HSA-375276	Peptide ligand-binding receptors	0.000150341754263	0.0125333	AGTR1|AVPR2|CCR2|CCR5|CX3CR1
 REACT:R-HSA-163767	PP2A-mediated dephosphorylation of key metabolic factors	0.000153815803818	0.0125333	PPP2R1A|PPP2R1B
 REACT:R-HSA-2500257	Resolution of Sister Chromatid Cohesion	0.000174820433457	0.01377	NUP43|PAFAH1B1|PPP2R1A|PPP2R1B
 REACT:R-HSA-1640170	Cell Cycle	0.000217300369158	0.0161724	BTRC|FBXW11|FZR1|NEDD1|NUP43|PAFAH1B1|PPP2R1A|PPP2R1B
 REACT:R-HSA-3769402	Deactivation of the beta-catenin transactivating complex	0.000219009016952	0.0161724	BTRC|RBBP5|TLE4
 REACT:R-HSA-68877	Mitotic Prometaphase	0.00023317523733	0.0166968	NUP43|PAFAH1B1|PPP2R1A|PPP2R1B
 REACT:R-HSA-391908	Prostanoid ligand receptors	0.000262775390549	0.0178606	PTGER1|PTGER3
 REACT:R-HSA-166054	Activated TLR4 signalling	0.000267089917616	0.0178606	BTRC|FBXW11|PPP2R1A|PPP2R1B
 REACT:R-HSA-195721	Signaling by Wnt	0.000272104229781	0.0178606	BTRC|GNB4|PPP2R1A|PPP2R1B|RBBP5|TLE4
 REACT:R-HSA-5663220	RHO GTPases Activate Formins	0.000285315845791	0.0182217	NUP43|PAFAH1B1|PPP2R1A|PPP2R1B
 REACT:R-HSA-380108	Chemokine receptors bind chemokines	0.000304079146546	0.0189089	CCR2|CCR5|CX3CR1
 REACT:R-HSA-2465910	MASTL Facilitates Mitotic Progression	0.000327902855198	0.0198675	PPP2R1A|PPP2R1B
 KEGG:hsa04114	Oocyte meiosis	0.000356184713701	0.0210416	BTRC|FBXW11|PPP2R1A|PPP2R1B
 REACT:R-HSA-166016	Toll Like Receptor 4 (TLR4) Cascade	0.000378557470013	0.0218178	BTRC|FBXW11|PPP2R1A|PPP2R1B
 REACT:R-HSA-201681	TCF dependent signaling in response to WNT	0.000448483708306	0.0252325	BTRC|PPP2R1A|PPP2R1B|RBBP5|TLE4
 REACT:R-HSA-113501	Inhibition of replication initiation of damaged DNA by RB1/E2F1	0.000565430676567	0.0303662	PPP2R1A|PPP2R1B
 REACT:R-HSA-202670	ERKs are inactivated	0.000565430676567	0.0303662	PPP2R1A|PPP2R1B
 REACT:R-HSA-4839735	"AXIN mutants destabilize the destruction complex activating WNT signaling"	0.000658532251833	0.0311222	PPP2R1A|PPP2R1B
 REACT:R-HSA-4839744	truncated APC mutants destabilize the destruction complex	0.000658532251833	0.0311222	PPP2R1A|PPP2R1B
 REACT:R-HSA-4839748	AMER1 mutants destabilize the destruction complex	0.000658532251833	0.0311222	PPP2R1A|PPP2R1B
 REACT:R-HSA-5467337	APC truncation mutants have impaired AXIN binding	0.000658532251833	0.0311222	PPP2R1A|PPP2R1B
 REACT:R-HSA-5467340	AXIN missense mutants destabilize the destruction complex	0.000658532251833	0.0311222	PPP2R1A|PPP2R1B
 REACT:R-HSA-5467348	Truncations of AMER1 destabilize the destruction complex	0.000658532251833	0.0311222	PPP2R1A|PPP2R1B
 REACT:R-HSA-391903	Eicosanoid ligand-binding receptors	0.00075853567767	0.031446	PTGER1|PTGER3
 REACT:R-HSA-4839743	phosphorylation site mutants of CTNNB1 are not targeted to the proteasome by the destruction complex	0.00075853567767	0.031446	PPP2R1A|PPP2R1B
 REACT:R-HSA-5339716	Misspliced GSK3beta mutants stabilize beta-catenin	0.00075853567767	0.031446	PPP2R1A|PPP2R1B
 REACT:R-HSA-5358747	S33 mutants of beta-catenin aren't phosphorylated	0.00075853567767	0.031446	PPP2R1A|PPP2R1B
 REACT:R-HSA-5358749	S37 mutants of beta-catenin aren't phosphorylated	0.00075853567767	0.031446	PPP2R1A|PPP2R1B
 REACT:R-HSA-5358751	S45 mutants of beta-catenin aren't phosphorylated	0.00075853567767	0.031446	PPP2R1A|PPP2R1B
 REACT:R-HSA-5358752	T41 mutants of beta-catenin aren't phosphorylated	0.00075853567767	0.031446	PPP2R1A|PPP2R1B
 REACT:R-HSA-168898	Toll-Like Receptors Cascades	0.000787897156045	0.0321	BTRC|FBXW11|PPP2R1A|PPP2R1B
 REACT:R-HSA-5684264	MAP3K8 (TPL2)-dependent MAPK1/3 activation	0.000865404428691	0.0346602	BTRC|FBXW11
 REACT:R-HSA-196299	Beta-catenin phosphorylation cascade	0.000979102216453	0.0375993	PPP2R1A|PPP2R1B
 REACT:R-HSA-432142	Platelet sensitization by LDL	0.000979102216453	0.0375993	PPP2R1A|PPP2R1B
 REACT:R-HSA-380259	Loss of Nlp from mitotic centrosomes	0.00100243638929	0.0375993	NEDD1|PAFAH1B1|PPP2R1A
 REACT:R-HSA-380284	Loss of proteins required for interphase microtubule organization from the centrosome	0.00100243638929	0.0375993	NEDD1|PAFAH1B1|PPP2R1A
 REACT:R-HSA-2467813	Separation of Sister Chromatids	0.00111660788404	0.0410295	NUP43|PAFAH1B1|PPP2R1A|PPP2R1B
 REACT:R-HSA-8854518	AURKA Activation by TPX2	0.0011286144074	0.0410295	NEDD1|PAFAH1B1|PPP2R1A
 REACT:R-HSA-881907	Gastrin-CREB signalling pathway via PKC and MAPK	0.00117294579567	0.041995	AGTR1|GNB4|GPR132|PPP2R1A|PPP2R1B|PTGER1
 REACT:R-HSA-68882	Mitotic Anaphase	0.00141193980859	0.049317	NUP43|PAFAH1B1|PPP2R1A|PPP2R1B
 REACT:R-HSA-2555396	Mitotic Metaphase and Anaphase	0.00144124369394	0.049317	NUP43|PAFAH1B1|PPP2R1A|PPP2R1B
 REACT:R-HSA-380270	Recruitment of mitotic centrosome proteins and complexes	0.00146093637837	0.049317	NEDD1|PAFAH1B1|PPP2R1A
 REACT:R-HSA-380287	Centrosome maturation	0.00146093637837	0.049317	NEDD1|PAFAH1B1|PPP2R1A
 KEGG:hsa04062	Chemokine signaling pathway	0.00150112528967	0.04996	CCR2|CCR5|CX3CR1|GNB4
