 REACT:R-HSA-2453902	The canonical retinoid cycle in rods (twilight vision)	0.0	0	LRAT|RBP1|RBP3|RBP4|RDH11|RDH12|RDH8|RLBP1|RPE65
 REACT:R-HSA-383280	Nuclear Receptor transcription pathway	1.37041933357e-10	1.61915e-07	AR|NR0B1|NR1I2|NR1I3|NR3C1|NR3C2|NR4A3|PGR|VDR
 KEGG:hsa_M00415	"Fatty acid biosynthesis elongation endoplasmic reticulum"	2.76155930345e-08	2.17519e-05	ELOVL1|ELOVL3|ELOVL4|ELOVL5|ELOVL7
 REACT:R-HSA-2187338	Visual phototransduction	6.53766788483e-08	3.86213e-05	LRAT|RBP1|RBP3|RBP4|RDH11|RDH12|RDH8|RLBP1|RPE65
 KEGG:hsa00062	Fatty acid elongation	1.06145667444e-06	0.000501644	ELOVL1|ELOVL3|ELOVL4|ELOVL5|ELOVL7
 REACT:R-HSA-75876	Synthesis of very long-chain fatty acyl-CoAs	1.92856615366e-06	0.000759534	ELOVL1|ELOVL3|ELOVL4|ELOVL5|ELOVL7
 KEGG:hsa00830	Retinol metabolism	9.31199200183e-06	0.00314346	LRAT|RDH11|RDH12|RDH8|RETSAT|RPE65
 REACT:R-HSA-216083	Integrin cell surface interactions	1.21169735348e-05	0.00357905	ITGB1|ITGB2|ITGB3|ITGB5|ITGB6|ITGB7
 KEGG:hsa05412	Arrhythmogenic right ventricular cardiomyopathy (ARVC)	1.68818200476e-05	0.00443242	ITGB1|ITGB3|ITGB5|ITGB6|ITGB7|SLC8A1
 REACT:R-HSA-2453864	Retinoid cycle disease events	3.43952779789e-05	0.00738873	RBP1|RBP4|RLBP1
 REACT:R-HSA-2474795	Diseases associated with visual transduction	3.43952779789e-05	0.00738873	RBP1|RBP4|RLBP1
 KEGG:hsa05410	Hypertrophic cardiomyopathy (HCM)	3.81529408042e-05	0.00751295	ITGB1|ITGB3|ITGB5|ITGB6|ITGB7|SLC8A1
 REACT:R-HSA-6806667	Metabolism of fat-soluble vitamins	4.85077333489e-05	0.00824792	GC|LRAT|RBP1|RBP4|RDH11
 REACT:R-HSA-2046105	Linoleic acid (LA) metabolism	4.88662217554e-05	0.00824792	ELOVL1|ELOVL3|ELOVL5
 REACT:R-HSA-75105	Fatty Acyl-CoA Biosynthesis	5.31398974699e-05	0.00836537	ELOVL1|ELOVL3|ELOVL4|ELOVL5|ELOVL7
 KEGG:hsa05414	Dilated cardiomyopathy	5.66423955085e-05	0.00836537	ITGB1|ITGB3|ITGB5|ITGB6|ITGB7|SLC8A1
 REACT:R-HSA-2129379	Molecules associated with elastic fibres	8.35356024215e-05	0.0116114	ITGB1|ITGB3|ITGB5|ITGB6
 REACT:R-HSA-425561	Sodium/Calcium exchangers	0.000114556985921	0.0150388	SLC8A1|SLC8A2|SLC8A3
 REACT:R-HSA-418359	Reduction of cytosolic Ca++ levels	0.000144999911037	0.0180334	SLC8A1|SLC8A2|SLC8A3
 REACT:R-HSA-2046104	alpha-linolenic (omega3) and linoleic (omega6) acid metabolism	0.000180255849589	0.0202831	ELOVL1|ELOVL3|ELOVL5
 REACT:R-HSA-2046106	alpha-linolenic acid (ALA) metabolism	0.000180255849589	0.0202831	ELOVL1|ELOVL3|ELOVL5
 REACT:R-HSA-1566948	Elastic fibre formation	0.000278839711064	0.0299499	ITGB1|ITGB3|ITGB5|ITGB6
 REACT:R-HSA-1236394	Signaling by ERBB4	0.000305667265911	0.031404	APH1A|APH1B|ERBB3|PGR
 REACT:R-HSA-975634	Retinoid metabolism and transport	0.000334297059013	0.0329143	LRAT|RBP1|RBP4|RDH11
 REACT:R-HSA-75109	Triglyceride Biosynthesis	0.000366630009124	0.0346539	ELOVL1|ELOVL3|ELOVL4|ELOVL5|ELOVL7
 KEGG:hsa04512	ECM-receptor interaction	0.000388124818758	0.0352746	ITGB1|ITGB3|ITGB5|ITGB6|ITGB7
 REACT:R-HSA-3000170	Syndecan interactions	0.000439391584285	0.0384549	ITGB1|ITGB3|ITGB5
