 REACT:R-HSA-156590	Glutathione conjugation	2.52996792405e-08	5.97831e-05	GSTA2|GSTA3|GSTA4|GSTM3|GSTM5
 KEGG:hsa00480	Glutathione metabolism	1.3578644753e-07	0.000160432	GSTA2|GSTA3|GSTA4|GSTM3|GSTM5
 KEGG:hsa00982	Drug metabolism - cytochrome P450	4.71165076954e-07	0.00029573	GSTA2|GSTA3|GSTA4|GSTM3|GSTM5
 KEGG:hsa00980	Metabolism of xenobiotics by cytochrome P450	6.25751495398e-07	0.00029573	GSTA2|GSTA3|GSTA4|GSTM3|GSTM5
 KEGG:hsa01524	Platinum drug resistance	6.25751495398e-07	0.00029573	GSTA2|GSTA3|GSTA4|GSTM3|GSTM5
 KEGG:hsa05204	Chemical carcinogenesis	1.12059660295e-06	0.000441328	GSTA2|GSTA3|GSTA4|GSTM3|GSTM5
 REACT:R-HSA-156580	Phase II conjugation	4.19610915503e-06	0.00141649	GSTA2|GSTA3|GSTA4|GSTM3|GSTM5
 KEGG:hsa05418	Fluid shear stress and atherosclerosis	1.67290507083e-05	0.00494134	GSTA2|GSTA3|GSTA4|GSTM3|GSTM5
 REACT:R-HSA-211859	Biological oxidations	0.000144169150131	0.0378524	GSTA2|GSTA3|GSTA4|GSTM3|GSTM5
