 REACT:R-HSA-2453902	The canonical retinoid cycle in rods (twilight vision)	0.0	0	LRAT|RBP1|RBP3|RBP4|RDH11|RDH12|RDH8|RLBP1|RPE65
 REACT:R-HSA-388396	GPCR downstream signaling	0.0	0	ADORA3|AVPR2|HRH4|KALRN|MC3R|MC4R|OR10J1|OR11L1|OR12D3|OR1C1|OR1E2|OR1F1|OR1J1|OR1N1|OR1S2|OR2T2|OR2T33|OR2W3|OR4C12|OR4C3|OR4K2|OR4X2|OR52W1|OR5AK2|OR5B12|OR5R1|OR7C1|OR7C2|OR7D2|OR8G1|PTGER1|PTGER3|TBXA2R
 KEGG:hsa04740	Olfactory transduction	7.92477194977e-12	6.00509e-09	OR10J1|OR11L1|OR12D3|OR1C1|OR1E2|OR1F1|OR1J1|OR1N1|OR1S2|OR2T2|OR2T33|OR2W3|OR4C12|OR4C3|OR4K2|OR4X2|OR52W1|OR5AK2|OR5B12|OR5R1|OR7C1|OR7C2|OR7D2|OR8G1|SLC8A1|SLC8A2|SLC8A3
 REACT:R-HSA-381753	Olfactory Signaling Pathway	1.01652020135e-11	6.00509e-09	OR10J1|OR11L1|OR12D3|OR1C1|OR1E2|OR1F1|OR1J1|OR1N1|OR1S2|OR2T2|OR2T33|OR2W3|OR4C12|OR4C3|OR4K2|OR4X2|OR52W1|OR5AK2|OR5B12|OR5R1|OR7C1|OR7C2|OR7D2|OR8G1
 REACT:R-HSA-372790	Signaling by GPCR	5.5500049001e-10	2.62293e-07	ADORA3|AVPR2|HRH4|ITGB3|KALRN|MC3R|MC4R|OR10J1|OR11L1|OR12D3|OR1C1|OR1E2|OR1F1|OR1J1|OR1N1|OR1S2|OR2T2|OR2T33|OR2W3|OR4C12|OR4C3|OR4K2|OR4X2|OR52W1|OR5AK2|OR5B12|OR5R1|OR7C1|OR7C2|OR7D2|OR8G1|PTGER1|PTGER3|TBXA2R
 REACT:R-HSA-162582	Signal Transduction	1.42207789988e-09	5.60062e-07	ADORA3|AVPR2|CRABP1|HRH4|ITGB1|ITGB3|KALRN|LRAT|MC3R|MC4R|OR10J1|OR11L1|OR12D3|OR1C1|OR1E2|OR1F1|OR1J1|OR1N1|OR1S2|OR2T2|OR2T33|OR2W3|OR4C12|OR4C3|OR4K2|OR4X2|OR52W1|OR5AK2|OR5B12|OR5R1|OR7C1|OR7C2|OR7D2|OR8G1|PGR|PTGER1|PTGER3|RBP1|RBP3|RBP4|RDH11|RDH12|RDH13|RDH14|RDH8|RLBP1|RPE65|TBXA2R
 KEGG:hsa_M00415	"Fatty acid biosynthesis elongation endoplasmic reticulum"	4.06984543844e-08	1.37386e-05	ELOVL1|ELOVL3|ELOVL4|ELOVL5|ELOVL7
 REACT:R-HSA-2187338	Visual phototransduction	1.27881443546e-07	3.7773e-05	LRAT|RBP1|RBP3|RBP4|RDH11|RDH12|RDH8|RLBP1|RPE65
 KEGG:hsa00062	Fatty acid elongation	1.55408132019e-06	0.000408033	ELOVL1|ELOVL3|ELOVL4|ELOVL5|ELOVL7
 REACT:R-HSA-75876	Synthesis of very long-chain fatty acyl-CoAs	2.81940871116e-06	0.000666226	ELOVL1|ELOVL3|ELOVL4|ELOVL5|ELOVL7
 REACT:R-HSA-383280	Nuclear Receptor transcription pathway	3.46303794663e-06	0.000743924	NR0B1|NR1I2|NR1I3|NR4A3|PGR|VDR
 KEGG:hsa00830	Retinol metabolism	1.44841240201e-05	0.00285217	LRAT|RDH11|RDH12|RDH8|RETSAT|RPE65
 REACT:R-HSA-216083	Integrin cell surface interactions	1.88179575003e-05	0.00342053	ITGB1|ITGB2|ITGB3|ITGB5|ITGB6|ITGB7
 KEGG:hsa05412	Arrhythmogenic right ventricular cardiomyopathy (ARVC)	2.61640123307e-05	0.00441611	ITGB1|ITGB3|ITGB5|ITGB6|ITGB7|SLC8A1
 REACT:R-HSA-5365859	RA biosynthesis pathway	3.33097839004e-05	0.0052474	CRABP1|RDH11|RDH13|RDH14
 REACT:R-HSA-2453864	Retinoid cycle disease events	4.32660580656e-05	0.00567987	RBP1|RBP4|RLBP1
 REACT:R-HSA-2474795	Diseases associated with visual transduction	4.32660580656e-05	0.00567987	RBP1|RBP4|RLBP1
 REACT:R-HSA-391908	Prostanoid ligand receptors	4.32660580656e-05	0.00567987	PTGER1|PTGER3|TBXA2R
 KEGG:hsa05410	Hypertrophic cardiomyopathy (HCM)	5.87976263408e-05	0.00725929	ITGB1|ITGB3|ITGB5|ITGB6|ITGB7|SLC8A1
 REACT:R-HSA-2046105	Linoleic acid (LA) metabolism	6.14412627435e-05	0.00725929	ELOVL1|ELOVL3|ELOVL5
 REACT:R-HSA-6806667	Metabolism of fat-soluble vitamins	7.00303177152e-05	0.00788008	GC|LRAT|RBP1|RBP4|RDH11
 REACT:R-HSA-75105	Fatty Acyl-CoA Biosynthesis	7.6679424021e-05	0.00823607	ELOVL1|ELOVL3|ELOVL4|ELOVL5|ELOVL7
 KEGG:hsa05414	Dilated cardiomyopathy	8.70237951668e-05	0.00894075	ITGB1|ITGB3|ITGB5|ITGB6|ITGB7|SLC8A1
 REACT:R-HSA-2129379	Molecules associated with elastic fibres	0.00011256534039	0.011083	ITGB1|ITGB3|ITGB5|ITGB6
 REACT:R-HSA-425561	Sodium/Calcium exchangers	0.000143840945897	0.0135958	SLC8A1|SLC8A2|SLC8A3
 REACT:R-HSA-192105	Synthesis of bile acids and bile salts	0.000162817845599	0.0147976	OSBPL3|OSBPL6|OSBPL7|OSBPL9
 REACT:R-HSA-418359	Reduction of cytosolic Ca++ levels	0.000181983554648	0.0159269	SLC8A1|SLC8A2|SLC8A3
 REACT:R-HSA-2046104	alpha-linolenic (omega3) and linoleic (omega6) acid metabolism	0.000226129558272	0.0178115	ELOVL1|ELOVL3|ELOVL5
 REACT:R-HSA-2046106	alpha-linolenic acid (ALA) metabolism	0.000226129558272	0.0178115	ELOVL1|ELOVL3|ELOVL5
 REACT:R-HSA-391903	Eicosanoid ligand-binding receptors	0.000226129558272	0.0178115	PTGER1|PTGER3|TBXA2R
 REACT:R-HSA-1566948	Elastic fibre formation	0.000373764538196	0.0284905	ITGB1|ITGB3|ITGB5|ITGB6
 REACT:R-HSA-194068	Bile acid and bile salt metabolism	0.000409529206386	0.0293248	OSBPL3|OSBPL6|OSBPL7|OSBPL9
 REACT:R-HSA-5362517	Signaling by Retinoic Acid	0.000409529206386	0.0293248	CRABP1|RDH11|RDH13|RDH14
 REACT:R-HSA-975634	Retinoid metabolism and transport	0.000447673170176	0.0311133	LRAT|RBP1|RBP4|RDH11
 REACT:R-HSA-75109	Triglyceride Biosynthesis	0.000521985788722	0.0352415	ELOVL1|ELOVL3|ELOVL4|ELOVL5|ELOVL7
 REACT:R-HSA-3000170	Syndecan interactions	0.000549971131703	0.0352736	ITGB1|ITGB3|ITGB5
 KEGG:hsa04512	ECM-receptor interaction	0.000552315597794	0.0352736	ITGB1|ITGB3|ITGB5|ITGB6|ITGB7
 KEGG:hsa04020	Calcium signaling pathway	0.000702164319431	0.0436635	ORAI3|PTGER1|PTGER3|SLC8A1|SLC8A2|SLC8A3|TBXA2R
 REACT:R-HSA-1482801	Acyl chain remodelling of PS	0.000734171599129	0.0444833	OSBPL10|OSBPL5|OSBPL8
