 KEGG:hsa04740	Olfactory transduction	0.0	0	OR10G4|OR10G7|OR10G8|OR10G9|OR10H3|OR10H4|OR10H5|OR10J1|OR10J5|OR11A1|OR11L1|OR12D3|OR14A16|OR14I1|OR1A2|OR1C1|OR1D2|OR1D5|OR1E1|OR1E2|OR1F1|OR1J1|OR1J4|OR1K1|OR1L4|OR1M1|OR1N1|OR1S2|OR2A12|OR2A14|OR2A2|OR2B6|OR2D3|OR2G3|OR2G6|OR2T10|OR2T12|OR2T2|OR2T33|OR2V2|OR2W3|OR3A3|OR4A16|OR4C12|OR4C3|OR4K15|OR4K2|OR4N5|OR4S1|OR4X2|OR52M1|OR52W1|OR5AK2|OR5AS1|OR5B12|OR5D13|OR5D14|OR5H6|OR5M9|OR5R1|OR6C4|OR7A5|OR7C1|OR7C2|OR7D2|OR8D1|OR8G1|OR9A2|OR9A4|SLC8A1|SLC8A2|SLC8A3
 REACT:R-HSA-372790	Signaling by GPCR	0.0	0	ADORA3|ANXA1|AVPR2|CSF2RA|GPR31|GRP|HRH4|ITGB3|KALRN|MC1R|MC3R|MC4R|OR10G4|OR10G7|OR10G8|OR10G9|OR10H3|OR10H4|OR10H5|OR10J1|OR10J5|OR11A1|OR11L1|OR12D3|OR14A16|OR14I1|OR1A2|OR1C1|OR1D2|OR1D5|OR1E1|OR1E2|OR1F1|OR1J1|OR1J4|OR1K1|OR1L4|OR1M1|OR1N1|OR1S2|OR2A12|OR2A14|OR2A2|OR2B6|OR2D3|OR2G3|OR2G6|OR2T10|OR2T12|OR2T2|OR2T33|OR2T35|OR2V2|OR2W3|OR3A3|OR4A16|OR4C12|OR4C3|OR4K15|OR4K2|OR4N5|OR4S1|OR4X2|OR52M1|OR52W1|OR5AK2|OR5AS1|OR5B12|OR5D13|OR5D14|OR5H6|OR5M9|OR5R1|OR6C4|OR7A5|OR7C1|OR7C2|OR7D2|OR8D1|OR8G1|OR9A2|OR9A4|PPP2R1A|PPP2R1B|PTGER1|PTGER3|TBXA2R
 REACT:R-HSA-388396	GPCR downstream signaling	0.0	0	ADORA3|ANXA1|AVPR2|CSF2RA|GRP|HRH4|KALRN|MC1R|MC3R|MC4R|OR10G4|OR10G7|OR10G8|OR10G9|OR10H3|OR10H4|OR10H5|OR10J1|OR10J5|OR11A1|OR11L1|OR12D3|OR14A16|OR14I1|OR1A2|OR1C1|OR1D2|OR1D5|OR1E1|OR1E2|OR1F1|OR1J1|OR1J4|OR1K1|OR1L4|OR1M1|OR1N1|OR1S2|OR2A12|OR2A14|OR2A2|OR2B6|OR2D3|OR2G3|OR2G6|OR2T10|OR2T12|OR2T2|OR2T33|OR2T35|OR2V2|OR2W3|OR3A3|OR4A16|OR4C12|OR4C3|OR4K15|OR4K2|OR4N5|OR4S1|OR4X2|OR52M1|OR52W1|OR5AK2|OR5AS1|OR5B12|OR5D13|OR5D14|OR5H6|OR5M9|OR5R1|OR6C4|OR7A5|OR7C1|OR7C2|OR7D2|OR8D1|OR8G1|OR9A2|OR9A4|PTGER1|PTGER3|TBXA2R
 REACT:R-HSA-162582	Signal Transduction	3.71713770875e-12	2.1959e-09	ADORA3|ANXA1|APH1A|APH1B|AR|AVPR2|CRABP1|CRABP2|CSF2RA|FABP5|GPR31|GRP|HRH4|ITGB1|ITGB3|KALRN|LRAT|MC1R|MC3R|MC4R|NR3C1|NUP107|OR10G4|OR10G7|OR10G8|OR10G9|OR10H3|OR10H4|OR10H5|OR10J1|OR10J5|OR11A1|OR11L1|OR12D3|OR14A16|OR14I1|OR1A2|OR1C1|OR1D2|OR1D5|OR1E1|OR1E2|OR1F1|OR1J1|OR1J4|OR1K1|OR1L4|OR1M1|OR1N1|OR1S2|OR2A12|OR2A14|OR2A2|OR2B6|OR2D3|OR2G3|OR2G6|OR2T10|OR2T12|OR2T2|OR2T33|OR2T35|OR2V2|OR2W3|OR3A3|OR4A16|OR4C12|OR4C3|OR4K15|OR4K2|OR4N5|OR4S1|OR4X2|OR52M1|OR52W1|OR5AK2|OR5AS1|OR5B12|OR5D13|OR5D14|OR5H6|OR5M9|OR5R1|OR6C4|OR7A5|OR7C1|OR7C2|OR7D2|OR8D1|OR8G1|OR9A2|OR9A4|PGR|PPP2R1A|PPP2R1B|PTGER1|PTGER3|RBP1|RBP2|RBP3|RBP4|RDH11|RDH12|RDH13|RDH14|RDH8|RLBP1|RPE65|TBXA2R
 REACT:R-HSA-381753	Olfactory Signaling Pathway	1.08237863117e-11	5.11532e-09	OR10G4|OR10G7|OR10G8|OR10G9|OR10H3|OR10H4|OR10H5|OR10J1|OR10J5|OR11A1|OR11L1|OR12D3|OR14A16|OR14I1|OR1A2|OR1C1|OR1D2|OR1D5|OR1E1|OR1E2|OR1F1|OR1J1|OR1J4|OR1K1|OR1L4|OR1M1|OR1N1|OR1S2|OR2A12|OR2A14|OR2A2|OR2B6|OR2D3|OR2G3|OR2G6|OR2T10|OR2T12|OR2T2|OR2T33|OR2T35|OR2V2|OR2W3|OR3A3|OR4A16|OR4C12|OR4C3|OR4K15|OR4K2|OR4N5|OR4S1|OR4X2|OR52M1|OR52W1|OR5AK2|OR5AS1|OR5B12|OR5D13|OR5D14|OR5H6|OR5M9|OR5R1|OR6C4|OR7A5|OR7C1|OR7C2|OR7D2|OR8D1|OR8G1|OR9A2|OR9A4
 REACT:R-HSA-2453902	The canonical retinoid cycle in rods (twilight vision)	3.52785578528e-11	1.38939e-08	LRAT|RBP1|RBP3|RBP4|RDH11|RDH12|RDH8|RLBP1|RPE65
 REACT:R-HSA-383280	Nuclear Receptor transcription pathway	7.13092129789e-09	2.4072e-06	AR|NR0B1|NR1I2|NR1I3|NR2C1|NR3C1|NR3C2|NR4A3|PGR|VDR
 KEGG:hsa_M00415	"Fatty acid biosynthesis elongation endoplasmic reticulum"	2.62970007991e-08	7.76748e-06	ELOVL1|ELOVL3|ELOVL4|ELOVL5|ELOVL7|TECR
 REACT:R-HSA-75876	Synthesis of very long-chain fatty acyl-CoAs	2.34813704703e-07	6.16516e-05	ELOVL1|ELOVL3|ELOVL4|ELOVL5|ELOVL7|TECR|TECRL
 REACT:R-HSA-163560	Hormone-sensitive lipase (HSL)-mediated triacylglycerol hydrolysis	5.40157701234e-07	0.000127639	FABP2|FABP3|FABP4|FABP5|FABP7|FABP9
 KEGG:hsa00062	Fatty acid elongation	2.30676335622e-06	0.000495535	ELOVL1|ELOVL3|ELOVL4|ELOVL5|ELOVL7|TECR
 REACT:R-HSA-2187338	Visual phototransduction	5.32062922076e-06	0.00104772	LRAT|RBP1|RBP2|RBP3|RBP4|RDH11|RDH12|RDH8|RLBP1|RPE65
 REACT:R-HSA-75105	Fatty Acyl-CoA Biosynthesis	2.45980067887e-05	0.00447116	ELOVL1|ELOVL3|ELOVL4|ELOVL5|ELOVL7|TECR|TECRL
 REACT:R-HSA-5362517	Signaling by Retinoic Acid	6.23017517708e-05	0.0105156	CRABP1|CRABP2|FABP5|RDH11|RDH13|RDH14
 REACT:R-HSA-556833	Metabolism of lipids and lipoproteins	0.000120507743935	0.018984	CDIPT|CYP11B1|ELOVL1|ELOVL3|ELOVL4|ELOVL5|ELOVL7|FABP2|FABP3|FABP4|FABP5|FABP7|FABP9|HSD3B7|OSBPL10|OSBPL3|OSBPL5|OSBPL6|OSBPL7|OSBPL8|OSBPL9|PTGR2|SRD5A1|SRD5A2|SRD5A3|TECR|TECRL|TMEM86B
 REACT:R-HSA-192105	Synthesis of bile acids and bile salts	0.000202352087694	0.0285119	HSD3B7|OSBPL3|OSBPL6|OSBPL7|OSBPL9
 REACT:R-HSA-6806667	Metabolism of fat-soluble vitamins	0.000205121364554	0.0285119	GC|LRAT|RBP1|RBP2|RBP4|RDH11
 REACT:R-HSA-2453864	Retinoid cycle disease events	0.000328503830719	0.0376078	RBP1|RBP4|RLBP1
 REACT:R-HSA-2474795	Diseases associated with visual transduction	0.000328503830719	0.0376078	RBP1|RBP4|RLBP1
 REACT:R-HSA-391908	Prostanoid ligand receptors	0.000328503830719	0.0376078	PTGER1|PTGER3|TBXA2R
 REACT:R-HSA-75109	Triglyceride Biosynthesis	0.000334221211967	0.0376078	ELOVL1|ELOVL3|ELOVL4|ELOVL5|ELOVL7|TECR|TECRL
 REACT:R-HSA-2046105	Linoleic acid (LA) metabolism	0.000463695777073	0.0479431	ELOVL1|ELOVL3|ELOVL5
 REACT:R-HSA-5365859	RA biosynthesis pathway	0.000466648967693	0.0479431	CRABP1|RDH11|RDH13|RDH14
