 KEGG:hsa04740	Olfactory transduction	0.0	0	OR10H3|OR10H5|OR10J1|OR10J5|OR11L1|OR12D3|OR14A16|OR1A2|OR1C1|OR1D2|OR1D5|OR1E1|OR1E2|OR1F1|OR1J1|OR1J4|OR1N1|OR1S2|OR2A2|OR2D3|OR2T2|OR4C12|OR4C3|OR4K15|OR4S1|OR52W1|OR5AS1|OR5B12|OR5D13|OR5D14|OR5H6|OR5M9|OR7D2|OR8D1|SLC8A1|SLC8A2|SLC8A3
 REACT:R-HSA-162582	Signal Transduction	0.0	0	ADORA3|ANXA1|APH1A|APH1B|AR|AVPR2|CRABP1|CRABP2|CSF2RA|FABP5|GRP|HRH4|KALRN|LRAT|MC3R|MC4R|NR3C1|NUP107|OR10H3|OR10H5|OR10J1|OR10J5|OR11L1|OR12D3|OR14A16|OR1A2|OR1C1|OR1D2|OR1D5|OR1E1|OR1E2|OR1F1|OR1J1|OR1J4|OR1N1|OR1S2|OR2A2|OR2D3|OR2T2|OR4C12|OR4C3|OR4K15|OR4S1|OR52W1|OR5AS1|OR5B12|OR5D13|OR5D14|OR5H6|OR5M9|OR7D2|OR8D1|PGR|PPP2R1A|PPP2R1B|PTGER1|PTGER3|RBP1|RBP2|RBP3|RBP4|RDH11|RDH12|RDH13|RDH14|RDH8|RLBP1|TBXA2R
 REACT:R-HSA-372790	Signaling by GPCR	0.0	0	ADORA3|ANXA1|AVPR2|CSF2RA|GRP|HRH4|KALRN|MC3R|MC4R|OR10H3|OR10H5|OR10J1|OR10J5|OR11L1|OR12D3|OR14A16|OR1A2|OR1C1|OR1D2|OR1D5|OR1E1|OR1E2|OR1F1|OR1J1|OR1J4|OR1N1|OR1S2|OR2A2|OR2D3|OR2T2|OR4C12|OR4C3|OR4K15|OR4S1|OR52W1|OR5AS1|OR5B12|OR5D13|OR5D14|OR5H6|OR5M9|OR7D2|OR8D1|PPP2R1A|PPP2R1B|PTGER1|PTGER3|TBXA2R
 REACT:R-HSA-381753	Olfactory Signaling Pathway	0.0	0	OR10H3|OR10H5|OR10J1|OR10J5|OR11L1|OR12D3|OR14A16|OR1A2|OR1C1|OR1D2|OR1D5|OR1E1|OR1E2|OR1F1|OR1J1|OR1J4|OR1N1|OR1S2|OR2A2|OR2D3|OR2T2|OR4C12|OR4C3|OR4K15|OR4S1|OR52W1|OR5AS1|OR5B12|OR5D13|OR5D14|OR5H6|OR5M9|OR7D2|OR8D1
 REACT:R-HSA-388396	GPCR downstream signaling	0.0	0	ADORA3|ANXA1|AVPR2|CSF2RA|GRP|HRH4|KALRN|MC3R|MC4R|OR10H3|OR10H5|OR10J1|OR10J5|OR11L1|OR12D3|OR14A16|OR1A2|OR1C1|OR1D2|OR1D5|OR1E1|OR1E2|OR1F1|OR1J1|OR1J4|OR1N1|OR1S2|OR2A2|OR2D3|OR2T2|OR4C12|OR4C3|OR4K15|OR4S1|OR52W1|OR5AS1|OR5B12|OR5D13|OR5D14|OR5H6|OR5M9|OR7D2|OR8D1|PTGER1|PTGER3|TBXA2R
 REACT:R-HSA-163560	Hormone-sensitive lipase (HSL)-mediated triacylglycerol hydrolysis	8.36031244233e-12	3.29257e-09	FABP1|FABP2|FABP3|FABP4|FABP5|FABP6|FABP7|FABP9
 REACT:R-HSA-2453902	The canonical retinoid cycle in rods (twilight vision)	2.424882517e-11	8.18571e-09	LRAT|RBP1|RBP3|RBP4|RDH11|RDH12|RDH8|RLBP1
 REACT:R-HSA-383280	Nuclear Receptor transcription pathway	1.13611342556e-10	3.3558e-08	AR|NR0B1|NR1I2|NR1I3|NR2C1|NR3C1|NR3C2|NR4A3|PGR|VDR
 REACT:R-HSA-556833	Metabolism of lipids and lipoproteins	7.0532899521e-09	1.85188e-06	CDIPT|CYP11B1|ELOVL1|ELOVL3|ELOVL4|ELOVL7|FABP1|FABP2|FABP3|FABP4|FABP5|FABP6|FABP7|FABP9|HSD3B7|OSBPL10|OSBPL3|OSBPL5|OSBPL6|OSBPL7|OSBPL8|OSBPL9|PTGR2|SRD5A1|SRD5A2|SRD5A3|TECR|TECRL|TMEM86B
 KEGG:hsa_M00415	"Fatty acid biosynthesis elongation endoplasmic reticulum"	1.61870999604e-07	3.82501e-05	ELOVL1|ELOVL3|ELOVL4|ELOVL7|TECR
 REACT:R-HSA-75876	Synthesis of very long-chain fatty acyl-CoAs	4.33194428662e-07	9.3058e-05	ELOVL1|ELOVL3|ELOVL4|ELOVL7|TECR|TECRL
 REACT:R-HSA-2187338	Visual phototransduction	1.34172294686e-06	0.000264208	LRAT|RBP1|RBP2|RBP3|RBP4|RDH11|RDH12|RDH8|RLBP1
 KEGG:hsa00062	Fatty acid elongation	6.02376654801e-06	0.000967553	ELOVL1|ELOVL3|ELOVL4|ELOVL7|TECR
 REACT:R-HSA-194068	Bile acid and bile salt metabolism	6.14189158588e-06	0.000967553	FABP6|HSD3B7|OSBPL3|OSBPL6|OSBPL7|OSBPL9
 REACT:R-HSA-5362517	Signaling by Retinoic Acid	6.14189158588e-06	0.000967553	CRABP1|CRABP2|FABP5|RDH11|RDH13|RDH14
 KEGG:hsa03320	PPAR signaling pathway	1.18264026564e-05	0.00174661	FABP1|FABP2|FABP3|FABP4|FABP5|FABP6|FABP7
 REACT:R-HSA-75105	Fatty Acyl-CoA Biosynthesis	2.36185535331e-05	0.00328298	ELOVL1|ELOVL3|ELOVL4|ELOVL7|TECR|TECRL
 REACT:R-HSA-192105	Synthesis of bile acids and bile salts	2.91896940704e-05	0.00383196	HSD3B7|OSBPL3|OSBPL6|OSBPL7|OSBPL9
 REACT:R-HSA-73923	"Lipid digestion mobilization and transport"	3.30103046891e-05	0.00410544	FABP1|FABP2|FABP3|FABP4|FABP5|FABP6|FABP7|FABP9
 REACT:R-HSA-5365859	RA biosynthesis pathway	9.74788732323e-05	0.0100856	CRABP1|RDH11|RDH13|RDH14
 REACT:R-HSA-2453864	Retinoid cycle disease events	9.8166789079e-05	0.0100856	RBP1|RBP4|RLBP1
 REACT:R-HSA-2474795	Diseases associated with visual transduction	9.8166789079e-05	0.0100856	RBP1|RBP4|RLBP1
 REACT:R-HSA-391908	Prostanoid ligand receptors	9.8166789079e-05	0.0100856	PTGER1|PTGER3|TBXA2R
 REACT:R-HSA-975634	Retinoid metabolism and transport	0.000104518678661	0.0102907	LRAT|RBP1|RBP2|RBP4|RDH11
 REACT:R-HSA-193048	Androgen biosynthesis	0.000189802849942	0.0179402	SRD5A1|SRD5A2|SRD5A3
 KEGG:hsa04080	Neuroactive ligand-receptor interaction	0.000198441924759	0.0180353	ADORA3|AVPR2|HRH4|MC3R|MC4R|NR3C1|PRLR|PTGER1|PTGER3|TBXA2R|TRPV1
 REACT:R-HSA-75109	Triglyceride Biosynthesis	0.00023414832872	0.0204923	ELOVL1|ELOVL3|ELOVL4|ELOVL7|TECR|TECRL
 REACT:R-HSA-6806667	Metabolism of fat-soluble vitamins	0.000255609106881	0.0215716	LRAT|RBP1|RBP2|RBP4|RDH11
 REACT:R-HSA-425561	Sodium/Calcium exchangers	0.000323835722439	0.026387	SLC8A1|SLC8A2|SLC8A3
 REACT:R-HSA-196071	Metabolism of steroid hormones	0.000367248892967	0.028927	CYP11B1|SRD5A1|SRD5A2|SRD5A3
 REACT:R-HSA-418359	Reduction of cytosolic Ca++ levels	0.000408914472651	0.0311698	SLC8A1|SLC8A2|SLC8A3
 REACT:R-HSA-391903	Eicosanoid ligand-binding receptors	0.000507126779805	0.0374481	PTGER1|PTGER3|TBXA2R
 KEGG:hsa00830	Retinol metabolism	0.000663723123173	0.0475266	LRAT|RDH11|RDH12|RDH8|RETSAT
