 REACT:R-HSA-2453902	The canonical retinoid cycle in rods (twilight vision)	1.24146581904e-09	2.93358e-06	LRAT|RBP3|RDH11|RDH12|RDH8|RLBP1
 REACT:R-HSA-383280	Nuclear Receptor transcription pathway	5.97330851448e-09	7.05746e-06	AR|NR1I3|NR3C1|NR3C2|NR4A3|PGR|VDR
 KEGG:hsa_M00415	"Fatty acid biosynthesis elongation endoplasmic reticulum"	4.1875187673e-07	0.000329837	ELOVL1|ELOVL3|ELOVL4|ELOVL7
 KEGG:hsa00062	Fatty acid elongation	7.07859578353e-06	0.00418168	ELOVL1|ELOVL3|ELOVL4|ELOVL7
 REACT:R-HSA-75876	Synthesis of very long-chain fatty acyl-CoAs	1.13274580065e-05	0.00461041	ELOVL1|ELOVL3|ELOVL4|ELOVL7
 REACT:R-HSA-2187338	Visual phototransduction	1.17064986078e-05	0.00461041	LRAT|RBP3|RDH11|RDH12|RDH8|RLBP1
 KEGG:hsa00830	Retinol metabolism	1.88234814942e-05	0.00635427	LRAT|RDH11|RDH12|RDH8|RETSAT
 REACT:R-HSA-425561	Sodium/Calcium exchangers	3.45817272909e-05	0.0102146	SLC8A1|SLC8A2|SLC8A3
 REACT:R-HSA-418359	Reduction of cytosolic Ca++ levels	4.38538003255e-05	0.0115141	SLC8A1|SLC8A2|SLC8A3
 REACT:R-HSA-162582	Signal Transduction	5.46837108387e-05	0.0129218	ANXA1|APH1A|APH1B|AR|CCR2|GPR132|GPR31|GRP|KALRN|LRAT|NR3C1|NUP107|OR10H5|OR1N1|OR9A4|PGR|PPP2R1A|PPP2R1B|PTGER1|PTGER3|RBP3|RDH11|RDH12|RDH13|RDH14|RDH8|RLBP1
 REACT:R-HSA-418346	Platelet homeostasis	9.58077866844e-05	0.0205813	PPP2R1A|PPP2R1B|SLC8A1|SLC8A2|SLC8A3
 REACT:R-HSA-75105	Fatty Acyl-CoA Biosynthesis	0.000158529848533	0.0312172	ELOVL1|ELOVL3|ELOVL4|ELOVL7
 REACT:R-HSA-1482801	Acyl chain remodelling of PS	0.000180235500843	0.0327613	OSBPL10|OSBPL5|OSBPL8
 REACT:R-HSA-5365859	RA biosynthesis pathway	0.000206521898444	0.0348579	RDH11|RDH13|RDH14
 KEGG:hsa_M00154	Cytochrome c oxidase	0.000235172400353	0.0370475	COX7A1|COX7A2|COX7A2L
 REACT:R-HSA-1251985	Nuclear signaling by ERBB4	0.000266276083393	0.0393256	APH1A|APH1B|PGR
