 KEGG:hsa04740	Olfactory transduction	1.59375951325e-08	2.69515e-05	OR10G4|OR10G8|OR10H3|OR10J5|OR1S2|OR2D3|OR2S2|OR5H6|OR7C2|OR9A2
 REACT:R-HSA-381753	Olfactory Signaling Pathway	2.28112457812e-08	2.69515e-05	OR10G4|OR10G8|OR10H3|OR10J5|OR1S2|OR2D3|OR2S2|OR5H6|OR7C2|OR9A2
 REACT:R-HSA-388396	GPCR downstream signaling	9.70854499793e-07	0.00076471	AVPR2|CSF2RA|OR10G4|OR10G8|OR10H3|OR10J5|OR1S2|OR2D3|OR2S2|OR5H6|OR7C2|OR9A2
 KEGG:hsa04144	Endocytosis	1.59709893244e-06	0.000943486	ARFGEF1|ARFGEF2|GBF1|PSD|PSD2|PSD3|PSD4
 REACT:R-HSA-372790	Signaling by GPCR	2.64302070863e-06	0.00124909	AVPR2|CSF2RA|ITGB3|OR10G4|OR10G8|OR10H3|OR10J5|OR1S2|OR2D3|OR2S2|OR5H6|OR7C2|OR9A2
