 REACT:R-HSA-389977	Post-chaperonin tubulin folding pathway	5.69285797503e-07	0.00098637	TUBA4A|TUBAL3|TUBB1
 REACT:R-HSA-389960	Formation of tubulin folding intermediates by CCT/TriC	8.34845369724e-07	0.00098637	TUBA4A|TUBAL3|TUBB1
 REACT:R-HSA-389958	Cooperation of Prefoldin and TriC/CCT in actin and tubulin folding	1.91545890593e-06	0.00150874	TUBA4A|TUBAL3|TUBB1
 KEGG:hsa05130	Pathogenic Escherichia coli infection	8.32940622264e-06	0.0049206	TUBA4A|TUBAL3|TUBB1
 KEGG:hsa04540	Gap junction	3.43952777544e-05	0.0162552	TUBA4A|TUBAL3|TUBB1
 REACT:R-HSA-390466	Chaperonin-mediated protein folding	4.89517489964e-05	0.0182403	TUBA4A|TUBAL3|TUBB1
 REACT:R-HSA-391251	Protein folding	5.83684654845e-05	0.0182403	TUBA4A|TUBAL3|TUBB1
 KEGG:hsa04659	Th17 cell differentiation	6.17530519437e-05	0.0182403	IL21R|IL2RB|PPP3R2
 KEGG:hsa04145	Phagosome	0.000178849540427	0.0469579	TUBA4A|TUBAL3|TUBB1
