 KEGG:hsa04810	Regulation of actin cytoskeleton	0.0	0	FGF1|FGF12|FGF13|FGF14|FGF16|FGF2|FGF20|FGF23|FGF4|FGF5|FGF6|FGF8|FGF9|ITGB1|ITGB2|ITGB3|ITGB5|ITGB6|ITGB7
 KEGG:hsa05218	Melanoma	0.0	0	FGF1|FGF12|FGF13|FGF14|FGF16|FGF2|FGF20|FGF23|FGF4|FGF5|FGF6|FGF8|FGF9
 REACT:R-HSA-1839122	Signaling by activated point mutants of FGFR1	0.0	0	FGF1|FGF2|FGF20|FGF23|FGF4|FGF5|FGF6|FGF8|FGF9
 REACT:R-HSA-1839126	FGFR2 mutant receptor activation	0.0	0	FGF1|FGF16|FGF2|FGF20|FGF23|FGF4|FGF5|FGF6|FGF8|FGF9
 REACT:R-HSA-1839130	Signaling by activated point mutants of FGFR3	0.0	0	FGF1|FGF16|FGF2|FGF20|FGF23|FGF4|FGF5|FGF8|FGF9
 REACT:R-HSA-190242	FGFR1 ligand binding and activation	0.0	0	FGF1|FGF2|FGF20|FGF23|FGF4|FGF5|FGF6|FGF8|FGF9
 REACT:R-HSA-190322	FGFR4 ligand binding and activation	0.0	0	FGF1|FGF16|FGF2|FGF20|FGF23|FGF4|FGF6|FGF8|FGF9
 REACT:R-HSA-190373	FGFR1c ligand binding and activation	0.0	0	FGF1|FGF2|FGF20|FGF23|FGF4|FGF5|FGF6|FGF8|FGF9
 REACT:R-HSA-2033514	FGFR3 mutant receptor activation	0.0	0	FGF1|FGF16|FGF2|FGF20|FGF23|FGF4|FGF5|FGF8|FGF9
 REACT:R-HSA-5654219	Phospholipase C-mediated cascade: FGFR1	0.0	0	FGF1|FGF2|FGF20|FGF23|FGF4|FGF5|FGF6|FGF8|FGF9
 REACT:R-HSA-5654228	Phospholipase C-mediated cascade; FGFR4	0.0	0	FGF1|FGF16|FGF2|FGF20|FGF23|FGF4|FGF6|FGF8|FGF9
 REACT:R-HSA-5654693	FRS-mediated FGFR1 signaling	0.0	0	FGF1|FGF2|FGF20|FGF23|FGF4|FGF5|FGF6|FGF8|FGF9
 REACT:R-HSA-5654695	PI-3K cascade:FGFR2	0.0	0	FGF1|FGF16|FGF2|FGF20|FGF23|FGF4|FGF5|FGF6|FGF8|FGF9
 REACT:R-HSA-5654699	SHC-mediated cascade:FGFR2	0.0	0	FGF1|FGF16|FGF2|FGF20|FGF23|FGF4|FGF5|FGF6|FGF8|FGF9
 REACT:R-HSA-5654712	FRS-mediated FGFR4 signaling	0.0	0	FGF1|FGF16|FGF2|FGF20|FGF23|FGF4|FGF6|FGF8|FGF9
 REACT:R-HSA-5655332	Signaling by FGFR3 in disease	0.0	0	FGF1|FGF16|FGF2|FGF20|FGF23|FGF4|FGF5|FGF8|FGF9
 REACT:R-HSA-8853338	Signaling by FGFR3 point mutants in cancer	0.0	0	FGF1|FGF16|FGF2|FGF20|FGF23|FGF4|FGF5|FGF8|FGF9
 REACT:R-HSA-5654700	FRS-mediated FGFR2 signaling	1.43418610321e-12	1.88277e-10	FGF1|FGF16|FGF2|FGF20|FGF23|FGF4|FGF5|FGF6|FGF8|FGF9
 REACT:R-HSA-5654708	Downstream signaling of activated FGFR3	2.73103761828e-12	3.39655e-10	FGF1|FGF16|FGF2|FGF20|FGF23|FGF4|FGF5|FGF8|FGF9
 REACT:R-HSA-1839124	FGFR1 mutant receptor activation	3.17657011806e-12	3.40208e-10	FGF1|FGF2|FGF20|FGF23|FGF4|FGF5|FGF6|FGF8|FGF9
 REACT:R-HSA-5654687	Downstream signaling of activated FGFR1	3.17657011806e-12	3.40208e-10	FGF1|FGF2|FGF20|FGF23|FGF4|FGF5|FGF6|FGF8|FGF9
 REACT:R-HSA-5654733	Negative regulation of FGFR4 signaling	3.17657011806e-12	3.40208e-10	FGF1|FGF16|FGF2|FGF20|FGF23|FGF4|FGF6|FGF8|FGF9
 REACT:R-HSA-5654688	SHC-mediated cascade:FGFR1	3.45534711954e-12	3.40208e-10	FGF1|FGF2|FGF20|FGF23|FGF4|FGF5|FGF6|FGF8|FGF9
 REACT:R-HSA-5654689	PI-3K cascade:FGFR1	3.45534711954e-12	3.40208e-10	FGF1|FGF2|FGF20|FGF23|FGF4|FGF5|FGF6|FGF8|FGF9
 REACT:R-HSA-5654726	Negative regulation of FGFR1 signaling	4.75530725907e-12	4.49472e-10	FGF1|FGF2|FGF20|FGF23|FGF4|FGF5|FGF6|FGF8|FGF9
 REACT:R-HSA-5654696	Downstream signaling of activated FGFR2	5.45818945596e-12	4.96065e-10	FGF1|FGF16|FGF2|FGF20|FGF23|FGF4|FGF5|FGF6|FGF8|FGF9
 REACT:R-HSA-5654716	Downstream signaling of activated FGFR4	7.25053350692e-12	6.00232e-10	FGF1|FGF16|FGF2|FGF20|FGF23|FGF4|FGF6|FGF8|FGF9
 REACT:R-HSA-5654221	Phospholipase C-mediated cascade; FGFR2	8.55748805151e-12	6.00232e-10	FGF1|FGF16|FGF2|FGF20|FGF23|FGF4|FGF5|FGF6|FGF8|FGF9
 REACT:R-HSA-5654704	SHC-mediated cascade:FGFR3	8.59046167534e-12	6.00232e-10	FGF1|FGF16|FGF2|FGF20|FGF23|FGF4|FGF5|FGF8|FGF9
 REACT:R-HSA-5654710	PI-3K cascade:FGFR3	8.59046167534e-12	6.00232e-10	FGF1|FGF16|FGF2|FGF20|FGF23|FGF4|FGF5|FGF8|FGF9
 REACT:R-HSA-5654732	Negative regulation of FGFR3 signaling	8.6067819538e-12	6.00232e-10	FGF1|FGF16|FGF2|FGF20|FGF23|FGF4|FGF5|FGF8|FGF9
 REACT:R-HSA-190375	FGFR2c ligand binding and activation	9.11448694296e-12	6.00232e-10	FGF1|FGF16|FGF2|FGF20|FGF23|FGF4|FGF5|FGF6|FGF8|FGF9
 REACT:R-HSA-190239	FGFR3 ligand binding and activation	9.11504205447e-12	6.00232e-10	FGF1|FGF16|FGF2|FGF20|FGF23|FGF4|FGF5|FGF8|FGF9
 REACT:R-HSA-190372	FGFR3c ligand binding and activation	9.11504205447e-12	6.00232e-10	FGF1|FGF16|FGF2|FGF20|FGF23|FGF4|FGF5|FGF8|FGF9
 REACT:R-HSA-5654227	Phospholipase C-mediated cascade; FGFR3	9.11504205447e-12	6.00232e-10	FGF1|FGF16|FGF2|FGF20|FGF23|FGF4|FGF5|FGF8|FGF9
 REACT:R-HSA-2033519	Activated point mutants of FGFR2	9.14446296463e-12	6.00232e-10	FGF1|FGF16|FGF2|FGF20|FGF23|FGF4|FGF5|FGF6|FGF8|FGF9
 REACT:R-HSA-5655253	Signaling by FGFR2 in disease	1.22428733818e-11	7.78911e-10	FGF1|FGF16|FGF2|FGF20|FGF23|FGF4|FGF5|FGF6|FGF8|FGF9
 REACT:R-HSA-190241	FGFR2 ligand binding and activation	1.34030564425e-11	7.78911e-10	FGF1|FGF16|FGF2|FGF20|FGF23|FGF4|FGF5|FGF6|FGF8|FGF9
 REACT:R-HSA-5654706	FRS-mediated FGFR3 signaling	1.35147448788e-11	7.78911e-10	FGF1|FGF16|FGF2|FGF20|FGF23|FGF4|FGF5|FGF8|FGF9
 REACT:R-HSA-5654719	SHC-mediated cascade:FGFR4	1.35147448788e-11	7.78911e-10	FGF1|FGF16|FGF2|FGF20|FGF23|FGF4|FGF6|FGF8|FGF9
 REACT:R-HSA-5654720	PI-3K cascade:FGFR4	1.35147448788e-11	7.78911e-10	FGF1|FGF16|FGF2|FGF20|FGF23|FGF4|FGF6|FGF8|FGF9
 REACT:R-HSA-5654727	Negative regulation of FGFR2 signaling	1.52542423137e-11	8.58233e-10	FGF1|FGF16|FGF2|FGF20|FGF23|FGF4|FGF5|FGF6|FGF8|FGF9
 REACT:R-HSA-2453902	The canonical retinoid cycle in rods (twilight vision)	2.75390821258e-11	1.51337e-09	LRAT|RBP3|RBP4|RDH11|RDH12|RDH8|RLBP1|RPE65
 REACT:R-HSA-2219530	Constitutive Signaling by Aberrant PI3K in Cancer	4.04756228534e-11	2.17372e-09	ERBB3|FGF1|FGF16|FGF2|FGF20|FGF23|FGF4|FGF5|FGF6|FGF8|FGF9
 REACT:R-HSA-5655302	Signaling by FGFR1 in disease	1.04840802706e-10	5.50531e-09	FGF1|FGF2|FGF20|FGF23|FGF4|FGF5|FGF6|FGF8|FGF9
 KEGG:hsa04151	PI3K-Akt signaling pathway	1.41943456988e-10	7.29157e-09	FGF1|FGF12|FGF13|FGF14|FGF16|FGF2|FGF20|FGF23|FGF4|FGF5|FGF6|FGF8|FGF9|IL2RG|IL4R|ITGB1|ITGB3|ITGB5|ITGB6|ITGB7
 KEGG:hsa05224	Breast cancer	1.61618496364e-10	8.12563e-09	FGF1|FGF12|FGF13|FGF14|FGF16|FGF2|FGF20|FGF23|FGF4|FGF5|FGF6|FGF8|FGF9|PGR
 REACT:R-HSA-5654741	Signaling by FGFR3	1.6910528533e-10	8.32491e-09	FGF1|FGF16|FGF2|FGF20|FGF23|FGF4|FGF5|FGF8|FGF9
 REACT:R-HSA-5654743	Signaling by FGFR4	2.14916195951e-10	1.03642e-08	FGF1|FGF16|FGF2|FGF20|FGF23|FGF4|FGF6|FGF8|FGF9
 KEGG:hsa04015	Rap1 signaling pathway	2.684222844e-10	1.26856e-08	FGF1|FGF12|FGF13|FGF14|FGF16|FGF2|FGF20|FGF23|FGF4|FGF5|FGF6|FGF8|FGF9|ITGB1|ITGB2|ITGB3
 REACT:R-HSA-1226099	Signaling by FGFR in disease	5.49519207915e-10	2.54611e-08	FGF1|FGF16|FGF2|FGF20|FGF23|FGF4|FGF5|FGF6|FGF8|FGF9
 REACT:R-HSA-6811558	"PI5P PP2A and IER3 Regulate PI3K/AKT Signaling"	9.16834608233e-10	4.16631e-08	ERBB3|FGF1|FGF16|FGF2|FGF20|FGF23|FGF4|FGF5|FGF6|FGF8|FGF9
 REACT:R-HSA-5654736	Signaling by FGFR1	1.32150701493e-09	5.80821e-08	FGF1|FGF2|FGF20|FGF23|FGF4|FGF5|FGF6|FGF8|FGF9
 REACT:R-HSA-2219528	PI3K/AKT Signaling in Cancer	1.32731070579e-09	5.80821e-08	ERBB3|FGF1|FGF16|FGF2|FGF20|FGF23|FGF4|FGF5|FGF6|FGF8|FGF9
 REACT:R-HSA-383280	Nuclear Receptor transcription pathway	1.59518454002e-09	6.85349e-08	AR|NR0B1|NR1I2|NR1I3|NR3C1|NR3C2|NR4A3|PGR|VDR
 REACT:R-HSA-199418	Negative regulation of the PI3K/AKT network	2.16081408322e-09	9.11786e-08	ERBB3|FGF1|FGF16|FGF2|FGF20|FGF23|FGF4|FGF5|FGF6|FGF8|FGF9
 REACT:R-HSA-5654738	Signaling by FGFR2	3.26740456913e-09	1.35454e-07	FGF1|FGF16|FGF2|FGF20|FGF23|FGF4|FGF5|FGF6|FGF8|FGF9
 KEGG:hsa04010	MAPK signaling pathway	4.59239801742e-09	1.87101e-07	FGF1|FGF12|FGF13|FGF14|FGF16|FGF2|FGF20|FGF23|FGF4|FGF5|FGF6|FGF8|FGF9|IL1A|IL1B|PPP3R2
 REACT:R-HSA-109704	PI3K Cascade	5.49110090731e-09	2.19923e-07	FGF1|FGF16|FGF2|FGF20|FGF23|FGF4|FGF5|FGF6|FGF8|FGF9
 REACT:R-HSA-190236	Signaling by FGFR	1.78906360837e-08	7.04593e-07	FGF1|FGF16|FGF2|FGF20|FGF23|FGF4|FGF5|FGF6|FGF8|FGF9
 REACT:R-HSA-1257604	PIP3 activates AKT signaling	4.45561408879e-08	1.726e-06	ERBB3|FGF1|FGF16|FGF2|FGF20|FGF23|FGF4|FGF5|FGF6|FGF8|FGF9
 REACT:R-HSA-180292	GAB1 signalosome	5.70396833099e-08	2.13944e-06	ERBB3|FGF1|FGF16|FGF2|FGF20|FGF23|FGF4|FGF5|FGF6|FGF8|FGF9
 REACT:R-HSA-198203	PI3K/AKT activation	5.70396833099e-08	2.13944e-06	ERBB3|FGF1|FGF16|FGF2|FGF20|FGF23|FGF4|FGF5|FGF6|FGF8|FGF9
 KEGG:hsa_M00415	"Fatty acid biosynthesis elongation endoplasmic reticulum"	1.11291499683e-07	4.04587e-06	ELOVL1|ELOVL3|ELOVL4|ELOVL5|ELOVL7
 REACT:R-HSA-5658623	FGFRL1 modulation of FGFR1 signaling	1.11291499683e-07	4.04587e-06	FGF2|FGF23|FGF4|FGF5|FGF8
 REACT:R-HSA-2730905	Role of LAT2/NTAL/LAB on calcium mobilization	1.15087299024e-07	4.12047e-06	ERBB3|FGF1|FGF16|FGF2|FGF20|FGF23|FGF4|FGF5|FGF6|FGF8|FGF9
 REACT:R-HSA-449147	Signaling by Interleukins	2.46014081329e-07	8.67659e-06	ANXA1|ERBB3|FGF1|FGF16|FGF2|FGF20|FGF23|FGF4|FGF5|FGF6|FGF8|FGF9|IL1A|IL1B|IL2RG|IL36A|IL4R|ITGB1|ITGB2|ITGB3
 REACT:R-HSA-190371	FGFR3b ligand binding and activation	3.26063813172e-07	1.13307e-05	FGF1|FGF20|FGF8|FGF9
 KEGG:hsa04014	Ras signaling pathway	4.1089023739e-07	1.40715e-05	FGF1|FGF12|FGF13|FGF14|FGF16|FGF2|FGF20|FGF23|FGF4|FGF5|FGF6|FGF8|FGF9
 REACT:R-HSA-5663202	Diseases of signal transduction	7.98169899952e-07	2.69439e-05	APH1A|APH1B|ERBB3|FGF1|FGF16|FGF2|FGF20|FGF23|FGF4|FGF5|FGF6|FGF8|FGF9|ITGB3|RBP4|RLBP1
 REACT:R-HSA-112412	SOS-mediated signalling	9.78556123576e-07	3.12477e-05	ERBB3|FGF1|FGF16|FGF2|FGF20|FGF23|FGF4|FGF5|FGF6|FGF8|FGF9|IL2RG|ITGB3
 REACT:R-HSA-179812	GRB2 events in EGFR signaling	9.78556123576e-07	3.12477e-05	ERBB3|FGF1|FGF16|FGF2|FGF20|FGF23|FGF4|FGF5|FGF6|FGF8|FGF9|IL2RG|ITGB3
 REACT:R-HSA-180336	SHC1 events in EGFR signaling	9.78556123576e-07	3.12477e-05	ERBB3|FGF1|FGF16|FGF2|FGF20|FGF23|FGF4|FGF5|FGF6|FGF8|FGF9|IL2RG|ITGB3
 REACT:R-HSA-5673001	RAF/MAP kinase cascade	9.78556123576e-07	3.12477e-05	ERBB3|FGF1|FGF16|FGF2|FGF20|FGF23|FGF4|FGF5|FGF6|FGF8|FGF9|IL2RG|ITGB3
 REACT:R-HSA-5683057	MAPK family signaling cascades	1.13293170578e-06	3.56949e-05	ERBB3|FGF1|FGF16|FGF2|FGF20|FGF23|FGF4|FGF5|FGF6|FGF8|FGF9|IL2RG|ITGB3|KALRN
 REACT:R-HSA-170984	ARMS-mediated activation	1.17433005897e-06	3.60382e-05	ERBB3|FGF1|FGF16|FGF2|FGF20|FGF23|FGF4|FGF5|FGF6|FGF8|FGF9|IL2RG|ITGB3
 REACT:R-HSA-187706	Signalling to p38 via RIT and RIN	1.17433005897e-06	3.60382e-05	ERBB3|FGF1|FGF16|FGF2|FGF20|FGF23|FGF4|FGF5|FGF6|FGF8|FGF9|IL2RG|ITGB3
 REACT:R-HSA-170968	Frs2-mediated activation	1.22842314565e-06	3.72149e-05	ERBB3|FGF1|FGF16|FGF2|FGF20|FGF23|FGF4|FGF5|FGF6|FGF8|FGF9|IL2RG|ITGB3
 REACT:R-HSA-5684996	MAPK1/MAPK3 signaling	1.28474534888e-06	3.84285e-05	ERBB3|FGF1|FGF16|FGF2|FGF20|FGF23|FGF4|FGF5|FGF6|FGF8|FGF9|IL2RG|ITGB3
 REACT:R-HSA-169893	Prolonged ERK activation events	1.34335659796e-06	3.96794e-05	ERBB3|FGF1|FGF16|FGF2|FGF20|FGF23|FGF4|FGF5|FGF6|FGF8|FGF9|IL2RG|ITGB3
 REACT:R-HSA-2586552	Signaling by Leptin	1.40433360885e-06	4.09684e-05	ERBB3|FGF1|FGF16|FGF2|FGF20|FGF23|FGF4|FGF5|FGF6|FGF8|FGF9|IL2RG|ITGB3
 REACT:R-HSA-912526	Interleukin receptor SHC signaling	1.53371203138e-06	4.41971e-05	ERBB3|FGF1|FGF16|FGF2|FGF20|FGF23|FGF4|FGF5|FGF6|FGF8|FGF9|IL2RG|ITGB3
 REACT:R-HSA-167044	Signalling to RAS	1.60232144819e-06	4.56179e-05	ERBB3|FGF1|FGF16|FGF2|FGF20|FGF23|FGF4|FGF5|FGF6|FGF8|FGF9|IL2RG|ITGB3
 REACT:R-HSA-5218921	VEGFR2 mediated cell proliferation	1.74778062412e-06	4.91667e-05	ERBB3|FGF1|FGF16|FGF2|FGF20|FGF23|FGF4|FGF5|FGF6|FGF8|FGF9|IL2RG|ITGB3
 KEGG:hsa05200	Pathways in cancer	1.88522608013e-06	5.24093e-05	AR|FGF1|FGF12|FGF13|FGF14|FGF16|FGF2|FGF20|FGF23|FGF4|FGF5|FGF6|FGF8|FGF9|ITGB1|PTGER3
 REACT:R-HSA-451927	Interleukin-2 signaling	2.07440375077e-06	5.69979e-05	ERBB3|FGF1|FGF16|FGF2|FGF20|FGF23|FGF4|FGF5|FGF6|FGF8|FGF9|IL2RG|ITGB3
 REACT:R-HSA-187687	Signalling to ERKs	2.16413594178e-06	5.87799e-05	ERBB3|FGF1|FGF16|FGF2|FGF20|FGF23|FGF4|FGF5|FGF6|FGF8|FGF9|IL2RG|ITGB3
 REACT:R-HSA-8853659	RET signaling	2.89473440662e-06	7.77302e-05	ERBB3|FGF1|FGF16|FGF2|FGF20|FGF23|FGF4|FGF5|FGF6|FGF8|FGF9|IL2RG|ITGB3
 REACT:R-HSA-2871796	FCERI mediated MAPK activation	3.01528214119e-06	7.91679e-05	ERBB3|FGF1|FGF16|FGF2|FGF20|FGF23|FGF4|FGF5|FGF6|FGF8|FGF9|IL2RG|ITGB3
 REACT:R-HSA-512988	"Interleukin-3 5 and GM-CSF signaling"	3.01528214119e-06	7.91679e-05	ERBB3|FGF1|FGF16|FGF2|FGF20|FGF23|FGF4|FGF5|FGF6|FGF8|FGF9|IL2RG|ITGB3
 REACT:R-HSA-375165	NCAM signaling for neurite out-growth	3.68737942791e-06	9.57503e-05	ERBB3|FGF1|FGF16|FGF2|FGF20|FGF23|FGF4|FGF5|FGF6|FGF8|FGF9|IL2RG|ITGB3
 REACT:R-HSA-983705	Signaling by the B Cell Receptor (BCR)	3.73867060077e-06	9.60269e-05	ERBB3|FGF1|FGF16|FGF2|FGF20|FGF23|FGF4|FGF5|FGF6|FGF8|FGF9|TRPC1
 KEGG:hsa00062	Fatty acid elongation	4.17342315329e-06	0.000106041	ELOVL1|ELOVL3|ELOVL4|ELOVL5|ELOVL7
 REACT:R-HSA-1168372	Downstream signaling events of B Cell Receptor (BCR)	4.30231385096e-06	0.000108153	ERBB3|FGF1|FGF16|FGF2|FGF20|FGF23|FGF4|FGF5|FGF6|FGF8|FGF9
 REACT:R-HSA-112399	IRS-mediated signalling	7.3411268382e-06	0.000181343	ERBB3|FGF1|FGF16|FGF2|FGF20|FGF23|FGF4|FGF5|FGF6|FGF8|FGF9|IL2RG|ITGB3
 REACT:R-HSA-2187338	Visual phototransduction	7.36731102857e-06	0.000181343	LRAT|RBP3|RBP4|RDH11|RDH12|RDH8|RLBP1|RPE65
 REACT:R-HSA-75876	Synthesis of very long-chain fatty acyl-CoAs	7.53714668722e-06	0.000183611	ELOVL1|ELOVL3|ELOVL4|ELOVL5|ELOVL7
 REACT:R-HSA-74751	Insulin receptor signalling cascade	8.19175414879e-06	0.000195563	ERBB3|FGF1|FGF16|FGF2|FGF20|FGF23|FGF4|FGF5|FGF6|FGF8|FGF9|IL2RG|ITGB3
 REACT:R-HSA-881907	Gastrin-CREB signalling pathway via PKC and MAPK	8.19328979706e-06	0.000195563	ANXA1|ERBB3|FGF1|FGF16|FGF2|FGF20|FGF23|FGF4|FGF5|FGF6|FGF8|FGF9|GRP|IL2RG|ITGB3|KALRN
 REACT:R-HSA-422475	Axon guidance	8.2882602731e-06	0.000195852	APH1A|APH1B|ERBB3|FGF1|FGF16|FGF2|FGF20|FGF23|FGF4|FGF5|FGF6|FGF8|FGF9|IL2RG|ITGB1|ITGB3|KALRN|TRPC1
 REACT:R-HSA-2428924	IGF1R signaling cascade	8.49403686998e-06	0.000196779	ERBB3|FGF1|FGF16|FGF2|FGF20|FGF23|FGF4|FGF5|FGF6|FGF8|FGF9|IL2RG|ITGB3
 REACT:R-HSA-2428928	IRS-related events triggered by IGF1R	8.49403686998e-06	0.000196779	ERBB3|FGF1|FGF16|FGF2|FGF20|FGF23|FGF4|FGF5|FGF6|FGF8|FGF9|IL2RG|ITGB3
 REACT:R-HSA-2404192	Signaling by Type 1 Insulin-like Growth Factor 1 Receptor (IGF1R)	8.80613435339e-06	0.000202028	ERBB3|FGF1|FGF16|FGF2|FGF20|FGF23|FGF4|FGF5|FGF6|FGF8|FGF9|IL2RG|ITGB3
 KEGG:hsa_M00071	"Glycosphingolipid biosynthesis neolacto-series LacCer => nLc4Cer"	9.63323421732e-06	0.000218878	B4GALT2|B4GALT3|B4GALT4
 REACT:R-HSA-6785807	Interleukin-4 and 13 signaling	1.80115195905e-05	0.000405345	ANXA1|FGF2|IL1A|IL1B|IL2RG|IL4R|ITGB1|ITGB2
 REACT:R-HSA-1280215	Cytokine Signaling in Immune system	1.82718829876e-05	0.000407325	ANXA1|ERBB3|FGF1|FGF16|FGF2|FGF20|FGF23|FGF4|FGF5|FGF6|FGF8|FGF9|IL1A|IL1B|IL2RG|IL36A|IL4R|ITGB1|ITGB2|ITGB3|NUP107
 REACT:R-HSA-74752	Signaling by Insulin receptor	1.94043551915e-05	0.000428528	ERBB3|FGF1|FGF16|FGF2|FGF20|FGF23|FGF4|FGF5|FGF6|FGF8|FGF9|IL2RG|ITGB3
 REACT:R-HSA-166520	Signalling by NGF	2.05498537044e-05	0.000449623	APH1A|APH1B|ERBB3|FGF1|FGF16|FGF2|FGF20|FGF23|FGF4|FGF5|FGF6|FGF8|FGF9|IL2RG|ITGB3|KALRN
 REACT:R-HSA-4420097	VEGFA-VEGFR2 Pathway	2.51179564675e-05	0.00054453	ERBB3|FGF1|FGF16|FGF2|FGF20|FGF23|FGF4|FGF5|FGF6|FGF8|FGF9|IL2RG|ITGB3
 REACT:R-HSA-1433557	Signaling by SCF-KIT	3.12768656685e-05	0.000671884	ERBB3|FGF1|FGF16|FGF2|FGF20|FGF23|FGF4|FGF5|FGF6|FGF8|FGF9|IL2RG|ITGB3
 REACT:R-HSA-194138	Signaling by VEGF	3.22567029076e-05	0.00068669	ERBB3|FGF1|FGF16|FGF2|FGF20|FGF23|FGF4|FGF5|FGF6|FGF8|FGF9|IL2RG|ITGB3
 REACT:R-HSA-3000170	Syndecan interactions	4.08105198725e-05	0.000861029	FGF2|ITGB1|ITGB3|ITGB5
 KEGG:hsa00830	Retinol metabolism	4.51169663569e-05	0.000943464	LRAT|RDH11|RDH12|RDH8|RETSAT|RPE65
 REACT:R-HSA-186763	Downstream signal transduction	4.90820747173e-05	0.00101738	ERBB3|FGF1|FGF16|FGF2|FGF20|FGF23|FGF4|FGF5|FGF6|FGF8|FGF9|IL2RG|ITGB3
 REACT:R-HSA-2424491	DAP12 signaling	5.511567434e-05	0.00113251	ERBB3|FGF1|FGF16|FGF2|FGF20|FGF23|FGF4|FGF5|FGF6|FGF8|FGF9|IL2RG|ITGB3
 REACT:R-HSA-216083	Integrin cell surface interactions	5.83461654267e-05	0.00118855	ITGB1|ITGB2|ITGB3|ITGB5|ITGB6|ITGB7
 REACT:R-HSA-177929	Signaling by EGFR	6.91481219378e-05	0.00139656	ERBB3|FGF1|FGF16|FGF2|FGF20|FGF23|FGF4|FGF5|FGF6|FGF8|FGF9|IL2RG|ITGB3
 REACT:R-HSA-189085	Digestion of dietary carbohydrate	7.85804993025e-05	0.00157361	AMY2A|AMY2B|SI
 KEGG:hsa05412	Arrhythmogenic right ventricular cardiomyopathy (ARVC)	8.06248090464e-05	0.00160098	ITGB1|ITGB3|ITGB5|ITGB6|ITGB7|SLC8A1
 REACT:R-HSA-3000171	Non-integrin membrane-ECM interactions	8.18146917932e-05	0.00161107	FGF2|ITGB1|ITGB3|ITGB5|NRXN1
 REACT:R-HSA-2172127	DAP12 interactions	8.3878675233e-05	0.00163806	ERBB3|FGF1|FGF16|FGF2|FGF20|FGF23|FGF4|FGF5|FGF6|FGF8|FGF9|IL2RG|ITGB3
 REACT:R-HSA-186797	Signaling by PDGF	9.60022196319e-05	0.00185945	ERBB3|FGF1|FGF16|FGF2|FGF20|FGF23|FGF4|FGF5|FGF6|FGF8|FGF9|IL2RG|ITGB3
 REACT:R-HSA-2454202	Fc epsilon receptor (FCERI) signaling	0.000101261093882	0.00194537	ERBB3|FGF1|FGF16|FGF2|FGF20|FGF23|FGF4|FGF5|FGF6|FGF8|FGF9|IL2RG|ITGB3
 REACT:R-HSA-2046105	Linoleic acid (LA) metabolism	0.00011143873869	0.00212363	ELOVL1|ELOVL3|ELOVL5
 REACT:R-HSA-187037	NGF signalling via TRKA from the plasma membrane	0.000128135872563	0.00242228	ERBB3|FGF1|FGF16|FGF2|FGF20|FGF23|FGF4|FGF5|FGF6|FGF8|FGF9|IL2RG|ITGB3
 KEGG:hsa05410	Hypertrophic cardiomyopathy (HCM)	0.000178149509265	0.00334101	ITGB1|ITGB3|ITGB5|ITGB6|ITGB7|SLC8A1
 REACT:R-HSA-75105	Fatty Acyl-CoA Biosynthesis	0.000197137139449	0.00366799	ELOVL1|ELOVL3|ELOVL4|ELOVL5|ELOVL7
 REACT:R-HSA-397014	Muscle contraction	0.000204252715805	0.0037707	ANXA1|FGF12|FGF13|FGF14|ITGB5|SLC8A1|SLC8A2|SLC8A3|TRPC1
 REACT:R-HSA-2129379	Molecules associated with elastic fibres	0.000243452565935	0.00445952	ITGB1|ITGB3|ITGB5|ITGB6
 REACT:R-HSA-425561	Sodium/Calcium exchangers	0.000259828836787	0.00471262	SLC8A1|SLC8A2|SLC8A3
 KEGG:hsa05414	Dilated cardiomyopathy	0.000261258023412	0.00471262	ITGB1|ITGB3|ITGB5|ITGB6|ITGB7|SLC8A1
 KEGG:hsa00533	Glycosaminoglycan biosynthesis - keratan sulfate	0.000328282365877	0.00583257	B4GALT2|B4GALT3|B4GALT4
 REACT:R-HSA-418359	Reduction of cytosolic Ca++ levels	0.000328282365877	0.00583257	SLC8A1|SLC8A2|SLC8A3
 REACT:R-HSA-2046104	alpha-linolenic (omega3) and linoleic (omega6) acid metabolism	0.000407365151119	0.00707797	ELOVL1|ELOVL3|ELOVL5
 REACT:R-HSA-2046106	alpha-linolenic acid (ALA) metabolism	0.000407365151119	0.00707797	ELOVL1|ELOVL3|ELOVL5
 REACT:R-HSA-975577	N-Glycan antennae elongation	0.000407365151119	0.00707797	B4GALT2|B4GALT3|B4GALT4
 KEGG:hsa05321	Inflammatory bowel disease (IBD)	0.000471798920462	0.00813767	IL1A|IL1B|IL21R|IL2RG|IL4R
 REACT:R-HSA-5576891	Cardiac conduction	0.00054887008514	0.00939841	FGF12|FGF13|FGF14|SLC8A1|SLC8A2|SLC8A3|TRPC1
 KEGG:hsa04514	Cell adhesion molecules (CAMs)	0.00057241404787	0.00973104	CLDN11|CLDN2|ITGB1|ITGB2|ITGB7|NRXN1|OCLN
 REACT:R-HSA-1566948	Elastic fibre formation	0.000795705315006	0.0134304	ITGB1|ITGB3|ITGB5|ITGB6
 REACT:R-HSA-1236394	Signaling by ERBB4	0.000870598645093	0.0145902	APH1A|APH1B|ERBB3|PGR
 REACT:R-HSA-75109	Triglyceride Biosynthesis	0.00128920813218	0.0214535	ELOVL1|ELOVL3|ELOVL4|ELOVL5|ELOVL7
 KEGG:hsa04512	ECM-receptor interaction	0.00136210369634	0.022508	ITGB1|ITGB3|ITGB5|ITGB6|ITGB7
 REACT:R-HSA-190370	FGFR1b ligand binding and activation	0.00145160315671	0.0236561	FGF1|FGF2
 REACT:R-HSA-2187335	The retinoid cycle in cones (daylight vision)	0.00145160315671	0.0236561	RBP3|RLBP1
 REACT:R-HSA-5365859	RA biosynthesis pathway	0.00149572399385	0.0242082	RDH11|RDH13|RDH14
 KEGG:hsa05010	Alzheimer's disease	0.00163166509431	0.0262287	APH1A|APH1B|COX7A1|COX7A2|COX7A2L|IL1B|PPP3R2
 KEGG:hsa_M00154	Cytochrome c oxidase	0.00169700170847	0.0270947	COX7A1|COX7A2|COX7A2L
 REACT:R-HSA-6806667	Metabolism of fat-soluble vitamins	0.0019131400894	0.0301587	GC|LRAT|RBP4|RDH11
 REACT:R-HSA-1251985	Nuclear signaling by ERBB4	0.00191443173778	0.0301587	APH1A|APH1B|PGR
 REACT:R-HSA-448706	Interleukin-1 processing	0.00201895429373	0.0315946	IL1A|IL1B
 REACT:R-HSA-975576	N-glycan antennae elongation in the medial/trans-Golgi	0.00214845912823	0.0333416	B4GALT2|B4GALT3|B4GALT4
 REACT:R-HSA-1643685	Disease	0.0021588060893	0.0333416	ABCC8|APH1A|APH1B|ERBB3|FGF1|FGF16|FGF2|FGF20|FGF23|FGF4|FGF5|FGF6|FGF8|FGF9|ITGB3|NUP107|RBP4|RLBP1
 KEGG:hsa04020	Calcium signaling pathway	0.00225413988239	0.0345879	ERBB3|ORAI3|PPP3R2|PTGER3|SLC8A1|SLC8A2|SLC8A3
 REACT:R-HSA-5578775	Ion homeostasis	0.00234513441826	0.035752	SLC8A1|SLC8A2|SLC8A3|TRPC1
 KEGG:hsa00601	Glycosphingolipid biosynthesis - lacto and neolacto series	0.00239951094608	0.0363464	B4GALT2|B4GALT3|B4GALT4
 REACT:R-HSA-3000178	ECM proteoglycans	0.00250289142296	0.0376709	ITGB1|ITGB3|ITGB5|ITGB6
 REACT:R-HSA-2022854	Keratan sulfate biosynthesis	0.00266799676637	0.0397452	B4GALT2|B4GALT3|B4GALT4
 REACT:R-HSA-446210	Synthesis of UDP-N-acetyl-glucosamine	0.00267434830103	0.0397452	NAGK|RENBP
 KEGG:hsa04640	Hematopoietic cell lineage	0.0027318737463	0.0403464	IL1A|IL1B|IL4R|ITGB3|MS4A1
 REACT:R-HSA-71387	Metabolism of carbohydrates	0.00286958844284	0.042117	AMY2A|AMY2B|B4GALT2|B4GALT3|B4GALT4|NAGLU|NUP107|SI|SLC50A1
 REACT:R-HSA-2453864	Retinoid cycle disease events	0.00341599624596	0.0492195	RBP4|RLBP1
 REACT:R-HSA-2474795	Diseases associated with visual transduction	0.00341599624596	0.0492195	RBP4|RLBP1
 REACT:R-HSA-426486	Small interfering RNA (siRNA) biogenesis	0.00341599624596	0.0492195	PRKRA|TARBP2
