 KEGG:hsa04740	Olfactory transduction	0.0	0	OR10G7|OR10H3|OR10H4|OR10H5|OR10J3|OR10J5|OR2A12|OR2A14|OR2A2|OR2D3|OR2T10|OR2T12|OR4S1|OR52W1|OR5A2|OR5AK2|OR5D13|OR5H6|OR6C3|OR6V1
 REACT:R-HSA-372790	Signaling by GPCR	0.0	0	AVPR2|FGA|FGB|FGG|MC1R|MC3R|MC4R|NRG1|OR10G7|OR10H3|OR10H4|OR10H5|OR10J3|OR10J5|OR2A12|OR2A14|OR2A2|OR2D3|OR2T10|OR2T12|OR4S1|OR52W1|OR5A2|OR5AK2|OR5D13|OR5H6|OR6C3|OR6V1|PTGER1|PTGER3|TSHR
 REACT:R-HSA-388396	GPCR downstream signaling	0.0	0	AVPR2|MC1R|MC3R|MC4R|OR10G7|OR10H3|OR10H4|OR10H5|OR10J3|OR10J5|OR2A12|OR2A14|OR2A2|OR2D3|OR2T10|OR2T12|OR4S1|OR52W1|OR5A2|OR5AK2|OR5D13|OR5H6|OR6C3|OR6V1|PTGER1|PTGER3|TSHR
 REACT:R-HSA-381753	Olfactory Signaling Pathway	3.64563934596e-12	2.15366e-09	OR10G7|OR10H3|OR10H4|OR10H5|OR10J3|OR10J5|OR2A12|OR2A14|OR2A2|OR2D3|OR2T10|OR2T12|OR4S1|OR52W1|OR5A2|OR5AK2|OR5D13|OR5H6|OR6C3|OR6V1
 REACT:R-HSA-162582	Signal Transduction	1.05047277765e-07	4.96453e-05	AVPR2|CD19|FGA|FGB|FGG|FLT1|MC1R|MC3R|MC4R|NRG1|OR10G7|OR10H3|OR10H4|OR10H5|OR10J3|OR10J5|OR2A12|OR2A14|OR2A2|OR2D3|OR2T10|OR2T12|OR4S1|OR52W1|OR5A2|OR5AK2|OR5D13|OR5H6|OR6C3|OR6V1|PTGER1|PTGER3|TSHR
 REACT:R-HSA-5686938	Regulation of TLR by endogenous ligand	1.2884717322e-06	0.000507443	FGA|FGB|FGG|TLR2
 REACT:R-HSA-156590	Glutathione conjugation	5.31069026577e-05	0.0179274	GSTA3|GSTA4|GSTM3|GSTM5
 REACT:R-HSA-354194	GRB2:SOS provides linkage to MAPK signaling for Integrins	7.77259424919e-05	0.0204074	FGA|FGB|FGG
 REACT:R-HSA-372708	p130Cas linkage to MAPK signaling for integrins	7.77259424919e-05	0.0204074	FGA|FGB|FGG
 KEGG:hsa00480	Glutathione metabolism	0.000192311659005	0.0448773	GSTA3|GSTA4|GSTM3|GSTM5
 REACT:R-HSA-140875	Common Pathway of Fibrin Clot Formation	0.000208908431698	0.0448773	FGA|FGB|FGG
