 KEGG:hsa04060	Cytokine-cytokine receptor interaction	0.0	0	CD40|CRLF2|CSF1|CSF2RA|CSF2RB|EGFR|FLT1|IFNA1|IFNA10|IFNA13|IFNA14|IFNA16|IFNA17|IFNA2|IFNA21|IFNA4|IFNA5|IFNA6|IFNA7|IFNA8|IFNAR2|IFNB1|IFNE|IFNG|IFNLR1|IFNW1|IL12B|IL19|IL1A|IL1B|IL1R1|IL1R2|IL1RAP|IL20|IL20RB|IL22|IL22RA1|IL24|IL2RB|IL2RG|IL5RA|IL6R|OSMR|RELT|TNFRSF18|TNFRSF1B|TNFRSF25|VEGFA
 KEGG:hsa04151	PI3K-Akt signaling pathway	0.0	0	CD19|CHAD|COMP|CREB3L3|CSF1|EFNA1|EFNA2|EFNA3|EFNA4|EGFR|FGF1|FGF10|FGF11|FGF12|FGF13|FGF14|FGF16|FGF17|FGF18|FGF19|FGF2|FGF20|FGF21|FGF22|FGF23|FGF3|FGF4|FGF5|FGF6|FGF7|FGF8|FGF9|FLT1|IFNA1|IFNA10|IFNA13|IFNA14|IFNA16|IFNA17|IFNA2|IFNA21|IFNA4|IFNA5|IFNA6|IFNA7|IFNA8|IFNAR2|IFNB1|IL2RB|IL2RG|IL6R|ITGB3|LAMB4|LAMC3|OSMR|PHLPP1|PHLPP2|PIK3AP1|THBS1|THBS2|THBS4|TLR2|TLR4|TNXB|VEGFA
 KEGG:hsa04630	Jak-STAT signaling pathway	0.0	0	CRLF2|CSF2RA|CSF2RB|IFNA1|IFNA10|IFNA13|IFNA14|IFNA16|IFNA17|IFNA2|IFNA21|IFNA4|IFNA5|IFNA6|IFNA7|IFNA8|IFNAR2|IFNB1|IFNE|IFNG|IFNLR1|IFNW1|IL12B|IL13RA2|IL19|IL20|IL20RB|IL22|IL22RA1|IL24|IL2RB|IL2RG|IL5RA|IL6R|OSMR|STAT5A
 KEGG:hsa05152	Tuberculosis	0.0	0	ATP6V0A1|CD14|CLEC4E|CLEC4M|CLEC7A|FCGR2A|FCGR2B|FCGR2C|FCGR3A|FCGR3B|IFNA1|IFNA10|IFNA13|IFNA14|IFNA16|IFNA17|IFNA2|IFNA21|IFNA4|IFNA5|IFNA6|IFNA7|IFNA8|IFNB1|IFNG|IL12B|IL1A|IL1B|ITGB2|LAMP1|LSP1|MRC1|PLA2R1|RFXAP|TLR1|TLR2|TLR4|TLR6
 KEGG:hsa05218	Melanoma	0.0	0	EGFR|FGF1|FGF10|FGF11|FGF12|FGF13|FGF14|FGF16|FGF17|FGF18|FGF19|FGF2|FGF20|FGF21|FGF22|FGF23|FGF3|FGF4|FGF5|FGF6|FGF7|FGF8|FGF9|MITF
 REACT:R-HSA-168249	Innate Immune System	0.0	0	A1BG|AGL|ATP6V0A1|ATP6V1E2|C1R|C8A|CD14|CD180|CD19|CD28|CD3G|CD4|CD44|CD46|CD47|CD59|CD68|CEACAM1|CEACAM8|CFP|CLEC10A|CLEC12A|CLEC4A|CLEC4C|CLEC4D|CLEC4E|CLEC5A|CLEC6A|CLEC7A|COLEC11|CRP|CSF2RA|CSF2RB|CSNK2B|DEFB112|DEFB119|DEGS1|DSN1|EGFR|FABP5|FAF2|FCAR|FCER1A|FCGR2A|FCGR2C|FCGR3A|FCGR3B|FCN3|FGA|FGF1|FGF10|FGF16|FGF17|FGF18|FGF19|FGF2|FGF20|FGF22|FGF23|FGF3|FGF4|FGF5|FGF6|FGF7|FGF8|FGF9|FGG|GAA|GLA|GUSB|GYG1|HBEGF|HEXB|ICAM3|ICOS|IFNA1|IFNA10|IFNA13|IFNA14|IFNA16|IFNA17|IFNA2|IFNA21|IFNA4|IFNA5|IFNA6|IFNA7|IFNA8|IFNB1|IL1B|IL2RB|IL2RG|IL5RA|ITGB2|ITGB3|ITLN1|KIR2DS4|KIR2DS5|KIR3DS1|KLRC2|KLRC4-KLRK1|KLRD1|LAMP1|LAMTOR1|LGALS3|LILRA3|LRG1|MBL2|MEF2C|MGAM|MUC15|MYH2|MYO5A|NEU1|NFASC|NFKB2|NLRC3|NRG1|NRG4|OLR1|PGLYRP1|PGLYRP2|PGLYRP3|PGLYRP4|PHLPP1|PHLPP2|PIK3AP1|PLAUR|POLR3H|PRG2|PRG3|PTX3|RNF135|SELL|SIGLEC14|SIGLEC15|SIGLEC5|SIGLEC9|SLC2A3|SLC2A5|SLPI|STBD1|STK11IP|TLR1|TLR10|TLR2|TLR3|TLR4|TLR5|TLR6|TNFRSF1B|TNIP2|TNRC6A|VAPA|WIPF1
 REACT:R-HSA-168256	Immune System	0.0	0	A1BG|AGL|AP1M2|ATP6V0A1|ATP6V1E2|BTNL8|C1R|C8A|CALR|CANX|CD14|CD160|CD180|CD19|CD207|CD22|CD28|CD3D|CD3G|CD4|CD40|CD44|CD46|CD47|CD59|CD68|CEACAM1|CEACAM8|CFP|CLEC10A|CLEC12A|CLEC2B|CLEC2D|CLEC4A|CLEC4C|CLEC4D|CLEC4E|CLEC5A|CLEC6A|CLEC7A|COLEC11|CRP|CSF1|CSF2RA|CSF2RB|CSNK2B|CXADR|DCTN4|DEFB112|DEFB119|DEGS1|DSN1|EGFR|FABP5|FAF2|FBXL13|FBXL14|FBXL19|FBXL4|FBXL5|FBXO17|FBXO6|FCAR|FCER1A|FCGR1B|FCGR2A|FCGR2B|FCGR2C|FCGR3A|FCGR3B|FCN3|FGA|FGF1|FGF10|FGF16|FGF17|FGF18|FGF19|FGF2|FGF20|FGF22|FGF23|FGF3|FGF4|FGF5|FGF6|FGF7|FGF8|FGF9|FGG|GAA|GLA|GUSB|GYG1|HBEGF|HERC6|HEXB|ICAM1|ICAM3|ICAM4|ICOS|IFNA1|IFNA10|IFNA13|IFNA14|IFNA16|IFNA17|IFNA2|IFNA21|IFNA4|IFNA5|IFNA6|IFNA7|IFNA8|IFNAR2|IFNB1|IFNG|IFNLR1|IL12B|IL13RA2|IL19|IL1A|IL1B|IL1R1|IL1R2|IL1RAP|IL1RL1|IL1RN|IL20|IL20RB|IL22|IL22RA1|IL24|IL2RB|IL2RG|IL34|IL36A|IL36B|IL5RA|IL6R|ITGB2|ITGB3|ITLN1|JUNB|KIR2DL1|KIR2DL3|KIR2DL4|KIR2DS1|KIR2DS4|KIR2DS5|KIR3DL2|KIR3DS1|KLRB1|KLRC1|KLRC2|KLRC4-KLRK1|KLRD1|KLRF1|KLRG1|LAIR2|LAMP1|LAMTOR1|LGALS3|LGALS9|LILRA1|LILRA3|LILRA4|LILRA5|LILRB5|LRG1|MBL2|MEF2C|MGAM|MGRN1|MRC1|MUC15|MYH2|MYO5A|NEU1|NFASC|NFKB2|NLRC3|NRG1|NRG4|OLR1|OSMR|PGLYRP1|PGLYRP2|PGLYRP3|PGLYRP4|PHLPP1|PHLPP2|PIK3AP1|PLAUR|POLR3H|POM121|PRG2|PRG3|PTX3|PVR|RNF135|SELL|SIGLEC1|SIGLEC10|SIGLEC11|SIGLEC12|SIGLEC14|SIGLEC15|SIGLEC5|SIGLEC6|SIGLEC7|SIGLEC8|SIGLEC9|SKP2|SLC2A3|SLC2A5|SLPI|SOX2|SPSB4|STAT5A|STBD1|STK11IP|TLR1|TLR10|TLR2|TLR3|TLR4|TLR5|TLR6|TNFRSF18|TNFRSF1B|TNFRSF25|TNIP2|TNRC6A|TRIM14|TRIM17|TRPC1|VAPA|VEGFA|WIPF1
 REACT:R-HSA-1839122	Signaling by activated point mutants of FGFR1	0.0	0	FGF1|FGF17|FGF2|FGF20|FGF23|FGF4|FGF5|FGF6|FGF8|FGF9
 REACT:R-HSA-1839126	FGFR2 mutant receptor activation	0.0	0	FGF1|FGF10|FGF16|FGF17|FGF18|FGF2|FGF20|FGF22|FGF23|FGF3|FGF4|FGF5|FGF6|FGF7|FGF8|FGF9
 REACT:R-HSA-1839130	Signaling by activated point mutants of FGFR3	0.0	0	FGF1|FGF16|FGF17|FGF18|FGF2|FGF20|FGF23|FGF4|FGF5|FGF8|FGF9
 REACT:R-HSA-190239	FGFR3 ligand binding and activation	0.0	0	FGF1|FGF16|FGF17|FGF18|FGF2|FGF20|FGF23|FGF4|FGF5|FGF8|FGF9
 REACT:R-HSA-190241	FGFR2 ligand binding and activation	0.0	0	FGF1|FGF10|FGF16|FGF17|FGF18|FGF2|FGF20|FGF22|FGF23|FGF3|FGF4|FGF5|FGF6|FGF7|FGF8|FGF9
 REACT:R-HSA-190242	FGFR1 ligand binding and activation	0.0	0	FGF1|FGF10|FGF17|FGF2|FGF20|FGF22|FGF23|FGF3|FGF4|FGF5|FGF6|FGF8|FGF9
 REACT:R-HSA-190322	FGFR4 ligand binding and activation	0.0	0	FGF1|FGF16|FGF17|FGF18|FGF19|FGF2|FGF20|FGF23|FGF4|FGF6|FGF8|FGF9
 REACT:R-HSA-190372	FGFR3c ligand binding and activation	0.0	0	FGF1|FGF16|FGF17|FGF18|FGF2|FGF20|FGF23|FGF4|FGF5|FGF8|FGF9
 REACT:R-HSA-190375	FGFR2c ligand binding and activation	0.0	0	FGF1|FGF16|FGF17|FGF18|FGF2|FGF20|FGF23|FGF4|FGF5|FGF6|FGF8|FGF9
 REACT:R-HSA-199418	Negative regulation of the PI3K/AKT network	0.0	0	CD19|CD28|EGFR|FGF1|FGF10|FGF16|FGF17|FGF18|FGF19|FGF2|FGF20|FGF22|FGF23|FGF3|FGF4|FGF5|FGF6|FGF7|FGF8|FGF9|HBEGF|ICOS|NRG1|NRG4|PHLPP1|PHLPP2|PIK3AP1
 REACT:R-HSA-2033514	FGFR3 mutant receptor activation	0.0	0	FGF1|FGF16|FGF17|FGF18|FGF2|FGF20|FGF23|FGF4|FGF5|FGF8|FGF9
 REACT:R-HSA-2033519	Activated point mutants of FGFR2	0.0	0	FGF1|FGF10|FGF16|FGF17|FGF18|FGF2|FGF20|FGF22|FGF23|FGF3|FGF4|FGF5|FGF6|FGF7|FGF8|FGF9
 REACT:R-HSA-2219530	Constitutive Signaling by Aberrant PI3K in Cancer	0.0	0	CD19|CD28|EGFR|FGF1|FGF10|FGF16|FGF17|FGF18|FGF19|FGF2|FGF20|FGF22|FGF23|FGF3|FGF4|FGF5|FGF6|FGF7|FGF8|FGF9|HBEGF|ICOS|NRG1|NRG4|PIK3AP1
 REACT:R-HSA-428790	Facilitative Na+-independent glucose transporters	0.0	0	FGF21|SLC2A1|SLC2A10|SLC2A11|SLC2A14|SLC2A2|SLC2A3|SLC2A5|SLC2A6|SLC2A8|SLC2A9
 REACT:R-HSA-432047	Passive transport by Aquaporins	0.0	0	AQP1|AQP10|AQP12A|AQP2|AQP3|AQP4|AQP5|AQP6|AQP7|AQP9|MIP
 REACT:R-HSA-5654219	Phospholipase C-mediated cascade: FGFR1	0.0	0	FGF1|FGF10|FGF17|FGF2|FGF20|FGF22|FGF23|FGF3|FGF4|FGF5|FGF6|FGF8|FGF9
 REACT:R-HSA-5654221	Phospholipase C-mediated cascade; FGFR2	0.0	0	FGF1|FGF10|FGF16|FGF17|FGF18|FGF2|FGF20|FGF22|FGF23|FGF3|FGF4|FGF5|FGF6|FGF7|FGF8|FGF9
 REACT:R-HSA-5654227	Phospholipase C-mediated cascade; FGFR3	0.0	0	FGF1|FGF16|FGF17|FGF18|FGF2|FGF20|FGF23|FGF4|FGF5|FGF8|FGF9
 REACT:R-HSA-5654228	Phospholipase C-mediated cascade; FGFR4	0.0	0	FGF1|FGF16|FGF17|FGF18|FGF19|FGF2|FGF20|FGF23|FGF4|FGF6|FGF8|FGF9
 REACT:R-HSA-5654687	Downstream signaling of activated FGFR1	0.0	0	FGF1|FGF10|FGF17|FGF2|FGF20|FGF22|FGF23|FGF3|FGF4|FGF5|FGF6|FGF8|FGF9|FLRT1|FLRT2|FLRT3
 REACT:R-HSA-5654695	PI-3K cascade:FGFR2	0.0	0	FGF1|FGF10|FGF16|FGF17|FGF18|FGF2|FGF20|FGF22|FGF23|FGF3|FGF4|FGF5|FGF6|FGF7|FGF8|FGF9
 REACT:R-HSA-5654699	SHC-mediated cascade:FGFR2	0.0	0	FGF1|FGF10|FGF16|FGF17|FGF18|FGF2|FGF20|FGF22|FGF23|FGF3|FGF4|FGF5|FGF6|FGF7|FGF8|FGF9
 REACT:R-HSA-5654700	FRS-mediated FGFR2 signaling	0.0	0	FGF1|FGF10|FGF16|FGF17|FGF18|FGF2|FGF20|FGF22|FGF23|FGF3|FGF4|FGF5|FGF6|FGF7|FGF8|FGF9
 REACT:R-HSA-912694	Regulation of IFNA signaling	0.0	0	IFNA1|IFNA10|IFNA13|IFNA14|IFNA16|IFNA17|IFNA2|IFNA21|IFNA4|IFNA5|IFNA6|IFNA7|IFNA8|IFNAR2|IFNB1
 REACT:R-HSA-198933	Immunoregulatory interactions between a Lymphoid and a non-Lymphoid cell	3.47388784405e-13	2.56525e-11	CD160|CD19|CD22|CD3D|CD3G|CD40|CLEC2B|CLEC2D|CXADR|FCGR2B|FCGR3A|ICAM1|ICAM3|ICAM4|ITGB2|KIR2DL1|KIR2DL3|KIR2DL4|KIR2DS1|KIR3DL2|KIR3DS1|KLRB1|KLRC1|KLRC4-KLRK1|KLRD1|KLRF1|KLRG1|LAIR2|LILRA1|LILRA3|LILRA4|LILRA5|LILRB5|PVR|SELL|SIGLEC1|SIGLEC10|SIGLEC11|SIGLEC12|SIGLEC5|SIGLEC6|SIGLEC7|SIGLEC8|SIGLEC9
 REACT:R-HSA-6811558	"PI5P PP2A and IER3 Regulate PI3K/AKT Signaling"	4.4136916344e-12	3.16047e-10	CD19|CD28|EGFR|FGF1|FGF10|FGF16|FGF17|FGF18|FGF19|FGF2|FGF20|FGF22|FGF23|FGF3|FGF4|FGF5|FGF6|FGF7|FGF8|FGF9|HBEGF|ICOS|NRG1|NRG4|PIK3AP1
 REACT:R-HSA-5654696	Downstream signaling of activated FGFR2	5.34516875206e-12	3.71489e-10	FGF1|FGF10|FGF16|FGF17|FGF18|FGF2|FGF20|FGF22|FGF23|FGF3|FGF4|FGF5|FGF6|FGF7|FGF8|FGF9
 REACT:R-HSA-1280218	Adaptive Immune System	1.16462395283e-11	7.86288e-10	AP1M2|BTNL8|CALR|CANX|CD14|CD160|CD19|CD207|CD22|CD28|CD3D|CD3G|CD4|CD40|CLEC2B|CLEC2D|CXADR|DCTN4|EGFR|FBXL13|FBXL14|FBXL19|FBXL4|FBXL5|FBXO17|FBXO6|FCGR1B|FCGR2B|FCGR3A|FGF1|FGF10|FGF16|FGF17|FGF18|FGF19|FGF2|FGF20|FGF22|FGF23|FGF3|FGF4|FGF5|FGF6|FGF7|FGF8|FGF9|HBEGF|HERC6|ICAM1|ICAM3|ICAM4|ICOS|ITGB2|KIR2DL1|KIR2DL3|KIR2DL4|KIR2DS1|KIR3DL2|KIR3DS1|KLRB1|KLRC1|KLRC4-KLRK1|KLRD1|KLRF1|KLRG1|LAIR2|LILRA1|LILRA3|LILRA4|LILRA5|LILRB5|MGRN1|MRC1|NRG1|NRG4|PHLPP1|PHLPP2|PIK3AP1|PVR|SELL|SIGLEC1|SIGLEC10|SIGLEC11|SIGLEC12|SIGLEC5|SIGLEC6|SIGLEC7|SIGLEC8|SIGLEC9|SKP2|SPSB4|TLR1|TLR2|TLR4|TLR6|TNRC6A|TRPC1
 REACT:R-HSA-5654727	Negative regulation of FGFR2 signaling	1.60644830771e-11	1.00814e-09	FGF1|FGF10|FGF16|FGF17|FGF18|FGF2|FGF20|FGF22|FGF23|FGF3|FGF4|FGF5|FGF6|FGF7|FGF8|FGF9
 REACT:R-HSA-5654688	SHC-mediated cascade:FGFR1	1.62121427394e-11	1.00814e-09	FGF1|FGF10|FGF17|FGF2|FGF20|FGF22|FGF23|FGF3|FGF4|FGF5|FGF6|FGF8|FGF9
 REACT:R-HSA-5654689	PI-3K cascade:FGFR1	1.62121427394e-11	1.00814e-09	FGF1|FGF10|FGF17|FGF2|FGF20|FGF22|FGF23|FGF3|FGF4|FGF5|FGF6|FGF8|FGF9
 REACT:R-HSA-2219528	PI3K/AKT Signaling in Cancer	1.69285696572e-11	1.00935e-09	CD19|CD28|EGFR|FGF1|FGF10|FGF16|FGF17|FGF18|FGF19|FGF2|FGF20|FGF22|FGF23|FGF3|FGF4|FGF5|FGF6|FGF7|FGF8|FGF9|HBEGF|ICOS|NRG1|NRG4|PIK3AP1
 KEGG:hsa05162	Measles	1.70858882598e-11	1.00935e-09	CD28|CD3D|CD3G|CD46|CLEC4M|CSNK2B|FCGR2B|IFNA1|IFNA10|IFNA13|IFNA14|IFNA16|IFNA17|IFNA2|IFNA21|IFNA4|IFNA5|IFNA6|IFNA7|IFNA8|IFNAR2|IFNB1|IFNG|IL12B|IL1A|IL1B|IL2RB|IL2RG|STAT5A|TLR2|TLR4
 REACT:R-HSA-190373	FGFR1c ligand binding and activation	2.06020756011e-11	1.18738e-09	FGF1|FGF17|FGF2|FGF20|FGF23|FGF4|FGF5|FGF6|FGF8|FGF9
 KEGG:hsa04650	Natural killer cell mediated cytotoxicity	2.76841882751e-11	1.55757e-09	FCGR3A|FCGR3B|ICAM1|IFNA1|IFNA10|IFNA13|IFNA14|IFNA16|IFNA17|IFNA2|IFNA21|IFNA4|IFNA5|IFNA6|IFNA7|IFNA8|IFNAR2|IFNB1|IFNG|ITGB2|KIR2DL1|KIR2DL3|KIR2DL4|KIR2DS1|KIR2DS4|KIR2DS5|KIR3DL2|KLRC1|KLRC2|KLRC4-KLRK1|KLRD1
 REACT:R-HSA-5654693	FRS-mediated FGFR1 signaling	5.0799808804e-11	2.79163e-09	FGF1|FGF10|FGF17|FGF2|FGF20|FGF22|FGF23|FGF3|FGF4|FGF5|FGF6|FGF8|FGF9
 KEGG:hsa05224	Breast cancer	5.60347324097e-11	3.00932e-09	DLL4|EGFR|FGF1|FGF10|FGF11|FGF12|FGF13|FGF14|FGF16|FGF17|FGF18|FGF19|FGF2|FGF20|FGF21|FGF22|FGF23|FGF3|FGF4|FGF5|FGF6|FGF7|FGF8|FGF9|HEY1|JAG2|LEF1|NFKB2|SP1|TCF7|TCF7L1|TCF7L2
 REACT:R-HSA-5658623	FGFRL1 modulation of FGFR1 signaling	1.25818466756e-10	6.60687e-09	FGF10|FGF17|FGF18|FGF2|FGF22|FGF23|FGF3|FGF4|FGF5|FGF8
 REACT:R-HSA-5654719	SHC-mediated cascade:FGFR4	1.4862766573e-10	7.47249e-09	FGF1|FGF16|FGF17|FGF18|FGF19|FGF2|FGF20|FGF23|FGF4|FGF6|FGF8|FGF9
 REACT:R-HSA-5654720	PI-3K cascade:FGFR4	1.4862766573e-10	7.47249e-09	FGF1|FGF16|FGF17|FGF18|FGF19|FGF2|FGF20|FGF23|FGF4|FGF6|FGF8|FGF9
 REACT:R-HSA-933541	TRAF6 mediated IRF7 activation	3.83073572863e-10	1.88584e-08	IFNA1|IFNA10|IFNA13|IFNA14|IFNA16|IFNA17|IFNA2|IFNA21|IFNA4|IFNA5|IFNA6|IFNA7|IFNA8|IFNB1|RNF135
 REACT:R-HSA-5654712	FRS-mediated FGFR4 signaling	6.75255851235e-10	3.18403e-08	FGF1|FGF16|FGF17|FGF18|FGF19|FGF2|FGF20|FGF23|FGF4|FGF6|FGF8|FGF9
 REACT:R-HSA-5654704	SHC-mediated cascade:FGFR3	6.87201073823e-10	3.18403e-08	FGF1|FGF16|FGF17|FGF18|FGF2|FGF20|FGF23|FGF4|FGF5|FGF8|FGF9
 REACT:R-HSA-5654710	PI-3K cascade:FGFR3	6.87201073823e-10	3.18403e-08	FGF1|FGF16|FGF17|FGF18|FGF2|FGF20|FGF23|FGF4|FGF5|FGF8|FGF9
 REACT:R-HSA-1257604	PIP3 activates AKT signaling	7.99102450877e-10	3.63131e-08	CD19|CD28|EGFR|FGF1|FGF10|FGF16|FGF17|FGF18|FGF19|FGF2|FGF20|FGF22|FGF23|FGF3|FGF4|FGF5|FGF6|FGF7|FGF8|FGF9|HBEGF|ICOS|NRG1|NRG4|PHLPP1|PHLPP2|PIK3AP1|TNRC6A
 REACT:R-HSA-5655253	Signaling by FGFR2 in disease	1.26609167594e-09	5.64486e-08	FGF1|FGF10|FGF16|FGF17|FGF18|FGF2|FGF20|FGF22|FGF23|FGF3|FGF4|FGF5|FGF6|FGF7|FGF8|FGF9
 KEGG:hsa04620	Toll-like receptor signaling pathway	1.35730815476e-09	5.93948e-08	CD14|CD40|IFNA1|IFNA10|IFNA13|IFNA14|IFNA16|IFNA17|IFNA2|IFNA21|IFNA4|IFNA5|IFNA6|IFNA7|IFNA8|IFNAR2|IFNB1|IL12B|IL1B|TLR1|TLR2|TLR3|TLR4|TLR5|TLR6
 KEGG:hsa04145	Phagosome	1.39871336735e-09	5.98581e-08	ATP6V0A1|ATP6V1E2|C1R|CALR|CANX|CD14|CLEC4M|CLEC7A|COLEC11|COLEC12|COMP|FCAR|FCGR2A|FCGR2B|FCGR2C|FCGR3A|FCGR3B|ITGB2|ITGB3|LAMP1|MBL2|MRC1|OLR1|PLA2R1|SFTPD|THBS1|THBS2|THBS4|TLR2|TLR4|TLR6
 REACT:R-HSA-180292	GAB1 signalosome	1.4438902296e-09	5.98581e-08	CD19|CD28|EGFR|FGF1|FGF10|FGF16|FGF17|FGF18|FGF19|FGF2|FGF20|FGF22|FGF23|FGF3|FGF4|FGF5|FGF6|FGF7|FGF8|FGF9|HBEGF|ICOS|NRG1|NRG4|PHLPP1|PHLPP2|PIK3AP1|TNRC6A
 REACT:R-HSA-198203	PI3K/AKT activation	1.4438902296e-09	5.98581e-08	CD19|CD28|EGFR|FGF1|FGF10|FGF16|FGF17|FGF18|FGF19|FGF2|FGF20|FGF22|FGF23|FGF3|FGF4|FGF5|FGF6|FGF7|FGF8|FGF9|HBEGF|ICOS|NRG1|NRG4|PHLPP1|PHLPP2|PIK3AP1|TNRC6A
 REACT:R-HSA-5654736	Signaling by FGFR1	1.96794036622e-09	8.01766e-08	FGF1|FGF10|FGF17|FGF18|FGF2|FGF20|FGF22|FGF23|FGF3|FGF4|FGF5|FGF6|FGF8|FGF9|FLRT1|FLRT2|FLRT3
 REACT:R-HSA-5654706	FRS-mediated FGFR3 signaling	3.25750093566e-09	1.30466e-07	FGF1|FGF16|FGF17|FGF18|FGF2|FGF20|FGF23|FGF4|FGF5|FGF8|FGF9
 KEGG:hsa05320	Autoimmune thyroid disease	3.91701870939e-09	1.54265e-07	CD28|CD40|CGA|IFNA1|IFNA10|IFNA13|IFNA14|IFNA16|IFNA17|IFNA2|IFNA21|IFNA4|IFNA5|IFNA6|IFNA7|IFNA8|TSHR
 REACT:R-HSA-1280215	Cytokine Signaling in Immune system	4.00413036061e-09	1.55111e-07	CD4|CD40|CD44|CSF1|CSF2RA|CSF2RB|EGFR|FCGR1B|FGA|FGF1|FGF10|FGF16|FGF17|FGF18|FGF19|FGF2|FGF20|FGF22|FGF23|FGF3|FGF4|FGF5|FGF6|FGF7|FGF8|FGF9|FGG|HBEGF|ICAM1|IFNA1|IFNA10|IFNA13|IFNA14|IFNA16|IFNA17|IFNA2|IFNA21|IFNA4|IFNA5|IFNA6|IFNA7|IFNA8|IFNAR2|IFNB1|IFNG|IFNLR1|IL12B|IL13RA2|IL19|IL1A|IL1B|IL1R1|IL1R2|IL1RAP|IL1RL1|IL1RN|IL20|IL20RB|IL22|IL22RA1|IL24|IL2RB|IL2RG|IL34|IL36A|IL36B|IL5RA|IL6R|ITGB2|ITGB3|JUNB|LGALS9|NFKB2|NRG1|NRG4|OSMR|POM121|SOX2|STAT5A|TNFRSF18|TNFRSF1B|TNFRSF25|TNIP2|TRIM14|TRIM17|VEGFA
 KEGG:hsa04640	Hematopoietic cell lineage	6.68735766762e-09	2.54875e-07	CD14|CD19|CD1E|CD22|CD3D|CD3G|CD4|CD44|CD59|CSF1|CSF2RA|GP1BA|GP1BB|GP5|GP9|IL1A|IL1B|IL1R1|IL1R2|IL5RA|IL6R|ITGB3|MS4A1
 REACT:R-HSA-2730905	Role of LAT2/NTAL/LAB on calcium mobilization	7.22923809704e-09	2.71154e-07	CD19|CD28|EGFR|FGF1|FGF10|FGF16|FGF17|FGF18|FGF19|FGF2|FGF20|FGF22|FGF23|FGF3|FGF4|FGF5|FGF6|FGF7|FGF8|FGF9|HBEGF|ICOS|NRG1|NRG4|PHLPP1|PHLPP2|PIK3AP1|TNRC6A
 KEGG:hsa05144	Malaria	1.15386159516e-08	4.26027e-07	CD40|COMP|GYPB|ICAM1|IFNG|IL1B|ITGB2|KLRB1|KLRC4-KLRK1|SELE|SELP|THBS1|THBS2|THBS4|TLR2|TLR4
 REACT:R-HSA-5655332	Signaling by FGFR3 in disease	1.22403680525e-08	4.38242e-07	FGF1|FGF16|FGF17|FGF18|FGF2|FGF20|FGF23|FGF4|FGF5|FGF8|FGF9
 REACT:R-HSA-8853338	Signaling by FGFR3 point mutants in cancer	1.22403680525e-08	4.38242e-07	FGF1|FGF16|FGF17|FGF18|FGF2|FGF20|FGF23|FGF4|FGF5|FGF8|FGF9
 REACT:R-HSA-5654716	Downstream signaling of activated FGFR4	1.41678609955e-08	4.99681e-07	FGF1|FGF16|FGF17|FGF18|FGF19|FGF2|FGF20|FGF23|FGF4|FGF6|FGF8|FGF9
 KEGG:hsa04514	Cell adhesion molecules (CAMs)	1.94898779338e-08	6.77273e-07	CD22|CD276|CD28|CD4|CD40|CDH15|CDH2|CDH4|CLDN11|ESAM|ICAM1|ICAM3|ICOS|ITGB2|LRRC4|LRRC4C|MAG|NFASC|NRXN1|NRXN3|NTNG1|OCLN|PVR|SELE|SELL|SELP|SIGLEC1|VCAN
 REACT:R-HSA-5654726	Negative regulation of FGFR1 signaling	2.06733968833e-08	7.07989e-07	FGF1|FGF10|FGF17|FGF2|FGF20|FGF22|FGF23|FGF3|FGF4|FGF5|FGF6|FGF8|FGF9
 REACT:R-HSA-109704	PI3K Cascade	2.37861516039e-08	8.02953e-07	FGF1|FGF10|FGF16|FGF17|FGF18|FGF19|FGF2|FGF20|FGF22|FGF23|FGF3|FGF4|FGF5|FGF6|FGF7|FGF8|FGF9|LAMTOR1|PRKAB1|PRKAB2
 REACT:R-HSA-2022857	Keratan sulfate degradation	6.21037056225e-08	2.06692e-06	FMOD|HEXA|HEXB|KERA|LUM|OGN|OMD|PRELP
 REACT:R-HSA-5654708	Downstream signaling of activated FGFR3	6.56459548942e-08	2.15446e-06	FGF1|FGF16|FGF17|FGF18|FGF2|FGF20|FGF23|FGF4|FGF5|FGF8|FGF9
 KEGG:hsa04015	Rap1 signaling pathway	8.88430482515e-08	2.87584e-06	BCAR1|CSF1|EFNA1|EFNA2|EFNA3|EFNA4|EGFR|FGF1|FGF10|FGF11|FGF12|FGF13|FGF14|FGF16|FGF17|FGF18|FGF19|FGF2|FGF20|FGF21|FGF22|FGF23|FGF3|FGF4|FGF5|FGF6|FGF7|FGF8|FGF9|FLT1|ITGB2|ITGB3|THBS1|VEGFA
 REACT:R-HSA-5654733	Negative regulation of FGFR4 signaling	9.21894247607e-08	2.90822e-06	FGF1|FGF16|FGF17|FGF18|FGF19|FGF2|FGF20|FGF23|FGF4|FGF6|FGF8|FGF9
 KEGG:hsa04622	RIG-I-like receptor signaling pathway	9.2304911492e-08	2.90822e-06	IFNA1|IFNA10|IFNA13|IFNA14|IFNA16|IFNA17|IFNA2|IFNA21|IFNA4|IFNA5|IFNA6|IFNA7|IFNA8|IFNB1|IFNE|IFNW1|IL12B|TBKBP1
 REACT:R-HSA-1226099	Signaling by FGFR in disease	9.75197356201e-08	3.03209e-06	FGF1|FGF10|FGF16|FGF17|FGF18|FGF2|FGF20|FGF22|FGF23|FGF3|FGF4|FGF5|FGF6|FGF7|FGF8|FGF9|STAT5A
 REACT:R-HSA-3781865	Diseases of glycosylation	1.10496048311e-07	3.39094e-06	ADAMTS17|ADAMTSL1|ADAMTSL2|ADAMTSL4|BCAN|BGN|CFP|DCN|FMOD|KERA|LUM|MUC15|OGN|OMD|PRELP|THBS1|THBS2|THSD1|THSD7B|VCAN
 REACT:R-HSA-449147	Signaling by Interleukins	1.92631358087e-07	5.83574e-06	CD4|CSF1|CSF2RA|CSF2RB|EGFR|FGA|FGF1|FGF10|FGF16|FGF17|FGF18|FGF19|FGF2|FGF20|FGF22|FGF23|FGF3|FGF4|FGF5|FGF6|FGF7|FGF8|FGF9|FGG|HBEGF|ICAM1|IFNLR1|IL12B|IL13RA2|IL19|IL1A|IL1B|IL1R1|IL1R2|IL1RAP|IL1RL1|IL1RN|IL20|IL20RB|IL22|IL22RA1|IL24|IL2RB|IL2RG|IL34|IL36A|IL36B|IL5RA|IL6R|ITGB2|ITGB3|JUNB|LGALS9|NFKB2|NRG1|NRG4|OSMR|SOX2|STAT5A|TNFRSF1B|TNIP2|VEGFA
 REACT:R-HSA-190236	Signaling by FGFR	2.02079892042e-07	6.04449e-06	FGF1|FGF10|FGF16|FGF17|FGF18|FGF19|FGF2|FGF20|FGF22|FGF23|FGF3|FGF4|FGF5|FGF6|FGF7|FGF8|FGF9|FLRT1|FLRT2|FLRT3
 REACT:R-HSA-1643685	Disease	2.90620978394e-07	8.30523e-06	ADAMTS17|ADAMTSL1|ADAMTSL2|ADAMTSL4|AP1M2|BCAN|BGN|CALR|CANX|CD14|CD19|CD28|CD320|CD4|CFP|CSF2RA|CSF2RB|DCN|DKK1|DLL4|EGFR|EPM2A|ERLEC1|FGA|FGF1|FGF10|FGF16|FGF17|FGF18|FGF19|FGF2|FGF20|FGF22|FGF23|FGF3|FGF4|FGF5|FGF6|FGF7|FGF8|FGF9|FGG|FMOD|GYG1|GYG2|HBEGF|HDAC9|HEY1|ICOS|ITGB3|JAG2|KERA|LUM|MUC15|NFKB2|NRG1|NRG4|OGN|OMD|OS9|PIK3AP1|POM121|PORCN|PRELP|PSEN2|RANGAP1|RBP1|RBP4|RPL10L|RPS20|RPS23|SFTPD|STAT5A|TAF4B|TAF6|TCF7L2|THBS1|THBS2|THSD1|THSD7B|TLR1|TLR10|TLR2|TLR3|TLR4|TLR5|TLR6|VCAN
 REACT:R-HSA-190371	FGFR3b ligand binding and activation	2.95234738434e-07	8.30523e-06	FGF1|FGF17|FGF18|FGF20|FGF8|FGF9
 REACT:R-HSA-3656225	Defective CHST6 causes MCDC1	2.95234738434e-07	8.30523e-06	FMOD|KERA|LUM|OGN|OMD|PRELP
 REACT:R-HSA-3656243	Defective ST3GAL3 causes MCT12 and EIEE15	2.95234738434e-07	8.30523e-06	FMOD|KERA|LUM|OGN|OMD|PRELP
 REACT:R-HSA-3656244	Defective B4GALT1 causes B4GALT1-CDG (CDG-2d)	2.95234738434e-07	8.30523e-06	FMOD|KERA|LUM|OGN|OMD|PRELP
 REACT:R-HSA-5654732	Negative regulation of FGFR3 signaling	4.08723293432e-07	1.13625e-05	FGF1|FGF16|FGF17|FGF18|FGF2|FGF20|FGF23|FGF4|FGF5|FGF8|FGF9
 KEGG:hsa04623	Cytosolic DNA-sensing pathway	5.75010001502e-07	1.57994e-05	IFNA1|IFNA10|IFNA13|IFNA14|IFNA16|IFNA17|IFNA2|IFNA21|IFNA4|IFNA5|IFNA6|IFNA7|IFNA8|IFNB1|IL1B|POLR3H
 REACT:R-HSA-1839124	FGFR1 mutant receptor activation	8.9600927089e-07	2.43364e-05	FGF1|FGF17|FGF2|FGF20|FGF23|FGF4|FGF5|FGF6|FGF8|FGF9|STAT5A
 REACT:R-HSA-71387	Metabolism of carbohydrates	9.63911694241e-07	2.58832e-05	AGL|AMY1A|AMY2A|AMY2B|B3GAT3|B4GALT2|B4GALT3|B4GALT4|BCAN|BGN|CD44|DCN|EPM2A|FGF21|FMOD|GAA|GLCE|GUSB|GYG1|GYG2|HEXA|HEXB|KERA|LUM|MGAM|NAGLU|OGN|OMD|POM121|PRELP|SI|SLC25A10|SLC2A1|SLC2A14|SLC2A2|SLC2A3|SLC2A5|SLC50A1|VCAN|XYLT2
 REACT:R-HSA-3560782	Diseases associated with glycosaminoglycan metabolism	1.19757220585e-06	3.17962e-05	BCAN|BGN|DCN|FMOD|KERA|LUM|OGN|OMD|PRELP|VCAN
 REACT:R-HSA-6798695	Neutrophil degranulation	1.61566924772e-06	4.24203e-05	A1BG|AGL|ATP6V0A1|CD14|CD44|CD47|CD59|CD68|CEACAM1|CEACAM8|CFP|CLEC12A|CLEC4C|CLEC4D|CLEC5A|CSNK2B|DEGS1|DSN1|FABP5|FAF2|FCAR|FCGR2A|FCGR2C|FCGR3B|GAA|GLA|GUSB|GYG1|HEXB|ITGB2|LAMP1|LAMTOR1|LGALS3|LILRA3|LRG1|MGAM|NEU1|NFASC|OLR1|PGLYRP1|PLAUR|PRG2|PRG3|PTX3|SELL|SIGLEC14|SIGLEC5|SIGLEC9|SLC2A3|SLC2A5|SLPI|STBD1|STK11IP|TLR2|TNFRSF1B|VAPA
 REACT:R-HSA-1638074	Keratan sulfate/keratin metabolism	1.83462308201e-06	4.76397e-05	B4GALT2|B4GALT3|B4GALT4|FMOD|HEXA|HEXB|KERA|LUM|OGN|OMD|PRELP
 REACT:R-HSA-109582	Hemostasis	1.88760912023e-06	4.84828e-05	A1BG|AKAP1|APOH|BCAR1|BSG|CD44|CD47|CD84|CEACAM1|CEACAM8|CLEC1B|CLEC3B|CSF2RA|CSF2RB|CXADR|ESAM|F3|FGA|FGG|GAS6|GATA6|GP1BA|GP1BB|GP5|GP9|GYPB|IFNA1|IFNA10|IFNA13|IFNA14|IFNA16|IFNA17|IFNA2|IFNA21|IFNA4|IFNA5|IFNA6|IFNA7|IFNA8|IFNB1|IL2RB|IL2RG|IL5RA|ITGB2|ITGB3|MAG|NFE2|OLR1|PCDH7|PDPN|PLAUR|PSG11|PSG2|PSG4|PSG5|PSG6|PSG8|SCG3|SELE|SELL|SELP|SERPINB8|SERPINC1|SERPINF2|SERPING1|TBXA2R|THBS1|VEGFA
 REACT:R-HSA-5654743	Signaling by FGFR4	2.96687532941e-06	7.53842e-05	FGF1|FGF16|FGF17|FGF18|FGF19|FGF2|FGF20|FGF23|FGF4|FGF6|FGF8|FGF9
 REACT:R-HSA-8854691	"Interleukin-19 20 22 24"	3.19282271133e-06	8.02621e-05	IL19|IL20|IL20RB|IL22|IL22RA1|IL24
 REACT:R-HSA-2172127	DAP12 interactions	4.12799559657e-06	0.000102678	CD19|CD28|CLEC5A|CSF2RA|CSF2RB|EGFR|FGA|FGF1|FGF10|FGF16|FGF17|FGF18|FGF19|FGF2|FGF20|FGF22|FGF23|FGF3|FGF4|FGF5|FGF6|FGF7|FGF8|FGF9|FGG|HBEGF|ICOS|IL2RB|IL2RG|IL5RA|ITGB3|KIR2DS4|KIR2DS5|KIR3DS1|KLRC2|KLRC4-KLRK1|KLRD1|NRG1|NRG4|PHLPP1|PHLPP2|PIK3AP1|SIGLEC14|SIGLEC15|TNRC6A
 REACT:R-HSA-190370	FGFR1b ligand binding and activation	4.27277713799e-06	0.000105173	FGF1|FGF10|FGF2|FGF22|FGF3
 KEGG:hsa04014	Ras signaling pathway	4.81171855704e-06	0.000117217	CSF1|EFNA1|EFNA2|EFNA3|EFNA4|EGFR|FGF1|FGF10|FGF11|FGF12|FGF13|FGF14|FGF16|FGF17|FGF18|FGF19|FGF2|FGF20|FGF21|FGF22|FGF23|FGF3|FGF4|FGF5|FGF6|FGF7|FGF8|FGF9|FLT1|PLA2G4D|SHOC2|VEGFA
 REACT:R-HSA-5260271	Diseases of Immune System	5.3203065421e-06	0.000126989	CD14|NFKB2|TLR1|TLR10|TLR2|TLR3|TLR4|TLR5|TLR6
 REACT:R-HSA-5602358	Diseases associated with the TLR signaling cascade	5.3203065421e-06	0.000126989	CD14|NFKB2|TLR1|TLR10|TLR2|TLR3|TLR4|TLR5|TLR6
 REACT:R-HSA-5654738	Signaling by FGFR2	6.84714092791e-06	0.000161798	FGF1|FGF10|FGF16|FGF17|FGF18|FGF2|FGF20|FGF22|FGF23|FGF3|FGF4|FGF5|FGF6|FGF7|FGF8|FGF9
 REACT:R-HSA-190377	FGFR2b ligand binding and activation	7.57813799768e-06	0.000177298	FGF1|FGF10|FGF2|FGF22|FGF3|FGF7
 REACT:R-HSA-5655302	Signaling by FGFR1 in disease	8.66697054069e-06	0.000200785	FGF1|FGF17|FGF2|FGF20|FGF23|FGF4|FGF5|FGF6|FGF8|FGF9|STAT5A
 KEGG:hsa04612	Antigen processing and presentation	9.78828143827e-06	0.00022456	CALR|CANX|CD4|IFNG|KIR2DL1|KIR2DL3|KIR2DL4|KIR2DS1|KIR2DS4|KIR2DS5|KIR3DL2|KIR3DL3|KLRC1|KLRC2|KLRD1|RFXAP
 REACT:R-HSA-909733	Interferon alpha/beta signaling	1.03767627291e-05	0.000235772	IFNA1|IFNA10|IFNA13|IFNA14|IFNA16|IFNA17|IFNA2|IFNA21|IFNA4|IFNA5|IFNA6|IFNA7|IFNA8|IFNAR2|IFNB1
 REACT:R-HSA-202733	Cell surface interactions at the vascular wall	1.07429249566e-05	0.000241767	BSG|CD44|CD47|CD84|CEACAM1|CEACAM8|CXADR|ESAM|GAS6|GYPB|ITGB2|ITGB3|MAG|OLR1|PSG11|PSG2|PSG4|PSG5|PSG6|PSG8|SELE|SELL|SELP
 REACT:R-HSA-425366	"Transport of glucose and other sugars bile salts and organic acids metal ions and amine compounds"	1.24072027871e-05	0.000276587	BSG|EMB|FGF21|SLC13A3|SLC14A1|SLC14A2|SLC22A6|SLC22A8|SLC2A1|SLC2A10|SLC2A11|SLC2A14|SLC2A2|SLC2A3|SLC2A5|SLC2A6|SLC2A8|SLC2A9|SLC30A8
 REACT:R-HSA-1630316	Glycosaminoglycan metabolism	1.27899846843e-05	0.000282455	B3GAT3|B4GALT2|B4GALT3|B4GALT4|BCAN|BGN|CD44|DCN|FMOD|GLCE|GUSB|HEXA|HEXB|KERA|LUM|NAGLU|OGN|OMD|PRELP|VCAN|XYLT2
 REACT:R-HSA-5654741	Signaling by FGFR3	1.49205680922e-05	0.000326457	FGF1|FGF16|FGF17|FGF18|FGF2|FGF20|FGF23|FGF4|FGF5|FGF8|FGF9
 REACT:R-HSA-1168372	Downstream signaling events of B Cell Receptor (BCR)	1.6032007278e-05	0.000347556	CD19|CD28|EGFR|FGF1|FGF10|FGF16|FGF17|FGF18|FGF19|FGF2|FGF20|FGF22|FGF23|FGF3|FGF4|FGF5|FGF6|FGF7|FGF8|FGF9|HBEGF|ICOS|NRG1|NRG4|PHLPP1|PHLPP2|PIK3AP1|TNRC6A
 REACT:R-HSA-5686938	Regulation of TLR by endogenous ligand	1.86918164997e-05	0.000401534	CD14|FGA|FGG|TLR1|TLR2|TLR4|TLR6
 KEGG:hsa04010	MAPK signaling pathway	2.14388257679e-05	0.000456396	CD14|EGFR|ELK4|FGF1|FGF10|FGF11|FGF12|FGF13|FGF14|FGF16|FGF17|FGF18|FGF19|FGF2|FGF20|FGF21|FGF22|FGF23|FGF3|FGF4|FGF5|FGF6|FGF7|FGF8|FGF9|IL1A|IL1B|IL1R1|IL1R2|MEF2C|NFKB2|NTRK2|PLA2G4D
 REACT:R-HSA-2022854	Keratan sulfate biosynthesis	2.26394023083e-05	0.000477651	B4GALT2|B4GALT3|B4GALT4|FMOD|KERA|LUM|OGN|OMD|PRELP
 KEGG:hsa04380	Osteoclast differentiation	2.38113441031e-05	0.000497931	CSF1|FCGR2A|FCGR2B|FCGR2C|FCGR3A|FCGR3B|IFNAR2|IFNB1|IFNG|IL1A|IL1B|IL1R1|ITGB3|JUNB|LILRA1|LILRA3|LILRA4|LILRA5|LILRB5|MITF|NFKB2
 REACT:R-HSA-168928	RIG-I/MDA5 mediated induction of IFN-alpha/beta pathways	3.09169481431e-05	0.000640849	IFNA1|IFNA10|IFNA13|IFNA14|IFNA16|IFNA17|IFNA2|IFNA21|IFNA4|IFNA5|IFNA6|IFNA7|IFNA8|IFNB1|NFKB2|RNF135
 KEGG:hsa00500	Starch and sucrose metabolism	3.32187284198e-05	0.000682573	AGL|AMY1A|AMY2A|AMY2B|GAA|GYG1|GYG2|MGAM|PGM2L1|SI
 KEGG:hsa05168	Herpes simplex infection	3.89341473721e-05	0.000793115	CFP|CSNK2B|IFNA1|IFNA10|IFNA13|IFNA14|IFNA16|IFNA17|IFNA2|IFNA21|IFNA4|IFNA5|IFNA6|IFNA7|IFNA8|IFNAR2|IFNB1|IFNG|IL12B|IL1B|PILRA|SKP2|TAF4B|TAF6|TLR2|TLR3
 REACT:R-HSA-445717	Aquaporin-mediated transport	4.22620601689e-05	0.000853549	AQP1|AQP10|AQP12A|AQP2|AQP3|AQP4|AQP5|AQP6|AQP7|AQP9|MIP|MYO5B
 REACT:R-HSA-983705	Signaling by the B Cell Receptor (BCR)	6.00438022259e-05	0.0012024	CD19|CD22|CD28|EGFR|FGF1|FGF10|FGF16|FGF17|FGF18|FGF19|FGF2|FGF20|FGF22|FGF23|FGF3|FGF4|FGF5|FGF6|FGF7|FGF8|FGF9|HBEGF|ICOS|NRG1|NRG4|PHLPP1|PHLPP2|PIK3AP1|TNRC6A|TRPC1
 KEGG:hsa04810	Regulation of actin cytoskeleton	6.19377162292e-05	0.00122991	ARHGEF7|BCAR1|CD14|EGFR|FGF1|FGF10|FGF11|FGF12|FGF13|FGF14|FGF16|FGF17|FGF18|FGF19|FGF2|FGF20|FGF21|FGF22|FGF23|FGF3|FGF4|FGF5|FGF6|FGF7|FGF8|FGF9|ITGB2|ITGB3
 KEGG:hsa05150	Staphylococcus aureus infection	7.61766116302e-05	0.00150004	C1R|FCAR|FCGR2A|FCGR2B|FCGR2C|FCGR3A|FCGR3B|FGG|ICAM1|ITGB2|MBL2|SELP
 REACT:R-HSA-189085	Digestion of dietary carbohydrate	7.71046261211e-05	0.00150577	AMY1A|AMY2A|AMY2B|MGAM|SI
 REACT:R-HSA-2024101	CS/DS degradation	8.8091170974e-05	0.00169882	BCAN|BGN|DCN|HEXA|HEXB|VCAN
 KEGG:hsa04512	ECM-receptor interaction	8.84280190919e-05	0.00169882	CD44|CD47|CHAD|COMP|GP1BA|GP1BB|GP5|GP9|ITGB3|LAMB4|LAMC3|THBS1|THBS2|THBS4|TNXB
 REACT:R-HSA-5663202	Diseases of signal transduction	9.1144381448e-05	0.00173689	CD19|CD28|DKK1|DLL4|EGFR|ERLEC1|FGA|FGF1|FGF10|FGF16|FGF17|FGF18|FGF19|FGF2|FGF20|FGF22|FGF23|FGF3|FGF4|FGF5|FGF6|FGF7|FGF8|FGF9|FGG|HBEGF|HDAC9|HEY1|ICOS|ITGB3|JAG2|NRG1|NRG4|OS9|PIK3AP1|PORCN|PSEN2|RBP1|RBP4|STAT5A|TCF7L2
 REACT:R-HSA-422475	Axon guidance	0.000105268374947	0.00198999	ABLIM1|ARHGEF7|CD72|CNTN6|CSF2RA|CSF2RB|CSNK2B|EFNA1|EFNA2|EFNA3|EFNA4|EGFR|FGA|FGF1|FGF10|FGF16|FGF17|FGF18|FGF19|FGF2|FGF20|FGF22|FGF23|FGF3|FGF4|FGF5|FGF6|FGF7|FGF8|FGF9|FGG|HBEGF|IL2RB|IL2RG|IL5RA|ITGB3|KALRN|MYH11|NFASC|NRG1|NRG4|NTN4|PLXNA1|PLXNA2|PLXNC1|PLXND1|PSEN2|ROBO1|SCN3B|SLIT1|SLIT2|SLIT3|TRPC1|TRPC4|VEGFA
 REACT:R-HSA-186797	Signaling by PDGF	0.000130010906524	0.00243822	BCAR1|CD19|CD28|CSF2RA|CSF2RB|EGFR|FGA|FGF1|FGF10|FGF16|FGF17|FGF18|FGF19|FGF2|FGF20|FGF22|FGF23|FGF3|FGF4|FGF5|FGF6|FGF7|FGF8|FGF9|FGG|HBEGF|ICOS|IL2RB|IL2RG|IL5RA|ITGB3|NRG1|NRG4|PHLPP1|PHLPP2|PIK3AP1|STAT5A|THBS1|THBS2|THBS4|TNRC6A
 REACT:R-HSA-216083	Integrin cell surface interactions	0.000162587608244	0.00302515	BSG|CD44|CD47|COMP|FGA|FGG|ICAM1|ICAM3|ICAM4|ITGB2|ITGB3|LUM|THBS1
 REACT:R-HSA-2424491	DAP12 signaling	0.000171357968523	0.00316343	CD19|CD28|CSF2RA|CSF2RB|EGFR|FGA|FGF1|FGF10|FGF16|FGF17|FGF18|FGF19|FGF2|FGF20|FGF22|FGF23|FGF3|FGF4|FGF5|FGF6|FGF7|FGF8|FGF9|FGG|HBEGF|ICOS|IL2RB|IL2RG|IL5RA|ITGB3|KLRC2|KLRC4-KLRK1|KLRD1|NRG1|NRG4|PHLPP1|PHLPP2|PIK3AP1|TNRC6A
 REACT:R-HSA-451927	Interleukin-2 signaling	0.000203560927753	0.00372879	CSF2RA|CSF2RB|EGFR|FGA|FGF1|FGF10|FGF16|FGF17|FGF18|FGF19|FGF2|FGF20|FGF22|FGF23|FGF3|FGF4|FGF5|FGF6|FGF7|FGF8|FGF9|FGG|HBEGF|IL2RB|IL2RG|IL5RA|ITGB3|LGALS9|NRG1|NRG4|STAT5A
 REACT:R-HSA-5357572	Lysosomal glycogen catabolism	0.00021208999706	0.00385514	GAA|GYG1|GYG2
 REACT:R-HSA-5684996	MAPK1/MAPK3 signaling	0.000214838433532	0.00387529	CSF2RA|CSF2RB|EGFR|FGA|FGF1|FGF10|FGF16|FGF17|FGF18|FGF19|FGF2|FGF20|FGF22|FGF23|FGF3|FGF4|FGF5|FGF6|FGF7|FGF8|FGF9|FGG|HBEGF|IL2RB|IL2RG|IL5RA|IL6R|ITGB3|NRG1|NRG4
 REACT:R-HSA-1433557	Signaling by SCF-KIT	0.000239295046075	0.00428374	CD19|CD28|CSF2RA|CSF2RB|EGFR|FGA|FGF1|FGF10|FGF16|FGF17|FGF18|FGF19|FGF2|FGF20|FGF22|FGF23|FGF3|FGF4|FGF5|FGF6|FGF7|FGF8|FGF9|FGG|HBEGF|ICOS|IL2RB|IL2RG|IL5RA|ITGB3|NRG1|NRG4|PHLPP1|PHLPP2|PIK3AP1|STAT5A|TNRC6A
 REACT:R-HSA-2586552	Signaling by Leptin	0.000246967046093	0.00438784	CSF2RA|CSF2RB|EGFR|FGA|FGF1|FGF10|FGF16|FGF17|FGF18|FGF19|FGF2|FGF20|FGF22|FGF23|FGF3|FGF4|FGF5|FGF6|FGF7|FGF8|FGF9|FGG|HBEGF|IL2RB|IL2RG|IL5RA|ITGB3|NRG1|NRG4|STAT5A
 REACT:R-HSA-5083635	Defective B3GALTL causes Peters-plus syndrome (PpS)	0.000251165297014	0.00442913	ADAMTS17|ADAMTSL1|ADAMTSL2|ADAMTSL4|CFP|THBS1|THBS2|THSD1|THSD7B
 REACT:R-HSA-5602498	MyD88 deficiency (TLR2/4)	0.00025563285678	0.00444162	CD14|TLR1|TLR2|TLR4|TLR6
 REACT:R-HSA-5603041	IRAK4 deficiency (TLR2/4)	0.00025563285678	0.00444162	CD14|TLR1|TLR2|TLR4|TLR6
 KEGG:hsa05160	Hepatitis C	0.000276711704823	0.00477069	CLDN11|EGFR|IFNA1|IFNA10|IFNA13|IFNA14|IFNA16|IFNA17|IFNA2|IFNA21|IFNA4|IFNA5|IFNA6|IFNA7|IFNA8|IFNAR2|IFNB1|OCLN|TLR3
 REACT:R-HSA-186763	Downstream signal transduction	0.000278609987343	0.00477069	BCAR1|CD19|CD28|CSF2RA|CSF2RB|EGFR|FGA|FGF1|FGF10|FGF16|FGF17|FGF18|FGF19|FGF2|FGF20|FGF22|FGF23|FGF3|FGF4|FGF5|FGF6|FGF7|FGF8|FGF9|FGG|HBEGF|ICOS|IL2RB|IL2RG|IL5RA|ITGB3|NRG1|NRG4|PHLPP1|PHLPP2|PIK3AP1|STAT5A|TNRC6A
 REACT:R-HSA-112412	SOS-mediated signalling	0.000321057177917	0.00534266	CSF2RA|CSF2RB|EGFR|FGA|FGF1|FGF10|FGF16|FGF17|FGF18|FGF19|FGF2|FGF20|FGF22|FGF23|FGF3|FGF4|FGF5|FGF6|FGF7|FGF8|FGF9|FGG|HBEGF|IL2RB|IL2RG|IL5RA|ITGB3|NRG1|NRG4
 REACT:R-HSA-179812	GRB2 events in EGFR signaling	0.000321057177917	0.00534266	CSF2RA|CSF2RB|EGFR|FGA|FGF1|FGF10|FGF16|FGF17|FGF18|FGF19|FGF2|FGF20|FGF22|FGF23|FGF3|FGF4|FGF5|FGF6|FGF7|FGF8|FGF9|FGG|HBEGF|IL2RB|IL2RG|IL5RA|ITGB3|NRG1|NRG4
 REACT:R-HSA-180336	SHC1 events in EGFR signaling	0.000321057177917	0.00534266	CSF2RA|CSF2RB|EGFR|FGA|FGF1|FGF10|FGF16|FGF17|FGF18|FGF19|FGF2|FGF20|FGF22|FGF23|FGF3|FGF4|FGF5|FGF6|FGF7|FGF8|FGF9|FGG|HBEGF|IL2RB|IL2RG|IL5RA|ITGB3|NRG1|NRG4
 REACT:R-HSA-5673001	RAF/MAP kinase cascade	0.000321057177917	0.00534266	CSF2RA|CSF2RB|EGFR|FGA|FGF1|FGF10|FGF16|FGF17|FGF18|FGF19|FGF2|FGF20|FGF22|FGF23|FGF3|FGF4|FGF5|FGF6|FGF7|FGF8|FGF9|FGG|HBEGF|IL2RB|IL2RG|IL5RA|ITGB3|NRG1|NRG4
 REACT:R-HSA-5218921	VEGFR2 mediated cell proliferation	0.000346738008883	0.00570007	CSF2RA|CSF2RB|EGFR|FGA|FGF1|FGF10|FGF16|FGF17|FGF18|FGF19|FGF2|FGF20|FGF22|FGF23|FGF3|FGF4|FGF5|FGF6|FGF7|FGF8|FGF9|FGG|HBEGF|IL2RB|IL2RG|IL5RA|ITGB3|NRG1|NRG4|VEGFA
 KEGG:hsa05161	Hepatitis B	0.000347359475977	0.00570007	CREB3L3|EGR3|IFNA1|IFNA10|IFNA13|IFNA14|IFNA16|IFNA17|IFNA2|IFNA21|IFNA4|IFNA5|IFNA6|IFNA7|IFNA8|IFNB1|STAT5A|TLR2|TLR3|TLR4
 REACT:R-HSA-3595172	Defective CHST3 causes SEDCJD	0.000381608853577	0.00605425	BCAN|BGN|DCN|VCAN
 REACT:R-HSA-3595174	"Defective CHST14 causes EDS musculocontractural type"	0.000381608853577	0.00605425	BCAN|BGN|DCN|VCAN
 REACT:R-HSA-3595177	Defective CHSY1 causes TPBS	0.000381608853577	0.00605425	BCAN|BGN|DCN|VCAN
 REACT:R-HSA-4411364	Binding of TCF/LEF:CTNNB1 to target gene promoters	0.000381608853577	0.00605425	LEF1|TCF7|TCF7L1|TCF7L2
 REACT:R-HSA-140877	Formation of Fibrin Clot (Clotting Cascade)	0.000384315467007	0.00605425	F3|FGA|FGG|GP1BA|GP1BB|GP5|GP9|SERPINC1|SERPING1
 REACT:R-HSA-5173214	O-glycosylation of TSR domain-containing proteins	0.000384315467007	0.00605425	ADAMTS17|ADAMTSL1|ADAMTSL2|ADAMTSL4|CFP|THBS1|THBS2|THSD1|THSD7B
 REACT:R-HSA-170984	ARMS-mediated activation	0.000421249678522	0.00654877	CSF2RA|CSF2RB|EGFR|FGA|FGF1|FGF10|FGF16|FGF17|FGF18|FGF19|FGF2|FGF20|FGF22|FGF23|FGF3|FGF4|FGF5|FGF6|FGF7|FGF8|FGF9|FGG|HBEGF|IL2RB|IL2RG|IL5RA|ITGB3|NRG1|NRG4
 REACT:R-HSA-187706	Signalling to p38 via RIT and RIN	0.000421249678522	0.00654877	CSF2RA|CSF2RB|EGFR|FGA|FGF1|FGF10|FGF16|FGF17|FGF18|FGF19|FGF2|FGF20|FGF22|FGF23|FGF3|FGF4|FGF5|FGF6|FGF7|FGF8|FGF9|FGG|HBEGF|IL2RB|IL2RG|IL5RA|ITGB3|NRG1|NRG4
 REACT:R-HSA-170968	Frs2-mediated activation	0.000450253916271	0.00695392	CSF2RA|CSF2RB|EGFR|FGA|FGF1|FGF10|FGF16|FGF17|FGF18|FGF19|FGF2|FGF20|FGF22|FGF23|FGF3|FGF4|FGF5|FGF6|FGF7|FGF8|FGF9|FGG|HBEGF|IL2RB|IL2RG|IL5RA|ITGB3|NRG1|NRG4
 REACT:R-HSA-169893	Prolonged ERK activation events	0.000513595920898	0.0078807	CSF2RA|CSF2RB|EGFR|FGA|FGF1|FGF10|FGF16|FGF17|FGF18|FGF19|FGF2|FGF20|FGF22|FGF23|FGF3|FGF4|FGF5|FGF6|FGF7|FGF8|FGF9|FGG|HBEGF|IL2RB|IL2RG|IL5RA|ITGB3|NRG1|NRG4
 REACT:R-HSA-177929	Signaling by EGFR	0.000539464110938	0.00822422	ARHGEF7|CD19|CD28|CSF2RA|CSF2RB|EGFR|FGA|FGF1|FGF10|FGF16|FGF17|FGF18|FGF19|FGF2|FGF20|FGF22|FGF23|FGF3|FGF4|FGF5|FGF6|FGF7|FGF8|FGF9|FGG|HBEGF|ICOS|IL2RB|IL2RG|IL5RA|ITGB3|LRIG1|NRG1|NRG4|PHLPP1|PHLPP2|PIK3AP1|TNRC6A
 REACT:R-HSA-5683057	MAPK family signaling cascades	0.000567069709394	0.00858965	CSF2RA|CSF2RB|EGFR|FGA|FGF1|FGF10|FGF16|FGF17|FGF18|FGF19|FGF2|FGF20|FGF22|FGF23|FGF3|FGF4|FGF5|FGF6|FGF7|FGF8|FGF9|FGG|HBEGF|IL2RB|IL2RG|IL5RA|IL6R|ITGB3|KALRN|NRG1|NRG4|TNRC6A
 KEGG:hsa05332	Graft-versus-host disease	0.000570798448095	0.00859106	CD28|IFNG|IL1A|IL1B|KIR2DL1|KIR2DL3|KIR3DL2|KLRC1|KLRD1
 REACT:R-HSA-912526	Interleukin receptor SHC signaling	0.000623328432117	0.00931422	CSF2RA|CSF2RB|EGFR|FGA|FGF1|FGF10|FGF16|FGF17|FGF18|FGF19|FGF2|FGF20|FGF22|FGF23|FGF3|FGF4|FGF5|FGF6|FGF7|FGF8|FGF9|FGG|HBEGF|IL2RB|IL2RG|IL5RA|ITGB3|NRG1|NRG4
 KEGG:hsa05164	Influenza A	0.00062672921671	0.00931422	ICAM1|IFNA1|IFNA10|IFNA13|IFNA14|IFNA16|IFNA17|IFNA2|IFNA21|IFNA4|IFNA5|IFNA6|IFNA7|IFNA8|IFNAR2|IFNB1|IFNG|IL12B|IL1A|IL1B|TLR3|TLR4
 REACT:R-HSA-167044	Signalling to RAS	0.000664226293746	0.00980979	CSF2RA|CSF2RB|EGFR|FGA|FGF1|FGF10|FGF16|FGF17|FGF18|FGF19|FGF2|FGF20|FGF22|FGF23|FGF3|FGF4|FGF5|FGF6|FGF7|FGF8|FGF9|FGG|HBEGF|IL2RB|IL2RG|IL5RA|ITGB3|NRG1|NRG4
 KEGG:hsa05200	Pathways in cancer	0.000713465986074	0.0104716	CSF2RA|EGFR|FGF1|FGF10|FGF11|FGF12|FGF13|FGF14|FGF16|FGF17|FGF18|FGF19|FGF2|FGF20|FGF21|FGF22|FGF23|FGF3|FGF4|FGF5|FGF6|FGF7|FGF8|FGF9|HHIP|LAMB4|LAMC3|LEF1|MITF|NFKB2|PAX8|PTGER3|SKP2|SLC2A1|STAT5A|TCF7|TCF7L1|TCF7L2|TGFA|VEGFA
 REACT:R-HSA-112399	IRS-mediated signalling	0.000718193033969	0.0104759	CSF2RA|CSF2RB|EGFR|FGA|FGF1|FGF10|FGF16|FGF17|FGF18|FGF19|FGF2|FGF20|FGF22|FGF23|FGF3|FGF4|FGF5|FGF6|FGF7|FGF8|FGF9|FGG|HBEGF|IL2RB|IL2RG|IL5RA|ITGB3|LAMTOR1|NRG1|NRG4|PRKAB1|PRKAB2
 KEGG:hsa04610	Complement and coagulation cascades	0.000746898246603	0.0108277	C1R|C8A|CD46|CD59|F3|FGA|FGG|ITGB2|MBL2|PLAUR|SERPINC1|SERPINF2|SERPING1
 REACT:R-HSA-512988	"Interleukin-3 5 and GM-CSF signaling"	0.000790923508448	0.0113961	CSF2RA|CSF2RB|EGFR|FGA|FGF1|FGF10|FGF16|FGF17|FGF18|FGF19|FGF2|FGF20|FGF22|FGF23|FGF3|FGF4|FGF5|FGF6|FGF7|FGF8|FGF9|FGG|HBEGF|IL2RB|IL2RG|IL5RA|ITGB3|NRG1|NRG4|STAT5A
 REACT:R-HSA-428776	Class II GLUTs	0.000810518875728	0.0116076	SLC2A11|SLC2A5|SLC2A9
 REACT:R-HSA-163560	Hormone-sensitive lipase (HSL)-mediated triacylglycerol hydrolysis	0.000834829944181	0.0118838	FABP2|FABP3|FABP4|FABP5|FABP7|FABP9
 REACT:R-HSA-1266738	Developmental Biology	0.000843431203926	0.0119343	ABLIM1|ARHGEF7|CD72|CDH15|CDH2|CDH4|CFC1|CNTN6|CSF2RA|CSF2RB|CSNK2B|EFNA1|EFNA2|EFNA3|EFNA4|EGFR|FABP4|FGA|FGF1|FGF10|FGF16|FGF17|FGF18|FGF19|FGF2|FGF20|FGF22|FGF23|FGF3|FGF4|FGF5|FGF6|FGF7|FGF8|FGF9|FGG|FOXP1|HBEGF|HNF1B|HOXA2|IL2RB|IL2RG|IL5RA|INSM1|ITGB3|KALRN|KRT14|KRTAP10-1|KRTAP10-2|KRTAP10-3|KRTAP1-1|KRTAP1-3|KRTAP13-2|KRTAP1-5|KRTAP2-4|KRTAP24-1|KRTAP26-1|KRTAP3-3|KRTAP4-1|KRTAP4-3|KRTAP4-6|LCE2B|MEF2C|MYH11|NFASC|NRG1|NRG4|NTN4|PDX1|PLXNA1|PLXNA2|PLXNC1|PLXND1|PSEN2|ROBO1|SCN3B|SLC2A2|SLIT1|SLIT2|SLIT3|SOX2|SPINK9|SPRR3|TCF12|TCF4|TDGF1|TRPC1|TRPC4|VEGFA
 REACT:R-HSA-74752	Signaling by Insulin receptor	0.000852559293199	0.0119372	ATP6V0A1|ATP6V1E2|CSF2RA|CSF2RB|EGFR|FGA|FGF1|FGF10|FGF16|FGF17|FGF18|FGF19|FGF2|FGF20|FGF22|FGF23|FGF3|FGF4|FGF5|FGF6|FGF7|FGF8|FGF9|FGG|HBEGF|IL2RB|IL2RG|IL5RA|ITGB3|LAMTOR1|NRG1|NRG4|PRKAB1|PRKAB2
 REACT:R-HSA-74751	Insulin receptor signalling cascade	0.000853737192099	0.0119372	CSF2RA|CSF2RB|EGFR|FGA|FGF1|FGF10|FGF16|FGF17|FGF18|FGF19|FGF2|FGF20|FGF22|FGF23|FGF3|FGF4|FGF5|FGF6|FGF7|FGF8|FGF9|FGG|HBEGF|IL2RB|IL2RG|IL5RA|ITGB3|LAMTOR1|NRG1|NRG4|PRKAB1|PRKAB2
 REACT:R-HSA-2428924	IGF1R signaling cascade	0.000903654778613	0.0124873	CSF2RA|CSF2RB|EGFR|FGA|FGF1|FGF10|FGF16|FGF17|FGF18|FGF19|FGF2|FGF20|FGF22|FGF23|FGF3|FGF4|FGF5|FGF6|FGF7|FGF8|FGF9|FGG|HBEGF|IL2RB|IL2RG|IL5RA|ITGB3|LAMTOR1|NRG1|NRG4|PRKAB1|PRKAB2
 REACT:R-HSA-2428928	IRS-related events triggered by IGF1R	0.000903654778613	0.0124873	CSF2RA|CSF2RB|EGFR|FGA|FGF1|FGF10|FGF16|FGF17|FGF18|FGF19|FGF2|FGF20|FGF22|FGF23|FGF3|FGF4|FGF5|FGF6|FGF7|FGF8|FGF9|FGG|HBEGF|IL2RB|IL2RG|IL5RA|ITGB3|LAMTOR1|NRG1|NRG4|PRKAB1|PRKAB2
 REACT:R-HSA-2404192	Signaling by Type 1 Insulin-like Growth Factor 1 Receptor (IGF1R)	0.000956111114502	0.0131354	CSF2RA|CSF2RB|EGFR|FGA|FGF1|FGF10|FGF16|FGF17|FGF18|FGF19|FGF2|FGF20|FGF22|FGF23|FGF3|FGF4|FGF5|FGF6|FGF7|FGF8|FGF9|FGG|HBEGF|IL2RB|IL2RG|IL5RA|ITGB3|LAMTOR1|NRG1|NRG4|PRKAB1|PRKAB2
 REACT:R-HSA-187687	Signalling to ERKs	0.00102243980213	0.0139655	CSF2RA|CSF2RB|EGFR|FGA|FGF1|FGF10|FGF16|FGF17|FGF18|FGF19|FGF2|FGF20|FGF22|FGF23|FGF3|FGF4|FGF5|FGF6|FGF7|FGF8|FGF9|FGG|HBEGF|IL2RB|IL2RG|IL5RA|ITGB3|NRG1|NRG4
 REACT:R-HSA-163125	Post-translational modification: synthesis of GPI-anchored proteins	0.00105752579284	0.0143617	CNTN3|CNTN4|FCGR3B|GP2|LYPD4|LYPD6B|MDGA2|NTM|NTNG1|PLAUR|PSCA|RTN4RL1|SPACA4|TEX101
 REACT:R-HSA-5621480	Dectin-2 family	0.00128970150062	0.0174147	CLEC10A|CLEC4A|CLEC4C|CLEC4D|CLEC4E|CLEC6A|MUC15
 REACT:R-HSA-140837	Intrinsic Pathway of Fibrin Clot Formation	0.00145052985187	0.019475	GP1BA|GP1BB|GP5|GP9|SERPINC1|SERPING1
 REACT:R-HSA-76009	Platelet Aggregation (Plug Formation)	0.00153445824661	0.0204242	BCAR1|FGA|FGG|GP1BA|GP1BB|GP5|GP9|ITGB3
 REACT:R-HSA-8853659	RET signaling	0.001538516419	0.0204242	CSF2RA|CSF2RB|EGFR|FGA|FGF1|FGF10|FGF16|FGF17|FGF18|FGF19|FGF2|FGF20|FGF22|FGF23|FGF3|FGF4|FGF5|FGF6|FGF7|FGF8|FGF9|FGG|HBEGF|IL2RB|IL2RG|IL5RA|ITGB3|NRG1|NRG4
 REACT:R-HSA-2871796	FCERI mediated MAPK activation	0.00162810401404	0.0214928	CSF2RA|CSF2RB|EGFR|FGA|FGF1|FGF10|FGF16|FGF17|FGF18|FGF19|FGF2|FGF20|FGF22|FGF23|FGF3|FGF4|FGF5|FGF6|FGF7|FGF8|FGF9|FGG|HBEGF|IL2RB|IL2RG|IL5RA|ITGB3|NRG1|NRG4
 REACT:R-HSA-187037	NGF signalling via TRKA from the plasma membrane	0.00168959615362	0.0221806	CD19|CD28|CSF2RA|CSF2RB|EGFR|FGA|FGF1|FGF10|FGF16|FGF17|FGF18|FGF19|FGF2|FGF20|FGF22|FGF23|FGF3|FGF4|FGF5|FGF6|FGF7|FGF8|FGF9|FGG|HBEGF|ICOS|IL2RB|IL2RG|IL5RA|ITGB3|MEF2C|NRG1|NRG4|NTRK2|PHLPP1|PHLPP2|PIK3AP1|TNRC6A
 REACT:R-HSA-1474244	Extracellular matrix organization	0.00170641425801	0.0222777	ASPN|BCAN|BGN|BSG|CD44|CD47|CEACAM1|CEACAM8|COL8A2|COMP|DCN|FGA|FGF2|FGG|FMOD|ICAM1|ICAM3|ICAM4|ITGB2|ITGB3|LAMC3|LTBP1|LTBP3|LUM|NRXN1|NTN4|OPTC|P4HB|THBS1|TNXB|VCAN
 REACT:R-HSA-3000178	ECM proteoglycans	0.00181277599356	0.0235362	ASPN|BCAN|BGN|COMP|DCN|FMOD|ITGB3|LUM|TNXB|VCAN
 KEGG:hsa_M00071	"Glycosphingolipid biosynthesis neolacto-series LacCer => nLc4Cer"	0.00193618917267	0.0250012	B4GALT2|B4GALT3|B4GALT4
 REACT:R-HSA-430116	GP1b-IX-V activation signalling	0.0019809652731	0.0254403	GP1BA|GP1BB|GP5|GP9
 REACT:R-HSA-2454202	Fc epsilon receptor (FCERI) signaling	0.00204194056309	0.0260817	CD19|CD28|CSF2RA|CSF2RB|EGFR|FCER1A|FGA|FGF1|FGF10|FGF16|FGF17|FGF18|FGF19|FGF2|FGF20|FGF22|FGF23|FGF3|FGF4|FGF5|FGF6|FGF7|FGF8|FGF9|FGG|HBEGF|ICOS|IL2RB|IL2RG|IL5RA|ITGB3|NRG1|NRG4|PHLPP1|PHLPP2|PIK3AP1|TNRC6A
 REACT:R-HSA-375165	NCAM signaling for neurite out-growth	0.0021467775548	0.0272733	CSF2RA|CSF2RB|EGFR|FGA|FGF1|FGF10|FGF16|FGF17|FGF18|FGF19|FGF2|FGF20|FGF22|FGF23|FGF3|FGF4|FGF5|FGF6|FGF7|FGF8|FGF9|FGG|HBEGF|IL2RB|IL2RG|IL5RA|ITGB3|NRG1|NRG4
 REACT:R-HSA-6783783	Interleukin-10 signaling	0.00218371510867	0.0275942	CSF1|ICAM1|IL12B|IL1A|IL1B|IL1R1|IL1R2|IL1RN|TNFRSF1B
 KEGG:hsa05323	Rheumatoid arthritis	0.00230082077339	0.0289194	ATP6V0A1|ATP6V1E2|CD28|CSF1|FLT1|ICAM1|IFNG|IL1A|IL1B|ITGB2|TLR2|TLR4|VEGFA
 REACT:R-HSA-166520	Signalling by NGF	0.0025953377871	0.0324486	ARHGEF7|CD19|CD28|CSF2RA|CSF2RB|EGFR|FGA|FGF1|FGF10|FGF16|FGF17|FGF18|FGF19|FGF2|FGF20|FGF22|FGF23|FGF3|FGF4|FGF5|FGF6|FGF7|FGF8|FGF9|FGG|HBEGF|ICOS|IL2RB|IL2RG|IL5RA|ITGB3|KALRN|LINGO1|MAG|MEF2C|NRG1|NRG4|NTRK2|PHLPP1|PHLPP2|PIK3AP1|PSEN2|RTN4|TNRC6A
 KEGG:hsa04142	Lysosome	0.00262135493568	0.0326014	AP1M2|ATP6V0A1|CD68|GAA|GGA3|GLA|GNPTG|GUSB|HEXA|HEXB|LAMP1|LAMP3|NAGLU|NAGPA|NEU1|SUMF1
 REACT:R-HSA-3906995	Diseases associated with O-glycosylation of proteins	0.0026941647539	0.0333315	ADAMTS17|ADAMTSL1|ADAMTSL2|ADAMTSL4|CFP|MUC15|THBS1|THBS2|THSD1|THSD7B
 REACT:R-HSA-2022923	Dermatan sulfate biosynthesis	0.00296686950813	0.0365141	BCAN|BGN|DCN|VCAN
 REACT:R-HSA-373752	Netrin-1 signaling	0.00299989771395	0.0367293	ABLIM1|NTN4|ROBO1|SLIT1|SLIT2|SLIT3|TRPC1|TRPC4
 KEGG:hsa00511	Other glycan degradation	0.00334088575158	0.0406934	HEXA|HEXB|NEU1|NEU2|NEU3
 KEGG:hsa05140	Leishmaniasis	0.00341951306365	0.0414375	FCGR2A|FCGR2C|FCGR3A|FCGR3B|IFNG|IL12B|IL1A|IL1B|ITGB2|TLR2|TLR4
 REACT:R-HSA-168268	Virus Assembly and Release	0.00356126790709	0.0422878	CALR|CANX
 REACT:R-HSA-168316	Assembly of Viral Components at the Budding Site	0.00356126790709	0.0422878	CALR|CANX
 REACT:R-HSA-432030	Transport of glycerol from adipocytes to the liver by Aquaporins	0.00356126790709	0.0422878	AQP7|AQP9
 REACT:R-HSA-5357609	Glycogen storage disease type II (GAA)	0.00356126790709	0.0422878	GYG1|GYG2
 REACT:R-HSA-1971475	A tetrasaccharide linker sequence is required for GAG synthesis	0.00364932414229	0.0431168	B3GAT3|BCAN|BGN|DCN|VCAN|XYLT2
 KEGG:hsa04360	Axon guidance	0.00390727148647	0.0459347	ABLIM1|EFNA1|EFNA2|EFNA3|EFNA4|LRRC4|LRRC4C|NTN4|NTNG1|PLXNA1|PLXNA2|PLXNC1|ROBO1|SEMA3B|SEMA3G|SLIT1|SLIT2|SLIT3|TRPC1|TRPC4
 REACT:R-HSA-2160916	Hyaluronan uptake and degradation	0.00424192590492	0.0493777	CD44|GUSB|HEXA|HEXB
 REACT:R-HSA-4641265	Repression of WNT target genes	0.00424192590492	0.0493777	LEF1|TCF7|TCF7L1|TCF7L2
 REACT:R-HSA-416700	Other semaphorin interactions	0.00431435884183	0.0499556	CD72|PLXNA1|PLXNA2|PLXNC1|PLXND1
 REACT:R-HSA-1638091	Heparan sulfate/heparin (HS-GAG) metabolism	0.00433385564333	0.0499556	B3GAT3|BCAN|BGN|DCN|GLCE|GUSB|NAGLU|VCAN|XYLT2
