 REACT:R-HSA-163560	Hormone-sensitive lipase (HSL)-mediated triacylglycerol hydrolysis	3.29336558025e-12	4.44991e-09	FABP1|FABP2|FABP3|FABP4|FABP5|FABP6|FABP7|FABP9
 KEGG:hsa04740	Olfactory transduction	3.76632058874e-12	4.44991e-09	OR10J1|OR12D3|OR14I1|OR14J1|OR1A1|OR1K1|OR1S2|OR2B6|OR4A16|OR4N5|OR52M1|OR52W1|OR6C4|OR8D1|OR8G1|OR9A2|SLC8A1|SLC8A2|SLC8A3
 REACT:R-HSA-381753	Olfactory Signaling Pathway	1.19821041977e-10	9.4379e-08	OR10J1|OR12D3|OR14I1|OR14J1|OR1A1|OR1K1|OR1S2|OR2B6|OR2T35|OR4A16|OR4N5|OR52M1|OR52W1|OR6C4|OR8D1|OR8G1|OR9A2
 REACT:R-HSA-388396	GPCR downstream signaling	2.6302515721e-10	1.55382e-07	AGTR1|AVPR2|CCR2|CCR5|HRH4|KALRN|OR10J1|OR12D3|OR14I1|OR14J1|OR1A1|OR1K1|OR1S2|OR2B6|OR2T35|OR4A16|OR4N5|OR52M1|OR52W1|OR6C4|OR8D1|OR8G1|OR9A2|TBXA2R
 REACT:R-HSA-372790	Signaling by GPCR	4.68887373373e-10	2.21596e-07	AGTR1|AVPR2|CCR2|CCR5|CX3CR1|HRH4|KALRN|OR10J1|OR12D3|OR14I1|OR14J1|OR1A1|OR1K1|OR1S2|OR2B6|OR2T35|OR4A16|OR4N5|OR52M1|OR52W1|OR6C4|OR8D1|OR8G1|OR9A2|PPP2R1A|PPP2R1B|TBXA2R
 KEGG:hsa03320	PPAR signaling pathway	1.24397143031e-07	4.89917e-05	FABP1|FABP2|FABP3|FABP4|FABP5|FABP6|FABP7
 REACT:R-HSA-73923	"Lipid digestion mobilization and transport"	2.05135479159e-07	6.92479e-05	FABP1|FABP2|FABP3|FABP4|FABP5|FABP6|FABP7|FABP9
 REACT:R-HSA-162582	Signal Transduction	2.81973762117e-07	8.3288e-05	AGTR1|APH1B|AVPR2|CCR2|CCR5|CRABP1|CRABP2|CX3CR1|FABP5|HRH4|KALRN|OR10J1|OR12D3|OR14I1|OR14J1|OR1A1|OR1K1|OR1S2|OR2B6|OR2T35|OR4A16|OR4N5|OR52M1|OR52W1|OR6C4|OR8D1|OR8G1|OR9A2|PPP2R1A|PPP2R1B|RBP1|RBP2|TBXA2R
 REACT:R-HSA-425561	Sodium/Calcium exchangers	4.41769540619e-05	0.0115989	SLC8A1|SLC8A2|SLC8A3
 REACT:R-HSA-418359	Reduction of cytosolic Ca++ levels	5.60035945446e-05	0.0132336	SLC8A1|SLC8A2|SLC8A3
 REACT:R-HSA-418346	Platelet homeostasis	0.000141480355573	0.0303926	PPP2R1A|PPP2R1B|SLC8A1|SLC8A2|SLC8A3
