 KEGG:hsa04060	Cytokine-cytokine receptor interaction	0.0	0	CD40|CRLF2|CSF1|CSF2RA|CSF2RB|CX3CL1|EGFR|FAS|FLT1|IFNA1|IFNA10|IFNA13|IFNA14|IFNA16|IFNA17|IFNA2|IFNA21|IFNA4|IFNA5|IFNA6|IFNA7|IFNA8|IFNAR2|IFNB1|IFNE|IFNG|IFNLR1|IFNW1|IL10RA|IL10RB|IL12B|IL12RB1|IL13RA1|IL17B|IL19|IL1A|IL1B|IL1R1|IL1R2|IL1RAP|IL20|IL20RB|IL21R|IL22|IL22RA1|IL22RA2|IL24|IL2RB|IL2RG|IL4R|IL5RA|IL6R|IL6ST|LTBR|OSMR|PRLR|RELT|TNFRSF10D|TNFRSF11A|TNFRSF11B|TNFRSF14|TNFRSF18|TNFRSF1B|TNFRSF25|TNFRSF4|TNFRSF6B|VEGFA|VEGFC
 KEGG:hsa04151	PI3K-Akt signaling pathway	0.0	0	CD19|CHAD|COMP|CREB3L3|CREB5|CSF1|EFNA1|EFNA2|EFNA3|EFNA4|EGFR|FGF1|FGF10|FGF11|FGF12|FGF13|FGF14|FGF16|FGF17|FGF18|FGF19|FGF2|FGF20|FGF21|FGF22|FGF23|FGF3|FGF4|FGF5|FGF6|FGF7|FGF8|FGF9|FLT1|IFNA1|IFNA10|IFNA13|IFNA14|IFNA16|IFNA17|IFNA2|IFNA21|IFNA4|IFNA5|IFNA6|IFNA7|IFNA8|IFNAR2|IFNB1|IL2RB|IL2RG|IL4R|IL6R|ITGB1|ITGB3|ITGB5|ITGB6|ITGB7|LAMB4|LAMC3|OSMR|PHLPP1|PHLPP2|PIK3AP1|PPP2R1A|PPP2R1B|PRLR|THBS1|THBS2|THBS3|THBS4|TLR2|TLR4|TNXB|VEGFA|VEGFC
 KEGG:hsa04514	Cell adhesion molecules (CAMs)	0.0	0	ALCAM|CADM1|CD2|CD22|CD276|CD28|CD4|CD40|CD58|CDH15|CDH2|CDH4|CLDN11|CLDN2|CLDN7|ESAM|ICAM1|ICAM2|ICAM3|ICOS|ITGB1|ITGB2|ITGB7|JAM2|LRRC4|LRRC4C|MAG|NCAM1|NFASC|NLGN4Y|NRXN1|NRXN3|NTNG1|OCLN|PDCD1LG2|PVR|SELE|SELL|SELP|SIGLEC1|VCAN
 KEGG:hsa04630	Jak-STAT signaling pathway	0.0	0	CRLF2|CSF2RA|CSF2RB|IFNA1|IFNA10|IFNA13|IFNA14|IFNA16|IFNA17|IFNA2|IFNA21|IFNA4|IFNA5|IFNA6|IFNA7|IFNA8|IFNAR2|IFNB1|IFNE|IFNG|IFNLR1|IFNW1|IL10RA|IL10RB|IL12B|IL12RB1|IL13RA1|IL13RA2|IL19|IL20|IL20RB|IL21R|IL22|IL22RA1|IL22RA2|IL24|IL27RA|IL2RB|IL2RG|IL4R|IL5RA|IL6R|IL6ST|OSMR|PRLR|STAT5A
 REACT:R-HSA-168256	Immune System	0.0	0	A1BG|AGER|AGL|ANAPC10|AP1M2|ARSA|ATP6V0A1|ATP6V1E2|B4GALT1|BCL6|BTC|BTLA|BTNL8|C1R|C8A|CALR|CANX|CD14|CD160|CD180|CD19|CD1D|CD207|CD22|CD28|CD3D|CD3G|CD4|CD40|CD44|CD46|CD47|CD58|CD59|CD68|CEACAM1|CEACAM8|CFP|CHI3L1|CIITA|CLEC10A|CLEC12A|CLEC2B|CLEC2D|CLEC4A|CLEC4C|CLEC4D|CLEC4E|CLEC5A|CLEC6A|CLEC7A|COLEC11|CRLF1|CRP|CSF1|CSF2RA|CSF2RB|CSNK2B|CXADR|DCTN4|DEFB112|DEFB119|DEGS1|DSN1|EBI3|EGFR|ERBB3|FABP5|FAF2|FBXL12|FBXL13|FBXL14|FBXL15|FBXL19|FBXL4|FBXL5|FBXL7|FBXO17|FBXO44|FBXO6|FCAR|FCER1A|FCGR1B|FCGR2A|FCGR2B|FCGR2C|FCGR3A|FCGR3B|FCN3|FGA|FGB|FGF1|FGF10|FGF16|FGF17|FGF18|FGF19|FGF2|FGF20|FGF22|FGF23|FGF3|FGF4|FGF5|FGF6|FGF7|FGF8|FGF9|FGG|FOXO1|GAA|GAB2|GATA3|GLA|GUSB|GYG1|HBEGF|HERC6|HEXB|ICAM1|ICAM2|ICAM3|ICAM4|ICOS|IFNA1|IFNA10|IFNA13|IFNA14|IFNA16|IFNA17|IFNA2|IFNA21|IFNA4|IFNA5|IFNA6|IFNA7|IFNA8|IFNAR2|IFNB1|IFNG|IFNLR1|IL10RA|IL10RB|IL12B|IL12RB1|IL13RA1|IL13RA2|IL19|IL1A|IL1B|IL1R1|IL1R2|IL1RAP|IL1RL1|IL1RN|IL20|IL20RB|IL22|IL22RA1|IL22RA2|IL24|IL27RA|IL2RB|IL2RG|IL34|IL36A|IL36B|IL4R|IL5RA|IL6R|IL6ST|ITGB1|ITGB2|ITGB3|ITGB5|ITGB7|ITLN1|JUNB|KIR2DL1|KIR2DL3|KIR2DL4|KIR2DS1|KIR2DS4|KIR2DS5|KIR3DL2|KIR3DS1|KLRB1|KLRC1|KLRC2|KLRC4-KLRK1|KLRD1|KLRF1|KLRG1|LAIR2|LAMP1|LAMTOR1|LAT|LGALS3|LGALS9|LILRA1|LILRA3|LILRA4|LILRA5|LILRB5|LRG1|LTBR|MASP2|MBL2|MEF2A|MEF2C|MEFV|MGAM|MGRN1|MRC1|MUC15|NCAM1|NEU1|NFAM1|NFASC|NFKB2|NLRC3|NLRP1|NLRP4|NRG1|NRG2|NRG4|NUP107|OLR1|OSMR|PDCD1LG2|PELI3|PGLYRP1|PGLYRP2|PGLYRP3|PGLYRP4|PGM1|PHLPP1|PHLPP2|PIK3AP1|PLAUR|POLR3H|POM121|PPP2R1A|PPP2R1B|PRG2|PRG3|PRLR|PTX3|PVR|REG3A|REG3G|RNF135|RNF216|SELL|SEMG1|SERPINB6|SIGLEC1|SIGLEC10|SIGLEC11|SIGLEC12|SIGLEC14|SIGLEC15|SIGLEC5|SIGLEC6|SIGLEC7|SIGLEC8|SIGLEC9|SKP2|SLAMF6|SLC2A3|SLC2A5|SLPI|SOX2|SPSB4|STAT5A|STBD1|STIM1|STK11IP|TLR1|TLR10|TLR2|TLR3|TLR4|TLR5|TLR6|TNFRSF11A|TNFRSF11B|TNFRSF14|TNFRSF18|TNFRSF1B|TNFRSF25|TNFRSF4|TNFRSF6B|TNIP2|TNRC6A|TRIM14|TRIM17|TRPC1|USP18|VAPA|VEGFA|WIPF1
 REACT:R-HSA-190322	FGFR4 ligand binding and activation	0.0	0	FGF1|FGF16|FGF17|FGF18|FGF19|FGF2|FGF20|FGF23|FGF4|FGF6|FGF8|FGF9
 REACT:R-HSA-190375	FGFR2c ligand binding and activation	0.0	0	FGF1|FGF16|FGF17|FGF18|FGF2|FGF20|FGF23|FGF4|FGF5|FGF6|FGF8|FGF9
 REACT:R-HSA-2033519	Activated point mutants of FGFR2	0.0	0	FGF1|FGF10|FGF16|FGF17|FGF18|FGF2|FGF20|FGF22|FGF23|FGF3|FGF4|FGF5|FGF6|FGF7|FGF8|FGF9
 REACT:R-HSA-5654695	PI-3K cascade:FGFR2	0.0	0	FGF1|FGF10|FGF16|FGF17|FGF18|FGF2|FGF20|FGF22|FGF23|FGF3|FGF4|FGF5|FGF6|FGF7|FGF8|FGF9
 REACT:R-HSA-5654699	SHC-mediated cascade:FGFR2	0.0	0	FGF1|FGF10|FGF16|FGF17|FGF18|FGF2|FGF20|FGF22|FGF23|FGF3|FGF4|FGF5|FGF6|FGF7|FGF8|FGF9
 REACT:R-HSA-5654221	Phospholipase C-mediated cascade; FGFR2	1.23012711128e-13	2.64254e-11	FGF1|FGF10|FGF16|FGF17|FGF18|FGF2|FGF20|FGF22|FGF23|FGF3|FGF4|FGF5|FGF6|FGF7|FGF8|FGF9
 REACT:R-HSA-2219530	Constitutive Signaling by Aberrant PI3K in Cancer	6.54587495319e-13	1.28899e-10	BTC|CD19|CD28|EGFR|ERBB3|FGF1|FGF10|FGF16|FGF17|FGF18|FGF19|FGF2|FGF20|FGF22|FGF23|FGF3|FGF4|FGF5|FGF6|FGF7|FGF8|FGF9|HBEGF|ICOS|NRG1|NRG2|NRG4|PIK3AP1
 REACT:R-HSA-190242	FGFR1 ligand binding and activation	1.13442588656e-12	1.91475e-10	FGF1|FGF10|FGF17|FGF2|FGF20|FGF22|FGF23|FGF3|FGF4|FGF5|FGF6|FGF8|FGF9
 REACT:R-HSA-5654219	Phospholipase C-mediated cascade: FGFR1	1.13442588656e-12	1.91475e-10	FGF1|FGF10|FGF17|FGF2|FGF20|FGF22|FGF23|FGF3|FGF4|FGF5|FGF6|FGF8|FGF9
 REACT:R-HSA-168249	Innate Immune System	2.27451391055e-12	3.58312e-10	A1BG|AGER|AGL|ARSA|ATP6V0A1|ATP6V1E2|B4GALT1|BTC|C1R|C8A|CD14|CD180|CD19|CD28|CD3G|CD4|CD44|CD46|CD47|CD58|CD59|CD68|CEACAM1|CEACAM8|CFP|CHI3L1|CLEC10A|CLEC12A|CLEC4A|CLEC4C|CLEC4D|CLEC4E|CLEC5A|CLEC6A|CLEC7A|COLEC11|CRP|CSF2RA|CSF2RB|CSNK2B|DEFB112|DEFB119|DEGS1|DSN1|EGFR|ERBB3|FABP5|FAF2|FCAR|FCER1A|FCGR2A|FCGR2C|FCGR3A|FCGR3B|FCN3|FGA|FGB|FGF1|FGF10|FGF16|FGF17|FGF18|FGF19|FGF2|FGF20|FGF22|FGF23|FGF3|FGF4|FGF5|FGF6|FGF7|FGF8|FGF9|FGG|FOXO1|GAA|GAB2|GLA|GUSB|GYG1|HBEGF|HEXB|ICAM2|ICAM3|ICOS|IFNA1|IFNA10|IFNA13|IFNA14|IFNA16|IFNA17|IFNA2|IFNA21|IFNA4|IFNA5|IFNA6|IFNA7|IFNA8|IFNB1|IL1B|IL2RB|IL2RG|IL5RA|ITGB2|ITGB3|ITLN1|KIR2DS4|KIR2DS5|KIR3DS1|KLRC2|KLRC4-KLRK1|KLRD1|LAMP1|LAMTOR1|LAT|LGALS3|LILRA3|LRG1|MASP2|MBL2|MEF2A|MEF2C|MEFV|MGAM|MUC15|NCAM1|NEU1|NFAM1|NFASC|NFKB2|NLRC3|NLRP1|NLRP4|NRG1|NRG2|NRG4|OLR1|PELI3|PGLYRP1|PGLYRP2|PGLYRP3|PGLYRP4|PGM1|PHLPP1|PHLPP2|PIK3AP1|PLAUR|POLR3H|PPP2R1A|PPP2R1B|PRG2|PRG3|PTX3|REG3A|REG3G|RNF135|RNF216|SELL|SEMG1|SERPINB6|SIGLEC14|SIGLEC15|SIGLEC5|SIGLEC9|SLC2A3|SLC2A5|SLPI|STBD1|STK11IP|TLR1|TLR10|TLR2|TLR3|TLR4|TLR5|TLR6|TNFRSF1B|TNIP2|TNRC6A|VAPA|WIPF1
 REACT:R-HSA-190241	FGFR2 ligand binding and activation	4.05586675356e-12	5.99001e-10	FGF1|FGF10|FGF16|FGF17|FGF18|FGF2|FGF20|FGF22|FGF23|FGF3|FGF4|FGF5|FGF6|FGF7|FGF8|FGF9
 KEGG:hsa04740	Olfactory transduction	5.61906077223e-12	7.81049e-10	CNGB1|OR10G3|OR10G4|OR10G7|OR10G8|OR10G9|OR10H1|OR10H3|OR10H4|OR10J1|OR10J3|OR10T2|OR11A1|OR11L1|OR12D3|OR13F1|OR14A16|OR14I1|OR14J1|OR1A1|OR1A2|OR1C1|OR1D5|OR1E1|OR1E2|OR1J1|OR1J4|OR1K1|OR1L1|OR1L4|OR1M1|OR1N1|OR1S2|OR2A12|OR2A14|OR2A2|OR2B6|OR2D3|OR2G3|OR2G6|OR2S2|OR2T10|OR2T12|OR2T2|OR2T33|OR2W3|OR3A3|OR4A16|OR4B1|OR4C3|OR4D1|OR4D10|OR4D9|OR4F17|OR4K15|OR4K2|OR4L1|OR4M1|OR4N5|OR4S1|OR4X2|OR52E2|OR52M1|OR52W1|OR56A3|OR5A2|OR5AP2|OR5AS1|OR5B12|OR5D13|OR5I1|OR5M9|OR5R1|OR6C3|OR6C4|OR6C6|OR6C70|OR6S1|OR6V1|OR6X1|OR7A10|OR7A5|OR7C1|OR7C2|OR7D2|OR7D4|OR8D1|OR8G1|OR8G5|OR8H1|OR8H3|OR9A2|OR9A4|SLC8A1|SLC8A2|SLC8A3
 REACT:R-HSA-198933	Immunoregulatory interactions between a Lymphoid and a non-Lymphoid cell	6.23279206025e-12	8.18227e-10	CD160|CD19|CD1D|CD22|CD3D|CD3G|CD40|CLEC2B|CLEC2D|CXADR|FCGR2B|FCGR3A|ICAM1|ICAM2|ICAM3|ICAM4|ITGB1|ITGB2|ITGB7|KIR2DL1|KIR2DL3|KIR2DL4|KIR2DS1|KIR3DL2|KIR3DS1|KLRB1|KLRC1|KLRC4-KLRK1|KLRD1|KLRF1|KLRG1|LAIR2|LILRA1|LILRA3|LILRA4|LILRA5|LILRB5|PVR|SELL|SIGLEC1|SIGLEC10|SIGLEC11|SIGLEC12|SIGLEC5|SIGLEC6|SIGLEC7|SIGLEC8|SIGLEC9|SLAMF6
 REACT:R-HSA-6811558	"PI5P PP2A and IER3 Regulate PI3K/AKT Signaling"	6.88571422103e-12	8.23149e-10	BTC|CD19|CD28|EGFR|ERBB3|FGF1|FGF10|FGF16|FGF17|FGF18|FGF19|FGF2|FGF20|FGF22|FGF23|FGF3|FGF4|FGF5|FGF6|FGF7|FGF8|FGF9|HBEGF|ICOS|NRG1|NRG2|NRG4|PIK3AP1|PPP2R1A|PPP2R1B
 REACT:R-HSA-381753	Olfactory Signaling Pathway	6.96698254643e-12	8.23149e-10	OR10G3|OR10G4|OR10G7|OR10G8|OR10G9|OR10H1|OR10H3|OR10H4|OR10J1|OR10J3|OR10T2|OR11A1|OR11L1|OR12D3|OR13F1|OR14A16|OR14I1|OR14J1|OR1A1|OR1A2|OR1C1|OR1D5|OR1E1|OR1E2|OR1J1|OR1J4|OR1K1|OR1L1|OR1L4|OR1M1|OR1N1|OR1S2|OR2A12|OR2A14|OR2A2|OR2B6|OR2D3|OR2G3|OR2G6|OR2S2|OR2T10|OR2T12|OR2T2|OR2T33|OR2T35|OR2W3|OR3A3|OR4A16|OR4B1|OR4C3|OR4D1|OR4D10|OR4D9|OR4F17|OR4K15|OR4K2|OR4L1|OR4M1|OR4N5|OR4S1|OR4X2|OR52E2|OR52M1|OR52W1|OR56A3|OR5A2|OR5AP2|OR5AS1|OR5B12|OR5D13|OR5I1|OR5M9|OR5R1|OR6C3|OR6C4|OR6C6|OR6C70|OR6S1|OR6V1|OR6X1|OR7A10|OR7A5|OR7C1|OR7C2|OR7D2|OR7D4|OR8D1|OR8G1|OR8G5|OR8H1|OR8H3|OR9A2|OR9A4|REEP1
 REACT:R-HSA-1839130	Signaling by activated point mutants of FGFR3	7.89479592811e-12	8.47973e-10	FGF1|FGF16|FGF17|FGF18|FGF2|FGF20|FGF23|FGF4|FGF5|FGF8|FGF9
 REACT:R-HSA-2033514	FGFR3 mutant receptor activation	7.89479592811e-12	8.47973e-10	FGF1|FGF16|FGF17|FGF18|FGF2|FGF20|FGF23|FGF4|FGF5|FGF8|FGF9
 REACT:R-HSA-5654700	FRS-mediated FGFR2 signaling	8.34132762861e-12	8.56981e-10	FGF1|FGF10|FGF16|FGF17|FGF18|FGF2|FGF20|FGF22|FGF23|FGF3|FGF4|FGF5|FGF6|FGF7|FGF8|FGF9
 REACT:R-HSA-199418	Negative regulation of the PI3K/AKT network	1.3235856855e-11	1.30318e-09	BTC|CD19|CD28|EGFR|ERBB3|FGF1|FGF10|FGF16|FGF17|FGF18|FGF19|FGF2|FGF20|FGF22|FGF23|FGF3|FGF4|FGF5|FGF6|FGF7|FGF8|FGF9|HBEGF|ICOS|NRG1|NRG2|NRG4|PHLPP1|PHLPP2|PIK3AP1|PPP2R1A|PPP2R1B
 REACT:R-HSA-912694	Regulation of IFNA signaling	2.04780636892e-11	1.93559e-09	IFNA1|IFNA10|IFNA13|IFNA14|IFNA16|IFNA17|IFNA2|IFNA21|IFNA4|IFNA5|IFNA6|IFNA7|IFNA8|IFNAR2|IFNB1|USP18
 REACT:R-HSA-1280215	Cytokine Signaling in Immune system	2.76783040931e-11	2.51553e-09	BCL6|BTC|CD4|CD40|CD44|CIITA|CRLF1|CSF1|CSF2RA|CSF2RB|EBI3|EGFR|ERBB3|FCGR1B|FGA|FGB|FGF1|FGF10|FGF16|FGF17|FGF18|FGF19|FGF2|FGF20|FGF22|FGF23|FGF3|FGF4|FGF5|FGF6|FGF7|FGF8|FGF9|FGG|FOXO1|GAB2|GATA3|HBEGF|ICAM1|IFNA1|IFNA10|IFNA13|IFNA14|IFNA16|IFNA17|IFNA2|IFNA21|IFNA4|IFNA5|IFNA6|IFNA7|IFNA8|IFNAR2|IFNB1|IFNG|IFNLR1|IL10RA|IL10RB|IL12B|IL12RB1|IL13RA1|IL13RA2|IL19|IL1A|IL1B|IL1R1|IL1R2|IL1RAP|IL1RL1|IL1RN|IL20|IL20RB|IL22|IL22RA1|IL22RA2|IL24|IL27RA|IL2RB|IL2RG|IL34|IL36A|IL36B|IL4R|IL5RA|IL6R|IL6ST|ITGB1|ITGB2|ITGB3|JUNB|LAT|LGALS9|LTBR|NCAM1|NFKB2|NRG1|NRG2|NRG4|NUP107|OSMR|PELI3|POM121|PPP2R1A|PPP2R1B|PRLR|SOX2|STAT5A|TNFRSF11A|TNFRSF11B|TNFRSF14|TNFRSF18|TNFRSF1B|TNFRSF25|TNFRSF4|TNFRSF6B|TNIP2|TRIM14|TRIM17|USP18|VEGFA
 REACT:R-HSA-5654228	Phospholipase C-mediated cascade; FGFR4	6.24510443359e-11	5.46562e-09	FGF1|FGF16|FGF17|FGF18|FGF19|FGF2|FGF20|FGF23|FGF4|FGF6|FGF8|FGF9
 REACT:R-HSA-190239	FGFR3 ligand binding and activation	1.34383171257e-10	1.02435e-08	FGF1|FGF16|FGF17|FGF18|FGF2|FGF20|FGF23|FGF4|FGF5|FGF8|FGF9
 REACT:R-HSA-190372	FGFR3c ligand binding and activation	1.34383171257e-10	1.02435e-08	FGF1|FGF16|FGF17|FGF18|FGF2|FGF20|FGF23|FGF4|FGF5|FGF8|FGF9
 REACT:R-HSA-432047	Passive transport by Aquaporins	1.34383171257e-10	1.02435e-08	AQP1|AQP10|AQP12A|AQP2|AQP3|AQP4|AQP5|AQP6|AQP7|AQP9|MIP
 REACT:R-HSA-5654227	Phospholipase C-mediated cascade; FGFR3	1.34383171257e-10	1.02435e-08	FGF1|FGF16|FGF17|FGF18|FGF2|FGF20|FGF23|FGF4|FGF5|FGF8|FGF9
 REACT:R-HSA-2219528	PI3K/AKT Signaling in Cancer	2.07728168e-10	1.53394e-08	BTC|CD19|CD28|EGFR|ERBB3|FGF1|FGF10|FGF16|FGF17|FGF18|FGF19|FGF2|FGF20|FGF22|FGF23|FGF3|FGF4|FGF5|FGF6|FGF7|FGF8|FGF9|FOXO1|HBEGF|ICOS|NRG1|NRG2|NRG4|PIK3AP1
 REACT:R-HSA-1839122	Signaling by activated point mutants of FGFR1	2.34183339387e-10	1.67689e-08	FGF1|FGF17|FGF2|FGF20|FGF23|FGF4|FGF5|FGF6|FGF8|FGF9
 KEGG:hsa05152	Tuberculosis	4.20531720557e-10	2.9227e-08	ATP6V0A1|CD14|CEBPB|CIITA|CLEC4E|CLEC4M|CLEC7A|FCGR2A|FCGR2B|FCGR2C|FCGR3A|FCGR3B|IFNA1|IFNA10|IFNA13|IFNA14|IFNA16|IFNA17|IFNA2|IFNA21|IFNA4|IFNA5|IFNA6|IFNA7|IFNA8|IFNB1|IFNG|IL10RA|IL10RB|IL12B|IL1A|IL1B|ITGB2|LAMP1|LSP1|MRC1|PLA2R1|RFXAP|TLR1|TLR2|TLR4|TLR6|VDR
 REACT:R-HSA-5654696	Downstream signaling of activated FGFR2	4.44209113937e-10	2.99905e-08	FGF1|FGF10|FGF16|FGF17|FGF18|FGF2|FGF20|FGF22|FGF23|FGF3|FGF4|FGF5|FGF6|FGF7|FGF8|FGF9
 REACT:R-HSA-5654727	Negative regulation of FGFR2 signaling	4.62177740523e-10	3.03368e-08	FGF1|FGF10|FGF16|FGF17|FGF18|FGF2|FGF20|FGF22|FGF23|FGF3|FGF4|FGF5|FGF6|FGF7|FGF8|FGF9|PPP2R1A
 REACT:R-HSA-428790	Facilitative Na+-independent glucose transporters	5.66153013359e-10	3.61573e-08	FGF21|SLC2A1|SLC2A10|SLC2A11|SLC2A14|SLC2A2|SLC2A3|SLC2A5|SLC2A6|SLC2A8|SLC2A9
 REACT:R-HSA-5654687	Downstream signaling of activated FGFR1	8.20262746615e-10	5.10074e-08	FGF1|FGF10|FGF17|FGF2|FGF20|FGF22|FGF23|FGF3|FGF4|FGF5|FGF6|FGF8|FGF9|FLRT1|FLRT2|FLRT3
 REACT:R-HSA-1257604	PIP3 activates AKT signaling	1.04984232419e-09	6.36097e-08	BTC|CD19|CD28|EGFR|ERBB3|FGF1|FGF10|FGF16|FGF17|FGF18|FGF19|FGF2|FGF20|FGF22|FGF23|FGF3|FGF4|FGF5|FGF6|FGF7|FGF8|FGF9|FOXO1|HBEGF|ICOS|NRG1|NRG2|NRG4|PHLPP1|PHLPP2|PIK3AP1|PPP2R1A|PPP2R1B|TNRC6A
 KEGG:hsa04650	Natural killer cell mediated cytotoxicity	1.28625321505e-09	7.59854e-08	FAS|FCGR3A|FCGR3B|ICAM1|ICAM2|IFNA1|IFNA10|IFNA13|IFNA14|IFNA16|IFNA17|IFNA2|IFNA21|IFNA4|IFNA5|IFNA6|IFNA7|IFNA8|IFNAR2|IFNB1|IFNG|ITGB2|KIR2DL1|KIR2DL3|KIR2DL4|KIR2DS1|KIR2DS4|KIR2DS5|KIR3DL2|KLRC1|KLRC2|KLRC4-KLRK1|KLRD1|LAT|TNFRSF10D
 REACT:R-HSA-190373	FGFR1c ligand binding and activation	1.33298760918e-09	7.68256e-08	FGF1|FGF17|FGF2|FGF20|FGF23|FGF4|FGF5|FGF6|FGF8|FGF9
 KEGG:hsa05218	Melanoma	1.3925079978e-09	7.83452e-08	EGFR|FGF1|FGF10|FGF11|FGF12|FGF13|FGF14|FGF16|FGF17|FGF18|FGF19|FGF2|FGF20|FGF21|FGF22|FGF23|FGF3|FGF4|FGF5|FGF6|FGF7|FGF8|FGF9|MITF
 REACT:R-HSA-5654688	SHC-mediated cascade:FGFR1	1.61583535441e-09	8.67777e-08	FGF1|FGF10|FGF17|FGF2|FGF20|FGF22|FGF23|FGF3|FGF4|FGF5|FGF6|FGF8|FGF9
 REACT:R-HSA-5654689	PI-3K cascade:FGFR1	1.61583535441e-09	8.67777e-08	FGF1|FGF10|FGF17|FGF2|FGF20|FGF22|FGF23|FGF3|FGF4|FGF5|FGF6|FGF8|FGF9
 REACT:R-HSA-180292	GAB1 signalosome	2.09610429014e-09	1.07676e-07	BTC|CD19|CD28|EGFR|ERBB3|FGF1|FGF10|FGF16|FGF17|FGF18|FGF19|FGF2|FGF20|FGF22|FGF23|FGF3|FGF4|FGF5|FGF6|FGF7|FGF8|FGF9|FOXO1|HBEGF|ICOS|NRG1|NRG2|NRG4|PHLPP1|PHLPP2|PIK3AP1|PPP2R1A|PPP2R1B|TNRC6A
 REACT:R-HSA-198203	PI3K/AKT activation	2.09610429014e-09	1.07676e-07	BTC|CD19|CD28|EGFR|ERBB3|FGF1|FGF10|FGF16|FGF17|FGF18|FGF19|FGF2|FGF20|FGF22|FGF23|FGF3|FGF4|FGF5|FGF6|FGF7|FGF8|FGF9|FOXO1|HBEGF|ICOS|NRG1|NRG2|NRG4|PHLPP1|PHLPP2|PIK3AP1|PPP2R1A|PPP2R1B|TNRC6A
 REACT:R-HSA-1839126	FGFR2 mutant receptor activation	2.71351829895e-09	1.36426e-07	FGF1|FGF10|FGF16|FGF17|FGF18|FGF2|FGF20|FGF22|FGF23|FGF3|FGF4|FGF5|FGF6|FGF7|FGF8|FGF9
 REACT:R-HSA-2730905	Role of LAT2/NTAL/LAB on calcium mobilization	3.74489339539e-09	1.84358e-07	BTC|CD19|CD28|EGFR|ERBB3|FGF1|FGF10|FGF16|FGF17|FGF18|FGF19|FGF2|FGF20|FGF22|FGF23|FGF3|FGF4|FGF5|FGF6|FGF7|FGF8|FGF9|FOXO1|GAB2|HBEGF|ICOS|NRG1|NRG2|NRG4|PHLPP1|PHLPP2|PIK3AP1|PPP2R1A|PPP2R1B|TNRC6A
 REACT:R-HSA-5658623	FGFRL1 modulation of FGFR1 signaling	5.38091582403e-09	2.59492e-07	FGF10|FGF17|FGF18|FGF2|FGF22|FGF23|FGF3|FGF4|FGF5|FGF8
 REACT:R-HSA-449147	Signaling by Interleukins	6.37879016274e-09	3.01462e-07	BCL6|BTC|CD4|CRLF1|CSF1|CSF2RA|CSF2RB|EBI3|EGFR|ERBB3|FGA|FGB|FGF1|FGF10|FGF16|FGF17|FGF18|FGF19|FGF2|FGF20|FGF22|FGF23|FGF3|FGF4|FGF5|FGF6|FGF7|FGF8|FGF9|FGG|FOXO1|GAB2|GATA3|HBEGF|ICAM1|IFNLR1|IL10RA|IL10RB|IL12B|IL12RB1|IL13RA1|IL13RA2|IL19|IL1A|IL1B|IL1R1|IL1R2|IL1RAP|IL1RL1|IL1RN|IL20|IL20RB|IL22|IL22RA1|IL22RA2|IL24|IL27RA|IL2RB|IL2RG|IL34|IL36A|IL36B|IL4R|IL5RA|IL6R|IL6ST|ITGB1|ITGB2|ITGB3|JUNB|LAT|LGALS9|NCAM1|NFKB2|NRG1|NRG2|NRG4|OSMR|PELI3|PPP2R1A|PPP2R1B|SOX2|STAT5A|TNFRSF1B|TNIP2|VEGFA
 REACT:R-HSA-5654693	FRS-mediated FGFR1 signaling	7.65959062843e-09	3.54894e-07	FGF1|FGF10|FGF17|FGF2|FGF20|FGF22|FGF23|FGF3|FGF4|FGF5|FGF6|FGF8|FGF9
 REACT:R-HSA-1280218	Adaptive Immune System	7.86475840009e-09	3.57393e-07	ANAPC10|AP1M2|BTC|BTLA|BTNL8|CALR|CANX|CD14|CD160|CD19|CD1D|CD207|CD22|CD28|CD3D|CD3G|CD4|CD40|CLEC2B|CLEC2D|CXADR|DCTN4|EGFR|ERBB3|FBXL12|FBXL13|FBXL14|FBXL15|FBXL19|FBXL4|FBXL5|FBXL7|FBXO17|FBXO44|FBXO6|FCGR1B|FCGR2B|FCGR3A|FGF1|FGF10|FGF16|FGF17|FGF18|FGF19|FGF2|FGF20|FGF22|FGF23|FGF3|FGF4|FGF5|FGF6|FGF7|FGF8|FGF9|FOXO1|HBEGF|HERC6|ICAM1|ICAM2|ICAM3|ICAM4|ICOS|ITGB1|ITGB2|ITGB5|ITGB7|KIR2DL1|KIR2DL3|KIR2DL4|KIR2DS1|KIR3DL2|KIR3DS1|KLRB1|KLRC1|KLRC4-KLRK1|KLRD1|KLRF1|KLRG1|LAIR2|LAT|LILRA1|LILRA3|LILRA4|LILRA5|LILRB5|MGRN1|MRC1|NRG1|NRG2|NRG4|PDCD1LG2|PHLPP1|PHLPP2|PIK3AP1|PPP2R1A|PPP2R1B|PVR|SELL|SIGLEC1|SIGLEC10|SIGLEC11|SIGLEC12|SIGLEC5|SIGLEC6|SIGLEC7|SIGLEC8|SIGLEC9|SKP2|SLAMF6|SPSB4|STIM1|TLR1|TLR2|TLR4|TLR6|TNFRSF14|TNRC6A|TRPC1
 REACT:R-HSA-5654719	SHC-mediated cascade:FGFR4	1.16311053011e-08	5.08969e-07	FGF1|FGF16|FGF17|FGF18|FGF19|FGF2|FGF20|FGF23|FGF4|FGF6|FGF8|FGF9
 REACT:R-HSA-5654720	PI-3K cascade:FGFR4	1.16311053011e-08	5.08969e-07	FGF1|FGF16|FGF17|FGF18|FGF19|FGF2|FGF20|FGF23|FGF4|FGF6|FGF8|FGF9
 KEGG:hsa05162	Measles	2.27326401037e-08	9.76677e-07	CD28|CD3D|CD3G|CD46|CLEC4M|CSNK2B|FAS|FCGR2B|IFNA1|IFNA10|IFNA13|IFNA14|IFNA16|IFNA17|IFNA2|IFNA21|IFNA4|IFNA5|IFNA6|IFNA7|IFNA8|IFNAR2|IFNB1|IFNG|IL12B|IL1A|IL1B|IL2RB|IL2RG|STAT5A|TLR2|TLR4|TNFRSF10D
 KEGG:hsa04640	Hematopoietic cell lineage	2.55350156575e-08	1.07749e-06	CD14|CD19|CD1D|CD1E|CD2|CD22|CD3D|CD3G|CD4|CD44|CD59|CSF1|CSF2RA|GP1BA|GP1BB|GP5|GP9|IL1A|IL1B|IL1R1|IL1R2|IL4R|IL5RA|IL6R|ITGB3|MS4A1|TFRC
 REACT:R-HSA-8854691	"Interleukin-19 20 22 24"	2.67568760481e-08	1.10924e-06	IL10RB|IL19|IL20|IL20RB|IL22|IL22RA1|IL22RA2|IL24
 REACT:R-HSA-5654704	SHC-mediated cascade:FGFR3	3.71479296213e-08	1.48781e-06	FGF1|FGF16|FGF17|FGF18|FGF2|FGF20|FGF23|FGF4|FGF5|FGF8|FGF9
 REACT:R-HSA-5654710	PI-3K cascade:FGFR3	3.71479296213e-08	1.48781e-06	FGF1|FGF16|FGF17|FGF18|FGF2|FGF20|FGF23|FGF4|FGF5|FGF8|FGF9
 REACT:R-HSA-5654712	FRS-mediated FGFR4 signaling	5.05891791791e-08	1.99237e-06	FGF1|FGF16|FGF17|FGF18|FGF19|FGF2|FGF20|FGF23|FGF4|FGF6|FGF8|FGF9
 KEGG:hsa05224	Breast cancer	5.26405723456e-08	2.03917e-06	DLL4|EGFR|FGF1|FGF10|FGF11|FGF12|FGF13|FGF14|FGF16|FGF17|FGF18|FGF19|FGF2|FGF20|FGF21|FGF22|FGF23|FGF3|FGF4|FGF5|FGF6|FGF7|FGF8|FGF9|HEY1|JAG2|LEF1|NFKB2|PGR|SP1|TCF7|TCF7L1|TCF7L2|WNT2
 REACT:R-HSA-933541	TRAF6 mediated IRF7 activation	6.93633270821e-08	2.64364e-06	IFNA1|IFNA10|IFNA13|IFNA14|IFNA16|IFNA17|IFNA2|IFNA21|IFNA4|IFNA5|IFNA6|IFNA7|IFNA8|IFNB1|RNF135
 KEGG:hsa04145	Phagosome	7.8395785752e-08	2.94046e-06	ATP6V0A1|ATP6V1E2|C1R|CALR|CANX|CD14|CLEC4M|CLEC7A|COLEC11|COLEC12|COMP|FCAR|FCGR2A|FCGR2B|FCGR2C|FCGR3A|FCGR3B|ITGB1|ITGB2|ITGB3|ITGB5|LAMP1|MBL2|MRC1|OLR1|PLA2R1|SFTPD|TFRC|THBS1|THBS2|THBS3|THBS4|TLR2|TLR4|TLR6
 REACT:R-HSA-5654736	Signaling by FGFR1	8.7373073776e-08	3.22598e-06	FGF1|FGF10|FGF17|FGF18|FGF2|FGF20|FGF22|FGF23|FGF3|FGF4|FGF5|FGF6|FGF8|FGF9|FLRT1|FLRT2|FLRT3|PPP2R1A
 REACT:R-HSA-5654706	FRS-mediated FGFR3 signaling	1.66416990743e-07	6.0499e-06	FGF1|FGF16|FGF17|FGF18|FGF2|FGF20|FGF23|FGF4|FGF5|FGF8|FGF9
 KEGG:hsa05320	Autoimmune thyroid disease	1.74556538557e-07	6.24965e-06	CD28|CD40|CGA|FAS|IFNA1|IFNA10|IFNA13|IFNA14|IFNA16|IFNA17|IFNA2|IFNA21|IFNA4|IFNA5|IFNA6|IFNA7|IFNA8|TSHR
 REACT:R-HSA-5654726	Negative regulation of FGFR1 signaling	2.22614311207e-07	7.85131e-06	FGF1|FGF10|FGF17|FGF2|FGF20|FGF22|FGF23|FGF3|FGF4|FGF5|FGF6|FGF8|FGF9|PPP2R1A
 REACT:R-HSA-5655253	Signaling by FGFR2 in disease	2.69217945714e-07	9.35532e-06	FGF1|FGF10|FGF16|FGF17|FGF18|FGF2|FGF20|FGF22|FGF23|FGF3|FGF4|FGF5|FGF6|FGF7|FGF8|FGF9
 KEGG:hsa05144	Malaria	3.6965604111e-07	1.26594e-05	CD40|COMP|GYPB|ICAM1|IFNG|IL1B|ITGB2|KLRB1|KLRC4-KLRK1|SELE|SELP|THBS1|THBS2|THBS3|THBS4|TLR2|TLR4
 REACT:R-HSA-5655332	Signaling by FGFR3 in disease	5.93352531109e-07	1.97478e-05	FGF1|FGF16|FGF17|FGF18|FGF2|FGF20|FGF23|FGF4|FGF5|FGF8|FGF9
 REACT:R-HSA-8853338	Signaling by FGFR3 point mutants in cancer	5.93352531109e-07	1.97478e-05	FGF1|FGF16|FGF17|FGF18|FGF2|FGF20|FGF23|FGF4|FGF5|FGF8|FGF9
 REACT:R-HSA-5654733	Negative regulation of FGFR4 signaling	7.13436853261e-07	2.34146e-05	FGF1|FGF16|FGF17|FGF18|FGF19|FGF2|FGF20|FGF23|FGF4|FGF6|FGF8|FGF9|PPP2R1A
 REACT:R-HSA-216083	Integrin cell surface interactions	7.46046047273e-07	2.41494e-05	BSG|CD44|CD47|COMP|FGA|FGB|FGG|ICAM1|ICAM2|ICAM3|ICAM4|ITGB1|ITGB2|ITGB3|ITGB5|ITGB6|ITGB7|JAM2|LUM|THBS1
 REACT:R-HSA-5654716	Downstream signaling of activated FGFR4	9.01263648934e-07	2.87795e-05	FGF1|FGF16|FGF17|FGF18|FGF19|FGF2|FGF20|FGF23|FGF4|FGF6|FGF8|FGF9
 REACT:R-HSA-2022857	Keratan sulfate degradation	1.15865072881e-06	3.65052e-05	FMOD|HEXA|HEXB|KERA|LUM|OGN|OMD|PRELP
 KEGG:hsa04620	Toll-like receptor signaling pathway	2.13162217955e-06	6.62766e-05	CD14|CD40|IFNA1|IFNA10|IFNA13|IFNA14|IFNA16|IFNA17|IFNA2|IFNA21|IFNA4|IFNA5|IFNA6|IFNA7|IFNA8|IFNAR2|IFNB1|IL12B|IL1B|TLR1|TLR2|TLR3|TLR4|TLR5|TLR6
 REACT:R-HSA-5654732	Negative regulation of FGFR3 signaling	2.28265654323e-06	7.00509e-05	FGF1|FGF16|FGF17|FGF18|FGF2|FGF20|FGF23|FGF4|FGF5|FGF8|FGF9|PPP2R1A
 REACT:R-HSA-109582	Hemostasis	2.48914409451e-06	7.54083e-05	A1BG|AKAP1|APOH|BCAR1|BSG|CABLES2|CD2|CD44|CD47|CD58|CD84|CEACAM1|CEACAM8|CLEC1B|CLEC3B|CSF2RA|CSF2RB|CXADR|ESAM|F3|FGA|FGB|FGG|GAB2|GAS6|GATA2|GATA3|GATA6|GNAS|GP1BA|GP1BB|GP5|GP9|GYPB|IFNA1|IFNA10|IFNA13|IFNA14|IFNA16|IFNA17|IFNA2|IFNA21|IFNA4|IFNA5|IFNA6|IFNA7|IFNA8|IFNB1|IL2RB|IL2RG|IL5RA|ITGB1|ITGB2|ITGB3|JAM2|LAT|MAG|NFE2|OLR1|PCDH7|PDPN|PLAUR|PPP2R1A|PPP2R1B|PSG11|PSG2|PSG4|PSG5|PSG6|PSG8|SCG3|SELE|SELL|SELP|SERPINB2|SERPINB6|SERPINB8|SERPINC1|SERPINF2|SERPING1|SLC8A1|SLC8A2|SLC8A3|STIM1|TBXA2R|THBS1|TNFRSF10D|VEGFA|VEGFC|ZFPM1
 REACT:R-HSA-190371	FGFR3b ligand binding and activation	2.78606369875e-06	8.02862e-05	FGF1|FGF17|FGF18|FGF20|FGF8|FGF9
 REACT:R-HSA-3656225	Defective CHST6 causes MCDC1	2.78606369875e-06	8.02862e-05	FMOD|KERA|LUM|OGN|OMD|PRELP
 REACT:R-HSA-3656243	Defective ST3GAL3 causes MCT12 and EIEE15	2.78606369875e-06	8.02862e-05	FMOD|KERA|LUM|OGN|OMD|PRELP
 REACT:R-HSA-3656244	Defective B4GALT1 causes B4GALT1-CDG (CDG-2d)	2.78606369875e-06	8.02862e-05	FMOD|KERA|LUM|OGN|OMD|PRELP
 REACT:R-HSA-5654708	Downstream signaling of activated FGFR3	2.93394704531e-06	8.35291e-05	FGF1|FGF16|FGF17|FGF18|FGF2|FGF20|FGF23|FGF4|FGF5|FGF8|FGF9
 REACT:R-HSA-1226099	Signaling by FGFR in disease	4.20782308164e-06	0.00011837	FGF1|FGF10|FGF16|FGF17|FGF18|FGF2|FGF20|FGF22|FGF23|FGF3|FGF4|FGF5|FGF6|FGF7|FGF8|FGF9|GAB2|STAT5A
 KEGG:hsa04015	Rap1 signaling pathway	4.27507232892e-06	0.000118847	BCAR1|CSF1|EFNA1|EFNA2|EFNA3|EFNA4|EGFR|FGF1|FGF10|FGF11|FGF12|FGF13|FGF14|FGF16|FGF17|FGF18|FGF19|FGF2|FGF20|FGF21|FGF22|FGF23|FGF3|FGF4|FGF5|FGF6|FGF7|FGF8|FGF9|FLT1|GNAS|ITGB1|ITGB2|ITGB3|LAT|RASSF5|THBS1|VEGFA|VEGFC
 REACT:R-HSA-1839124	FGFR1 mutant receptor activation	5.26720583138e-06	0.000144726	FGF1|FGF17|FGF2|FGF20|FGF23|FGF4|FGF5|FGF6|FGF8|FGF9|GAB2|STAT5A
 REACT:R-HSA-109704	PI3K Cascade	9.54740160175e-06	0.000259316	FGF1|FGF10|FGF16|FGF17|FGF18|FGF19|FGF2|FGF20|FGF22|FGF23|FGF3|FGF4|FGF5|FGF6|FGF7|FGF8|FGF9|LAMTOR1|PRKAB1|PRKAB2
 REACT:R-HSA-1638074	Keratan sulfate/keratin metabolism	1.1239808424e-05	0.000301814	B4GALT1|B4GALT2|B4GALT3|B4GALT4|FMOD|HEXA|HEXB|KERA|LUM|OGN|OMD|PRELP
 KEGG:hsa04512	ECM-receptor interaction	1.73766916913e-05	0.000461361	CD44|CD47|CHAD|COMP|GP1BA|GP1BB|GP5|GP9|ITGB1|ITGB3|ITGB5|ITGB6|ITGB7|LAMB4|LAMC3|THBS1|THBS2|THBS3|THBS4|TNXB
 REACT:R-HSA-190236	Signaling by FGFR	1.86065500378e-05	0.000488525	FGF1|FGF10|FGF16|FGF17|FGF18|FGF19|FGF2|FGF20|FGF22|FGF23|FGF3|FGF4|FGF5|FGF6|FGF7|FGF8|FGF9|FLRT1|FLRT2|FLRT3|PPP2R1A
 KEGG:hsa04622	RIG-I-like receptor signaling pathway	2.09879031866e-05	0.000544994	IFNA1|IFNA10|IFNA13|IFNA14|IFNA16|IFNA17|IFNA2|IFNA21|IFNA4|IFNA5|IFNA6|IFNA7|IFNA8|IFNB1|IFNE|IFNW1|IL12B|TBKBP1
 REACT:R-HSA-5686938	Regulation of TLR by endogenous ligand	2.19198235949e-05	0.000563006	CD14|FGA|FGB|FGG|TLR1|TLR2|TLR4|TLR6
 REACT:R-HSA-1251985	Nuclear signaling by ERBB4	2.32229459065e-05	0.000590063	APH1A|APH1B|BTC|HBEGF|NRG1|NRG2|NRG4|PGR|PSEN2|STAT5A
 REACT:R-HSA-5654743	Signaling by FGFR4	2.67229634859e-05	0.00067177	FGF1|FGF16|FGF17|FGF18|FGF19|FGF2|FGF20|FGF23|FGF4|FGF6|FGF8|FGF9|PPP2R1A
 REACT:R-HSA-190370	FGFR1b ligand binding and activation	2.76101173875e-05	0.000686765	FGF1|FGF10|FGF2|FGF22|FGF3
 REACT:R-HSA-202733	Cell surface interactions at the vascular wall	3.0798971544e-05	0.000758104	BSG|CD2|CD44|CD47|CD58|CD84|CEACAM1|CEACAM8|CXADR|ESAM|GAS6|GYPB|ITGB1|ITGB2|ITGB3|JAM2|MAG|OLR1|PSG11|PSG2|PSG4|PSG5|PSG6|PSG8|SELE|SELL|SELP|TNFRSF10D
 REACT:R-HSA-1266738	Developmental Biology	3.1633309352e-05	0.000770614	ABLIM1|ALCAM|APH1A|APH1B|ARHGEF7|BTC|CD72|CDH15|CDH2|CDH4|CDSN|CEBPB|CFC1|CNTN6|CSF2RA|CSF2RB|CSNK2B|DSC2|EFNA1|EFNA2|EFNA3|EFNA4|EGFR|EGR2|EPHA3|ERBB3|FABP4|FAM120B|FGA|FGB|FGF1|FGF10|FGF16|FGF17|FGF18|FGF19|FGF2|FGF20|FGF22|FGF23|FGF3|FGF4|FGF5|FGF6|FGF7|FGF8|FGF9|FGG|FOXO1|FOXP1|GAB2|GAP43|HBEGF|HNF1A|HNF1B|HOXA2|HOXA4|HOXB1|IL2RB|IL2RG|IL5RA|INSM1|ITGB1|ITGB3|KALRN|KRT14|KRT7|KRT82|KRTAP10-1|KRTAP10-12|KRTAP10-2|KRTAP10-3|KRTAP1-1|KRTAP1-3|KRTAP13-1|KRTAP13-2|KRTAP13-4|KRTAP1-5|KRTAP2-4|KRTAP24-1|KRTAP26-1|KRTAP27-1|KRTAP3-3|KRTAP4-1|KRTAP4-3|KRTAP4-6|KRTAP4-7|LAT|LCE2B|LIN28A|MED26|MEF2A|MEF2C|NCAM1|NFASC|NRG1|NRG2|NRG4|NTN3|NTN4|NUMB|PDX1|PLXNA1|PLXNA2|PLXNC1|PLXND1|PPP2R1A|PPP2R1B|PSEN2|ROBO1|ROBO2|SALL1|SCN3B|SCN4B|SEMA3E|SLC2A2|SLIT1|SLIT2|SLIT3|SOX2|SPINK9|SPRR3|TCF12|TCF4|TDGF1|TRPC1|TRPC4|UNC5B|UNC5C|VEGFA|ZSCAN10
 REACT:R-HSA-3560782	Diseases associated with glycosaminoglycan metabolism	3.48080107281e-05	0.000839299	BCAN|BGN|DCN|FMOD|KERA|LUM|OGN|OMD|PRELP|VCAN
 REACT:R-HSA-3781865	Diseases of glycosylation	3.66005265907e-05	0.000873607	ADAMTS17|ADAMTSL1|ADAMTSL2|ADAMTSL4|BCAN|BGN|CFP|DCN|FMOD|KERA|LUM|MUC15|OGN|OMD|PRELP|THBS1|THBS2|THSD1|THSD7B|VCAN
 REACT:R-HSA-8847993	ERBB2 Activates PTK6 Signaling	3.98981176341e-05	0.000942793	BTC|EGFR|ERBB3|HBEGF|NRG1|NRG2|NRG4
 REACT:R-HSA-422475	Axon guidance	5.35842039624e-05	0.00125366	ABLIM1|ALCAM|APH1A|APH1B|ARHGEF7|BTC|CD72|CNTN6|CSF2RA|CSF2RB|CSNK2B|EFNA1|EFNA2|EFNA3|EFNA4|EGFR|EPHA3|ERBB3|FGA|FGB|FGF1|FGF10|FGF16|FGF17|FGF18|FGF19|FGF2|FGF20|FGF22|FGF23|FGF3|FGF4|FGF5|FGF6|FGF7|FGF8|FGF9|FGG|GAB2|GAP43|HBEGF|IL2RB|IL2RG|IL5RA|ITGB1|ITGB3|KALRN|LAT|NCAM1|NFASC|NRG1|NRG2|NRG4|NTN4|NUMB|PLXNA1|PLXNA2|PLXNC1|PLXND1|PPP2R1A|PPP2R1B|PSEN2|ROBO1|ROBO2|SCN3B|SCN4B|SEMA3E|SLIT1|SLIT2|SLIT3|TRPC1|TRPC4|UNC5B|UNC5C|VEGFA
 REACT:R-HSA-5655302	Signaling by FGFR1 in disease	5.69642486721e-05	0.00131967	FGF1|FGF17|FGF2|FGF20|FGF23|FGF4|FGF5|FGF6|FGF8|FGF9|GAB2|STAT5A
 REACT:R-HSA-190377	FGFR2b ligand binding and activation	6.63684622971e-05	0.00152261	FGF1|FGF10|FGF2|FGF22|FGF3|FGF7
 KEGG:hsa04623	Cytosolic DNA-sensing pathway	7.02968507514e-05	0.00159723	IFNA1|IFNA10|IFNA13|IFNA14|IFNA16|IFNA17|IFNA2|IFNA21|IFNA4|IFNA5|IFNA6|IFNA7|IFNA8|IFNB1|IL1B|POLR3H
 REACT:R-HSA-2022854	Keratan sulfate biosynthesis	7.31783676424e-05	0.00162984	B4GALT1|B4GALT2|B4GALT3|B4GALT4|FMOD|KERA|LUM|OGN|OMD|PRELP
 REACT:R-HSA-2453902	The canonical retinoid cycle in rods (twilight vision)	7.37628269012e-05	0.00162984	LRAT|RBP1|RBP3|RBP4|RDH11|RDH12|RDH8|RLBP1|RPE65
 REACT:R-HSA-6785631	ERBB2 Regulates Cell Motility	7.38012573208e-05	0.00162984	BTC|EGFR|ERBB3|HBEGF|NRG1|NRG2|NRG4
 REACT:R-HSA-1168372	Downstream signaling events of B Cell Receptor (BCR)	8.21558747277e-05	0.00179754	BTC|CD19|CD28|EGFR|ERBB3|FGF1|FGF10|FGF16|FGF17|FGF18|FGF19|FGF2|FGF20|FGF22|FGF23|FGF3|FGF4|FGF5|FGF6|FGF7|FGF8|FGF9|FOXO1|HBEGF|ICOS|NRG1|NRG2|NRG4|PHLPP1|PHLPP2|PIK3AP1|PPP2R1A|PPP2R1B|TNRC6A
 REACT:R-HSA-5654741	Signaling by FGFR3	9.98328810575e-05	0.00216427	FGF1|FGF16|FGF17|FGF18|FGF2|FGF20|FGF23|FGF4|FGF5|FGF8|FGF9|PPP2R1A
 REACT:R-HSA-5663202	Diseases of signal transduction	0.00010478306362	0.00225093	APH1A|APH1B|BTC|CD19|CD28|DKK1|DKK2|DLL4|EGFR|ERBB3|ERLEC1|FGA|FGB|FGF1|FGF10|FGF16|FGF17|FGF18|FGF19|FGF2|FGF20|FGF22|FGF23|FGF3|FGF4|FGF5|FGF6|FGF7|FGF8|FGF9|FGG|FOXO1|GAB2|HBEGF|HDAC9|HEY1|ICOS|ITGB3|JAG2|MAMLD1|NRG1|NRG2|NRG4|OS9|PIK3AP1|PORCN|PPP2R1A|PPP2R1B|PSEN2|RBP1|RBP4|RLBP1|STAT5A|TCF7L2
 KEGG:hsa04380	Osteoclast differentiation	0.00010802817605	0.00227844	CSF1|FCGR2A|FCGR2B|FCGR2C|FCGR3A|FCGR3B|GAB2|IFNAR2|IFNB1|IFNG|IL1A|IL1B|IL1R1|ITGB3|JUNB|LILRA1|LILRA3|LILRA4|LILRA5|LILRB5|MITF|NFKB2|SPI1|TNFRSF11A|TNFRSF11B
 REACT:R-HSA-5260271	Diseases of Immune System	0.000108956145133	0.00227844	CD14|NFKB2|TLR1|TLR10|TLR2|TLR3|TLR4|TLR5|TLR6
 REACT:R-HSA-5602358	Diseases associated with the TLR signaling cascade	0.000108956145133	0.00227844	CD14|NFKB2|TLR1|TLR10|TLR2|TLR3|TLR4|TLR5|TLR6
 REACT:R-HSA-2172127	DAP12 interactions	0.000112578925118	0.00233354	BTC|CD19|CD28|CLEC5A|CSF2RA|CSF2RB|EGFR|ERBB3|FGA|FGB|FGF1|FGF10|FGF16|FGF17|FGF18|FGF19|FGF2|FGF20|FGF22|FGF23|FGF3|FGF4|FGF5|FGF6|FGF7|FGF8|FGF9|FGG|FOXO1|HBEGF|ICOS|IL2RB|IL2RG|IL5RA|ITGB3|KIR2DS4|KIR2DS5|KIR3DS1|KLRC2|KLRC4-KLRK1|KLRD1|LAT|NCAM1|NRG1|NRG2|NRG4|PHLPP1|PHLPP2|PIK3AP1|PPP2R1A|PPP2R1B|SIGLEC14|SIGLEC15|TNRC6A
 REACT:R-HSA-71387	Metabolism of carbohydrates	0.000151760766993	0.00311835	AGL|AMY1A|AMY2A|AMY2B|B3GAT3|B4GALT1|B4GALT2|B4GALT3|B4GALT4|BCAN|BGN|CD44|DCN|EPM2A|FGF21|FMOD|GAA|GLCE|GUSB|GYG1|GYG2|HEXA|HEXB|KERA|LUM|MGAM|NAGLU|NUP107|OGN|OMD|PGM1|POM121|PPP2R1A|PPP2R1B|PRELP|SI|SLC25A10|SLC2A1|SLC2A14|SLC2A2|SLC2A3|SLC2A5|SLC50A1|VCAN|XYLT2
 KEGG:hsa00500	Starch and sucrose metabolism	0.000161600815727	0.00329192	AGL|AMY1A|AMY2A|AMY2B|GAA|GYG1|GYG2|MGAM|PGM1|PGM2L1|SI
 REACT:R-HSA-1643685	Disease	0.000184354575335	0.00372333	ABCC8|ADAMTS17|ADAMTSL1|ADAMTSL2|ADAMTSL4|AP1M2|APH1A|APH1B|BCAN|BGN|BTC|CALR|CANX|CAST|CD14|CD19|CD28|CD320|CD4|CFP|CSF2RA|CSF2RB|DCN|DKK1|DKK2|DLL4|EGFR|EPM2A|ERBB3|ERLEC1|FGA|FGB|FGF1|FGF10|FGF16|FGF17|FGF18|FGF19|FGF2|FGF20|FGF22|FGF23|FGF3|FGF4|FGF5|FGF6|FGF7|FGF8|FGF9|FGG|FMOD|FOXO1|GAB2|GYG1|GYG2|HBEGF|HDAC9|HEY1|ICOS|ITGB3|JAG2|KERA|LUM|MAMLD1|MUC15|NELFA|NFKB2|NRG1|NRG2|NRG4|NUP107|OGN|OMD|OS9|PIK3AP1|POM121|PORCN|PPP2R1A|PPP2R1B|PRELP|PSEN2|RANGAP1|RBP1|RBP4|RLBP1|RPL10L|RPS20|RPS23|SFTPD|STAT5A|TAF4B|TAF6|TCF7L2|THBS1|THBS2|THSD1|THSD7B|TLR1|TLR10|TLR2|TLR3|TLR4|TLR5|TLR6|VCAN
 REACT:R-HSA-5654738	Signaling by FGFR2	0.000192825334477	0.00386141	FGF1|FGF10|FGF16|FGF17|FGF18|FGF2|FGF20|FGF22|FGF23|FGF3|FGF4|FGF5|FGF6|FGF7|FGF8|FGF9|PPP2R1A
 REACT:R-HSA-1963642	PI3K events in ERBB2 signaling	0.000210498561833	0.0041799	BTC|EGFR|ERBB3|HBEGF|NRG1|NRG2|NRG4
 REACT:R-HSA-1236394	Signaling by ERBB4	0.00021462017834	0.00422623	APH1A|APH1B|BTC|EGFR|ERBB3|HBEGF|NRG1|NRG2|NRG4|PGR|PSEN2|STAT5A
 REACT:R-HSA-909733	Interferon alpha/beta signaling	0.000223241190473	0.00435966	IFNA1|IFNA10|IFNA13|IFNA14|IFNA16|IFNA17|IFNA2|IFNA21|IFNA4|IFNA5|IFNA6|IFNA7|IFNA8|IFNAR2|IFNB1|USP18
 REACT:R-HSA-425366	"Transport of glucose and other sugars bile salts and organic acids metal ions and amine compounds"	0.00023816642409	0.00461301	BSG|EMB|FGF21|RUNX1|SLC13A3|SLC14A1|SLC14A2|SLC22A6|SLC22A8|SLC2A1|SLC2A10|SLC2A11|SLC2A14|SLC2A2|SLC2A3|SLC2A5|SLC2A6|SLC2A8|SLC2A9|SLC30A8|SLC39A8
 REACT:R-HSA-5684996	MAPK1/MAPK3 signaling	0.000260550179132	0.00497525	BTC|CSF2RA|CSF2RB|EGFR|ERBB3|FGA|FGB|FGF1|FGF10|FGF16|FGF17|FGF18|FGF19|FGF2|FGF20|FGF22|FGF23|FGF3|FGF4|FGF5|FGF6|FGF7|FGF8|FGF9|FGG|HBEGF|IL2RB|IL2RG|IL5RA|IL6R|IL6ST|ITGB3|LAT|NCAM1|NRG1|NRG2|NRG4|PPP2R1A|PPP2R1B
 REACT:R-HSA-983705	Signaling by the B Cell Receptor (BCR)	0.000261079677429	0.00497525	BTC|CD19|CD22|CD28|EGFR|ERBB3|FGF1|FGF10|FGF16|FGF17|FGF18|FGF19|FGF2|FGF20|FGF22|FGF23|FGF3|FGF4|FGF5|FGF6|FGF7|FGF8|FGF9|FOXO1|HBEGF|ICOS|NRG1|NRG2|NRG4|PHLPP1|PHLPP2|PIK3AP1|PPP2R1A|PPP2R1B|STIM1|TNRC6A|TRPC1
 KEGG:hsa_M00071	"Glycosphingolipid biosynthesis neolacto-series LacCer => nLc4Cer"	0.000266011437238	0.00502029	B4GALT1|B4GALT2|B4GALT3|B4GALT4
 REACT:R-HSA-168928	RIG-I/MDA5 mediated induction of IFN-alpha/beta pathways	0.000267691920703	0.00502029	AGER|IFNA1|IFNA10|IFNA13|IFNA14|IFNA16|IFNA17|IFNA2|IFNA21|IFNA4|IFNA5|IFNA6|IFNA7|IFNA8|IFNB1|NFKB2|RNF135|RNF216
 KEGG:hsa04612	Antigen processing and presentation	0.00027000012201	0.0050237	CALR|CANX|CD4|CIITA|IFNG|KIR2DL1|KIR2DL3|KIR2DL4|KIR2DS1|KIR2DS4|KIR2DS5|KIR3DL2|KIR3DL3|KLRC1|KLRC2|KLRD1|RFXAP
 KEGG:hsa05168	Herpes simplex infection	0.000287087073878	0.0052743	CFP|CSNK2B|FAS|IFNA1|IFNA10|IFNA13|IFNA14|IFNA16|IFNA17|IFNA2|IFNA21|IFNA4|IFNA5|IFNA6|IFNA7|IFNA8|IFNAR2|IFNB1|IFNG|IL12B|IL1B|MCRS1|NXF5|PILRA|POU2F3|SKP2|TAF4B|TAF6|TLR2|TLR3|TNFRSF14
 REACT:R-HSA-3000178	ECM proteoglycans	0.000287932456494	0.0052743	ASPN|BCAN|BGN|COMP|DCN|FMOD|ITGB1|ITGB3|ITGB5|ITGB6|LUM|NCAM1|TNXB|VCAN
 KEGG:hsa04014	Ras signaling pathway	0.000296487819278	0.00538924	CSF1|EFNA1|EFNA2|EFNA3|EFNA4|EGFR|FGF1|FGF10|FGF11|FGF12|FGF13|FGF14|FGF16|FGF17|FGF18|FGF19|FGF2|FGF20|FGF21|FGF22|FGF23|FGF3|FGF4|FGF5|FGF6|FGF7|FGF8|FGF9|FLT1|GAB2|LAT|PLA2G4D|RASSF5|SHOC2|VEGFA|VEGFC
 REACT:R-HSA-451927	Interleukin-2 signaling	0.000317146860045	0.00572075	BTC|CSF2RA|CSF2RB|EGFR|ERBB3|FGA|FGB|FGF1|FGF10|FGF16|FGF17|FGF18|FGF19|FGF2|FGF20|FGF22|FGF23|FGF3|FGF4|FGF5|FGF6|FGF7|FGF8|FGF9|FGG|GAB2|HBEGF|IL2RB|IL2RG|IL5RA|ITGB3|LAT|LGALS9|NCAM1|NRG1|NRG2|NRG4|PPP2R1A|PPP2R1B|STAT5A
 KEGG:hsa_M00415	"Fatty acid biosynthesis elongation endoplasmic reticulum"	0.000431153437074	0.0077183	ELOVL1|ELOVL3|ELOVL4|ELOVL5|ELOVL7|TECR
 REACT:R-HSA-189085	Digestion of dietary carbohydrate	0.000463496312203	0.0082349	AMY1A|AMY2A|AMY2B|MGAM|SI
 REACT:R-HSA-372790	Signaling by GPCR	0.000534723364425	0.00942949	ADORA3|ARHGEF7|BTC|CGA|CSF2RA|CSF2RB|CX3CL1|EGFR|ERBB3|FGA|FGB|FGF1|FGF10|FGF16|FGF17|FGF18|FGF19|FGF2|FGF20|FGF22|FGF23|FGF3|FGF4|FGF5|FGF6|FGF7|FGF8|FGF9|FGG|GAB2|GAL|GIP|GNAS|GNRH2|GRP|HBEGF|HRH4|IL2RB|IL2RG|IL5RA|ITGB3|KALRN|LAT|NCAM1|NRG1|NRG2|NRG4|OR10G3|OR10G4|OR10G7|OR10G8|OR10G9|OR10H1|OR10H3|OR10H4|OR10J1|OR10J3|OR10T2|OR11A1|OR11L1|OR12D3|OR13F1|OR14A16|OR14I1|OR14J1|OR1A1|OR1A2|OR1C1|OR1D5|OR1E1|OR1E2|OR1J1|OR1J4|OR1K1|OR1L1|OR1L4|OR1M1|OR1N1|OR1S2|OR2A12|OR2A14|OR2A2|OR2B6|OR2D3|OR2G3|OR2G6|OR2S2|OR2T10|OR2T12|OR2T2|OR2T33|OR2T35|OR2W3|OR3A3|OR4A16|OR4B1|OR4C3|OR4D1|OR4D10|OR4D9|OR4F17|OR4K15|OR4K2|OR4L1|OR4M1|OR4N5|OR4S1|OR4X2|OR52E2|OR52M1|OR52W1|OR56A3|OR5A2|OR5AP2|OR5AS1|OR5B12|OR5D13|OR5I1|OR5M9|OR5R1|OR6C3|OR6C4|OR6C6|OR6C70|OR6S1|OR6V1|OR6X1|OR7A10|OR7A5|OR7C1|OR7C2|OR7D2|OR7D4|OR8D1|OR8G1|OR8G5|OR8H1|OR8H3|OR9A2|OR9A4|PPP2R1A|PPP2R1B|PROK1|PROK2|PTGER1|PTGER3|REEP1|TBXA2R|TSHR|WNT2
 REACT:R-HSA-2586552	Signaling by Leptin	0.000612434212022	0.0107199	BTC|CSF2RA|CSF2RB|EGFR|ERBB3|FGA|FGB|FGF1|FGF10|FGF16|FGF17|FGF18|FGF19|FGF2|FGF20|FGF22|FGF23|FGF3|FGF4|FGF5|FGF6|FGF7|FGF8|FGF9|FGG|HBEGF|IL2RB|IL2RG|IL5RA|ITGB3|LAT|NCAM1|NRG1|NRG2|NRG4|PPP2R1A|PPP2R1B|STAT5A
 REACT:R-HSA-112412	SOS-mediated signalling	0.000646820175204	0.0109959	BTC|CSF2RA|CSF2RB|EGFR|ERBB3|FGA|FGB|FGF1|FGF10|FGF16|FGF17|FGF18|FGF19|FGF2|FGF20|FGF22|FGF23|FGF3|FGF4|FGF5|FGF6|FGF7|FGF8|FGF9|FGG|HBEGF|IL2RB|IL2RG|IL5RA|ITGB3|LAT|NCAM1|NRG1|NRG2|NRG4|PPP2R1A|PPP2R1B
 REACT:R-HSA-179812	GRB2 events in EGFR signaling	0.000646820175204	0.0109959	BTC|CSF2RA|CSF2RB|EGFR|ERBB3|FGA|FGB|FGF1|FGF10|FGF16|FGF17|FGF18|FGF19|FGF2|FGF20|FGF22|FGF23|FGF3|FGF4|FGF5|FGF6|FGF7|FGF8|FGF9|FGG|HBEGF|IL2RB|IL2RG|IL5RA|ITGB3|LAT|NCAM1|NRG1|NRG2|NRG4|PPP2R1A|PPP2R1B
 REACT:R-HSA-180336	SHC1 events in EGFR signaling	0.000646820175204	0.0109959	BTC|CSF2RA|CSF2RB|EGFR|ERBB3|FGA|FGB|FGF1|FGF10|FGF16|FGF17|FGF18|FGF19|FGF2|FGF20|FGF22|FGF23|FGF3|FGF4|FGF5|FGF6|FGF7|FGF8|FGF9|FGG|HBEGF|IL2RB|IL2RG|IL5RA|ITGB3|LAT|NCAM1|NRG1|NRG2|NRG4|PPP2R1A|PPP2R1B
 REACT:R-HSA-5673001	RAF/MAP kinase cascade	0.000646820175204	0.0109959	BTC|CSF2RA|CSF2RB|EGFR|ERBB3|FGA|FGB|FGF1|FGF10|FGF16|FGF17|FGF18|FGF19|FGF2|FGF20|FGF22|FGF23|FGF3|FGF4|FGF5|FGF6|FGF7|FGF8|FGF9|FGG|HBEGF|IL2RB|IL2RG|IL5RA|ITGB3|LAT|NCAM1|NRG1|NRG2|NRG4|PPP2R1A|PPP2R1B
 REACT:R-HSA-5357572	Lysosomal glycogen catabolism	0.000658367130696	0.0111123	GAA|GYG1|GYG2
 REACT:R-HSA-5683057	MAPK family signaling cascades	0.000698710743822	0.0115536	BTC|CSF2RA|CSF2RB|EGFR|ERBB3|FGA|FGB|FGF1|FGF10|FGF16|FGF17|FGF18|FGF19|FGF2|FGF20|FGF22|FGF23|FGF3|FGF4|FGF5|FGF6|FGF7|FGF8|FGF9|FGG|FOXO1|HBEGF|IL2RB|IL2RG|IL5RA|IL6R|IL6ST|ITGB3|KALRN|LAT|NCAM1|NRG1|NRG2|NRG4|PPP2R1A|PPP2R1B|TNRC6A
 REACT:R-HSA-2024101	CS/DS degradation	0.000699167535079	0.0115536	BCAN|BGN|DCN|HEXA|HEXB|VCAN
 KEGG:hsa05150	Staphylococcus aureus infection	0.00069918143276	0.0115536	C1R|FCAR|FCGR2A|FCGR2B|FCGR2C|FCGR3A|FCGR3B|FGG|ICAM1|ITGB2|MASP2|MBL2|SELP
 REACT:R-HSA-912526	Interleukin receptor SHC signaling	0.000714016992285	0.0117168	BTC|CSF2RA|CSF2RB|EGFR|ERBB3|FGA|FGB|FGF1|FGF10|FGF16|FGF17|FGF18|FGF19|FGF2|FGF20|FGF22|FGF23|FGF3|FGF4|FGF5|FGF6|FGF7|FGF8|FGF9|FGG|GAB2|HBEGF|IL2RB|IL2RG|IL5RA|ITGB3|LAT|NCAM1|NRG1|NRG2|NRG4|PPP2R1A|PPP2R1B
 REACT:R-HSA-416700	Other semaphorin interactions	0.000734479573799	0.0119695	CD72|ITGB1|PLXNA1|PLXNA2|PLXNC1|PLXND1|SEMA3E
 REACT:R-HSA-1433557	Signaling by SCF-KIT	0.000803263987659	0.0130008	BTC|CD19|CD28|CSF2RA|CSF2RB|EGFR|ERBB3|FGA|FGB|FGF1|FGF10|FGF16|FGF17|FGF18|FGF19|FGF2|FGF20|FGF22|FGF23|FGF3|FGF4|FGF5|FGF6|FGF7|FGF8|FGF9|FGG|FOXO1|GAB2|HBEGF|ICOS|IL2RB|IL2RG|IL5RA|ITGB3|LAT|NCAM1|NRG1|NRG2|NRG4|PHLPP1|PHLPP2|PIK3AP1|PPP2R1A|PPP2R1B|STAT5A|TNRC6A
 KEGG:hsa04659	Th17 cell differentiation	0.000826857089158	0.0132916	CD3D|CD3G|CD4|GATA3|IFNG|IL12RB1|IL1B|IL1R1|IL1RAP|IL21R|IL22|IL27RA|IL2RB|IL2RG|IL4R|IL6R|IL6ST|LAT|RUNX1|STAT5A
 REACT:R-HSA-163125	Post-translational modification: synthesis of GPI-anchored proteins	0.000850657131818	0.0135818	CNTN3|CNTN4|FCGR3B|GP2|LSAMP|LYPD4|LYPD6B|MDGA1|MDGA2|NTM|NTNG1|OPCML|PIGQ|PLAUR|PSCA|RTN4RL1|SPACA4|TEX101
 REACT:R-HSA-1250342	PI3K events in ERBB4 signaling	0.000860624194775	0.0136487	BTC|HBEGF|NRG1|NRG2|NRG4
 KEGG:hsa05160	Hepatitis C	0.000870441024102	0.0136834	CLDN11|CLDN2|CLDN7|EGFR|IFNA1|IFNA10|IFNA13|IFNA14|IFNA16|IFNA17|IFNA2|IFNA21|IFNA4|IFNA5|IFNA6|IFNA7|IFNA8|IFNAR2|IFNB1|OCLN|PPP2R1A|PPP2R1B|TLR3
 REACT:R-HSA-170984	ARMS-mediated activation	0.000880182296237	0.0136834	BTC|CSF2RA|CSF2RB|EGFR|ERBB3|FGA|FGB|FGF1|FGF10|FGF16|FGF17|FGF18|FGF19|FGF2|FGF20|FGF22|FGF23|FGF3|FGF4|FGF5|FGF6|FGF7|FGF8|FGF9|FGG|HBEGF|IL2RB|IL2RG|IL5RA|ITGB3|LAT|NCAM1|NRG1|NRG2|NRG4|PPP2R1A|PPP2R1B
 REACT:R-HSA-187706	Signalling to p38 via RIT and RIN	0.000880182296237	0.0136834	BTC|CSF2RA|CSF2RB|EGFR|ERBB3|FGA|FGB|FGF1|FGF10|FGF16|FGF17|FGF18|FGF19|FGF2|FGF20|FGF22|FGF23|FGF3|FGF4|FGF5|FGF6|FGF7|FGF8|FGF9|FGG|HBEGF|IL2RB|IL2RG|IL5RA|ITGB3|LAT|NCAM1|NRG1|NRG2|NRG4|PPP2R1A|PPP2R1B
 REACT:R-HSA-5218921	VEGFR2 mediated cell proliferation	0.00089432314554	0.0138123	BTC|CSF2RA|CSF2RB|EGFR|ERBB3|FGA|FGB|FGF1|FGF10|FGF16|FGF17|FGF18|FGF19|FGF2|FGF20|FGF22|FGF23|FGF3|FGF4|FGF5|FGF6|FGF7|FGF8|FGF9|FGG|HBEGF|IL2RB|IL2RG|IL5RA|ITGB3|LAT|NCAM1|NRG1|NRG2|NRG4|PPP2R1A|PPP2R1B|VEGFA
 REACT:R-HSA-6798695	Neutrophil degranulation	0.000920201527551	0.0141197	A1BG|AGL|ARSA|ATP6V0A1|B4GALT1|CD14|CD44|CD47|CD58|CD59|CD68|CEACAM1|CEACAM8|CFP|CHI3L1|CLEC12A|CLEC4C|CLEC4D|CLEC5A|CSNK2B|DEGS1|DSN1|FABP5|FAF2|FCAR|FCGR2A|FCGR2C|FCGR3B|GAA|GLA|GUSB|GYG1|HEXB|ITGB2|LAMP1|LAMTOR1|LGALS3|LILRA3|LRG1|MGAM|NEU1|NFAM1|NFASC|OLR1|PGLYRP1|PGM1|PLAUR|PRG2|PRG3|PTX3|SELL|SERPINB6|SIGLEC14|SIGLEC5|SIGLEC9|SLC2A3|SLC2A5|SLPI|STBD1|STK11IP|TLR2|TNFRSF1B|VAPA
 REACT:R-HSA-186797	Signaling by PDGF	0.00093283714753	0.0142213	BCAR1|BTC|CD19|CD28|CSF2RA|CSF2RB|EGFR|ERBB3|FGA|FGB|FGF1|FGF10|FGF16|FGF17|FGF18|FGF19|FGF2|FGF20|FGF22|FGF23|FGF3|FGF4|FGF5|FGF6|FGF7|FGF8|FGF9|FGG|FOXO1|HBEGF|ICOS|IL2RB|IL2RG|IL5RA|ITGB3|LAT|NCAM1|NRG1|NRG2|NRG4|PHLPP1|PHLPP2|PIK3AP1|PPP2R1A|PPP2R1B|STAT5A|THBS1|THBS2|THBS3|THBS4|TNRC6A
 REACT:R-HSA-170968	Frs2-mediated activation	0.00094900261271	0.014375	BTC|CSF2RA|CSF2RB|EGFR|ERBB3|FGA|FGB|FGF1|FGF10|FGF16|FGF17|FGF18|FGF19|FGF2|FGF20|FGF22|FGF23|FGF3|FGF4|FGF5|FGF6|FGF7|FGF8|FGF9|FGG|HBEGF|IL2RB|IL2RG|IL5RA|ITGB3|LAT|NCAM1|NRG1|NRG2|NRG4|PPP2R1A|PPP2R1B
 REACT:R-HSA-1630316	Glycosaminoglycan metabolism	0.00096736671669	0.0145598	B3GAT3|B4GALT1|B4GALT2|B4GALT3|B4GALT4|BCAN|BGN|CD44|DCN|FMOD|GLCE|GUSB|HEXA|HEXB|KERA|LUM|NAGLU|OGN|OMD|PRELP|VCAN|XYLT2
 REACT:R-HSA-163560	Hormone-sensitive lipase (HSL)-mediated triacylglycerol hydrolysis	0.00104578981264	0.0156405	FABP2|FABP3|FABP4|FABP5|FABP6|FABP7|FABP9
 REACT:R-HSA-169893	Prolonged ERK activation events	0.00110096339675	0.0162736	BTC|CSF2RA|CSF2RB|EGFR|ERBB3|FGA|FGB|FGF1|FGF10|FGF16|FGF17|FGF18|FGF19|FGF2|FGF20|FGF22|FGF23|FGF3|FGF4|FGF5|FGF6|FGF7|FGF8|FGF9|FGG|HBEGF|IL2RB|IL2RG|IL5RA|ITGB3|LAT|NCAM1|NRG1|NRG2|NRG4|PPP2R1A|PPP2R1B
 KEGG:hsa04610	Complement and coagulation cascades	0.00110189165425	0.0162736	C1R|C8A|CD46|CD59|F3|FGA|FGB|FGG|ITGB2|MASP2|MBL2|PLAUR|SERPINB2|SERPINC1|SERPINF2|SERPING1
 REACT:R-HSA-388396	GPCR downstream signaling	0.00116017890616	0.0169712	ADORA3|ARHGEF7|CGA|CSF2RA|CSF2RB|GAB2|GAL|GIP|GNAS|GNRH2|GRP|HRH4|IL2RB|IL2RG|IL5RA|KALRN|OR10G3|OR10G4|OR10G7|OR10G8|OR10G9|OR10H1|OR10H3|OR10H4|OR10J1|OR10J3|OR10T2|OR11A1|OR11L1|OR12D3|OR13F1|OR14A16|OR14I1|OR14J1|OR1A1|OR1A2|OR1C1|OR1D5|OR1E1|OR1E2|OR1J1|OR1J4|OR1K1|OR1L1|OR1L4|OR1M1|OR1N1|OR1S2|OR2A12|OR2A14|OR2A2|OR2B6|OR2D3|OR2G3|OR2G6|OR2S2|OR2T10|OR2T12|OR2T2|OR2T33|OR2T35|OR2W3|OR3A3|OR4A16|OR4B1|OR4C3|OR4D1|OR4D10|OR4D9|OR4F17|OR4K15|OR4K2|OR4L1|OR4M1|OR4N5|OR4S1|OR4X2|OR52E2|OR52M1|OR52W1|OR56A3|OR5A2|OR5AP2|OR5AS1|OR5B12|OR5D13|OR5I1|OR5M9|OR5R1|OR6C3|OR6C4|OR6C6|OR6C70|OR6S1|OR6V1|OR6X1|OR7A10|OR7A5|OR7C1|OR7C2|OR7D2|OR7D4|OR8D1|OR8G1|OR8G5|OR8H1|OR8H3|OR9A2|OR9A4|PROK1|PROK2|PTGER1|PTGER3|REEP1|TBXA2R|TSHR
 KEGG:hsa04360	Axon guidance	0.00116349651387	0.0169712	ABLIM1|EFNA1|EFNA2|EFNA3|EFNA4|EPHA3|ITGB1|LRRC4|LRRC4C|NTN3|NTN4|NTNG1|PLXNA1|PLXNA2|PLXNC1|ROBO1|ROBO2|SEMA3B|SEMA3C|SEMA3E|SEMA3G|SLIT1|SLIT2|SLIT3|TRPC1|TRPC4|UNC5B|UNC5C
 REACT:R-HSA-512988	"Interleukin-3 5 and GM-CSF signaling"	0.00120479150899	0.0174658	BTC|CSF2RA|CSF2RB|EGFR|ERBB3|FGA|FGB|FGF1|FGF10|FGF16|FGF17|FGF18|FGF19|FGF2|FGF20|FGF22|FGF23|FGF3|FGF4|FGF5|FGF6|FGF7|FGF8|FGF9|FGG|GAB2|HBEGF|IL2RB|IL2RG|IL5RA|ITGB3|LAT|NCAM1|NRG1|NRG2|NRG4|PPP2R1A|PPP2R1B|STAT5A
 REACT:R-HSA-445717	Aquaporin-mediated transport	0.00139061244536	0.0200367	AQP1|AQP10|AQP12A|AQP2|AQP3|AQP4|AQP5|AQP6|AQP7|AQP9|GNAS|MIP
 REACT:R-HSA-1980148	Signaling by NOTCH3	0.0014651082632	0.020188	APH1A|APH1B|DLL4|JAG2|PSEN2
 REACT:R-HSA-1980150	Signaling by NOTCH4	0.0014651082632	0.020188	APH1A|APH1B|DLL4|JAG2|PSEN2
 REACT:R-HSA-5602498	MyD88 deficiency (TLR2/4)	0.0014651082632	0.020188	CD14|TLR1|TLR2|TLR4|TLR6
 REACT:R-HSA-5603041	IRAK4 deficiency (TLR2/4)	0.0014651082632	0.020188	CD14|TLR1|TLR2|TLR4|TLR6
 REACT:R-HSA-140877	Formation of Fibrin Clot (Clotting Cascade)	0.00146650026842	0.020188	F3|FGA|FGB|FGG|GP1BA|GP1BB|GP5|GP9|SERPINC1|SERPING1
 REACT:R-HSA-5173214	O-glycosylation of TSR domain-containing proteins	0.00146650026842	0.020188	ADAMTS17|ADAMTSL1|ADAMTSL2|ADAMTSL4|CFP|POFUT2|THBS1|THBS2|THSD1|THSD7B
 KEGG:hsa04810	Regulation of actin cytoskeleton	0.00146875676495	0.020188	ARHGEF7|BCAR1|CD14|EGFR|FGF1|FGF10|FGF11|FGF12|FGF13|FGF14|FGF16|FGF17|FGF18|FGF19|FGF2|FGF20|FGF21|FGF22|FGF23|FGF3|FGF4|FGF5|FGF6|FGF7|FGF8|FGF9|ITGB1|ITGB2|ITGB3|ITGB5|ITGB6|ITGB7
 REACT:R-HSA-167044	Signalling to RAS	0.00147001035729	0.020188	BTC|CSF2RA|CSF2RB|EGFR|ERBB3|FGA|FGB|FGF1|FGF10|FGF16|FGF17|FGF18|FGF19|FGF2|FGF20|FGF22|FGF23|FGF3|FGF4|FGF5|FGF6|FGF7|FGF8|FGF9|FGG|HBEGF|IL2RB|IL2RG|IL5RA|ITGB3|LAT|NCAM1|NRG1|NRG2|NRG4|PPP2R1A|PPP2R1B
 REACT:R-HSA-2424491	DAP12 signaling	0.00147800279441	0.020188	BTC|CD19|CD28|CSF2RA|CSF2RB|EGFR|ERBB3|FGA|FGB|FGF1|FGF10|FGF16|FGF17|FGF18|FGF19|FGF2|FGF20|FGF22|FGF23|FGF3|FGF4|FGF5|FGF6|FGF7|FGF8|FGF9|FGG|FOXO1|HBEGF|ICOS|IL2RB|IL2RG|IL5RA|ITGB3|KLRC2|KLRC4-KLRK1|KLRD1|LAT|NCAM1|NRG1|NRG2|NRG4|PHLPP1|PHLPP2|PIK3AP1|PPP2R1A|PPP2R1B|TNRC6A
 REACT:R-HSA-1963640	GRB2 events in ERBB2 signaling	0.00160161928392	0.021422	BTC|EGFR|HBEGF|NRG1|NRG2|NRG4
 REACT:R-HSA-3595172	Defective CHST3 causes SEDCJD	0.00161367261498	0.021422	BCAN|BGN|DCN|VCAN
 REACT:R-HSA-3595174	"Defective CHST14 causes EDS musculocontractural type"	0.00161367261498	0.021422	BCAN|BGN|DCN|VCAN
 REACT:R-HSA-3595177	Defective CHSY1 causes TPBS	0.00161367261498	0.021422	BCAN|BGN|DCN|VCAN
 REACT:R-HSA-4411364	Binding of TCF/LEF:CTNNB1 to target gene promoters	0.00161367261498	0.021422	LEF1|TCF7|TCF7L1|TCF7L2
 KEGG:hsa05200	Pathways in cancer	0.0016360767213	0.021598	AR|CSF2RA|EGFR|FAS|FGF1|FGF10|FGF11|FGF12|FGF13|FGF14|FGF16|FGF17|FGF18|FGF19|FGF2|FGF20|FGF21|FGF22|FGF23|FGF3|FGF4|FGF5|FGF6|FGF7|FGF8|FGF9|FOXO1|GLI1|GNAS|HHIP|ITGB1|LAMB4|LAMC3|LEF1|MITF|NFKB2|PAX8|PTGER1|PTGER3|RASSF5|RUNX1|SKP2|SLC2A1|SPI1|STAT5A|TCF7|TCF7L1|TCF7L2|TGFA|VEGFA|VEGFC|WNT2
 REACT:R-HSA-1250196	SHC1 events in ERBB2 signaling	0.00197142403435	0.0258804	BTC|EGFR|ERBB3|HBEGF|NRG1|NRG2|NRG4
 REACT:R-HSA-186763	Downstream signal transduction	0.00201333303053	0.0262846	BCAR1|BTC|CD19|CD28|CSF2RA|CSF2RB|EGFR|ERBB3|FGA|FGB|FGF1|FGF10|FGF16|FGF17|FGF18|FGF19|FGF2|FGF20|FGF22|FGF23|FGF3|FGF4|FGF5|FGF6|FGF7|FGF8|FGF9|FGG|FOXO1|HBEGF|ICOS|IL2RB|IL2RG|IL5RA|ITGB3|LAT|NCAM1|NRG1|NRG2|NRG4|PHLPP1|PHLPP2|PIK3AP1|PPP2R1A|PPP2R1B|STAT5A|TNRC6A
 REACT:R-HSA-1474244	Extracellular matrix organization	0.00204667582908	0.026441	ASPN|BCAN|BGN|BSG|CAST|CD44|CD47|CEACAM1|CEACAM8|COL8A2|COMP|DCN|FGA|FGB|FGF2|FGG|FMOD|ICAM1|ICAM2|ICAM3|ICAM4|ITGB1|ITGB2|ITGB3|ITGB5|ITGB6|ITGB7|JAM2|LAMC3|LTBP1|LTBP3|LUM|NCAM1|NRXN1|NTN4|OPTC|P4HB|PCOLCE|THBS1|TNXB|VCAN
 KEGG:hsa05164	Influenza A	0.00204769288676	0.026441	AGFG1|CIITA|FAS|ICAM1|IFNA1|IFNA10|IFNA13|IFNA14|IFNA16|IFNA17|IFNA2|IFNA21|IFNA4|IFNA5|IFNA6|IFNA7|IFNA8|IFNAR2|IFNB1|IFNG|IL12B|IL1A|IL1B|NXF5|TLR3|TLR4|TNFRSF10D
 REACT:R-HSA-8853659	RET signaling	0.00207797066052	0.0266861	BTC|CSF2RA|CSF2RB|EGFR|ERBB3|FGA|FGB|FGF1|FGF10|FGF16|FGF17|FGF18|FGF19|FGF2|FGF20|FGF22|FGF23|FGF3|FGF4|FGF5|FGF6|FGF7|FGF8|FGF9|FGG|GAB2|HBEGF|IL2RB|IL2RG|IL5RA|ITGB3|LAT|NCAM1|NRG1|NRG2|NRG4|PPP2R1A|PPP2R1B
 KEGG:hsa05332	Graft-versus-host disease	0.00220479791332	0.0281618	CD28|FAS|IFNG|IL1A|IL1B|KIR2DL1|KIR2DL3|KIR3DL2|KLRC1|KLRD1
 REACT:R-HSA-187687	Signalling to ERKs	0.00237866535724	0.0302193	BTC|CSF2RA|CSF2RB|EGFR|ERBB3|FGA|FGB|FGF1|FGF10|FGF16|FGF17|FGF18|FGF19|FGF2|FGF20|FGF22|FGF23|FGF3|FGF4|FGF5|FGF6|FGF7|FGF8|FGF9|FGG|HBEGF|IL2RB|IL2RG|IL5RA|ITGB3|LAT|NCAM1|NRG1|NRG2|NRG4|PPP2R1A|PPP2R1B
 REACT:R-HSA-428542	Regulation of Commissural axon pathfinding by Slit and Robo	0.00246195783784	0.0309447	ROBO1|ROBO2|SLIT2
 REACT:R-HSA-428776	Class II GLUTs	0.00246195783784	0.0309447	SLC2A11|SLC2A5|SLC2A9
 REACT:R-HSA-375170	CDO in myogenesis	0.00262769917305	0.0326803	CDH15|CDH2|CDH4|MEF2A|MEF2C|NTN3|TCF12|TCF4
 REACT:R-HSA-525793	Myogenesis	0.00262769917305	0.0326803	CDH15|CDH2|CDH4|MEF2A|MEF2C|NTN3|TCF12|TCF4
 REACT:R-HSA-373752	Netrin-1 signaling	0.00267228747375	0.0330608	ABLIM1|NTN4|ROBO1|SLIT1|SLIT2|SLIT3|TRPC1|TRPC4|UNC5B|UNC5C
 REACT:R-HSA-6783783	Interleukin-10 signaling	0.00274794984641	0.0338198	CSF1|ICAM1|IL10RA|IL10RB|IL12B|IL1A|IL1B|IL1R1|IL1R2|IL1RN|TNFRSF1B
 REACT:R-HSA-112399	IRS-mediated signalling	0.00300318956992	0.0367696	BTC|CSF2RA|CSF2RB|EGFR|ERBB3|FGA|FGB|FGF1|FGF10|FGF16|FGF17|FGF18|FGF19|FGF2|FGF20|FGF22|FGF23|FGF3|FGF4|FGF5|FGF6|FGF7|FGF8|FGF9|FGG|HBEGF|IL2RB|IL2RG|IL5RA|ITGB3|LAMTOR1|LAT|NCAM1|NRG1|NRG2|NRG4|PPP2R1A|PPP2R1B|PRKAB1|PRKAB2
 KEGG:hsa05161	Hepatitis B	0.00314835064662	0.0383482	CREB3L3|CREB5|EGR2|EGR3|FAS|IFNA1|IFNA10|IFNA13|IFNA14|IFNA16|IFNA17|IFNA2|IFNA21|IFNA4|IFNA5|IFNA6|IFNA7|IFNA8|IFNB1|STAT5A|TLR2|TLR3|TLR4
 KEGG:hsa05146	Amoebiasis	0.00318903906474	0.0386446	C8A|CD14|CD1D|GNAS|IFNG|IL12B|IL1B|IL1R1|IL1R2|ITGB2|LAMB4|LAMC3|SERPINB13|SERPINB6|SERPINB9|TLR2|TLR4
 REACT:R-HSA-6794362	Protein-protein interactions at synapses	0.00327925325205	0.0395351	BEGAIN|DLGAP4|GRIA4|LRFN1|LRFN2|LRFN3|LRFN4|LRRTM1|LRRTM2|LRRTM3|LRRTM4|NLGN4Y|NRXN1|NRXN3
 REACT:R-HSA-2122948	Activated NOTCH1 Transmits Signal to the Nucleus	0.00331436188132	0.0397555	APH1A|APH1B|DLK1|DLL4|DNER|JAG2|NUMB|PSEN2
 KEGG:hsa05321	Inflammatory bowel disease (IBD)	0.00350976568204	0.0416013	GATA3|IFNG|IL12B|IL12RB1|IL1A|IL1B|IL21R|IL22|IL2RG|IL4R|TLR2|TLR4|TLR5
 REACT:R-HSA-75205	Dissolution of Fibrin Clot	0.00352105724962	0.0416013	PLAUR|SERPINB2|SERPINB6|SERPINB8|SERPINF2
 REACT:R-HSA-75892	Platelet Adhesion to exposed collagen	0.00352105724962	0.0416013	GP1BA|GP1BB|GP5|GP9|ITGB1
 REACT:R-HSA-74751	Insulin receptor signalling cascade	0.00359948667685	0.0423164	BTC|CSF2RA|CSF2RB|EGFR|ERBB3|FGA|FGB|FGF1|FGF10|FGF16|FGF17|FGF18|FGF19|FGF2|FGF20|FGF22|FGF23|FGF3|FGF4|FGF5|FGF6|FGF7|FGF8|FGF9|FGG|HBEGF|IL2RB|IL2RG|IL5RA|ITGB3|LAMTOR1|LAT|NCAM1|NRG1|NRG2|NRG4|PPP2R1A|PPP2R1B|PRKAB1|PRKAB2
 REACT:R-HSA-5083635	Defective B3GALTL causes Peters-plus syndrome (PpS)	0.0036963859197	0.0432404	ADAMTS17|ADAMTSL1|ADAMTSL2|ADAMTSL4|CFP|THBS1|THBS2|THSD1|THSD7B
 REACT:R-HSA-2428924	IGF1R signaling cascade	0.00381957159208	0.0442434	BTC|CSF2RA|CSF2RB|EGFR|ERBB3|FGA|FGB|FGF1|FGF10|FGF16|FGF17|FGF18|FGF19|FGF2|FGF20|FGF22|FGF23|FGF3|FGF4|FGF5|FGF6|FGF7|FGF8|FGF9|FGG|HBEGF|IL2RB|IL2RG|IL5RA|ITGB3|LAMTOR1|LAT|NCAM1|NRG1|NRG2|NRG4|PPP2R1A|PPP2R1B|PRKAB1|PRKAB2
 REACT:R-HSA-2428928	IRS-related events triggered by IGF1R	0.00381957159208	0.0442434	BTC|CSF2RA|CSF2RB|EGFR|ERBB3|FGA|FGB|FGF1|FGF10|FGF16|FGF17|FGF18|FGF19|FGF2|FGF20|FGF22|FGF23|FGF3|FGF4|FGF5|FGF6|FGF7|FGF8|FGF9|FGG|HBEGF|IL2RB|IL2RG|IL5RA|ITGB3|LAMTOR1|LAT|NCAM1|NRG1|NRG2|NRG4|PPP2R1A|PPP2R1B|PRKAB1|PRKAB2
 REACT:R-HSA-177929	Signaling by EGFR	0.00391556493574	0.045134	ARHGEF7|BTC|CD19|CD28|CSF2RA|CSF2RB|EGFR|ERBB3|FGA|FGB|FGF1|FGF10|FGF16|FGF17|FGF18|FGF19|FGF2|FGF20|FGF22|FGF23|FGF3|FGF4|FGF5|FGF6|FGF7|FGF8|FGF9|FGG|FOXO1|HBEGF|ICOS|IL2RB|IL2RG|IL5RA|ITGB3|LAT|LRIG1|NCAM1|NRG1|NRG2|NRG4|PHLPP1|PHLPP2|PIK3AP1|PPP2R1A|PPP2R1B|TNRC6A
 REACT:R-HSA-2871796	FCERI mediated MAPK activation	0.00397583654472	0.0456063	BTC|CSF2RA|CSF2RB|EGFR|ERBB3|FGA|FGB|FGF1|FGF10|FGF16|FGF17|FGF18|FGF19|FGF2|FGF20|FGF22|FGF23|FGF3|FGF4|FGF5|FGF6|FGF7|FGF8|FGF9|FGG|HBEGF|IL2RB|IL2RG|IL5RA|ITGB3|LAT|NCAM1|NRG1|NRG2|NRG4|PPP2R1A|PPP2R1B
 REACT:R-HSA-2404192	Signaling by Type 1 Insulin-like Growth Factor 1 Receptor (IGF1R)	0.00405106286522	0.0462447	BTC|CSF2RA|CSF2RB|EGFR|ERBB3|FGA|FGB|FGF1|FGF10|FGF16|FGF17|FGF18|FGF19|FGF2|FGF20|FGF22|FGF23|FGF3|FGF4|FGF5|FGF6|FGF7|FGF8|FGF9|FGG|HBEGF|IL2RB|IL2RG|IL5RA|ITGB3|LAMTOR1|LAT|NCAM1|NRG1|NRG2|NRG4|PPP2R1A|PPP2R1B|PRKAB1|PRKAB2
 KEGG:hsa00052	Galactose metabolism	0.00413243983887	0.0469469	B4GALT1|B4GALT2|GAA|GALM|GLA|MGAM|PGM1|SI
 REACT:R-HSA-6785807	Interleukin-4 and 13 signaling	0.0043096642644	0.048726	BCL6|FGF2|FOXO1|GATA3|ICAM1|IL12B|IL13RA1|IL13RA2|IL1A|IL1B|IL2RG|IL4R|IL6R|ITGB1|ITGB2|JUNB|SOX2|TNFRSF1B|VEGFA
