 KEGG:hsa04740	Olfactory transduction	0.0	0	OR10G3|OR10G4|OR10G7|OR10G8|OR10G9|OR10H1|OR10H3|OR10H4|OR10H5|OR10J1|OR10J3|OR10J5|OR11A1|OR11L1|OR12D3|OR14A16|OR14I1|OR14J1|OR1A1|OR1A2|OR1C1|OR1D5|OR1E1|OR1E2|OR1F1|OR1J1|OR1J4|OR1K1|OR1L1|OR1M1|OR1N1|OR1S2|OR2A14|OR2A2|OR2B6|OR2D3|OR2G3|OR2G6|OR2S2|OR2T10|OR2T12|OR2T2|OR2W3|OR3A3|OR4A16|OR4B1|OR4C12|OR4D1|OR4D10|OR4D9|OR4F17|OR4K15|OR4K2|OR4K5|OR4L1|OR4M1|OR4N5|OR4S1|OR4X2|OR51A4|OR52E2|OR52M1|OR52W1|OR56A3|OR5AK2|OR5AP2|OR5AS1|OR5B12|OR5D13|OR5D14|OR5H6|OR5I1|OR5M9|OR5R1|OR6C3|OR6C4|OR6C6|OR6C70|OR6S1|OR6X1|OR7A10|OR7A5|OR7C1|OR7C2|OR7D2|OR7D4|OR8D1|OR8G1|OR8G5|OR8H1|OR9A2|OR9A4|SLC8A1|SLC8A2|SLC8A3
 REACT:R-HSA-372790	Signaling by GPCR	0.0	0	ADORA3|AVPR2|CCR2|CCR5|CX3CR1|GPR132|HRH4|KALRN|MC1R|MC3R|MC4R|NRG1|OR10G3|OR10G4|OR10G7|OR10G8|OR10G9|OR10H1|OR10H3|OR10H4|OR10H5|OR10J1|OR10J3|OR10J5|OR11A1|OR11L1|OR12D3|OR14A16|OR14I1|OR14J1|OR1A1|OR1A2|OR1C1|OR1D5|OR1E1|OR1E2|OR1F1|OR1J1|OR1J4|OR1K1|OR1L1|OR1M1|OR1N1|OR1S2|OR2A14|OR2A2|OR2B6|OR2D3|OR2G3|OR2G6|OR2S2|OR2T10|OR2T12|OR2T2|OR2T35|OR2W3|OR3A3|OR4A16|OR4B1|OR4C12|OR4D1|OR4D10|OR4D9|OR4F17|OR4K15|OR4K2|OR4K5|OR4L1|OR4M1|OR4N5|OR4S1|OR4X2|OR51A4|OR52E2|OR52M1|OR52W1|OR56A3|OR5AK2|OR5AP2|OR5AS1|OR5B12|OR5D13|OR5D14|OR5H6|OR5I1|OR5M9|OR5R1|OR6C3|OR6C4|OR6C6|OR6C70|OR6S1|OR6X1|OR7A10|OR7A5|OR7C1|OR7C2|OR7D2|OR7D4|OR8D1|OR8G1|OR8G5|OR8H1|OR9A2|OR9A4|PTGER1|PTGER3|TBXA2R
 REACT:R-HSA-388396	GPCR downstream signaling	0.0	0	ADORA3|AVPR2|CCR2|CCR5|GPR132|HRH4|KALRN|MC1R|MC3R|MC4R|OR10G3|OR10G4|OR10G7|OR10G8|OR10G9|OR10H1|OR10H3|OR10H4|OR10H5|OR10J1|OR10J3|OR10J5|OR11A1|OR11L1|OR12D3|OR14A16|OR14I1|OR14J1|OR1A1|OR1A2|OR1C1|OR1D5|OR1E1|OR1E2|OR1F1|OR1J1|OR1J4|OR1K1|OR1L1|OR1M1|OR1N1|OR1S2|OR2A14|OR2A2|OR2B6|OR2D3|OR2G3|OR2G6|OR2S2|OR2T10|OR2T12|OR2T2|OR2T35|OR2W3|OR3A3|OR4A16|OR4B1|OR4C12|OR4D1|OR4D10|OR4D9|OR4F17|OR4K15|OR4K2|OR4K5|OR4L1|OR4M1|OR4N5|OR4S1|OR4X2|OR51A4|OR52E2|OR52M1|OR52W1|OR56A3|OR5AK2|OR5AP2|OR5AS1|OR5B12|OR5D13|OR5D14|OR5H6|OR5I1|OR5M9|OR5R1|OR6C3|OR6C4|OR6C6|OR6C70|OR6S1|OR6X1|OR7A10|OR7A5|OR7C1|OR7C2|OR7D2|OR7D4|OR8D1|OR8G1|OR8G5|OR8H1|OR9A2|OR9A4|PTGER1|PTGER3|TBXA2R
 REACT:R-HSA-162582	Signal Transduction	5.80868686484e-13	3.43148e-10	ADORA3|APH1A|APH1B|ATP6V0A1|AVPR2|CCR2|CCR5|CRABP1|CRABP2|CX3CR1|FABP5|GPR132|HRH4|KALRN|MC1R|MC3R|MC4R|NRG1|OR10G3|OR10G4|OR10G7|OR10G8|OR10G9|OR10H1|OR10H3|OR10H4|OR10H5|OR10J1|OR10J3|OR10J5|OR11A1|OR11L1|OR12D3|OR14A16|OR14I1|OR14J1|OR1A1|OR1A2|OR1C1|OR1D5|OR1E1|OR1E2|OR1F1|OR1J1|OR1J4|OR1K1|OR1L1|OR1M1|OR1N1|OR1S2|OR2A14|OR2A2|OR2B6|OR2D3|OR2G3|OR2G6|OR2S2|OR2T10|OR2T12|OR2T2|OR2T35|OR2W3|OR3A3|OR4A16|OR4B1|OR4C12|OR4D1|OR4D10|OR4D9|OR4F17|OR4K15|OR4K2|OR4K5|OR4L1|OR4M1|OR4N5|OR4S1|OR4X2|OR51A4|OR52E2|OR52M1|OR52W1|OR56A3|OR5AK2|OR5AP2|OR5AS1|OR5B12|OR5D13|OR5D14|OR5H6|OR5I1|OR5M9|OR5R1|OR6C3|OR6C4|OR6C6|OR6C70|OR6S1|OR6X1|OR7A10|OR7A5|OR7C1|OR7C2|OR7D2|OR7D4|OR8D1|OR8G1|OR8G5|OR8H1|OR9A2|OR9A4|PIK3AP1|PTGER1|PTGER3|RBP1|RBP2|SMAD7|TBXA2R
 REACT:R-HSA-381753	Olfactory Signaling Pathway	6.45505870978e-12	3.05066e-09	OR10G3|OR10G4|OR10G7|OR10G8|OR10G9|OR10H1|OR10H3|OR10H4|OR10H5|OR10J1|OR10J3|OR10J5|OR11A1|OR11L1|OR12D3|OR14A16|OR14I1|OR14J1|OR1A1|OR1A2|OR1C1|OR1D5|OR1E1|OR1E2|OR1F1|OR1J1|OR1J4|OR1K1|OR1L1|OR1M1|OR1N1|OR1S2|OR2A14|OR2A2|OR2B6|OR2D3|OR2G3|OR2G6|OR2S2|OR2T10|OR2T12|OR2T2|OR2T35|OR2W3|OR3A3|OR4A16|OR4B1|OR4C12|OR4D1|OR4D10|OR4D9|OR4F17|OR4K15|OR4K2|OR4K5|OR4L1|OR4M1|OR4N5|OR4S1|OR4X2|OR51A4|OR52E2|OR52M1|OR52W1|OR56A3|OR5AK2|OR5AP2|OR5AS1|OR5B12|OR5D13|OR5D14|OR5H6|OR5I1|OR5M9|OR5R1|OR6C3|OR6C4|OR6C6|OR6C70|OR6S1|OR6X1|OR7A10|OR7A5|OR7C1|OR7C2|OR7D2|OR7D4|OR8D1|OR8G1|OR8G5|OR8H1|OR9A2|OR9A4
 REACT:R-HSA-163560	Hormone-sensitive lipase (HSL)-mediated triacylglycerol hydrolysis	4.24222768025e-10	1.67073e-07	FABP1|FABP2|FABP3|FABP4|FABP5|FABP6|FABP7|FABP9
 KEGG:hsa_M00415	"Fatty acid biosynthesis elongation endoplasmic reticulum"	1.20216240618e-06	0.000405816	ELOVL1|ELOVL3|ELOVL4|ELOVL7|TECR
 REACT:R-HSA-75876	Synthesis of very long-chain fatty acyl-CoAs	4.5694093177e-06	0.00134969	ELOVL1|ELOVL3|ELOVL4|ELOVL7|TECR|TECRL
 KEGG:hsa00062	Fatty acid elongation	4.23961000979e-05	0.0111313	ELOVL1|ELOVL3|ELOVL4|ELOVL7|TECR
 REACT:R-HSA-428790	Facilitative Na+-independent glucose transporters	5.79227433106e-05	0.0136871	SLC2A11|SLC2A6|SLC2A8|SLC2A9
 KEGG:hsa03320	PPAR signaling pathway	0.000154844357841	0.0332634	FABP1|FABP2|FABP3|FABP4|FABP5|FABP6|FABP7
 REACT:R-HSA-75105	Fatty Acyl-CoA Biosynthesis	0.000221205227098	0.043559	ELOVL1|ELOVL3|ELOVL4|ELOVL7|TECR|TECRL
