 KEGG:hsa04010	MAPK signaling pathway	0.0	0	FGF1|FGF10|FGF11|FGF12|FGF13|FGF14|FGF16|FGF17|FGF18|FGF19|FGF2|FGF20|FGF21|FGF22|FGF23|FGF3|FGF4|FGF5|FGF6|FGF7|FGF8|FGF9|IL1A|IL1B|PPP3R2
 KEGG:hsa04151	PI3K-Akt signaling pathway	0.0	0	FGF1|FGF10|FGF11|FGF12|FGF13|FGF14|FGF16|FGF17|FGF18|FGF19|FGF2|FGF20|FGF21|FGF22|FGF23|FGF3|FGF4|FGF5|FGF6|FGF7|FGF8|FGF9|GNB4|IL2RB|IL2RG|IL4R|OSMR|RPTOR
 KEGG:hsa04810	Regulation of actin cytoskeleton	0.0	0	FGF1|FGF10|FGF11|FGF12|FGF13|FGF14|FGF16|FGF17|FGF18|FGF19|FGF2|FGF20|FGF21|FGF22|FGF23|FGF3|FGF4|FGF5|FGF6|FGF7|FGF8|FGF9
 KEGG:hsa05200	Pathways in cancer	0.0	0	FGF1|FGF10|FGF11|FGF12|FGF13|FGF14|FGF16|FGF17|FGF18|FGF19|FGF2|FGF20|FGF21|FGF22|FGF23|FGF3|FGF4|FGF5|FGF6|FGF7|FGF8|FGF9|GNB4
 KEGG:hsa05218	Melanoma	0.0	0	FGF1|FGF10|FGF11|FGF12|FGF13|FGF14|FGF16|FGF17|FGF18|FGF19|FGF2|FGF20|FGF21|FGF22|FGF23|FGF3|FGF4|FGF5|FGF6|FGF7|FGF8|FGF9
 REACT:R-HSA-109704	PI3K Cascade	0.0	0	FGF1|FGF10|FGF16|FGF17|FGF18|FGF19|FGF2|FGF20|FGF22|FGF23|FGF3|FGF4|FGF5|FGF6|FGF7|FGF8|FGF9|RPTOR
 REACT:R-HSA-1226099	Signaling by FGFR in disease	0.0	0	FGF1|FGF10|FGF16|FGF17|FGF18|FGF2|FGF20|FGF22|FGF23|FGF3|FGF4|FGF5|FGF6|FGF7|FGF8|FGF9
 REACT:R-HSA-1280215	Cytokine Signaling in Immune system	0.0	0	FGB|FGF1|FGF10|FGF16|FGF17|FGF18|FGF19|FGF2|FGF20|FGF22|FGF23|FGF3|FGF4|FGF5|FGF6|FGF7|FGF8|FGF9|IL1A|IL1B|IL2RB|IL2RG|IL36A|IL36B|IL4R|NRG1|NUP43|OSMR
 REACT:R-HSA-1433557	Signaling by SCF-KIT	0.0	0	FGB|FGF1|FGF10|FGF16|FGF17|FGF18|FGF19|FGF2|FGF20|FGF22|FGF23|FGF3|FGF4|FGF5|FGF6|FGF7|FGF8|FGF9|IL2RB|IL2RG|NRG1
 REACT:R-HSA-167044	Signalling to RAS	0.0	0	FGB|FGF1|FGF10|FGF16|FGF17|FGF18|FGF19|FGF2|FGF20|FGF22|FGF23|FGF3|FGF4|FGF5|FGF6|FGF7|FGF8|FGF9|IL2RB|IL2RG|NRG1
 REACT:R-HSA-170968	Frs2-mediated activation	0.0	0	FGB|FGF1|FGF10|FGF16|FGF17|FGF18|FGF19|FGF2|FGF20|FGF22|FGF23|FGF3|FGF4|FGF5|FGF6|FGF7|FGF8|FGF9|IL2RB|IL2RG|NRG1
 REACT:R-HSA-170984	ARMS-mediated activation	0.0	0	FGB|FGF1|FGF10|FGF16|FGF17|FGF18|FGF19|FGF2|FGF20|FGF22|FGF23|FGF3|FGF4|FGF5|FGF6|FGF7|FGF8|FGF9|IL2RB|IL2RG|NRG1
 REACT:R-HSA-177929	Signaling by EGFR	0.0	0	FGB|FGF1|FGF10|FGF16|FGF17|FGF18|FGF19|FGF2|FGF20|FGF22|FGF23|FGF3|FGF4|FGF5|FGF6|FGF7|FGF8|FGF9|IL2RB|IL2RG|NRG1
 REACT:R-HSA-1839130	Signaling by activated point mutants of FGFR3	0.0	0	FGF1|FGF16|FGF17|FGF18|FGF2|FGF20|FGF23|FGF4|FGF5|FGF8|FGF9
 REACT:R-HSA-186763	Downstream signal transduction	0.0	0	FGB|FGF1|FGF10|FGF16|FGF17|FGF18|FGF19|FGF2|FGF20|FGF22|FGF23|FGF3|FGF4|FGF5|FGF6|FGF7|FGF8|FGF9|IL2RB|IL2RG|NRG1
 REACT:R-HSA-186797	Signaling by PDGF	0.0	0	FGB|FGF1|FGF10|FGF16|FGF17|FGF18|FGF19|FGF2|FGF20|FGF22|FGF23|FGF3|FGF4|FGF5|FGF6|FGF7|FGF8|FGF9|IL2RB|IL2RG|NRG1
 REACT:R-HSA-187706	Signalling to p38 via RIT and RIN	0.0	0	FGB|FGF1|FGF10|FGF16|FGF17|FGF18|FGF19|FGF2|FGF20|FGF22|FGF23|FGF3|FGF4|FGF5|FGF6|FGF7|FGF8|FGF9|IL2RB|IL2RG|NRG1
 REACT:R-HSA-190239	FGFR3 ligand binding and activation	0.0	0	FGF1|FGF16|FGF17|FGF18|FGF2|FGF20|FGF23|FGF4|FGF5|FGF8|FGF9
 REACT:R-HSA-190322	FGFR4 ligand binding and activation	0.0	0	FGF1|FGF16|FGF17|FGF18|FGF19|FGF2|FGF20|FGF23|FGF4|FGF6|FGF8|FGF9
 REACT:R-HSA-190372	FGFR3c ligand binding and activation	0.0	0	FGF1|FGF16|FGF17|FGF18|FGF2|FGF20|FGF23|FGF4|FGF5|FGF8|FGF9
 REACT:R-HSA-190373	FGFR1c ligand binding and activation	0.0	0	FGF1|FGF17|FGF2|FGF20|FGF23|FGF4|FGF5|FGF6|FGF8|FGF9
 REACT:R-HSA-190375	FGFR2c ligand binding and activation	0.0	0	FGF1|FGF16|FGF17|FGF18|FGF2|FGF20|FGF23|FGF4|FGF5|FGF6|FGF8|FGF9
 REACT:R-HSA-2033514	FGFR3 mutant receptor activation	0.0	0	FGF1|FGF16|FGF17|FGF18|FGF2|FGF20|FGF23|FGF4|FGF5|FGF8|FGF9
 REACT:R-HSA-2033519	Activated point mutants of FGFR2	0.0	0	FGF1|FGF10|FGF16|FGF17|FGF18|FGF2|FGF20|FGF22|FGF23|FGF3|FGF4|FGF5|FGF6|FGF7|FGF8|FGF9
 REACT:R-HSA-2219528	PI3K/AKT Signaling in Cancer	0.0	0	FGF1|FGF10|FGF16|FGF17|FGF18|FGF19|FGF2|FGF20|FGF22|FGF23|FGF3|FGF4|FGF5|FGF6|FGF7|FGF8|FGF9|NRG1
 REACT:R-HSA-2219530	Constitutive Signaling by Aberrant PI3K in Cancer	0.0	0	FGF1|FGF10|FGF16|FGF17|FGF18|FGF19|FGF2|FGF20|FGF22|FGF23|FGF3|FGF4|FGF5|FGF6|FGF7|FGF8|FGF9|NRG1
 REACT:R-HSA-2428924	IGF1R signaling cascade	0.0	0	FGB|FGF1|FGF10|FGF16|FGF17|FGF18|FGF19|FGF2|FGF20|FGF22|FGF23|FGF3|FGF4|FGF5|FGF6|FGF7|FGF8|FGF9|IL2RB|IL2RG|NRG1|RPTOR
 REACT:R-HSA-2428928	IRS-related events triggered by IGF1R	0.0	0	FGB|FGF1|FGF10|FGF16|FGF17|FGF18|FGF19|FGF2|FGF20|FGF22|FGF23|FGF3|FGF4|FGF5|FGF6|FGF7|FGF8|FGF9|IL2RB|IL2RG|NRG1|RPTOR
 REACT:R-HSA-375165	NCAM signaling for neurite out-growth	0.0	0	FGB|FGF1|FGF10|FGF16|FGF17|FGF18|FGF19|FGF2|FGF20|FGF22|FGF23|FGF3|FGF4|FGF5|FGF6|FGF7|FGF8|FGF9|IL2RB|IL2RG|NRG1
 REACT:R-HSA-451927	Interleukin-2 signaling	0.0	0	FGB|FGF1|FGF10|FGF16|FGF17|FGF18|FGF19|FGF2|FGF20|FGF22|FGF23|FGF3|FGF4|FGF5|FGF6|FGF7|FGF8|FGF9|IL2RB|IL2RG|NRG1
 REACT:R-HSA-5654221	Phospholipase C-mediated cascade; FGFR2	0.0	0	FGF1|FGF10|FGF16|FGF17|FGF18|FGF2|FGF20|FGF22|FGF23|FGF3|FGF4|FGF5|FGF6|FGF7|FGF8|FGF9
 REACT:R-HSA-5654227	Phospholipase C-mediated cascade; FGFR3	0.0	0	FGF1|FGF16|FGF17|FGF18|FGF2|FGF20|FGF23|FGF4|FGF5|FGF8|FGF9
 REACT:R-HSA-5654693	FRS-mediated FGFR1 signaling	0.0	0	FGF1|FGF10|FGF17|FGF2|FGF20|FGF22|FGF23|FGF3|FGF4|FGF5|FGF6|FGF8|FGF9
 REACT:R-HSA-5654695	PI-3K cascade:FGFR2	0.0	0	FGF1|FGF10|FGF16|FGF17|FGF18|FGF2|FGF20|FGF22|FGF23|FGF3|FGF4|FGF5|FGF6|FGF7|FGF8|FGF9
 REACT:R-HSA-5654699	SHC-mediated cascade:FGFR2	0.0	0	FGF1|FGF10|FGF16|FGF17|FGF18|FGF2|FGF20|FGF22|FGF23|FGF3|FGF4|FGF5|FGF6|FGF7|FGF8|FGF9
 REACT:R-HSA-5654704	SHC-mediated cascade:FGFR3	0.0	0	FGF1|FGF16|FGF17|FGF18|FGF2|FGF20|FGF23|FGF4|FGF5|FGF8|FGF9
 REACT:R-HSA-5654710	PI-3K cascade:FGFR3	0.0	0	FGF1|FGF16|FGF17|FGF18|FGF2|FGF20|FGF23|FGF4|FGF5|FGF8|FGF9
 REACT:R-HSA-5654712	FRS-mediated FGFR4 signaling	0.0	0	FGF1|FGF16|FGF17|FGF18|FGF19|FGF2|FGF20|FGF23|FGF4|FGF6|FGF8|FGF9
 REACT:R-HSA-5654738	Signaling by FGFR2	0.0	0	FGF1|FGF10|FGF16|FGF17|FGF18|FGF2|FGF20|FGF22|FGF23|FGF3|FGF4|FGF5|FGF6|FGF7|FGF8|FGF9
 REACT:R-HSA-5654741	Signaling by FGFR3	0.0	0	FGF1|FGF16|FGF17|FGF18|FGF2|FGF20|FGF23|FGF4|FGF5|FGF8|FGF9
 REACT:R-HSA-5655302	Signaling by FGFR1 in disease	0.0	0	FGF1|FGF17|FGF2|FGF20|FGF23|FGF4|FGF5|FGF6|FGF8|FGF9
 REACT:R-HSA-5655332	Signaling by FGFR3 in disease	0.0	0	FGF1|FGF16|FGF17|FGF18|FGF2|FGF20|FGF23|FGF4|FGF5|FGF8|FGF9
 REACT:R-HSA-5658623	FGFRL1 modulation of FGFR1 signaling	0.0	0	FGF10|FGF17|FGF18|FGF2|FGF22|FGF23|FGF3|FGF4|FGF5|FGF8
 REACT:R-HSA-5683057	MAPK family signaling cascades	0.0	0	FGB|FGF1|FGF10|FGF16|FGF17|FGF18|FGF19|FGF2|FGF20|FGF22|FGF23|FGF3|FGF4|FGF5|FGF6|FGF7|FGF8|FGF9|IL2RB|IL2RG|NRG1
 REACT:R-HSA-5684996	MAPK1/MAPK3 signaling	0.0	0	FGB|FGF1|FGF10|FGF16|FGF17|FGF18|FGF19|FGF2|FGF20|FGF22|FGF23|FGF3|FGF4|FGF5|FGF6|FGF7|FGF8|FGF9|IL2RB|IL2RG|NRG1
 REACT:R-HSA-6811558	"PI5P PP2A and IER3 Regulate PI3K/AKT Signaling"	0.0	0	FGF1|FGF10|FGF16|FGF17|FGF18|FGF19|FGF2|FGF20|FGF22|FGF23|FGF3|FGF4|FGF5|FGF6|FGF7|FGF8|FGF9|NRG1
 REACT:R-HSA-74751	Insulin receptor signalling cascade	0.0	0	FGB|FGF1|FGF10|FGF16|FGF17|FGF18|FGF19|FGF2|FGF20|FGF22|FGF23|FGF3|FGF4|FGF5|FGF6|FGF7|FGF8|FGF9|IL2RB|IL2RG|NRG1|RPTOR
 REACT:R-HSA-881907	Gastrin-CREB signalling pathway via PKC and MAPK	0.0	0	FGB|FGF1|FGF10|FGF16|FGF17|FGF18|FGF19|FGF2|FGF20|FGF22|FGF23|FGF3|FGF4|FGF5|FGF6|FGF7|FGF8|FGF9|GNB4|IL2RB|IL2RG|NRG1
 REACT:R-HSA-8853338	Signaling by FGFR3 point mutants in cancer	0.0	0	FGF1|FGF16|FGF17|FGF18|FGF2|FGF20|FGF23|FGF4|FGF5|FGF8|FGF9
 REACT:R-HSA-912526	Interleukin receptor SHC signaling	0.0	0	FGB|FGF1|FGF10|FGF16|FGF17|FGF18|FGF19|FGF2|FGF20|FGF22|FGF23|FGF3|FGF4|FGF5|FGF6|FGF7|FGF8|FGF9|IL2RB|IL2RG|NRG1
 REACT:R-HSA-983705	Signaling by the B Cell Receptor (BCR)	0.0	0	FGF1|FGF10|FGF16|FGF17|FGF18|FGF19|FGF2|FGF20|FGF22|FGF23|FGF3|FGF4|FGF5|FGF6|FGF7|FGF8|FGF9|NRG1
 REACT:R-HSA-5654732	Negative regulation of FGFR3 signaling	1.38700162466e-12	6.30286e-11	FGF1|FGF16|FGF17|FGF18|FGF2|FGF20|FGF23|FGF4|FGF5|FGF8|FGF9
 REACT:R-HSA-2404192	Signaling by Type 1 Insulin-like Growth Factor 1 Receptor (IGF1R)	1.63502544837e-12	7.28975e-11	FGB|FGF1|FGF10|FGF16|FGF17|FGF18|FGF19|FGF2|FGF20|FGF22|FGF23|FGF3|FGF4|FGF5|FGF6|FGF7|FGF8|FGF9|IL2RB|IL2RG|NRG1|RPTOR
 REACT:R-HSA-169893	Prolonged ERK activation events	1.69442238018e-12	7.41467e-11	FGB|FGF1|FGF10|FGF16|FGF17|FGF18|FGF19|FGF2|FGF20|FGF22|FGF23|FGF3|FGF4|FGF5|FGF6|FGF7|FGF8|FGF9|IL2RB|IL2RG|NRG1
 REACT:R-HSA-2424491	DAP12 signaling	1.76980652355e-12	7.60373e-11	FGB|FGF1|FGF10|FGF16|FGF17|FGF18|FGF19|FGF2|FGF20|FGF22|FGF23|FGF3|FGF4|FGF5|FGF6|FGF7|FGF8|FGF9|IL2RB|IL2RG|NRG1
 REACT:R-HSA-74752	Signaling by Insulin receptor	2.05113703799e-12	8.65507e-11	FGB|FGF1|FGF10|FGF16|FGF17|FGF18|FGF19|FGF2|FGF20|FGF22|FGF23|FGF3|FGF4|FGF5|FGF6|FGF7|FGF8|FGF9|IL2RB|IL2RG|NRG1|RPTOR
 REACT:R-HSA-5654716	Downstream signaling of activated FGFR4	2.54052334725e-12	1.03369e-10	FGF1|FGF16|FGF17|FGF18|FGF19|FGF2|FGF20|FGF23|FGF4|FGF6|FGF8|FGF9
 REACT:R-HSA-180292	GAB1 signalosome	2.58093546535e-12	1.03369e-10	FGF1|FGF10|FGF16|FGF17|FGF18|FGF19|FGF2|FGF20|FGF22|FGF23|FGF3|FGF4|FGF5|FGF6|FGF7|FGF8|FGF9|NRG1
 REACT:R-HSA-198203	PI3K/AKT activation	2.58093546535e-12	1.03369e-10	FGF1|FGF10|FGF16|FGF17|FGF18|FGF19|FGF2|FGF20|FGF22|FGF23|FGF3|FGF4|FGF5|FGF6|FGF7|FGF8|FGF9|NRG1
 REACT:R-HSA-2586552	Signaling by Leptin	2.87336821003e-12	1.11329e-10	FGB|FGF1|FGF10|FGF16|FGF17|FGF18|FGF19|FGF2|FGF20|FGF22|FGF23|FGF3|FGF4|FGF5|FGF6|FGF7|FGF8|FGF9|IL2RB|IL2RG|NRG1
 REACT:R-HSA-1257604	PIP3 activates AKT signaling	2.87392332154e-12	1.11329e-10	FGF1|FGF10|FGF16|FGF17|FGF18|FGF19|FGF2|FGF20|FGF22|FGF23|FGF3|FGF4|FGF5|FGF6|FGF7|FGF8|FGF9|NRG1
 REACT:R-HSA-1839126	FGFR2 mutant receptor activation	3.03235214716e-12	1.13737e-10	FGF1|FGF10|FGF16|FGF17|FGF18|FGF2|FGF20|FGF22|FGF23|FGF3|FGF4|FGF5|FGF6|FGF7|FGF8|FGF9
 REACT:R-HSA-5654726	Negative regulation of FGFR1 signaling	3.03235214716e-12	1.13737e-10	FGF1|FGF10|FGF17|FGF2|FGF20|FGF22|FGF23|FGF3|FGF4|FGF5|FGF6|FGF8|FGF9
 REACT:R-HSA-5654687	Downstream signaling of activated FGFR1	3.21986881602e-12	1.15392e-10	FGF1|FGF10|FGF17|FGF2|FGF20|FGF22|FGF23|FGF3|FGF4|FGF5|FGF6|FGF8|FGF9
 REACT:R-HSA-5654733	Negative regulation of FGFR4 signaling	3.21986881602e-12	1.15392e-10	FGF1|FGF16|FGF17|FGF18|FGF19|FGF2|FGF20|FGF23|FGF4|FGF6|FGF8|FGF9
 REACT:R-HSA-1839124	FGFR1 mutant receptor activation	3.22297744049e-12	1.15392e-10	FGF1|FGF17|FGF2|FGF20|FGF23|FGF4|FGF5|FGF6|FGF8|FGF9
 REACT:R-HSA-194138	Signaling by VEGF	3.5931257969e-12	1.25062e-10	FGB|FGF1|FGF10|FGF16|FGF17|FGF18|FGF19|FGF2|FGF20|FGF22|FGF23|FGF3|FGF4|FGF5|FGF6|FGF7|FGF8|FGF9|IL2RB|IL2RG|NRG1
 REACT:R-HSA-449147	Signaling by Interleukins	3.59889895662e-12	1.25062e-10	FGB|FGF1|FGF10|FGF16|FGF17|FGF18|FGF19|FGF2|FGF20|FGF22|FGF23|FGF3|FGF4|FGF5|FGF6|FGF7|FGF8|FGF9|IL1A|IL1B|IL2RB|IL2RG|IL36A|IL36B|IL4R|NRG1|OSMR
 REACT:R-HSA-8853659	RET signaling	4.32442970322e-12	1.48096e-10	FGB|FGF1|FGF10|FGF16|FGF17|FGF18|FGF19|FGF2|FGF20|FGF22|FGF23|FGF3|FGF4|FGF5|FGF6|FGF7|FGF8|FGF9|IL2RB|IL2RG|NRG1
 REACT:R-HSA-2454202	Fc epsilon receptor (FCERI) signaling	4.59210447445e-12	1.55016e-10	FGB|FGF1|FGF10|FGF16|FGF17|FGF18|FGF19|FGF2|FGF20|FGF22|FGF23|FGF3|FGF4|FGF5|FGF6|FGF7|FGF8|FGF9|IL2RB|IL2RG|NRG1
 REACT:R-HSA-1168372	Downstream signaling events of B Cell Receptor (BCR)	5.23914245321e-12	1.74368e-10	FGF1|FGF10|FGF16|FGF17|FGF18|FGF19|FGF2|FGF20|FGF22|FGF23|FGF3|FGF4|FGF5|FGF6|FGF7|FGF8|FGF9|NRG1
 REACT:R-HSA-187037	NGF signalling via TRKA from the plasma membrane	5.46063194662e-12	1.76981e-10	FGB|FGF1|FGF10|FGF16|FGF17|FGF18|FGF19|FGF2|FGF20|FGF22|FGF23|FGF3|FGF4|FGF5|FGF6|FGF7|FGF8|FGF9|IL2RB|IL2RG|NRG1
 REACT:R-HSA-5654700	FRS-mediated FGFR2 signaling	5.54234436123e-12	1.76981e-10	FGF1|FGF10|FGF16|FGF17|FGF18|FGF2|FGF20|FGF22|FGF23|FGF3|FGF4|FGF5|FGF6|FGF7|FGF8|FGF9
 REACT:R-HSA-5654708	Downstream signaling of activated FGFR3	5.54234436123e-12	1.76981e-10	FGF1|FGF16|FGF17|FGF18|FGF2|FGF20|FGF23|FGF4|FGF5|FGF8|FGF9
 REACT:R-HSA-5654727	Negative regulation of FGFR2 signaling	6.0053073625e-12	1.89207e-10	FGF1|FGF10|FGF16|FGF17|FGF18|FGF2|FGF20|FGF22|FGF23|FGF3|FGF4|FGF5|FGF6|FGF7|FGF8|FGF9
 REACT:R-HSA-5663202	Diseases of signal transduction	6.40720809741e-12	1.95315e-10	FGB|FGF1|FGF10|FGF16|FGF17|FGF18|FGF19|FGF2|FGF20|FGF22|FGF23|FGF3|FGF4|FGF5|FGF6|FGF7|FGF8|FGF9|NRG1
 KEGG:hsa05224	Breast cancer	6.50424158977e-12	1.95315e-10	FGF1|FGF10|FGF11|FGF12|FGF13|FGF14|FGF16|FGF17|FGF18|FGF19|FGF2|FGF20|FGF21|FGF22|FGF23|FGF3|FGF4|FGF5|FGF6|FGF7|FGF8|FGF9
 KEGG:hsa04015	Rap1 signaling pathway	6.59483578858e-12	1.95315e-10	FGF1|FGF10|FGF11|FGF12|FGF13|FGF14|FGF16|FGF17|FGF18|FGF19|FGF2|FGF20|FGF21|FGF22|FGF23|FGF3|FGF4|FGF5|FGF6|FGF7|FGF8|FGF9
 REACT:R-HSA-190242	FGFR1 ligand binding and activation	6.68054500608e-12	1.95315e-10	FGF1|FGF10|FGF17|FGF2|FGF20|FGF22|FGF23|FGF3|FGF4|FGF5|FGF6|FGF8|FGF9
 REACT:R-HSA-5654219	Phospholipase C-mediated cascade: FGFR1	6.68054500608e-12	1.95315e-10	FGF1|FGF10|FGF17|FGF2|FGF20|FGF22|FGF23|FGF3|FGF4|FGF5|FGF6|FGF8|FGF9
 REACT:R-HSA-5655253	Signaling by FGFR2 in disease	6.6950889277e-12	1.95315e-10	FGF1|FGF10|FGF16|FGF17|FGF18|FGF2|FGF20|FGF22|FGF23|FGF3|FGF4|FGF5|FGF6|FGF7|FGF8|FGF9
 REACT:R-HSA-190371	FGFR3b ligand binding and activation	7.58859641792e-12	2.18681e-10	FGF1|FGF17|FGF18|FGF20|FGF8|FGF9
 REACT:R-HSA-190377	FGFR2b ligand binding and activation	9.4364516201e-12	2.67774e-10	FGF1|FGF10|FGF2|FGF22|FGF3|FGF7
 REACT:R-HSA-5654228	Phospholipase C-mediated cascade; FGFR4	9.60953538964e-12	2.67774e-10	FGF1|FGF16|FGF17|FGF18|FGF19|FGF2|FGF20|FGF23|FGF4|FGF6|FGF8|FGF9
 REACT:R-HSA-166520	Signalling by NGF	9.71167590791e-12	2.67774e-10	FGB|FGF1|FGF10|FGF16|FGF17|FGF18|FGF19|FGF2|FGF20|FGF22|FGF23|FGF3|FGF4|FGF5|FGF6|FGF7|FGF8|FGF9|IL2RB|IL2RG|NRG1
 REACT:R-HSA-112399	IRS-mediated signalling	9.83213510608e-12	2.67774e-10	FGB|FGF1|FGF10|FGF16|FGF17|FGF18|FGF19|FGF2|FGF20|FGF22|FGF23|FGF3|FGF4|FGF5|FGF6|FGF7|FGF8|FGF9|IL2RB|IL2RG|NRG1|RPTOR
 REACT:R-HSA-190236	Signaling by FGFR	9.85878045867e-12	2.67774e-10	FGF1|FGF10|FGF16|FGF17|FGF18|FGF19|FGF2|FGF20|FGF22|FGF23|FGF3|FGF4|FGF5|FGF6|FGF7|FGF8|FGF9
 REACT:R-HSA-2730905	Role of LAT2/NTAL/LAB on calcium mobilization	1.00854880003e-11	2.70818e-10	FGF1|FGF10|FGF16|FGF17|FGF18|FGF19|FGF2|FGF20|FGF22|FGF23|FGF3|FGF4|FGF5|FGF6|FGF7|FGF8|FGF9|NRG1
 REACT:R-HSA-5218921	VEGFR2 mediated cell proliferation	1.04536379553e-11	2.7368e-10	FGB|FGF1|FGF10|FGF16|FGF17|FGF18|FGF19|FGF2|FGF20|FGF22|FGF23|FGF3|FGF4|FGF5|FGF6|FGF7|FGF8|FGF9|IL2RB|IL2RG|NRG1
 REACT:R-HSA-5654706	FRS-mediated FGFR3 signaling	1.0771050718e-11	2.7368e-10	FGF1|FGF16|FGF17|FGF18|FGF2|FGF20|FGF23|FGF4|FGF5|FGF8|FGF9
 REACT:R-HSA-5654719	SHC-mediated cascade:FGFR4	1.0771050718e-11	2.7368e-10	FGF1|FGF16|FGF17|FGF18|FGF19|FGF2|FGF20|FGF23|FGF4|FGF6|FGF8|FGF9
 REACT:R-HSA-5654720	PI-3K cascade:FGFR4	1.0771050718e-11	2.7368e-10	FGF1|FGF16|FGF17|FGF18|FGF19|FGF2|FGF20|FGF23|FGF4|FGF6|FGF8|FGF9
 REACT:R-HSA-190241	FGFR2 ligand binding and activation	1.07711617403e-11	2.7368e-10	FGF1|FGF10|FGF16|FGF17|FGF18|FGF2|FGF20|FGF22|FGF23|FGF3|FGF4|FGF5|FGF6|FGF7|FGF8|FGF9
 REACT:R-HSA-2172127	DAP12 interactions	1.15042420035e-11	2.89197e-10	FGB|FGF1|FGF10|FGF16|FGF17|FGF18|FGF19|FGF2|FGF20|FGF22|FGF23|FGF3|FGF4|FGF5|FGF6|FGF7|FGF8|FGF9|IL2RB|IL2RG|NRG1
 REACT:R-HSA-5654696	Downstream signaling of activated FGFR2	1.1942336009e-11	2.9705e-10	FGF1|FGF10|FGF16|FGF17|FGF18|FGF2|FGF20|FGF22|FGF23|FGF3|FGF4|FGF5|FGF6|FGF7|FGF8|FGF9
 KEGG:hsa04014	Ras signaling pathway	1.21720411528e-11	2.9961e-10	FGF1|FGF10|FGF11|FGF12|FGF13|FGF14|FGF16|FGF17|FGF18|FGF19|FGF2|FGF20|FGF21|FGF22|FGF23|FGF3|FGF4|FGF5|FGF6|FGF7|FGF8|FGF9|GNB4
 REACT:R-HSA-1839122	Signaling by activated point mutants of FGFR1	1.28844712677e-11	3.13876e-10	FGF1|FGF17|FGF2|FGF20|FGF23|FGF4|FGF5|FGF6|FGF8|FGF9
 REACT:R-HSA-112412	SOS-mediated signalling	1.39349642936e-11	3.26023e-10	FGB|FGF1|FGF10|FGF16|FGF17|FGF18|FGF19|FGF2|FGF20|FGF22|FGF23|FGF3|FGF4|FGF5|FGF6|FGF7|FGF8|FGF9|IL2RB|IL2RG|NRG1
 REACT:R-HSA-179812	GRB2 events in EGFR signaling	1.39349642936e-11	3.26023e-10	FGB|FGF1|FGF10|FGF16|FGF17|FGF18|FGF19|FGF2|FGF20|FGF22|FGF23|FGF3|FGF4|FGF5|FGF6|FGF7|FGF8|FGF9|IL2RB|IL2RG|NRG1
 REACT:R-HSA-180336	SHC1 events in EGFR signaling	1.39349642936e-11	3.26023e-10	FGB|FGF1|FGF10|FGF16|FGF17|FGF18|FGF19|FGF2|FGF20|FGF22|FGF23|FGF3|FGF4|FGF5|FGF6|FGF7|FGF8|FGF9|IL2RB|IL2RG|NRG1
 REACT:R-HSA-5673001	RAF/MAP kinase cascade	1.39349642936e-11	3.26023e-10	FGB|FGF1|FGF10|FGF16|FGF17|FGF18|FGF19|FGF2|FGF20|FGF22|FGF23|FGF3|FGF4|FGF5|FGF6|FGF7|FGF8|FGF9|IL2RB|IL2RG|NRG1
 REACT:R-HSA-4420097	VEGFA-VEGFR2 Pathway	1.5819234811e-11	3.63467e-10	FGB|FGF1|FGF10|FGF16|FGF17|FGF18|FGF19|FGF2|FGF20|FGF22|FGF23|FGF3|FGF4|FGF5|FGF6|FGF7|FGF8|FGF9|IL2RB|IL2RG|NRG1
 REACT:R-HSA-5654688	SHC-mediated cascade:FGFR1	1.59968704949e-11	3.63467e-10	FGF1|FGF10|FGF17|FGF2|FGF20|FGF22|FGF23|FGF3|FGF4|FGF5|FGF6|FGF8|FGF9
 REACT:R-HSA-5654689	PI-3K cascade:FGFR1	1.59968704949e-11	3.63467e-10	FGF1|FGF10|FGF17|FGF2|FGF20|FGF22|FGF23|FGF3|FGF4|FGF5|FGF6|FGF8|FGF9
 REACT:R-HSA-5654743	Signaling by FGFR4	1.74619207982e-11	3.87818e-10	FGF1|FGF16|FGF17|FGF18|FGF19|FGF2|FGF20|FGF23|FGF4|FGF6|FGF8|FGF9
 REACT:R-HSA-2871796	FCERI mediated MAPK activation	1.7560952692e-11	3.87818e-10	FGB|FGF1|FGF10|FGF16|FGF17|FGF18|FGF19|FGF2|FGF20|FGF22|FGF23|FGF3|FGF4|FGF5|FGF6|FGF7|FGF8|FGF9|IL2RB|IL2RG|NRG1
 REACT:R-HSA-512988	"Interleukin-3 5 and GM-CSF signaling"	1.7560952692e-11	3.87818e-10	FGB|FGF1|FGF10|FGF16|FGF17|FGF18|FGF19|FGF2|FGF20|FGF22|FGF23|FGF3|FGF4|FGF5|FGF6|FGF7|FGF8|FGF9|IL2RB|IL2RG|NRG1
 REACT:R-HSA-199418	Negative regulation of the PI3K/AKT network	1.80748749301e-11	3.95472e-10	FGF1|FGF10|FGF16|FGF17|FGF18|FGF19|FGF2|FGF20|FGF22|FGF23|FGF3|FGF4|FGF5|FGF6|FGF7|FGF8|FGF9|NRG1
 REACT:R-HSA-422475	Axon guidance	2.09492423409e-11	4.54157e-10	FGB|FGF1|FGF10|FGF16|FGF17|FGF18|FGF19|FGF2|FGF20|FGF22|FGF23|FGF3|FGF4|FGF5|FGF6|FGF7|FGF8|FGF9|IL2RB|IL2RG|NRG1
 REACT:R-HSA-5654736	Signaling by FGFR1	2.17004192393e-11	4.66164e-10	FGF1|FGF10|FGF17|FGF18|FGF2|FGF20|FGF22|FGF23|FGF3|FGF4|FGF5|FGF6|FGF8|FGF9
 REACT:R-HSA-187687	Signalling to ERKs	3.06297209818e-11	6.52054e-10	FGB|FGF1|FGF10|FGF16|FGF17|FGF18|FGF19|FGF2|FGF20|FGF22|FGF23|FGF3|FGF4|FGF5|FGF6|FGF7|FGF8|FGF9|IL2RB|IL2RG|NRG1
 REACT:R-HSA-190370	FGFR1b ligand binding and activation	7.94466714638e-11	1.67618e-09	FGF1|FGF10|FGF2|FGF22|FGF3
 REACT:R-HSA-168256	Immune System	1.40124223336e-09	2.93021e-08	BTLA|CRP|FGB|FGF1|FGF10|FGF16|FGF17|FGF18|FGF19|FGF2|FGF20|FGF22|FGF23|FGF3|FGF4|FGF5|FGF6|FGF7|FGF8|FGF9|FZR1|IL1A|IL1B|IL2RB|IL2RG|IL36A|IL36B|IL4R|NEU1|NRG1|NUP43|OSMR|PGLYRP1|PGLYRP2|PGLYRP3|PGLYRP4|SEC31A
 REACT:R-HSA-168249	Innate Immune System	4.27404345249e-09	8.85927e-08	CRP|FGB|FGF1|FGF10|FGF16|FGF17|FGF18|FGF19|FGF2|FGF20|FGF22|FGF23|FGF3|FGF4|FGF5|FGF6|FGF7|FGF8|FGF9|IL1B|IL2RB|IL2RG|NEU1|NRG1|PGLYRP1|PGLYRP2|PGLYRP3|PGLYRP4
 REACT:R-HSA-1280218	Adaptive Immune System	3.63920619195e-08	7.47778e-07	BTLA|FGF1|FGF10|FGF16|FGF17|FGF18|FGF19|FGF2|FGF20|FGF22|FGF23|FGF3|FGF4|FGF5|FGF6|FGF7|FGF8|FGF9|FZR1|NRG1|SEC31A
 REACT:R-HSA-1266738	Developmental Biology	2.00820686747e-07	4.09086e-06	EED|FGB|FGF1|FGF10|FGF16|FGF17|FGF18|FGF19|FGF2|FGF20|FGF22|FGF23|FGF3|FGF4|FGF5|FGF6|FGF7|FGF8|FGF9|IL2RB|IL2RG|NRG1|RBBP5
 REACT:R-HSA-1643685	Disease	4.17040368128e-07	8.42279e-06	FGB|FGF1|FGF10|FGF16|FGF17|FGF18|FGF19|FGF2|FGF20|FGF22|FGF23|FGF3|FGF4|FGF5|FGF6|FGF7|FGF8|FGF9|NRG1|NUP43
 KEGG:hsa_M00071	"Glycosphingolipid biosynthesis neolacto-series LacCer => nLc4Cer"	2.68585174934e-06	5.37853e-05	B4GALT2|B4GALT3|B4GALT4
 REACT:R-HSA-446203	Asparagine N-linked glycosylation	1.52758295248e-05	0.000303334	B4GALT2|B4GALT3|B4GALT4|NAGK|NEU1|NEU2|NEU3|PPP6C|RENBP|SEC31A
 REACT:R-HSA-372790	Signaling by GPCR	3.13459672416e-05	0.000617254	FGB|FGF1|FGF10|FGF16|FGF17|FGF18|FGF19|FGF2|FGF20|FGF22|FGF23|FGF3|FGF4|FGF5|FGF6|FGF7|FGF8|FGF9|GNB4|IL2RB|IL2RG|NRG1
 REACT:R-HSA-446219	Synthesis of substrates in N-glycan biosythesis	5.54961940495e-05	0.00108378	NAGK|NEU1|NEU2|NEU3|RENBP
 KEGG:hsa05321	Inflammatory bowel disease (IBD)	6.45543676769e-05	0.00125034	IL1A|IL1B|IL21R|IL2RG|IL4R
 KEGG:hsa04659	Th17 cell differentiation	6.96874103763e-05	0.00133879	IL1B|IL21R|IL2RB|IL2RG|IL4R|PPP3R2
 KEGG:hsa00533	Glycosaminoglycan biosynthesis - keratan sulfate	9.36898838406e-05	0.0017854	B4GALT2|B4GALT3|B4GALT4
 REACT:R-HSA-975577	N-Glycan antennae elongation	0.000116560423155	0.00220346	B4GALT2|B4GALT3|B4GALT4
 REACT:R-HSA-446193	"Biosynthesis of the N-glycan precursor (dolichol lipid-linked oligosaccharide LLO) and transfer to a nascent protein"	0.000154419051263	0.00289597	NAGK|NEU1|NEU2|NEU3|RENBP
 KEGG:hsa00511	Other glycan degradation	0.000206100012447	0.00383476	NEU1|NEU2|NEU3
 REACT:R-HSA-5576892	Phase 0 - rapid depolarisation	0.000246102497103	0.00454328	FGF11|FGF12|FGF13|FGF14
 REACT:R-HSA-975576	N-glycan antennae elongation in the medial/trans-Golgi	0.00063238192862	0.0115839	B4GALT2|B4GALT3|B4GALT4
 KEGG:hsa00601	Glycosphingolipid biosynthesis - lacto and neolacto series	0.000708087008064	0.0128708	B4GALT2|B4GALT3|B4GALT4
 REACT:R-HSA-2022854	Keratan sulfate biosynthesis	0.000789332243921	0.0142381	B4GALT2|B4GALT3|B4GALT4
 REACT:R-HSA-448706	Interleukin-1 processing	0.000872684979537	0.0156224	IL1A|IL1B
 REACT:R-HSA-6785807	Interleukin-4 and 13 signaling	0.000894240977715	0.0158879	FGF2|IL1A|IL1B|IL2RG|IL4R
 REACT:R-HSA-446210	Synthesis of UDP-N-acetyl-glucosamine	0.00115863710538	0.0204318	NAGK|RENBP
 REACT:R-HSA-1638074	Keratan sulfate/keratin metabolism	0.00128402725622	0.02231	B4GALT2|B4GALT3|B4GALT4
 REACT:R-HSA-4085001	Sialic acid metabolism	0.00128402725622	0.02231	NEU1|NEU2|NEU3
 REACT:R-HSA-426486	Small interfering RNA (siRNA) biogenesis	0.00148335114372	0.0255851	PRKRA|TARBP2
 KEGG:hsa04060	Cytokine-cytokine receptor interaction	0.00191483277	0.032788	IL1A|IL1B|IL21R|IL2RB|IL2RG|IL4R|OSMR
