 REACT:R-HSA-1280215	Cytokine Signaling in Immune system	0.0	0	EGFR|ERBB2|ERBB3|ERBB4|FGB|FGFR1|FGFR2|FGFR3|FLT3|IL1RAP|IL1RL1|IL2RB|IL4R|IRAK1|IRAK3|IRAK4|KIT|MAP3K7|MET|NRG1|PTK2|PTK2B|RET|TEK
 REACT:R-HSA-1433557	Signaling by SCF-KIT	0.0	0	CD19|EGFR|ERBB2|ERBB3|ERBB4|FES|FGB|FGFR1|FGFR2|FGFR3|IL2RB|KIT|MET|NRG1|PTK2|RET|TEK
 REACT:R-HSA-167044	Signalling to RAS	0.0	0	EGFR|ERBB2|ERBB3|ERBB4|FGB|FGFR1|FGFR2|FGFR3|IL2RB|KIT|MET|NRG1|NTRK1|PTK2|RET|TEK
 REACT:R-HSA-170968	Frs2-mediated activation	0.0	0	EGFR|ERBB2|ERBB3|ERBB4|FGB|FGFR1|FGFR2|FGFR3|IL2RB|KIT|MET|NRG1|NTRK1|PTK2|RET|TEK
 REACT:R-HSA-194138	Signaling by VEGF	0.0	0	AXL|EGFR|ERBB2|ERBB3|ERBB4|FGB|FGFR1|FGFR2|FGFR3|FLT1|IL2RB|KDR|KIT|MET|NRG1|PTK2|PTK2B|RET|TEK
 REACT:R-HSA-2219528	PI3K/AKT Signaling in Cancer	0.0	0	CD19|EGFR|ERBB2|ERBB3|ERBB4|FGFR1|FGFR2|FGFR3|KIT|MET|NRG1
 REACT:R-HSA-449147	Signaling by Interleukins	0.0	0	EGFR|ERBB2|ERBB3|ERBB4|FGB|FGFR1|FGFR2|FGFR3|FLT3|IL1RAP|IL1RL1|IL2RB|IL4R|IRAK1|IRAK3|IRAK4|KIT|MAP3K7|MET|NRG1|PTK2|PTK2B|RET|TEK
 REACT:R-HSA-451927	Interleukin-2 signaling	0.0	0	EGFR|ERBB2|ERBB3|ERBB4|FGB|FGFR1|FGFR2|FGFR3|IL2RB|KIT|MET|NRG1|PTK2|PTK2B|RET|TEK
 REACT:R-HSA-5218921	VEGFR2 mediated cell proliferation	0.0	0	EGFR|ERBB2|ERBB3|ERBB4|FGB|FGFR1|FGFR2|FGFR3|IL2RB|KDR|KIT|MET|NRG1|PTK2|RET|TEK
 REACT:R-HSA-5683057	MAPK family signaling cascades	0.0	0	EGFR|ERBB2|ERBB3|ERBB4|FGB|FGFR1|FGFR2|FGFR3|IL2RB|KALRN|KIT|MET|NRG1|PTK2|RET|TEK
 REACT:R-HSA-6811558	"PI5P PP2A and IER3 Regulate PI3K/AKT Signaling"	0.0	0	CD19|EGFR|ERBB2|ERBB3|ERBB4|FGFR1|FGFR2|FGFR3|KIT|MET|NRG1
 REACT:R-HSA-912526	Interleukin receptor SHC signaling	0.0	0	EGFR|ERBB2|ERBB3|ERBB4|FGB|FGFR1|FGFR2|FGFR3|IL2RB|KIT|MET|NRG1|PTK2|RET|TEK
 REACT:R-HSA-2404192	Signaling by Type 1 Insulin-like Growth Factor 1 Receptor (IGF1R)	5.68545210911e-13	1.03344e-10	EGFR|ERBB2|ERBB3|ERBB4|FGB|FGFR1|FGFR2|FGFR3|IL2RB|KIT|MET|NRG1|PTK2|RET|RPTOR|TEK
 REACT:R-HSA-170984	ARMS-mediated activation	7.51176898461e-13	1.18335e-10	EGFR|ERBB2|ERBB3|ERBB4|FGB|FGFR1|FGFR2|FGFR3|IL2RB|KIT|MET|NRG1|NTRK1|PTK2|RET|TEK
 REACT:R-HSA-187706	Signalling to p38 via RIT and RIN	7.51176898461e-13	1.18335e-10	EGFR|ERBB2|ERBB3|ERBB4|FGB|FGFR1|FGFR2|FGFR3|IL2RB|KIT|MET|NRG1|NTRK1|PTK2|RET|TEK
 REACT:R-HSA-2428924	IGF1R signaling cascade	1.00131014591e-12	1.39182e-10	EGFR|ERBB2|ERBB3|ERBB4|FGB|FGFR1|FGFR2|FGFR3|IL2RB|KIT|MET|NRG1|PTK2|RET|RPTOR|TEK
 REACT:R-HSA-2428928	IRS-related events triggered by IGF1R	1.00131014591e-12	1.39182e-10	EGFR|ERBB2|ERBB3|ERBB4|FGB|FGFR1|FGFR2|FGFR3|IL2RB|KIT|MET|NRG1|PTK2|RET|RPTOR|TEK
 REACT:R-HSA-5684996	MAPK1/MAPK3 signaling	1.10533804332e-12	1.45106e-10	EGFR|ERBB2|ERBB3|ERBB4|FGB|FGFR1|FGFR2|FGFR3|IL2RB|KIT|MET|NRG1|PTK2|RET|TEK
 REACT:R-HSA-422475	Axon guidance	1.63058455627e-12	2.02793e-10	EGFR|EPHA3|ERBB2|ERBB3|ERBB4|FES|FGB|FGFR1|FGFR2|FGFR3|IL2RB|KALRN|KDR|KIT|LIMK2|MET|NRG1|PTK2|RET|TEK
 REACT:R-HSA-74751	Insulin receptor signalling cascade	2.86082268985e-12	3.38006e-10	EGFR|ERBB2|ERBB3|ERBB4|FGB|FGFR1|FGFR2|FGFR3|IL2RB|KIT|MET|NRG1|PTK2|RET|RPTOR|TEK
 KEGG:hsa05230	Central carbon metabolism in cancer	4.19642098848e-12	4.50734e-10	EGFR|ERBB2|FGFR1|FGFR2|FGFR3|FLT3|KIT|MET|NTRK1|NTRK3|RET
 REACT:R-HSA-2219530	Constitutive Signaling by Aberrant PI3K in Cancer	4.19642098848e-12	4.50734e-10	CD19|EGFR|ERBB2|ERBB3|ERBB4|FGFR1|FGFR2|FGFR3|KIT|MET|NRG1
 REACT:R-HSA-166520	Signalling by NGF	4.88498130835e-12	4.86567e-10	CD19|EGFR|ERBB2|ERBB3|ERBB4|FGB|FGFR1|FGFR2|FGFR3|IL2RB|IRAK1|KALRN|KIT|MET|NRG1|NTRK1|NTRK2|PTK2|RET|TEK
 REACT:R-HSA-199418	Negative regulation of the PI3K/AKT network	5.05029351672e-12	4.86567e-10	CD19|EGFR|ERBB2|ERBB3|ERBB4|FGFR1|FGFR2|FGFR3|KIT|MET|NRG1
 REACT:R-HSA-74752	Signaling by Insulin receptor	5.14777109828e-12	4.86567e-10	EGFR|ERBB2|ERBB3|ERBB4|FGB|FGFR1|FGFR2|FGFR3|IL2RB|KIT|MET|NRG1|PTK2|RET|RPTOR|TEK
 REACT:R-HSA-169893	Prolonged ERK activation events	6.92568224991e-12	6.29438e-10	EGFR|ERBB2|ERBB3|ERBB4|FGB|FGFR1|FGFR2|FGFR3|IL2RB|KIT|MET|NRG1|NTRK1|PTK2|RET|TEK
 REACT:R-HSA-187037	NGF signalling via TRKA from the plasma membrane	7.73114905428e-12	6.76619e-10	CD19|EGFR|ERBB2|ERBB3|ERBB4|FGB|FGFR1|FGFR2|FGFR3|IL2RB|KIT|MET|NRG1|NTRK1|NTRK2|PTK2|RET|TEK
 REACT:R-HSA-112399	IRS-mediated signalling	9.82314229958e-12	8.29003e-10	EGFR|ERBB2|ERBB3|ERBB4|FGB|FGFR1|FGFR2|FGFR3|IL2RB|KIT|MET|NRG1|PTK2|RET|RPTOR|TEK
 REACT:R-HSA-375165	NCAM signaling for neurite out-growth	1.24739107932e-11	9.59961e-10	EGFR|ERBB2|ERBB3|ERBB4|FGB|FGFR1|FGFR2|FGFR3|IL2RB|KIT|MET|NRG1|PTK2|RET|TEK
 REACT:R-HSA-198203	PI3K/AKT activation	1.35101929644e-11	9.59961e-10	CD19|EGFR|ERBB2|ERBB3|ERBB4|FGFR1|FGFR2|FGFR3|KIT|MET|NRG1|NTRK1
 REACT:R-HSA-112412	SOS-mediated signalling	1.38123956717e-11	9.59961e-10	EGFR|ERBB2|ERBB3|ERBB4|FGB|FGFR1|FGFR2|FGFR3|IL2RB|KIT|MET|NRG1|PTK2|RET|TEK
 REACT:R-HSA-179812	GRB2 events in EGFR signaling	1.38123956717e-11	9.59961e-10	EGFR|ERBB2|ERBB3|ERBB4|FGB|FGFR1|FGFR2|FGFR3|IL2RB|KIT|MET|NRG1|PTK2|RET|TEK
 REACT:R-HSA-180336	SHC1 events in EGFR signaling	1.38123956717e-11	9.59961e-10	EGFR|ERBB2|ERBB3|ERBB4|FGB|FGFR1|FGFR2|FGFR3|IL2RB|KIT|MET|NRG1|PTK2|RET|TEK
 REACT:R-HSA-5673001	RAF/MAP kinase cascade	1.38123956717e-11	9.59961e-10	EGFR|ERBB2|ERBB3|ERBB4|FGB|FGFR1|FGFR2|FGFR3|IL2RB|KIT|MET|NRG1|PTK2|RET|TEK
 REACT:R-HSA-4420097	VEGFA-VEGFR2 Pathway	1.73038250395e-11	1.14922e-09	AXL|EGFR|ERBB2|ERBB3|ERBB4|FGB|FGFR1|FGFR2|FGFR3|IL2RB|KDR|KIT|MET|NRG1|PTK2|PTK2B|RET|TEK
 REACT:R-HSA-187687	Signalling to ERKs	1.78881354174e-11	1.14922e-09	EGFR|ERBB2|ERBB3|ERBB4|FGB|FGFR1|FGFR2|FGFR3|IL2RB|KIT|MET|NRG1|NTRK1|PTK2|RET|TEK
 REACT:R-HSA-2586552	Signaling by Leptin	1.79946058054e-11	1.14922e-09	EGFR|ERBB2|ERBB3|ERBB4|FGB|FGFR1|FGFR2|FGFR3|IL2RB|KIT|MET|NRG1|PTK2|RET|TEK
 REACT:R-HSA-8853659	RET signaling	2.06449302098e-11	1.27233e-09	EGFR|ERBB2|ERBB3|ERBB4|FGB|FGFR1|FGFR2|FGFR3|IL2RB|KIT|MET|NRG1|PTK2|RET|TEK
 REACT:R-HSA-2454202	Fc epsilon receptor (FCERI) signaling	2.09990913547e-11	1.27233e-09	CD19|EGFR|ERBB2|ERBB3|ERBB4|FGB|FGFR1|FGFR2|FGFR3|IL2RB|KIT|MAP3K7|MET|NRG1|PTK2|RET|TEK
 REACT:R-HSA-2871796	FCERI mediated MAPK activation	3.10491632405e-11	1.78949e-09	EGFR|ERBB2|ERBB3|ERBB4|FGB|FGFR1|FGFR2|FGFR3|IL2RB|KIT|MET|NRG1|PTK2|RET|TEK
 REACT:R-HSA-512988	"Interleukin-3 5 and GM-CSF signaling"	3.10491632405e-11	1.78949e-09	EGFR|ERBB2|ERBB3|ERBB4|FGB|FGFR1|FGFR2|FGFR3|IL2RB|KIT|MET|NRG1|PTK2|RET|TEK
 REACT:R-HSA-1257604	PIP3 activates AKT signaling	5.47558665076e-11	3.08067e-09	CD19|EGFR|ERBB2|ERBB3|ERBB4|FGFR1|FGFR2|FGFR3|KIT|MET|NRG1
 REACT:R-HSA-2424491	DAP12 signaling	5.72727421044e-11	3.14734e-09	CD19|EGFR|ERBB2|ERBB3|ERBB4|FGB|FGFR1|FGFR2|FGFR3|IL2RB|KIT|MET|NRG1|PTK2|RET|TEK
 REACT:R-HSA-186763	Downstream signal transduction	5.90008042423e-11	3.16861e-09	CD19|EGFR|ERBB2|ERBB3|ERBB4|FGB|FGFR1|FGFR2|FGFR3|IL2RB|KIT|MET|NRG1|PTK2|RET|TEK
 REACT:R-HSA-177929	Signaling by EGFR	6.77038425323e-11	3.5552e-09	CD19|EGFR|ERBB2|ERBB3|ERBB4|FGB|FGFR1|FGFR2|FGFR3|IL2RB|KIT|MET|NRG1|PTK2|RET|TEK
 REACT:R-HSA-180292	GAB1 signalosome	9.71374092273e-11	4.98991e-09	CD19|EGFR|ERBB2|ERBB3|ERBB4|FGFR1|FGFR2|FGFR3|KIT|MET|NRG1
 REACT:R-HSA-186797	Signaling by PDGF	1.06423758695e-10	5.35062e-09	CD19|EGFR|ERBB2|ERBB3|ERBB4|FGB|FGFR1|FGFR2|FGFR3|IL2RB|KIT|MET|NRG1|PTK2|RET|TEK
 REACT:R-HSA-2172127	DAP12 interactions	1.10466413794e-10	5.43817e-09	CD19|EGFR|ERBB2|ERBB3|ERBB4|FGB|FGFR1|FGFR2|FGFR3|IL2RB|KIT|MET|NRG1|PTK2|RET|TEK
 REACT:R-HSA-2730905	Role of LAT2/NTAL/LAB on calcium mobilization	1.94948390764e-10	9.40129e-09	CD19|EGFR|ERBB2|ERBB3|ERBB4|FGFR1|FGFR2|FGFR3|KIT|MET|NRG1
 KEGG:hsa04151	PI3K-Akt signaling pathway	3.32731842079e-10	1.57249e-08	CD19|EGFR|FGF13|FGFR1|FGFR2|FGFR3|FLT1|IL2RB|IL4R|KDR|KIT|MET|PTK2|RPTOR|TEK
 KEGG:hsa01521	EGFR tyrosine kinase inhibitor resistance	3.92820997952e-10	1.82007e-08	AXL|EGFR|ERBB2|ERBB3|FGFR2|FGFR3|KDR|MET|NRG1
 REACT:R-HSA-1168372	Downstream signaling events of B Cell Receptor (BCR)	6.28438523442e-10	2.85577e-08	CD19|EGFR|ERBB2|ERBB3|ERBB4|FGFR1|FGFR2|FGFR3|KIT|MAP3K7|MET|NRG1
 REACT:R-HSA-881907	Gastrin-CREB signalling pathway via PKC and MAPK	1.42290323968e-09	6.344e-08	EGFR|ERBB2|ERBB3|ERBB4|FGB|FGFR1|FGFR2|FGFR3|IL2RB|KALRN|KIT|MET|NRG1|PTK2|RET|TEK
 REACT:R-HSA-983705	Signaling by the B Cell Receptor (BCR)	4.50579429323e-09	1.9717e-07	CD19|EGFR|ERBB2|ERBB3|ERBB4|FGFR1|FGFR2|FGFR3|KIT|MAP3K7|MET|NRG1
 REACT:R-HSA-8847993	ERBB2 Activates PTK6 Signaling	5.44098599509e-09	2.33765e-07	EGFR|ERBB2|ERBB3|ERBB4|NRG1
 REACT:R-HSA-6785631	ERBB2 Regulates Cell Motility	8.41166702958e-09	3.54942e-07	EGFR|ERBB2|ERBB3|ERBB4|NRG1
 KEGG:hsa04144	Endocytosis	1.47047131138e-08	6.09601e-07	EGFR|ERBB3|ERBB4|FGFR2|FGFR3|FLT1|IL2RB|KDR|KIT|MET|NTRK1|RET
 REACT:R-HSA-1963642	PI3K events in ERBB2 signaling	1.82694795958e-08	7.44324e-07	EGFR|ERBB2|ERBB3|ERBB4|NRG1
 REACT:R-HSA-168256	Immune System	3.48641507886e-08	1.39634e-06	BTLA|CD19|EGFR|ERBB2|ERBB3|ERBB4|FGB|FGFR1|FGFR2|FGFR3|FLT3|IL1RAP|IL1RL1|IL2RB|IL4R|IRAK1|IRAK3|IRAK4|KIT|MAP3K7|MET|NRG1|PGLYRP1|PGLYRP2|PGLYRP3|PGLYRP4|PTK2|PTK2B|RET|TEK|ZAP70
 REACT:R-HSA-168249	Innate Immune System	3.64904737538e-08	1.43712e-06	CD19|EGFR|ERBB2|ERBB3|ERBB4|FGB|FGFR1|FGFR2|FGFR3|IL2RB|IRAK1|IRAK3|IRAK4|KIT|MAP3K7|MET|NRG1|PGLYRP1|PGLYRP2|PGLYRP3|PGLYRP4|PTK2|RET|TEK
 KEGG:hsa04014	Ras signaling pathway	3.82266165389e-08	1.48081e-06	EGFR|FGF13|FGFR1|FGFR2|FGFR3|FLT1|KDR|KIT|MET|TEK|ZAP70
 REACT:R-HSA-1250196	SHC1 events in ERBB2 signaling	1.07338800293e-07	4.09099e-06	EGFR|ERBB2|ERBB3|ERBB4|NRG1
 REACT:R-HSA-1266738	Developmental Biology	1.4607952703e-07	5.47914e-06	EGFR|EPHA3|ERBB2|ERBB3|ERBB4|FES|FGB|FGFR1|FGFR2|FGFR3|IL2RB|KALRN|KDR|KIT|LIMK2|MET|NRG1|NTN3|PTK2|RET|TEK
 KEGG:hsa05200	Pathways in cancer	1.86478899433e-07	6.88515e-06	EGFR|ERBB2|FGF13|FGFR1|FGFR2|FGFR3|FLT3|KIT|MET|NTRK1|PTGER3|PTK2|RET
 KEGG:hsa04015	Rap1 signaling pathway	1.990860512e-07	7.23754e-06	EGFR|FGF13|FGFR1|FGFR2|FGFR3|FLT1|KDR|KIT|MET|TEK
 REACT:R-HSA-8863795	Downregulation of ERBB2 signaling	5.61565847379e-07	2.01058e-05	EGFR|ERBB2|ERBB3|ERBB4|NRG1
 REACT:R-HSA-5663202	Diseases of signal transduction	6.89734126924e-07	2.4326e-05	CD19|EGFR|ERBB2|ERBB3|ERBB4|FGB|FGFR1|FGFR2|FGFR3|KIT|MET|NRG1
 REACT:R-HSA-162582	Signal Transduction	1.04308502724e-06	3.62472e-05	AXL|CD19|EGFR|ERBB2|ERBB3|ERBB4|FES|FGB|FGFR1|FGFR2|FGFR3|FLT1|IL2RB|IRAK1|KALRN|KDR|KIT|LIMK2|MAP3K7|MET|NRG1|NTRK1|NTRK2|OR2A2|PTGER3|PTK2|PTK2B|RET|ROR2|RPTOR|RYK|TEK
 REACT:R-HSA-1963640	GRB2 events in ERBB2 signaling	1.46513410171e-06	5.01755e-05	EGFR|ERBB2|ERBB4|NRG1
 REACT:R-HSA-1306955	GRB7 events in ERBB2 signaling	1.59428887758e-06	5.38186e-05	ERBB2|ERBB3|NRG1
 KEGG:hsa04060	Cytokine-cytokine receptor interaction	1.99511165477e-06	6.64007e-05	EGFR|FLT1|FLT3|IL1RAP|IL21R|IL2RB|IL4R|KDR|KIT|MET
 KEGG:hsa04360	Axon guidance	4.96398026029e-06	0.000162915	EPHA3|FES|LIMK2|MET|NTN3|PPP3R2|PTK2|RYK
 REACT:R-HSA-446652	Interleukin-1 signaling	5.04683137159e-06	0.000163365	IL1RAP|IRAK1|IRAK3|IRAK4|MAP3K7
 KEGG:hsa04012	ErbB signaling pathway	7.44123835072e-06	0.000237617	EGFR|ERBB2|ERBB3|ERBB4|NRG1|PTK2
 REACT:R-HSA-1227986	Signaling by ERBB2	7.66949173958e-06	0.00024164	EGFR|ERBB2|ERBB3|ERBB4|NRG1
 KEGG:hsa04010	MAPK signaling pathway	1.00599466191e-05	0.000312785	EGFR|FGF13|FGFR1|FGFR2|FGFR3|MAP3K7|NTRK1|NTRK2|PPP3R2
 KEGG:hsa05205	Proteoglycans in cancer	1.47494701287e-05	0.000452636	EGFR|ERBB2|ERBB3|ERBB4|FGFR1|KDR|MET|PTK2
 KEGG:hsa04659	Th17 cell differentiation	2.61369717562e-05	0.000791816	IL1RAP|IL21R|IL2RB|IL4R|PPP3R2|ZAP70
 REACT:R-HSA-8848021	Signaling by PTK6	3.25264404906e-05	0.000972911	EGFR|ERBB2|ERBB3|ERBB4|NRG1
 REACT:R-HSA-1358803	Downregulation of ERBB2:ERBB3 signaling	4.41769540619e-05	0.00130488	ERBB2|ERBB3|NRG1
 KEGG:hsa04520	Adherens junction	4.61344297242e-05	0.00134587	EGFR|ERBB2|FGFR1|MAP3K7|MET
 KEGG:hsa04722	Neurotrophin signaling pathway	4.76661429526e-05	0.0013736	IRAK1|IRAK3|IRAK4|NTRK1|NTRK2|NTRK3
 KEGG:hsa04020	Calcium signaling pathway	5.92193979663e-05	0.00168597	EGFR|ERBB2|ERBB3|ERBB4|PPP3R2|PTGER3|PTK2B
 KEGG:hsa_M00686	Toll-like receptor signaling	6.97286919049e-05	0.00196153	IRAK1|IRAK4|MAP3K7
 REACT:R-HSA-8866910	TFAP2 (AP-2) family regulates transcription of growth factors and their receptors	8.54818076412e-05	0.00237639	EGFR|ERBB2|KIT
 REACT:R-HSA-1236394	Signaling by ERBB4	8.88370206267e-05	0.00244095	EGFR|ERBB3|ERBB4|NRG1
 REACT:R-HSA-1280218	Adaptive Immune System	0.000117947230519	0.00320356	BTLA|CD19|EGFR|ERBB2|ERBB3|ERBB4|FGFR1|FGFR2|FGFR3|KIT|MAP3K7|MET|NRG1|ZAP70
 KEGG:hsa04810	Regulation of actin cytoskeleton	0.000159397730637	0.00428019	EGFR|FGF13|FGFR1|FGFR2|FGFR3|LIMK2|PTK2
 REACT:R-HSA-2682334	EPH-Ephrin signaling	0.000173312329647	0.00460154	EPHA3|KALRN|KDR|LIMK2|PTK2
 REACT:R-HSA-1251932	PLCG1 events in ERBB2 signaling	0.000178891076349	0.00464527	EGFR|ERBB2
 REACT:R-HSA-194306	Neurophilin interactions with VEGF and VEGFR	0.000178891076349	0.00464527	FLT1|KDR
 REACT:R-HSA-372790	Signaling by GPCR	0.000240454553968	0.00617602	EGFR|ERBB2|ERBB3|ERBB4|FGB|FGFR1|FGFR2|FGFR3|IL2RB|KALRN|KIT|MET|NRG1|OR2A2|PTGER3|PTK2|RET|TEK
 REACT:R-HSA-389977	Post-chaperonin tubulin folding pathway	0.000262974209411	0.00668181	TUBA4A|TUBAL3|TUBB1
 REACT:R-HSA-187024	NGF-independant TRKA activation	0.000297088924518	0.00746831	NTRK1|NTRK2
 REACT:R-HSA-389960	Formation of tubulin folding intermediates by CCT/TriC	0.000381534782165	0.00949018	TUBA4A|TUBAL3|TUBB1
 REACT:R-HSA-400685	Sema4D in semaphorin signaling	0.000427539324991	0.0105237	ERBB2|LIMK2|MET
 REACT:R-HSA-187015	Activation of TRKA receptors	0.000444045408459	0.0107492	NTRK1|NTRK2
 KEGG:hsa05202	Transcriptional misregulation in cancer	0.000445797162452	0.0107492	FLT1|FLT3|IL2RB|MET|NTRK1|PTK2
 REACT:R-HSA-373755	Semaphorin interactions	0.000528733827617	0.0126202	ERBB2|FES|LIMK2|MET
 KEGG:hsa05218	Melanoma	0.000558961713683	0.0132083	EGFR|FGF13|FGFR1|MET
 REACT:R-HSA-1643685	Disease	0.000714463371693	0.0167156	CD19|EGFR|ERBB2|ERBB3|ERBB4|FGB|FGFR1|FGFR2|FGFR3|IRAK4|KIT|MET|NRG1
 KEGG:hsa04510	Focal adhesion	0.00077923208672	0.0180522	EGFR|ERBB2|FLT1|KDR|MET|PTK2
 REACT:R-HSA-194313	VEGF ligand-receptor interactions	0.000822991312809	0.0186993	FLT1|KDR
 REACT:R-HSA-195399	VEGF binds to VEGFR leading to receptor dimerization	0.000822991312809	0.0186993	FLT1|KDR
 REACT:R-HSA-389958	Cooperation of Prefoldin and TriC/CCT in actin and tubulin folding	0.000850898006417	0.0189686	TUBA4A|TUBAL3|TUBB1
 REACT:R-HSA-3928663	EPHA-mediated growth cone collapse	0.000850898006417	0.0189686	EPHA3|KDR|PTK2
 REACT:R-HSA-109704	PI3K Cascade	0.000932255478493	0.020588	FGFR1|FGFR2|FGFR3|RPTOR
 KEGG:hsa05224	Breast cancer	0.00116965995878	0.0255917	EGFR|ERBB2|FGF13|FGFR1|KIT
 REACT:R-HSA-1250342	PI3K events in ERBB4 signaling	0.00131326765154	0.0284702	ERBB4|NRG1
 KEGG:hsa05215	Prostate cancer	0.00133635857091	0.0287074	EGFR|ERBB2|FGFR1|FGFR2
 REACT:R-HSA-8864260	Transcriptional regulation by the AP-2 (TFAP2) family of transcription factors	0.00137214976697	0.0292107	EGFR|ERBB2|KIT
 KEGG:hsa04540	Gap junction	0.00139424669756	0.0294161	EGFR|TUBA4A|TUBAL3|TUBB1
 KEGG:hsa05219	Bladder cancer	0.00147467436562	0.0308377	EGFR|ERBB2|FGFR3
 REACT:R-HSA-168898	Toll-Like Receptors Cascades	0.00153118484489	0.0317385	FGB|IRAK1|IRAK3|IRAK4|MAP3K7
 REACT:R-HSA-3928662	EPHB-mediated forward signaling	0.00158188722226	0.0325043	KALRN|LIMK2|PTK2
 KEGG:hsa04658	Th1 and Th2 cell differentiation	0.00164337684051	0.0334767	IL2RB|IL4R|PPP3R2|ZAP70
 KEGG:hsa04064	NF-kappa B signaling pathway	0.00177887036468	0.0359271	IRAK1|IRAK4|MAP3K7|ZAP70
 REACT:R-HSA-166058	MyD88:Mal cascade initiated on plasma membrane	0.00184944434844	0.0361177	IRAK1|IRAK3|IRAK4|MAP3K7
 REACT:R-HSA-168179	Toll Like Receptor TLR1:TLR2 Cascade	0.00184944434844	0.0361177	IRAK1|IRAK3|IRAK4|MAP3K7
 REACT:R-HSA-168188	Toll Like Receptor TLR6:TLR2 Cascade	0.00184944434844	0.0361177	IRAK1|IRAK3|IRAK4|MAP3K7
 REACT:R-HSA-181438	Toll Like Receptor 2 (TLR2) Cascade	0.00184944434844	0.0361177	IRAK1|IRAK3|IRAK4|MAP3K7
 REACT:R-HSA-975110	TRAF6 mediated IRF7 activation in TLR7/8 or 9 signaling	0.00191245214426	0.0369231	IRAK1|IRAK4
 KEGG:hsa04640	Hematopoietic cell lineage	0.00192193918877	0.0369231	CD19|FLT3|IL4R|KIT
 REACT:R-HSA-6803157	Antimicrobial peptides	0.00215121824798	0.0409946	PGLYRP1|PGLYRP2|PGLYRP3|PGLYRP4
 REACT:R-HSA-391160	Signal regulatory protein (SIRP) family interactions	0.00225213854367	0.0425744	PTK2|PTK2B
 KEGG:hsa04066	HIF-1 signaling pathway	0.00231416757094	0.0433998	EGFR|ERBB2|FLT1|TEK
 REACT:R-HSA-1250347	SHC1 events in ERBB4 signaling	0.00261816100963	0.0487143	ERBB4|NRG1
