 REACT:R-HSA-162582	Signal Transduction	0.0	0	AGTR1|AVPR2|B4GALT1|CNGB1|FAS|FUZ|GNAS|GPR132|HRH4|MC1R|MYH14|MYH9|OR10G3|OR10G4|OR10G8|OR10G9|OR10H1|OR10H5|OR10T2|OR12D3|OR13F1|OR14I1|OR14J1|OR1A1|OR1D5|OR1K1|OR1L4|OR1M1|OR2B6|OR2G3|OR2G6|OR2T12|OR2T33|OR2T35|OR2V2|OR2W3|OR3A3|OR4B1|OR4D1|OR4D10|OR4D9|OR4F17|OR4K15|OR4L1|OR4M1|OR4N5|OR4X2|OR51A4|OR52E2|OR52M1|OR56A3|OR5A2|OR5AK2|OR5AP2|OR5M9|OR6C3|OR6C4|OR6C6|OR6C70|OR6S1|OR6V1|OR6X1|OR7A10|OR7A5|OR7C2|OR7D4|OR8D1|OR8G1|OR8G5|OR8H1|OR8H3|PRKAB1|PRKAB2|RDH11|RDH12|RDH13|RDH14|SMAD7|STAT6|TCF7L2|TSHR
 REACT:R-HSA-372790	Signaling by GPCR	0.0	0	AGTR1|AVPR2|GNAS|GPR132|HRH4|MC1R|OR10G3|OR10G4|OR10G8|OR10G9|OR10H1|OR10H5|OR10T2|OR12D3|OR13F1|OR14I1|OR14J1|OR1A1|OR1D5|OR1K1|OR1L4|OR1M1|OR2B6|OR2G3|OR2G6|OR2T12|OR2T33|OR2T35|OR2V2|OR2W3|OR3A3|OR4B1|OR4D1|OR4D10|OR4D9|OR4F17|OR4K15|OR4L1|OR4M1|OR4N5|OR4X2|OR51A4|OR52E2|OR52M1|OR56A3|OR5A2|OR5AK2|OR5AP2|OR5M9|OR6C3|OR6C4|OR6C6|OR6C70|OR6S1|OR6V1|OR6X1|OR7A10|OR7A5|OR7C2|OR7D4|OR8D1|OR8G1|OR8G5|OR8H1|OR8H3|TSHR
 REACT:R-HSA-388396	GPCR downstream signaling	0.0	0	AGTR1|AVPR2|GNAS|GPR132|HRH4|MC1R|OR10G3|OR10G4|OR10G8|OR10G9|OR10H1|OR10H5|OR10T2|OR12D3|OR13F1|OR14I1|OR14J1|OR1A1|OR1D5|OR1K1|OR1L4|OR1M1|OR2B6|OR2G3|OR2G6|OR2T12|OR2T33|OR2T35|OR2V2|OR2W3|OR3A3|OR4B1|OR4D1|OR4D10|OR4D9|OR4F17|OR4K15|OR4L1|OR4M1|OR4N5|OR4X2|OR51A4|OR52E2|OR52M1|OR56A3|OR5A2|OR5AK2|OR5AP2|OR5M9|OR6C3|OR6C4|OR6C6|OR6C70|OR6S1|OR6V1|OR6X1|OR7A10|OR7A5|OR7C2|OR7D4|OR8D1|OR8G1|OR8G5|OR8H1|OR8H3|TSHR
 KEGG:hsa04740	Olfactory transduction	2.43094433472e-12	1.43608e-09	CNGB1|OR10G3|OR10G4|OR10G8|OR10G9|OR10H1|OR10H5|OR10T2|OR12D3|OR13F1|OR14I1|OR14J1|OR1A1|OR1D5|OR1K1|OR1L4|OR1M1|OR2B6|OR2G3|OR2G6|OR2T12|OR2T33|OR2V2|OR2W3|OR3A3|OR4B1|OR4D1|OR4D10|OR4D9|OR4F17|OR4K15|OR4L1|OR4M1|OR4N5|OR4X2|OR51A4|OR52E2|OR52M1|OR56A3|OR5A2|OR5AK2|OR5AP2|OR5M9|OR6C3|OR6C4|OR6C6|OR6C70|OR6S1|OR6V1|OR6X1|OR7A10|OR7A5|OR7C2|OR7D4|OR8D1|OR8G1|OR8G5|OR8H1|OR8H3
 REACT:R-HSA-381753	Olfactory Signaling Pathway	5.80724357491e-12	2.7445e-09	OR10G3|OR10G4|OR10G8|OR10G9|OR10H1|OR10H5|OR10T2|OR12D3|OR13F1|OR14I1|OR14J1|OR1A1|OR1D5|OR1K1|OR1L4|OR1M1|OR2B6|OR2G3|OR2G6|OR2T12|OR2T33|OR2T35|OR2V2|OR2W3|OR3A3|OR4B1|OR4D1|OR4D10|OR4D9|OR4F17|OR4K15|OR4L1|OR4M1|OR4N5|OR4X2|OR51A4|OR52E2|OR52M1|OR56A3|OR5A2|OR5AK2|OR5AP2|OR5M9|OR6C3|OR6C4|OR6C6|OR6C70|OR6S1|OR6V1|OR6X1|OR7A10|OR7A5|OR7C2|OR7D4|OR8D1|OR8G1|OR8G5|OR8H1|OR8H3
 REACT:R-HSA-1834941	STING mediated induction of host immune responses	4.69969422749e-05	0.018509	NLRC3|NLRP4|STAT6|TREX1
 KEGG:hsa00240	Pyrimidine metabolism	6.7855576587e-05	0.0229061	CMPK1|DCK|DUT|POLR3H|RRM1|TK2|UCKL1|UPRT
 REACT:R-HSA-1445148	Translocation of GLUT4 to the plasma membrane	0.000160484092778	0.047403	MYH13|MYH15|MYH3|MYO1C|PRKAB1|PRKAB2
