 KEGG:hsa05230	Central carbon metabolism in cancer	0.0	0	EGFR|ERBB2|FGFR1|FGFR2|FGFR3|FLT3|KIT|MET|NTRK1|NTRK3|RET
 REACT:R-HSA-162582	Signal Transduction	0.0	0	ADORA3|ANXA1|APH1A|APH1B|AR|AVPR2|AXL|CSF2RA|EGFR|ERBB2|ERBB3|ERBB4|FES|FGFR1|FGFR2|FGFR3|FLT1|GPR132|GPR31|GRP|HRH4|IRAK1|KALRN|KDR|KIT|LIMK2|MAP3K7|MC1R|MC3R|MC4R|MET|NR3C1|NTRK1|NTRK2|NUP107|OR10H5|OR10J5|OR1D2|OR1F1|OR2D3|OR2V2|OR51A4|OR52W1|OR5AK2|OR5H6|PGR|PTGER1|PTK2|PTK2B|RET|ROR2|RYK|TBXA2R|TEK|TSHR
 REACT:R-HSA-372790	Signaling by GPCR	0.0	0	ADORA3|ANXA1|AVPR2|CSF2RA|EGFR|ERBB2|ERBB3|ERBB4|FGFR1|FGFR2|FGFR3|GPR132|GPR31|GRP|HRH4|KALRN|KIT|MC1R|MC3R|MC4R|MET|OR10H5|OR10J5|OR1D2|OR1F1|OR2D3|OR2V2|OR51A4|OR52W1|OR5AK2|OR5H6|PTGER1|PTK2|RET|TBXA2R|TEK|TSHR
 REACT:R-HSA-449147	Signaling by Interleukins	3.24407167795e-11	1.91644e-08	ANXA1|CSF2RA|EGFR|ERBB2|ERBB3|ERBB4|FGFR1|FGFR2|FGFR3|FLT3|IL22RA2|IRAK1|IRAK3|IRAK4|KIT|MAP3K7|MET|PTK2|PTK2B|RET|TEK
 REACT:R-HSA-422475	Axon guidance	6.78790357256e-11	3.07256e-08	APH1A|APH1B|CSF2RA|EGFR|EPHA3|ERBB2|ERBB3|ERBB4|FES|FGFR1|FGFR2|FGFR3|KALRN|KDR|KIT|LIMK2|MET|PTK2|RET|TEK|TRPC4
 REACT:R-HSA-881907	Gastrin-CREB signalling pathway via PKC and MAPK	8.27745649801e-11	3.07256e-08	ANXA1|CSF2RA|EGFR|ERBB2|ERBB3|ERBB4|FGFR1|FGFR2|FGFR3|GPR132|GRP|KALRN|KIT|MET|PTGER1|PTK2|RET|TBXA2R|TEK
 REACT:R-HSA-194138	Signaling by VEGF	9.10195252501e-11	3.07256e-08	AXL|CSF2RA|EGFR|ERBB2|ERBB3|ERBB4|FGFR1|FGFR2|FGFR3|FLT1|KDR|KIT|MET|PTK2|PTK2B|RET|TEK
 REACT:R-HSA-166520	Signalling by NGF	3.69431152336e-10	1.09121e-07	APH1A|APH1B|CSF2RA|EGFR|ERBB2|ERBB3|ERBB4|FGFR1|FGFR2|FGFR3|IRAK1|KALRN|KIT|MET|NTRK1|NTRK2|PTK2|RET|TEK
 REACT:R-HSA-2219530	Constitutive Signaling by Aberrant PI3K in Cancer	5.2413506868e-10	1.37615e-07	EGFR|ERBB2|ERBB3|ERBB4|FGFR1|FGFR2|FGFR3|KIT|MET
 REACT:R-HSA-4420097	VEGFA-VEGFR2 Pathway	6.77364830892e-10	1.60061e-07	AXL|CSF2RA|EGFR|ERBB2|ERBB3|ERBB4|FGFR1|FGFR2|FGFR3|KDR|KIT|MET|PTK2|PTK2B|RET|TEK
 REACT:R-HSA-1280215	Cytokine Signaling in Immune system	8.33077051787e-10	1.7896e-07	ANXA1|CSF2RA|EGFR|ERBB2|ERBB3|ERBB4|FGFR1|FGFR2|FGFR3|FLT3|IL22RA2|IRAK1|IRAK3|IRAK4|KIT|MAP3K7|MET|NUP107|PRLR|PTK2|PTK2B|RET|TEK
 REACT:R-HSA-170984	ARMS-mediated activation	1.31789612556e-09	2.32563e-07	CSF2RA|EGFR|ERBB2|ERBB3|ERBB4|FGFR1|FGFR2|FGFR3|KIT|MET|NTRK1|PTK2|RET|TEK
 REACT:R-HSA-187706	Signalling to p38 via RIT and RIN	1.31789612556e-09	2.32563e-07	CSF2RA|EGFR|ERBB2|ERBB3|ERBB4|FGFR1|FGFR2|FGFR3|KIT|MET|NTRK1|PTK2|RET|TEK
 REACT:R-HSA-170968	Frs2-mediated activation	1.37786126952e-09	2.32563e-07	CSF2RA|EGFR|ERBB2|ERBB3|ERBB4|FGFR1|FGFR2|FGFR3|KIT|MET|NTRK1|PTK2|RET|TEK
 REACT:R-HSA-169893	Prolonged ERK activation events	1.54195456403e-09	2.42909e-07	CSF2RA|EGFR|ERBB2|ERBB3|ERBB4|FGFR1|FGFR2|FGFR3|KIT|MET|NTRK1|PTK2|RET|TEK
 REACT:R-HSA-167044	Signalling to RAS	1.89397453276e-09	2.79716e-07	CSF2RA|EGFR|ERBB2|ERBB3|ERBB4|FGFR1|FGFR2|FGFR3|KIT|MET|NTRK1|PTK2|RET|TEK
 REACT:R-HSA-5218921	VEGFR2 mediated cell proliferation	2.10319439642e-09	2.92344e-07	CSF2RA|EGFR|ERBB2|ERBB3|ERBB4|FGFR1|FGFR2|FGFR3|KDR|KIT|MET|PTK2|RET|TEK
 REACT:R-HSA-451927	Interleukin-2 signaling	2.55181165087e-09	3.34996e-07	CSF2RA|EGFR|ERBB2|ERBB3|ERBB4|FGFR1|FGFR2|FGFR3|KIT|MET|PTK2|PTK2B|RET|TEK
 REACT:R-HSA-187687	Signalling to ERKs	2.71659261752e-09	3.37858e-07	CSF2RA|EGFR|ERBB2|ERBB3|ERBB4|FGFR1|FGFR2|FGFR3|KIT|MET|NTRK1|PTK2|RET|TEK
 REACT:R-HSA-6811558	"PI5P PP2A and IER3 Regulate PI3K/AKT Signaling"	7.44884354198e-09	8.80081e-07	EGFR|ERBB2|ERBB3|ERBB4|FGFR1|FGFR2|FGFR3|KIT|MET
 REACT:R-HSA-5683057	MAPK family signaling cascades	9.45156930499e-09	1.00016e-06	CSF2RA|EGFR|ERBB2|ERBB3|ERBB4|FGFR1|FGFR2|FGFR3|KALRN|KIT|MET|PTK2|RET|TEK
 REACT:R-HSA-2219528	PI3K/AKT Signaling in Cancer	1.00901386135e-08	1.00016e-06	EGFR|ERBB2|ERBB3|ERBB4|FGFR1|FGFR2|FGFR3|KIT|MET
 REACT:R-HSA-112412	SOS-mediated signalling	1.10047319035e-08	1.00016e-06	CSF2RA|EGFR|ERBB2|ERBB3|ERBB4|FGFR1|FGFR2|FGFR3|KIT|MET|PTK2|RET|TEK
 REACT:R-HSA-179812	GRB2 events in EGFR signaling	1.10047319035e-08	1.00016e-06	CSF2RA|EGFR|ERBB2|ERBB3|ERBB4|FGFR1|FGFR2|FGFR3|KIT|MET|PTK2|RET|TEK
 REACT:R-HSA-180336	SHC1 events in EGFR signaling	1.10047319035e-08	1.00016e-06	CSF2RA|EGFR|ERBB2|ERBB3|ERBB4|FGFR1|FGFR2|FGFR3|KIT|MET|PTK2|RET|TEK
 REACT:R-HSA-5673001	RAF/MAP kinase cascade	1.10047319035e-08	1.00016e-06	CSF2RA|EGFR|ERBB2|ERBB3|ERBB4|FGFR1|FGFR2|FGFR3|KIT|MET|PTK2|RET|TEK
 REACT:R-HSA-5684996	MAPK1/MAPK3 signaling	1.46858326611e-08	1.2562e-06	CSF2RA|EGFR|ERBB2|ERBB3|ERBB4|FGFR1|FGFR2|FGFR3|KIT|MET|PTK2|RET|TEK
 REACT:R-HSA-199418	Negative regulation of the PI3K/AKT network	1.48851719839e-08	1.2562e-06	EGFR|ERBB2|ERBB3|ERBB4|FGFR1|FGFR2|FGFR3|KIT|MET
 REACT:R-HSA-2586552	Signaling by Leptin	1.6161568972e-08	1.27966e-06	CSF2RA|EGFR|ERBB2|ERBB3|ERBB4|FGFR1|FGFR2|FGFR3|KIT|MET|PTK2|RET|TEK
 REACT:R-HSA-198203	PI3K/AKT activation	1.62462440167e-08	1.27966e-06	EGFR|ERBB2|ERBB3|ERBB4|FGFR1|FGFR2|FGFR3|KIT|MET|NTRK1
 REACT:R-HSA-912526	Interleukin receptor SHC signaling	1.77384648081e-08	1.35213e-06	CSF2RA|EGFR|ERBB2|ERBB3|ERBB4|FGFR1|FGFR2|FGFR3|KIT|MET|PTK2|RET|TEK
 REACT:R-HSA-8853659	RET signaling	3.49961848389e-08	2.54188e-06	CSF2RA|EGFR|ERBB2|ERBB3|ERBB4|FGFR1|FGFR2|FGFR3|KIT|MET|PTK2|RET|TEK
 REACT:R-HSA-2871796	FCERI mediated MAPK activation	3.65738339614e-08	2.54188e-06	CSF2RA|EGFR|ERBB2|ERBB3|ERBB4|FGFR1|FGFR2|FGFR3|KIT|MET|PTK2|RET|TEK
 REACT:R-HSA-512988	"Interleukin-3 5 and GM-CSF signaling"	3.65738339614e-08	2.54188e-06	CSF2RA|EGFR|ERBB2|ERBB3|ERBB4|FGFR1|FGFR2|FGFR3|KIT|MET|PTK2|RET|TEK
 REACT:R-HSA-388396	GPCR downstream signaling	4.42051778515e-08	2.97703e-06	ADORA3|ANXA1|AVPR2|CSF2RA|GPR132|GRP|HRH4|KALRN|MC1R|MC3R|MC4R|OR10H5|OR10J5|OR1D2|OR1F1|OR2D3|OR2V2|OR51A4|OR52W1|OR5AK2|OR5H6|PTGER1|TBXA2R|TSHR
 REACT:R-HSA-375165	NCAM signaling for neurite out-growth	4.5354721423e-08	2.97703e-06	CSF2RA|EGFR|ERBB2|ERBB3|ERBB4|FGFR1|FGFR2|FGFR3|KIT|MET|PTK2|RET|TEK
 REACT:R-HSA-187037	NGF signalling via TRKA from the plasma membrane	5.00795243052e-08	3.19832e-06	CSF2RA|EGFR|ERBB2|ERBB3|ERBB4|FGFR1|FGFR2|FGFR3|KIT|MET|NTRK1|NTRK2|PTK2|RET|TEK
 REACT:R-HSA-1433557	Signaling by SCF-KIT	6.28430691929e-08	3.84121e-06	CSF2RA|EGFR|ERBB2|ERBB3|ERBB4|FES|FGFR1|FGFR2|FGFR3|KIT|MET|PTK2|RET|TEK
 KEGG:hsa01521	EGFR tyrosine kinase inhibitor resistance	6.33969954311e-08	3.84121e-06	AXL|EGFR|ERBB2|ERBB3|FGFR2|FGFR3|KDR|MET
 REACT:R-HSA-112399	IRS-mediated signalling	9.51761642831e-08	5.62253e-06	CSF2RA|EGFR|ERBB2|ERBB3|ERBB4|FGFR1|FGFR2|FGFR3|KIT|MET|PTK2|RET|TEK
 REACT:R-HSA-74751	Insulin receptor signalling cascade	1.07127174909e-07	6.12168e-06	CSF2RA|EGFR|ERBB2|ERBB3|ERBB4|FGFR1|FGFR2|FGFR3|KIT|MET|PTK2|RET|TEK
 REACT:R-HSA-2428924	IGF1R signaling cascade	1.11397488789e-07	6.12168e-06	CSF2RA|EGFR|ERBB2|ERBB3|ERBB4|FGFR1|FGFR2|FGFR3|KIT|MET|PTK2|RET|TEK
 REACT:R-HSA-2428928	IRS-related events triggered by IGF1R	1.11397488789e-07	6.12168e-06	CSF2RA|EGFR|ERBB2|ERBB3|ERBB4|FGFR1|FGFR2|FGFR3|KIT|MET|PTK2|RET|TEK
 REACT:R-HSA-2404192	Signaling by Type 1 Insulin-like Growth Factor 1 Receptor (IGF1R)	1.15827085589e-07	6.22044e-06	CSF2RA|EGFR|ERBB2|ERBB3|ERBB4|FGFR1|FGFR2|FGFR3|KIT|MET|PTK2|RET|TEK
 REACT:R-HSA-1257604	PIP3 activates AKT signaling	1.80134580363e-07	9.45907e-06	EGFR|ERBB2|ERBB3|ERBB4|FGFR1|FGFR2|FGFR3|KIT|MET
 REACT:R-HSA-180292	GAB1 signalosome	2.20896915537e-07	1.13474e-05	EGFR|ERBB2|ERBB3|ERBB4|FGFR1|FGFR2|FGFR3|KIT|MET
 REACT:R-HSA-2454202	Fc epsilon receptor (FCERI) signaling	2.58637070982e-07	1.30034e-05	CSF2RA|EGFR|ERBB2|ERBB3|ERBB4|FGFR1|FGFR2|FGFR3|KIT|MAP3K7|MET|PTK2|RET|TEK
 REACT:R-HSA-373076	Class A/1 (Rhodopsin-like receptors)	2.72839054127e-07	1.31575e-05	ADORA3|ANXA1|AVPR2|GPR132|GPR31|GRP|HRH4|MC1R|MC3R|MC4R|PTGER1|TBXA2R|TSHR
 REACT:R-HSA-74752	Signaling by Insulin receptor	2.72839054127e-07	1.31575e-05	CSF2RA|EGFR|ERBB2|ERBB3|ERBB4|FGFR1|FGFR2|FGFR3|KIT|MET|PTK2|RET|TEK
 REACT:R-HSA-2730905	Role of LAT2/NTAL/LAB on calcium mobilization	3.9489359005e-07	1.86627e-05	EGFR|ERBB2|ERBB3|ERBB4|FGFR1|FGFR2|FGFR3|KIT|MET
 KEGG:hsa04020	Calcium signaling pathway	4.31170602111e-07	1.98509e-05	EGFR|ERBB2|ERBB3|ERBB4|PTGER1|PTK2B|SLC8A1|SLC8A2|SLC8A3|TBXA2R
 KEGG:hsa05200	Pathways in cancer	4.41125231676e-07	1.98509e-05	AR|CSF2RA|EGFR|ERBB2|FGFR1|FGFR2|FGFR3|FLT3|KIT|MET|NTRK1|PTGER1|PTK2|RET
 REACT:R-HSA-1236394	Signaling by ERBB4	4.45238163005e-07	1.98509e-05	APH1A|APH1B|EGFR|ERBB3|ERBB4|PGR
 REACT:R-HSA-186763	Downstream signal transduction	7.52833282491e-07	3.29434e-05	CSF2RA|EGFR|ERBB2|ERBB3|ERBB4|FGFR1|FGFR2|FGFR3|KIT|MET|PTK2|RET|TEK
 REACT:R-HSA-2424491	DAP12 signaling	8.55221764184e-07	3.67434e-05	CSF2RA|EGFR|ERBB2|ERBB3|ERBB4|FGFR1|FGFR2|FGFR3|KIT|MET|PTK2|RET|TEK
 REACT:R-HSA-1168372	Downstream signaling events of B Cell Receptor (BCR)	9.39972831793e-07	3.96635e-05	EGFR|ERBB2|ERBB3|ERBB4|FGFR1|FGFR2|FGFR3|KIT|MAP3K7|MET
 REACT:R-HSA-177929	Signaling by EGFR	1.09811176574e-06	4.55235e-05	CSF2RA|EGFR|ERBB2|ERBB3|ERBB4|FGFR1|FGFR2|FGFR3|KIT|MET|PTK2|RET|TEK
 REACT:R-HSA-2172127	DAP12 interactions	1.35930646517e-06	5.538e-05	CSF2RA|EGFR|ERBB2|ERBB3|ERBB4|FGFR1|FGFR2|FGFR3|KIT|MET|PTK2|RET|TEK
 KEGG:hsa_M00415	"Fatty acid biosynthesis elongation endoplasmic reticulum"	1.43627134475e-06	5.65652e-05	ELOVL1|ELOVL3|ELOVL4|ELOVL7
 REACT:R-HSA-8847993	ERBB2 Activates PTK6 Signaling	1.43627134475e-06	5.65652e-05	EGFR|ERBB2|ERBB3|ERBB4
 KEGG:hsa04144	Endocytosis	1.56510719973e-06	6.0158e-05	EGFR|ERBB3|ERBB4|FGFR2|FGFR3|FLT1|KDR|KIT|MET|NTRK1|RET
 REACT:R-HSA-186797	Signaling by PDGF	1.57841573512e-06	6.0158e-05	CSF2RA|EGFR|ERBB2|ERBB3|ERBB4|FGFR1|FGFR2|FGFR3|KIT|MET|PTK2|RET|TEK
 REACT:R-HSA-6785631	ERBB2 Regulates Cell Motility	2.00023760133e-06	7.50248e-05	EGFR|ERBB2|ERBB3|ERBB4
 KEGG:hsa04080	Neuroactive ligand-receptor interaction	2.89788150876e-06	0.000106995	ADORA3|AVPR2|HRH4|MC1R|MC3R|MC4R|NR3C1|PRLR|PTGER1|TBXA2R|TSHR
 KEGG:hsa04014	Ras signaling pathway	3.38856605131e-06	0.000123187	EGFR|FGFR1|FGFR2|FGFR3|FLT1|KDR|KIT|MET|TEK|ZAP70
 REACT:R-HSA-1963642	PI3K events in ERBB2 signaling	3.59883205436e-06	0.000128849	EGFR|ERBB2|ERBB3|ERBB4
 REACT:R-HSA-2682334	EPH-Ephrin signaling	3.88384491012e-06	0.000136978	APH1A|APH1B|EPHA3|KALRN|KDR|LIMK2|PTK2
 REACT:R-HSA-983705	Signaling by the B Cell Receptor (BCR)	4.44328848348e-06	0.000154404	EGFR|ERBB2|ERBB3|ERBB4|FGFR1|FGFR2|FGFR3|KIT|MAP3K7|MET
 KEGG:hsa04740	Olfactory transduction	4.94131355788e-06	0.000169222	OR10H5|OR10J5|OR1D2|OR1F1|OR2D3|OR2V2|OR51A4|OR52W1|OR5AK2|OR5H6|SLC8A1|SLC8A2|SLC8A3
 REACT:R-HSA-1266738	Developmental Biology	8.46219705108e-06	0.00028566	APH1A|APH1B|CSF2RA|EGFR|EPHA3|ERBB2|ERBB3|ERBB4|FES|FGFR1|FGFR2|FGFR3|KALRN|KDR|KIT|LIMK2|MET|PTK2|RET|TEK|TRPC4
 REACT:R-HSA-500792	GPCR ligand binding	1.23645791064e-05	0.000411514	ADORA3|ANXA1|AVPR2|GPR132|GPR31|GRP|HRH4|MC1R|MC3R|MC4R|PTGER1|TBXA2R|TSHR
 KEGG:hsa04015	Rap1 signaling pathway	1.35243456694e-05	0.000443862	EGFR|FGFR1|FGFR2|FGFR3|FLT1|KDR|KIT|MET|TEK
 REACT:R-HSA-1250196	SHC1 events in ERBB2 signaling	1.4015919212e-05	0.000453693	EGFR|ERBB2|ERBB3|ERBB4
 KEGG:hsa04151	PI3K-Akt signaling pathway	2.07860858601e-05	0.00066375	EGFR|FGFR1|FGFR2|FGFR3|FLT1|KDR|KIT|MET|PRLR|PTK2|TEK
 KEGG:hsa00062	Fatty acid elongation	2.38595212543e-05	0.000741843	ELOVL1|ELOVL3|ELOVL4|ELOVL7
 REACT:R-HSA-1251985	Nuclear signaling by ERBB4	2.38595212543e-05	0.000741843	APH1A|APH1B|ERBB4|PGR
 REACT:R-HSA-383280	Nuclear Receptor transcription pathway	2.53198124449e-05	0.000777022	AR|NR3C1|NR3C2|NR4A3|PGR
 REACT:R-HSA-75876	Synthesis of very long-chain fatty acyl-CoAs	3.8015580167e-05	0.00115168	ELOVL1|ELOVL3|ELOVL4|ELOVL7
 REACT:R-HSA-5663202	Diseases of signal transduction	4.40018300509e-05	0.00131616	APH1A|APH1B|EGFR|ERBB2|ERBB3|ERBB4|FGFR1|FGFR2|FGFR3|KIT|MET
 REACT:R-HSA-8863795	Downregulation of ERBB2 signaling	5.03516364586e-05	0.00148726	EGFR|ERBB2|ERBB3|ERBB4
 KEGG:hsa05205	Proteoglycans in cancer	7.60387713089e-05	0.00221827	EGFR|ERBB2|ERBB3|ERBB4|FGFR1|KDR|MET|PTK2
 REACT:R-HSA-425561	Sodium/Calcium exchangers	8.62159085603e-05	0.00248449	SLC8A1|SLC8A2|SLC8A3
 REACT:R-HSA-8848021	Signaling by PTK6	9.55031086585e-05	0.00271896	EGFR|ERBB2|ERBB3|ERBB4|NR3C1
 KEGG:hsa04060	Cytokine-cytokine receptor interaction	9.67547211699e-05	0.0027218	CSF2RA|EGFR|FLT1|FLT3|IL22RA2|KDR|KIT|MET|PRLR
 REACT:R-HSA-418359	Reduction of cytosolic Ca++ levels	0.000109183805339	0.00303531	SLC8A1|SLC8A2|SLC8A3
 KEGG:hsa04520	Adherens junction	0.000134688219469	0.00368849	EGFR|ERBB2|FGFR1|MAP3K7|MET
 KEGG:hsa_M00686	Toll-like receptor signaling	0.000135801443867	0.00368849	IRAK1|IRAK4|MAP3K7
 REACT:R-HSA-1963640	GRB2 events in ERBB2 signaling	0.000166309754678	0.00438972	EGFR|ERBB2|ERBB4
 REACT:R-HSA-8866910	TFAP2 (AP-2) family regulates transcription of growth factors and their receptors	0.000166309754678	0.00438972	EGFR|ERBB2|KIT
 KEGG:hsa04722	Neurotrophin signaling pathway	0.000167191953553	0.00438972	IRAK1|IRAK3|IRAK4|NTRK1|NTRK2|NTRK3
 KEGG:hsa04360	Axon guidance	0.000199648089062	0.00518427	EPHA3|FES|LIMK2|MET|PTK2|RYK|TRPC4
 REACT:R-HSA-446652	Interleukin-1 signaling	0.000275730760646	0.00703588	IRAK1|IRAK3|IRAK4|MAP3K7
 REACT:R-HSA-1251932	PLCG1 events in ERBB2 signaling	0.00027988695106	0.00703588	EGFR|ERBB2
 REACT:R-HSA-194306	Neurophilin interactions with VEGF and VEGFR	0.00027988695106	0.00703588	FLT1|KDR
 KEGG:hsa04012	ErbB signaling pathway	0.000310950672465	0.00773449	EGFR|ERBB2|ERBB3|ERBB4|PTK2
 KEGG:hsa05215	Prostate cancer	0.000328143901584	0.00807713	AR|EGFR|ERBB2|FGFR1|FGFR2
 REACT:R-HSA-1227986	Signaling by ERBB2	0.000381082359536	0.00928348	EGFR|ERBB2|ERBB3|ERBB4
 REACT:R-HSA-1306955	GRB7 events in ERBB2 signaling	0.000464386709727	0.0110843	ERBB2|ERBB3
 REACT:R-HSA-187024	NGF-independant TRKA activation	0.000464386709727	0.0110843	NTRK1|NTRK2
 REACT:R-HSA-75105	Fatty Acyl-CoA Biosynthesis	0.000512486873766	0.0121101	ELOVL1|ELOVL3|ELOVL4|ELOVL7
 REACT:R-HSA-187015	Activation of TRKA receptors	0.00069345837753	0.0162242	NTRK1|NTRK2
 REACT:R-HSA-1643685	Disease	0.000701085352895	0.0162418	APH1A|APH1B|AVPR2|CSF2RA|EGFR|ERBB2|ERBB3|ERBB4|FGFR1|FGFR2|FGFR3|IRAK4|KIT|MET|NUP107
 REACT:R-HSA-381753	Olfactory Signaling Pathway	0.000757735144044	0.0173838	OR10H5|OR10J5|OR1D2|OR1F1|OR2D3|OR2V2|OR51A4|OR52W1|OR5AK2|OR5H6
 REACT:R-HSA-400685	Sema4D in semaphorin signaling	0.000822428158833	0.0186865	ERBB2|LIMK2|MET
 REACT:R-HSA-373755	Semaphorin interactions	0.00122678654567	0.0276085	ERBB2|FES|LIMK2|MET
 REACT:R-HSA-418360	Platelet calcium homeostasis	0.00123902657191	0.0276209	SLC8A1|SLC8A2|SLC8A3
 REACT:R-HSA-194313	VEGF ligand-receptor interactions	0.00128288827032	0.0280691	FLT1|KDR
 REACT:R-HSA-195399	VEGF binds to VEGFR leading to receptor dimerization	0.00128288827032	0.0280691	FLT1|KDR
 KEGG:hsa05202	Transcriptional misregulation in cancer	0.00145824459787	0.0316131	FLT1|FLT3|MET|NR4A3|NTRK1|PTK2
 REACT:R-HSA-3928663	EPHA-mediated growth cone collapse	0.00162511076849	0.0349103	EPHA3|KDR|PTK2
 REACT:R-HSA-391908	Prostanoid ligand receptors	0.00164204706717	0.0349564	PTGER1|TBXA2R
 KEGG:hsa04010	MAPK signaling pathway	0.0018632735703	0.0391348	EGFR|FGFR1|FGFR2|FGFR3|MAP3K7|NTRK1|NTRK2
 REACT:R-HSA-375276	Peptide ligand-binding receptors	0.00187144644863	0.0391348	ANXA1|AVPR2|GRP|MC1R|MC3R|MC4R
 REACT:R-HSA-193692	Regulated proteolysis of p75NTR	0.00204337893491	0.041987	APH1A|APH1B
 REACT:R-HSA-2046105	Linoleic acid (LA) metabolism	0.00204337893491	0.041987	ELOVL1|ELOVL3
 REACT:R-HSA-416476	G alpha (q) signalling events	0.00208127464579	0.042397	ANXA1|GPR132|GRP|KALRN|PTGER1|TBXA2R
 REACT:R-HSA-75109	Triglyceride Biosynthesis	0.00234231908088	0.0473068	ELOVL1|ELOVL3|ELOVL4|ELOVL7
 REACT:R-HSA-1980148	Signaling by NOTCH3	0.00248629903405	0.0490476	APH1A|APH1B
 REACT:R-HSA-1980150	Signaling by NOTCH4	0.00248629903405	0.0490476	APH1A|APH1B
 KEGG:hsa04510	Focal adhesion	0.00249078173455	0.0490476	EGFR|ERBB2|FLT1|KDR|MET|PTK2
