 REACT:R-HSA-388396	GPCR downstream signaling	5.89466881973e-08	8.35887e-05	AGTR1|CCR2|CCR5|GNB4|GPR132|OR10G7|OR10H5|OR10S1|OR2D3|OR2V2|OR4C12|OR4K5|OR51A4|OR52M1|OR5D14|TSHR
 REACT:R-HSA-372790	Signaling by GPCR	7.0747950498e-08	8.35887e-05	AGTR1|CCR2|CCR5|CX3CR1|GNB4|GPR132|NRG1|OR10G7|OR10H5|OR10S1|OR2D3|OR2V2|OR4C12|OR4K5|OR51A4|OR52M1|OR5D14|TSHR
 REACT:R-HSA-162582	Signal Transduction	1.518681364e-07	0.000119621	AGTR1|BTRC|CCR2|CCR5|CX3CR1|GNB4|GPR132|NRG1|NUP43|OR10G7|OR10H5|OR10S1|OR2D3|OR2V2|OR4C12|OR4K5|OR51A4|OR52M1|OR5D14|PAFAH1B1|RBBP5|RPTOR|TLE4|TSHR
 KEGG:hsa04740	Olfactory transduction	8.15024423284e-07	0.000481476	OR10G7|OR10H5|OR10S1|OR2D3|OR2V2|OR4C12|OR4K5|OR51A4|OR52M1|OR5D14
 REACT:R-HSA-381753	Olfactory Signaling Pathway	1.14873665236e-06	0.000542893	OR10G7|OR10H5|OR10S1|OR2D3|OR2V2|OR4C12|OR4K5|OR51A4|OR52M1|OR5D14
 KEGG:hsa_M00380	SCF-BTRC complex	0.000109671151332	0.0431922	BTRC|FBXW11
