 KEGG:hsa04740	Olfactory transduction	0.0	0	OR10G4|OR10G8|OR10H1|OR11A1|OR11L1|OR12D3|OR14A16|OR14I1|OR1A1|OR1A2|OR1C1|OR1D5|OR1E1|OR1E2|OR1J1|OR1J4|OR1K1|OR1L4|OR1M1|OR1N1|OR1S2|OR2G3|OR2G6|OR2T2|OR3A3|OR4A16|OR4C12|OR4C3|OR4K15|OR4N5|OR4S1|OR52M1|OR52W1|OR56A3|OR5AS1|OR5B12|OR5D13|OR5D14|OR5I1|OR5M9|OR6C4|OR7A10|OR7A5|OR7C1|OR7C2|OR7D2|OR9A2|SLC8A1|SLC8A2|SLC8A3
 REACT:R-HSA-372790	Signaling by GPCR	0.0	0	ADORA3|ANXA1|AVPR2|CSF2RA|ERBB3|GAB2|GRP|HRH4|IL2RB|IL2RG|ITGB3|KALRN|MC3R|OR10G4|OR10G8|OR10H1|OR11A1|OR11L1|OR12D3|OR14A16|OR14I1|OR1A1|OR1A2|OR1C1|OR1D5|OR1E1|OR1E2|OR1J1|OR1J4|OR1K1|OR1L4|OR1M1|OR1N1|OR1S2|OR2G3|OR2G6|OR2T2|OR3A3|OR4A16|OR4C12|OR4C3|OR4K15|OR4N5|OR4S1|OR52M1|OR52W1|OR56A3|OR5AS1|OR5B12|OR5D13|OR5D14|OR5I1|OR5M9|OR6C4|OR7A10|OR7A5|OR7C1|OR7C2|OR7D2|OR9A2|PPP2R1A|PPP2R1B|PTGER3
 REACT:R-HSA-388396	GPCR downstream signaling	0.0	0	ADORA3|ANXA1|AVPR2|CSF2RA|GAB2|GRP|HRH4|IL2RB|IL2RG|KALRN|MC3R|OR10G4|OR10G8|OR10H1|OR11A1|OR11L1|OR12D3|OR14A16|OR14I1|OR1A1|OR1A2|OR1C1|OR1D5|OR1E1|OR1E2|OR1J1|OR1J4|OR1K1|OR1L4|OR1M1|OR1N1|OR1S2|OR2G3|OR2G6|OR2T2|OR3A3|OR4A16|OR4C12|OR4C3|OR4K15|OR4N5|OR4S1|OR52M1|OR52W1|OR56A3|OR5AS1|OR5B12|OR5D13|OR5D14|OR5I1|OR5M9|OR6C4|OR7A10|OR7A5|OR7C1|OR7C2|OR7D2|OR9A2|PTGER3
 REACT:R-HSA-381753	Olfactory Signaling Pathway	3.3544278466e-12	1.98163e-09	OR10G4|OR10G8|OR10H1|OR11A1|OR11L1|OR12D3|OR14A16|OR14I1|OR1A1|OR1A2|OR1C1|OR1D5|OR1E1|OR1E2|OR1J1|OR1J4|OR1K1|OR1L4|OR1M1|OR1N1|OR1S2|OR2G3|OR2G6|OR2T2|OR3A3|OR4A16|OR4C12|OR4C3|OR4K15|OR4N5|OR4S1|OR52M1|OR52W1|OR56A3|OR5AS1|OR5B12|OR5D13|OR5D14|OR5I1|OR5M9|OR6C4|OR7A10|OR7A5|OR7C1|OR7C2|OR7D2|OR9A2
 REACT:R-HSA-2453902	The canonical retinoid cycle in rods (twilight vision)	1.15625398145e-10	4.73644e-08	LRAT|RBP1|RBP3|RBP4|RDH11|RDH12|RDH8|RLBP1|RPE65
 REACT:R-HSA-162582	Signal Transduction	1.20265131187e-10	4.73644e-08	ADORA3|ANXA1|APH1A|APH1B|AR|AVPR2|CRABP1|CRABP2|CSF2RA|ERBB3|FABP5|GAB2|GRP|HRH4|IL2RB|IL2RG|ITGB1|ITGB3|KALRN|LRAT|MC3R|NR3C1|NUP107|OR10G4|OR10G8|OR10H1|OR11A1|OR11L1|OR12D3|OR14A16|OR14I1|OR1A1|OR1A2|OR1C1|OR1D5|OR1E1|OR1E2|OR1J1|OR1J4|OR1K1|OR1L4|OR1M1|OR1N1|OR1S2|OR2G3|OR2G6|OR2T2|OR3A3|OR4A16|OR4C12|OR4C3|OR4K15|OR4N5|OR4S1|OR52M1|OR52W1|OR56A3|OR5AS1|OR5B12|OR5D13|OR5D14|OR5I1|OR5M9|OR6C4|OR7A10|OR7A5|OR7C1|OR7C2|OR7D2|OR9A2|PGR|PORCN|PPP2R1A|PPP2R1B|PTGER3|RBP1|RBP2|RBP3|RBP4|RDH11|RDH12|RDH13|RDH14|RDH8|RLBP1|RPE65|RPTOR|SMAD7|VEGFA
 REACT:R-HSA-163560	Hormone-sensitive lipase (HSL)-mediated triacylglycerol hydrolysis	1.19687149081e-09	4.0403e-07	FABP1|FABP2|FABP3|FABP4|FABP5|FABP6|FABP7|FABP9
 KEGG:hsa_M00415	"Fatty acid biosynthesis elongation endoplasmic reticulum"	2.28536551283e-06	0.00067504	ELOVL1|ELOVL3|ELOVL4|ELOVL5|ELOVL7
 REACT:R-HSA-383280	Nuclear Receptor transcription pathway	3.68843208198e-06	0.000968418	AR|NR0B1|NR2C1|NR3C1|NR3C2|NR4A3|PGR|VDR
 REACT:R-HSA-2187338	Visual phototransduction	1.59498685167e-05	0.00376895	LRAT|RBP1|RBP2|RBP3|RBP4|RDH11|RDH12|RDH8|RLBP1|RPE65
 KEGG:hsa04145	Phagosome	2.47835303019e-05	0.00532395	CLEC4M|CLEC7A|COLEC11|COLEC12|ITGB1|ITGB2|ITGB3|ITGB5|MBL2|MRC1|SFTPD|TLR4
 KEGG:hsa00062	Fatty acid elongation	7.88018681916e-05	0.0155174	ELOVL1|ELOVL3|ELOVL4|ELOVL5|ELOVL7
 REACT:R-HSA-194068	Bile acid and bile salt metabolism	0.000124199996455	0.0209632	FABP6|HSD3B7|OSBPL3|OSBPL6|OSBPL7|OSBPL9
 REACT:R-HSA-5362517	Signaling by Retinoic Acid	0.000124199996455	0.0209632	CRABP1|CRABP2|FABP5|RDH11|RDH13|RDH14
 REACT:R-HSA-75876	Synthesis of very long-chain fatty acyl-CoAs	0.000139371355489	0.0219556	ELOVL1|ELOVL3|ELOVL4|ELOVL5|ELOVL7
 REACT:R-HSA-5621480	Dectin-2 family	0.000165908769739	0.0245027	CLEC10A|CLEC4A|CLEC4C|CLEC4D|CLEC4E
 KEGG:hsa04514	Cell adhesion molecules (CAMs)	0.000303709603659	0.0422156	CLDN11|CLDN2|ITGB1|ITGB2|ITGB7|OCLN|SELE|SELL|SELP|VCAN
 KEGG:hsa03320	PPAR signaling pathway	0.000343773131896	0.0448701	FABP1|FABP2|FABP3|FABP4|FABP5|FABP6|FABP7
 REACT:R-HSA-192105	Synthesis of bile acids and bile salts	0.000360783519635	0.0448701	HSD3B7|OSBPL3|OSBPL6|OSBPL7|OSBPL9
 REACT:R-HSA-6806667	Metabolism of fat-soluble vitamins	0.000401497240013	0.0474369	GC|LRAT|RBP1|RBP2|RBP4|RDH11
 REACT:R-HSA-556833	Metabolism of lipids and lipoproteins	0.000440146871267	0.0486976	ARSA|AWAT1|CDIPT|ELOVL1|ELOVL3|ELOVL4|ELOVL5|ELOVL7|FABP1|FABP2|FABP3|FABP4|FABP5|FABP6|FABP7|FABP9|GLA|GPCPD1|HSD3B7|NFYC|OSBPL10|OSBPL3|OSBPL5|OSBPL6|OSBPL7|OSBPL8|OSBPL9|PTGR2|TMEM86B
 REACT:R-HSA-2453864	Retinoid cycle disease events	0.000473993100984	0.0486976	RBP1|RBP4|RLBP1
 REACT:R-HSA-2474795	Diseases associated with visual transduction	0.000473993100984	0.0486976	RBP1|RBP4|RLBP1
