 REACT:R-HSA-112399	IRS-mediated signalling	0.0	0	EGFR|ERBB2|ERBB3|ERBB4|FGA|FGB|FGFR1|FGFR2|FGFR3|FGG|KIT|MET|NRG1|PTK2|RET|TEK
 REACT:R-HSA-1280215	Cytokine Signaling in Immune system	0.0	0	EGFR|ERBB2|ERBB3|ERBB4|FGA|FGB|FGFR1|FGFR2|FGFR3|FGG|FLT3|IRAK1|IRAK3|IRAK4|KIT|MAP3K7|MET|NRG1|PTK2|PTK2B|RET|TEK
 REACT:R-HSA-1433557	Signaling by SCF-KIT	0.0	0	EGFR|ERBB2|ERBB3|ERBB4|FES|FGA|FGB|FGFR1|FGFR2|FGFR3|FGG|KIT|MET|NRG1|PTK2|RET|TEK
 REACT:R-HSA-162582	Signal Transduction	0.0	0	AVPR2|AXL|EGFR|ERBB2|ERBB3|ERBB4|FES|FGA|FGB|FGFR1|FGFR2|FGFR3|FGG|FLT1|IRAK1|KALRN|KDR|KIT|LIMK2|MAP3K7|MC4R|MET|NRG1|NTRK1|NTRK2|OR10H3|OR10H4|OR10J5|OR2A12|OR2A14|OR2A2|OR2D3|OR2T10|OR2T12|OR5D13|OR5H6|OR6C3|OR6V1|PTK2|PTK2B|RET|ROR2|RYK|TEK
 REACT:R-HSA-166520	Signalling by NGF	0.0	0	EGFR|ERBB2|ERBB3|ERBB4|FGA|FGB|FGFR1|FGFR2|FGFR3|FGG|IRAK1|KALRN|KIT|MET|NRG1|NTRK1|NTRK2|PTK2|RET|TEK
 REACT:R-HSA-167044	Signalling to RAS	0.0	0	EGFR|ERBB2|ERBB3|ERBB4|FGA|FGB|FGFR1|FGFR2|FGFR3|FGG|KIT|MET|NRG1|NTRK1|PTK2|RET|TEK
 REACT:R-HSA-169893	Prolonged ERK activation events	0.0	0	EGFR|ERBB2|ERBB3|ERBB4|FGA|FGB|FGFR1|FGFR2|FGFR3|FGG|KIT|MET|NRG1|NTRK1|PTK2|RET|TEK
 REACT:R-HSA-170968	Frs2-mediated activation	0.0	0	EGFR|ERBB2|ERBB3|ERBB4|FGA|FGB|FGFR1|FGFR2|FGFR3|FGG|KIT|MET|NRG1|NTRK1|PTK2|RET|TEK
 REACT:R-HSA-170984	ARMS-mediated activation	0.0	0	EGFR|ERBB2|ERBB3|ERBB4|FGA|FGB|FGFR1|FGFR2|FGFR3|FGG|KIT|MET|NRG1|NTRK1|PTK2|RET|TEK
 REACT:R-HSA-187037	NGF signalling via TRKA from the plasma membrane	0.0	0	EGFR|ERBB2|ERBB3|ERBB4|FGA|FGB|FGFR1|FGFR2|FGFR3|FGG|KIT|MET|NRG1|NTRK1|NTRK2|PTK2|RET|TEK
 REACT:R-HSA-187706	Signalling to p38 via RIT and RIN	0.0	0	EGFR|ERBB2|ERBB3|ERBB4|FGA|FGB|FGFR1|FGFR2|FGFR3|FGG|KIT|MET|NRG1|NTRK1|PTK2|RET|TEK
 REACT:R-HSA-194138	Signaling by VEGF	0.0	0	AXL|EGFR|ERBB2|ERBB3|ERBB4|FGA|FGB|FGFR1|FGFR2|FGFR3|FGG|FLT1|KDR|KIT|MET|NRG1|PTK2|PTK2B|RET|TEK
 REACT:R-HSA-2404192	Signaling by Type 1 Insulin-like Growth Factor 1 Receptor (IGF1R)	0.0	0	EGFR|ERBB2|ERBB3|ERBB4|FGA|FGB|FGFR1|FGFR2|FGFR3|FGG|KIT|MET|NRG1|PTK2|RET|TEK
 REACT:R-HSA-2428924	IGF1R signaling cascade	0.0	0	EGFR|ERBB2|ERBB3|ERBB4|FGA|FGB|FGFR1|FGFR2|FGFR3|FGG|KIT|MET|NRG1|PTK2|RET|TEK
 REACT:R-HSA-2428928	IRS-related events triggered by IGF1R	0.0	0	EGFR|ERBB2|ERBB3|ERBB4|FGA|FGB|FGFR1|FGFR2|FGFR3|FGG|KIT|MET|NRG1|PTK2|RET|TEK
 REACT:R-HSA-2454202	Fc epsilon receptor (FCERI) signaling	0.0	0	EGFR|ERBB2|ERBB3|ERBB4|FGA|FGB|FGFR1|FGFR2|FGFR3|FGG|KIT|MAP3K7|MET|NRG1|PTK2|RET|TEK
 REACT:R-HSA-2586552	Signaling by Leptin	0.0	0	EGFR|ERBB2|ERBB3|ERBB4|FGA|FGB|FGFR1|FGFR2|FGFR3|FGG|KIT|MET|NRG1|PTK2|RET|TEK
 REACT:R-HSA-2871796	FCERI mediated MAPK activation	0.0	0	EGFR|ERBB2|ERBB3|ERBB4|FGA|FGB|FGFR1|FGFR2|FGFR3|FGG|KIT|MET|NRG1|PTK2|RET|TEK
 REACT:R-HSA-372790	Signaling by GPCR	0.0	0	AVPR2|EGFR|ERBB2|ERBB3|ERBB4|FGA|FGB|FGFR1|FGFR2|FGFR3|FGG|KALRN|KIT|MC4R|MET|NRG1|OR10H3|OR10H4|OR10J5|OR2A12|OR2A14|OR2A2|OR2D3|OR2T10|OR2T12|OR5D13|OR5H6|OR6C3|OR6V1|PTK2|RET|TEK
 REACT:R-HSA-375165	NCAM signaling for neurite out-growth	0.0	0	EGFR|ERBB2|ERBB3|ERBB4|FGA|FGB|FGFR1|FGFR2|FGFR3|FGG|KIT|MET|NRG1|PTK2|RET|TEK
 REACT:R-HSA-422475	Axon guidance	0.0	0	EGFR|EPHA3|ERBB2|ERBB3|ERBB4|FES|FGA|FGB|FGFR1|FGFR2|FGFR3|FGG|KALRN|KDR|KIT|LIMK2|MET|NRG1|PTK2|RET|TEK
 REACT:R-HSA-449147	Signaling by Interleukins	0.0	0	EGFR|ERBB2|ERBB3|ERBB4|FGA|FGB|FGFR1|FGFR2|FGFR3|FGG|FLT3|IRAK1|IRAK3|IRAK4|KIT|MAP3K7|MET|NRG1|PTK2|PTK2B|RET|TEK
 REACT:R-HSA-451927	Interleukin-2 signaling	0.0	0	EGFR|ERBB2|ERBB3|ERBB4|FGA|FGB|FGFR1|FGFR2|FGFR3|FGG|KIT|MET|NRG1|PTK2|PTK2B|RET|TEK
 REACT:R-HSA-512988	"Interleukin-3 5 and GM-CSF signaling"	0.0	0	EGFR|ERBB2|ERBB3|ERBB4|FGA|FGB|FGFR1|FGFR2|FGFR3|FGG|KIT|MET|NRG1|PTK2|RET|TEK
 REACT:R-HSA-5218921	VEGFR2 mediated cell proliferation	0.0	0	EGFR|ERBB2|ERBB3|ERBB4|FGA|FGB|FGFR1|FGFR2|FGFR3|FGG|KDR|KIT|MET|NRG1|PTK2|RET|TEK
 REACT:R-HSA-5683057	MAPK family signaling cascades	0.0	0	EGFR|ERBB2|ERBB3|ERBB4|FGA|FGB|FGFR1|FGFR2|FGFR3|FGG|KALRN|KIT|MET|NRG1|PTK2|RET|TEK
 REACT:R-HSA-5684996	MAPK1/MAPK3 signaling	0.0	0	EGFR|ERBB2|ERBB3|ERBB4|FGA|FGB|FGFR1|FGFR2|FGFR3|FGG|KIT|MET|NRG1|PTK2|RET|TEK
 REACT:R-HSA-6811558	"PI5P PP2A and IER3 Regulate PI3K/AKT Signaling"	0.0	0	EGFR|ERBB2|ERBB3|ERBB4|FGFR1|FGFR2|FGFR3|KIT|MET|NRG1
 REACT:R-HSA-74751	Insulin receptor signalling cascade	0.0	0	EGFR|ERBB2|ERBB3|ERBB4|FGA|FGB|FGFR1|FGFR2|FGFR3|FGG|KIT|MET|NRG1|PTK2|RET|TEK
 REACT:R-HSA-74752	Signaling by Insulin receptor	0.0	0	EGFR|ERBB2|ERBB3|ERBB4|FGA|FGB|FGFR1|FGFR2|FGFR3|FGG|KIT|MET|NRG1|PTK2|RET|TEK
 REACT:R-HSA-8853659	RET signaling	0.0	0	EGFR|ERBB2|ERBB3|ERBB4|FGA|FGB|FGFR1|FGFR2|FGFR3|FGG|KIT|MET|NRG1|PTK2|RET|TEK
 REACT:R-HSA-912526	Interleukin receptor SHC signaling	0.0	0	EGFR|ERBB2|ERBB3|ERBB4|FGA|FGB|FGFR1|FGFR2|FGFR3|FGG|KIT|MET|NRG1|PTK2|RET|TEK
 REACT:R-HSA-4420097	VEGFA-VEGFR2 Pathway	1.18016707518e-12	8.45071e-11	AXL|EGFR|ERBB2|ERBB3|ERBB4|FGA|FGB|FGFR1|FGFR2|FGFR3|FGG|KDR|KIT|MET|NRG1|PTK2|PTK2B|RET|TEK
 KEGG:hsa05230	Central carbon metabolism in cancer	2.37521113888e-12	1.65077e-10	EGFR|ERBB2|FGFR1|FGFR2|FGFR3|FLT3|KIT|MET|NTRK1|NTRK3|RET
 REACT:R-HSA-2219530	Constitutive Signaling by Aberrant PI3K in Cancer	3.4311442576e-12	2.31651e-10	EGFR|ERBB2|ERBB3|ERBB4|FGFR1|FGFR2|FGFR3|KIT|MET|NRG1
 REACT:R-HSA-2219528	PI3K/AKT Signaling in Cancer	4.6123105335e-12	3.02747e-10	EGFR|ERBB2|ERBB3|ERBB4|FGFR1|FGFR2|FGFR3|KIT|MET|NRG1
 REACT:R-HSA-112412	SOS-mediated signalling	5.39035482916e-12	3.18435e-10	EGFR|ERBB2|ERBB3|ERBB4|FGA|FGB|FGFR1|FGFR2|FGFR3|FGG|KIT|MET|NRG1|PTK2|RET|TEK
 REACT:R-HSA-179812	GRB2 events in EGFR signaling	5.39035482916e-12	3.18435e-10	EGFR|ERBB2|ERBB3|ERBB4|FGA|FGB|FGFR1|FGFR2|FGFR3|FGG|KIT|MET|NRG1|PTK2|RET|TEK
 REACT:R-HSA-180336	SHC1 events in EGFR signaling	5.39035482916e-12	3.18435e-10	EGFR|ERBB2|ERBB3|ERBB4|FGA|FGB|FGFR1|FGFR2|FGFR3|FGG|KIT|MET|NRG1|PTK2|RET|TEK
 REACT:R-HSA-5673001	RAF/MAP kinase cascade	5.39035482916e-12	3.18435e-10	EGFR|ERBB2|ERBB3|ERBB4|FGA|FGB|FGFR1|FGFR2|FGFR3|FGG|KIT|MET|NRG1|PTK2|RET|TEK
 REACT:R-HSA-187687	Signalling to ERKs	7.12907510803e-12	4.10878e-10	EGFR|ERBB2|ERBB3|ERBB4|FGA|FGB|FGFR1|FGFR2|FGFR3|FGG|KIT|MET|NRG1|NTRK1|PTK2|RET|TEK
 REACT:R-HSA-2424491	DAP12 signaling	1.75545133985e-11	9.8765e-10	EGFR|ERBB2|ERBB3|ERBB4|FGA|FGB|FGFR1|FGFR2|FGFR3|FGG|KIT|MET|NRG1|PTK2|RET|TEK
 REACT:R-HSA-177929	Signaling by EGFR	1.94126936748e-11	1.0668e-09	EGFR|ERBB2|ERBB3|ERBB4|FGA|FGB|FGFR1|FGFR2|FGFR3|FGG|KIT|MET|NRG1|PTK2|RET|TEK
 REACT:R-HSA-186797	Signaling by PDGF	2.3146151662e-11	1.22763e-09	EGFR|ERBB2|ERBB3|ERBB4|FGA|FGB|FGFR1|FGFR2|FGFR3|FGG|KIT|MET|NRG1|PTK2|RET|TEK
 REACT:R-HSA-186763	Downstream signal transduction	2.33784103187e-11	1.22763e-09	EGFR|ERBB2|ERBB3|ERBB4|FGA|FGB|FGFR1|FGFR2|FGFR3|FGG|KIT|MET|NRG1|PTK2|RET|TEK
 REACT:R-HSA-198203	PI3K/AKT activation	4.12434530972e-11	2.11866e-09	EGFR|ERBB2|ERBB3|ERBB4|FGFR1|FGFR2|FGFR3|KIT|MET|NRG1|NTRK1
 REACT:R-HSA-2172127	DAP12 interactions	4.27415880466e-11	2.1489e-09	EGFR|ERBB2|ERBB3|ERBB4|FGA|FGB|FGFR1|FGFR2|FGFR3|FGG|KIT|MET|NRG1|PTK2|RET|TEK
 REACT:R-HSA-881907	Gastrin-CREB signalling pathway via PKC and MAPK	4.51193526985e-11	2.22119e-09	EGFR|ERBB2|ERBB3|ERBB4|FGA|FGB|FGFR1|FGFR2|FGFR3|FGG|KALRN|KIT|MET|NRG1|PTK2|RET|TEK
 REACT:R-HSA-199418	Negative regulation of the PI3K/AKT network	5.28954657852e-11	2.55086e-09	EGFR|ERBB2|ERBB3|ERBB4|FGFR1|FGFR2|FGFR3|KIT|MET|NRG1
 KEGG:hsa01521	EGFR tyrosine kinase inhibitor resistance	2.27685537091e-10	1.07604e-08	AXL|EGFR|ERBB2|ERBB3|FGFR2|FGFR3|KDR|MET|NRG1
 REACT:R-HSA-1257604	PIP3 activates AKT signaling	8.17114154117e-10	3.78596e-08	EGFR|ERBB2|ERBB3|ERBB4|FGFR1|FGFR2|FGFR3|KIT|MET|NRG1
 REACT:R-HSA-180292	GAB1 signalosome	1.05236641623e-09	4.7822e-08	EGFR|ERBB2|ERBB3|ERBB4|FGFR1|FGFR2|FGFR3|KIT|MET|NRG1
 REACT:R-HSA-2730905	Role of LAT2/NTAL/LAB on calcium mobilization	2.0674894019e-09	9.21788e-08	EGFR|ERBB2|ERBB3|ERBB4|FGFR1|FGFR2|FGFR3|KIT|MET|NRG1
 REACT:R-HSA-8847993	ERBB2 Activates PTK6 Signaling	4.25738377885e-09	1.863e-07	EGFR|ERBB2|ERBB3|ERBB4|NRG1
 REACT:R-HSA-1168372	Downstream signaling events of B Cell Receptor (BCR)	5.14973319543e-09	2.21251e-07	EGFR|ERBB2|ERBB3|ERBB4|FGFR1|FGFR2|FGFR3|KIT|MAP3K7|MET|NRG1
 REACT:R-HSA-6785631	ERBB2 Regulates Cell Motility	6.58530330266e-09	2.77876e-07	EGFR|ERBB2|ERBB3|ERBB4|NRG1
 REACT:R-HSA-1266738	Developmental Biology	1.02437914817e-08	4.24668e-07	EGFR|EPHA3|ERBB2|ERBB3|ERBB4|FES|FGA|FGB|FGFR1|FGFR2|FGFR3|FGG|KALRN|KDR|KIT|LIMK2|MET|NRG1|NTN3|PTK2|RET|TEK
 REACT:R-HSA-1963642	PI3K events in ERBB2 signaling	1.4265801207e-08	5.81208e-07	EGFR|ERBB2|ERBB3|ERBB4|NRG1
 REACT:R-HSA-983705	Signaling by the B Cell Receptor (BCR)	3.09371573914e-08	1.23906e-06	EGFR|ERBB2|ERBB3|ERBB4|FGFR1|FGFR2|FGFR3|KIT|MAP3K7|MET|NRG1
 REACT:R-HSA-5663202	Diseases of signal transduction	4.75786022802e-08	1.8738e-06	EGFR|ERBB2|ERBB3|ERBB4|FGA|FGB|FGFR1|FGFR2|FGFR3|FGG|KIT|MET|NRG1
 REACT:R-HSA-1250196	SHC1 events in ERBB2 signaling	8.40623777254e-08	3.25638e-06	EGFR|ERBB2|ERBB3|ERBB4|NRG1
 KEGG:hsa04144	Endocytosis	9.09900587098e-08	3.4679e-06	EGFR|ERBB3|ERBB4|FGFR2|FGFR3|FLT1|KDR|KIT|MET|NTRK1|RET
 KEGG:hsa04740	Olfactory transduction	1.91737524635e-07	7.19168e-06	OR10H3|OR10H4|OR10J5|OR2A12|OR2A14|OR2A2|OR2D3|OR2T10|OR2T12|OR5D13|OR5H6|OR6C3|OR6V1
 KEGG:hsa04014	Ras signaling pathway	2.56858382008e-07	9.48369e-06	EGFR|FGFR1|FGFR2|FGFR3|FLT1|KDR|KIT|MET|TEK|ZAP70
 REACT:R-HSA-381753	Olfactory Signaling Pathway	2.95725300914e-07	1.07508e-05	OR10H3|OR10H4|OR10J5|OR2A12|OR2A14|OR2A2|OR2D3|OR2T10|OR2T12|OR5D13|OR5H6|OR6C3|OR6V1
 REACT:R-HSA-168249	Innate Immune System	3.00276949083e-07	1.07508e-05	CD58|EGFR|ERBB2|ERBB3|ERBB4|FCN3|FGA|FGB|FGFR1|FGFR2|FGFR3|FGG|IRAK1|IRAK3|IRAK4|KIT|MAP3K7|MET|NRG1|PTK2|RET|TEK
 REACT:R-HSA-8863795	Downregulation of ERBB2 signaling	4.40550730674e-07	1.55376e-05	EGFR|ERBB2|ERBB3|ERBB4|NRG1
 REACT:R-HSA-1963640	GRB2 events in ERBB2 signaling	1.20634225753e-06	4.07227e-05	EGFR|ERBB2|ERBB4|NRG1
 REACT:R-HSA-354194	GRB2:SOS provides linkage to MAPK signaling for Integrins	1.20634225753e-06	4.07227e-05	FGA|FGB|FGG|PTK2
 REACT:R-HSA-372708	p130Cas linkage to MAPK signaling for integrins	1.20634225753e-06	4.07227e-05	FGA|FGB|FGG|PTK2
 KEGG:hsa04015	Rap1 signaling pathway	1.36166872389e-06	4.52153e-05	EGFR|FGFR1|FGFR2|FGFR3|FLT1|KDR|KIT|MET|TEK
 REACT:R-HSA-1306955	GRB7 events in ERBB2 signaling	1.37769727682e-06	4.52153e-05	ERBB2|ERBB3|NRG1
 KEGG:hsa04012	ErbB signaling pathway	5.60965045993e-06	0.000180781	EGFR|ERBB2|ERBB3|ERBB4|NRG1|PTK2
 KEGG:hsa05200	Pathways in cancer	5.66135246327e-06	0.000180781	EGFR|ERBB2|FGFR1|FGFR2|FGFR3|FLT3|KIT|MET|NTRK1|PTK2|RET
 REACT:R-HSA-1227986	Signaling by ERBB2	6.042679079e-06	0.000190385	EGFR|ERBB2|ERBB3|ERBB4|NRG1
 REACT:R-HSA-168256	Immune System	8.80996051678e-06	0.00027392	BTLA|CD58|EGFR|ERBB2|ERBB3|ERBB4|FCN3|FGA|FGB|FGFR1|FGFR2|FGFR3|FGG|FLT3|IRAK1|IRAK3|IRAK4|KIT|MAP3K7|MET|NRG1|PTK2|PTK2B|RET|TEK|ZAP70
 KEGG:hsa04151	PI3K-Akt signaling pathway	1.01269984166e-05	0.00031078	EGFR|FGFR1|FGFR2|FGFR3|FLT1|KDR|KIT|MET|PTK2|TEK
 KEGG:hsa05205	Proteoglycans in cancer	1.02641215565e-05	0.00031095	EGFR|ERBB2|ERBB3|ERBB4|FGFR1|KDR|MET|PTK2
 REACT:R-HSA-354192	Integrin alphaIIb beta3 signaling	1.29452091971e-05	0.000387209	FGA|FGB|FGG|PTK2
 REACT:R-HSA-168898	Toll-Like Receptors Cascades	1.46373336136e-05	0.00043235	FGA|FGB|FGG|IRAK1|IRAK3|IRAK4|MAP3K7
 REACT:R-HSA-8848021	Signaling by PTK6	2.57207810745e-05	0.000750348	EGFR|ERBB2|ERBB3|ERBB4|NRG1
 REACT:R-HSA-1643685	Disease	2.80509183512e-05	0.000808345	AVPR2|EGFR|ERBB2|ERBB3|ERBB4|FGA|FGB|FGFR1|FGFR2|FGFR3|FGG|IRAK4|KIT|MET|NRG1
 KEGG:hsa04360	Axon guidance	3.48726843774e-05	0.000992821	EPHA3|FES|LIMK2|MET|NTN3|PTK2|RYK
 KEGG:hsa04722	Neurotrophin signaling pathway	3.61961610318e-05	0.00101527	IRAK1|IRAK3|IRAK4|NTRK1|NTRK2|NTRK3
 KEGG:hsa04520	Adherens junction	3.65206198706e-05	0.00101527	EGFR|ERBB2|FGFR1|MAP3K7|MET
 REACT:R-HSA-1358803	Downregulation of ERBB2:ERBB3 signaling	3.823505611e-05	0.00105057	ERBB2|ERBB3|NRG1
 REACT:R-HSA-76009	Platelet Aggregation (Plug Formation)	4.48690954058e-05	0.00121869	FGA|FGB|FGG|PTK2
 REACT:R-HSA-388396	GPCR downstream signaling	4.99642333217e-05	0.00134165	AVPR2|KALRN|MC4R|OR10H3|OR10H4|OR10J5|OR2A12|OR2A14|OR2A2|OR2D3|OR2T10|OR2T12|OR5D13|OR5H6|OR6C3|OR6V1
 KEGG:hsa_M00686	Toll-like receptor signaling	6.03734130958e-05	0.00160295	IRAK1|IRAK4|MAP3K7
 REACT:R-HSA-1236394	Signaling by ERBB4	7.35559834786e-05	0.00190138	EGFR|ERBB3|ERBB4|NRG1
 REACT:R-HSA-5686938	Regulation of TLR by endogenous ligand	7.4027352307e-05	0.00190138	FGA|FGB|FGG
 REACT:R-HSA-8866910	TFAP2 (AP-2) family regulates transcription of growth factors and their receptors	7.4027352307e-05	0.00190138	EGFR|ERBB2|KIT
 REACT:R-HSA-446652	Interleukin-1 signaling	9.61233596656e-05	0.00244236	IRAK1|IRAK3|IRAK4|MAP3K7
 REACT:R-HSA-2682334	EPH-Ephrin signaling	0.000137872338152	0.00346588	EPHA3|KALRN|KDR|LIMK2|PTK2
 REACT:R-HSA-1251932	PLCG1 events in ERBB2 signaling	0.000162442461345	0.00399845	EGFR|ERBB2
 REACT:R-HSA-194306	Neurophilin interactions with VEGF and VEGFR	0.000162442461345	0.00399845	FLT1|KDR
 REACT:R-HSA-140875	Common Pathway of Fibrin Clot Formation	0.000199044591458	0.00484889	FGA|FGB|FGG
 REACT:R-HSA-187024	NGF-independant TRKA activation	0.000269818991029	0.00644851	NTRK1|NTRK2
 REACT:R-HSA-1280218	Adaptive Immune System	0.000270165923979	0.00644851	BTLA|EGFR|ERBB2|ERBB3|ERBB4|FGFR1|FGFR2|FGFR3|KIT|MAP3K7|MET|NRG1|ZAP70
 KEGG:hsa04010	MAPK signaling pathway	0.000364348865805	0.00860956	EGFR|FGFR1|FGFR2|FGFR3|MAP3K7|NTRK1|NTRK2
 REACT:R-HSA-400685	Sema4D in semaphorin signaling	0.000371038065529	0.00868082	ERBB2|LIMK2|MET
 REACT:R-HSA-187015	Activation of TRKA receptors	0.000403355964167	0.00934441	NTRK1|NTRK2
 REACT:R-HSA-216083	Integrin cell surface interactions	0.000440035058483	0.0099981	FGA|FGB|FGG|KDR
 REACT:R-HSA-373755	Semaphorin interactions	0.000440035058483	0.0099981	ERBB2|FES|LIMK2|MET
 KEGG:hsa04510	Focal adhesion	0.000602173256434	0.0135518	EGFR|ERBB2|FLT1|KDR|MET|PTK2
 REACT:R-HSA-3928663	EPHA-mediated growth cone collapse	0.000739443978832	0.0163624	EPHA3|KDR|PTK2
 REACT:R-HSA-194313	VEGF ligand-receptor interactions	0.00074783585155	0.0163624	FLT1|KDR
 REACT:R-HSA-195399	VEGF binds to VEGFR leading to receptor dimerization	0.00074783585155	0.0163624	FLT1|KDR
 REACT:R-HSA-6802948	Signaling by high-kinase activity BRAF mutants	0.000805747614639	0.0174677	FGA|FGB|FGG
 KEGG:hsa04810	Regulation of actin cytoskeleton	0.000838922621104	0.0180216	EGFR|FGFR1|FGFR2|FGFR3|LIMK2|PTK2
 REACT:R-HSA-202733	Cell surface interactions at the vascular wall	0.000882873378054	0.0187949	CD2|CD58|CD84|MERTK|TEK
 REACT:R-HSA-140877	Formation of Fibrin Clot (Clotting Cascade)	0.00110839342369	0.0227436	FGA|FGB|FGG
 REACT:R-HSA-5674135	MAP2K and MAPK activation	0.00110839342369	0.0227436	FGA|FGB|FGG
 REACT:R-HSA-6802946	Signaling by moderate kinase activity BRAF mutants	0.00110839342369	0.0227436	FGA|FGB|FGG
 REACT:R-HSA-6802955	Paradoxical activation of RAF signaling by kinase inactive BRAF	0.00110839342369	0.0227436	FGA|FGB|FGG
 KEGG:hsa05215	Prostate cancer	0.00111648684012	0.0227436	EGFR|ERBB2|FGFR1|FGFR2
 REACT:R-HSA-1250342	PI3K events in ERBB4 signaling	0.00119375151001	0.0239062	ERBB4|NRG1
 REACT:R-HSA-8864260	Transcriptional regulation by the AP-2 (TFAP2) family of transcription factors	0.0011937942103	0.0239062	EGFR|ERBB2|KIT
 KEGG:hsa05219	Bladder cancer	0.00128323828683	0.0254814	EGFR|ERBB2|FGFR3
 REACT:R-HSA-3928662	EPHB-mediated forward signaling	0.00137679689141	0.0271114	KALRN|LIMK2|PTK2
 KEGG:hsa04064	NF-kappa B signaling pathway	0.00148830331196	0.029065	IRAK1|IRAK4|MAP3K7|ZAP70
 REACT:R-HSA-166058	MyD88:Mal cascade initiated on plasma membrane	0.00154766291707	0.029257	IRAK1|IRAK3|IRAK4|MAP3K7
 REACT:R-HSA-168179	Toll Like Receptor TLR1:TLR2 Cascade	0.00154766291707	0.029257	IRAK1|IRAK3|IRAK4|MAP3K7
 REACT:R-HSA-168188	Toll Like Receptor TLR6:TLR2 Cascade	0.00154766291707	0.029257	IRAK1|IRAK3|IRAK4|MAP3K7
 REACT:R-HSA-181438	Toll Like Receptor 2 (TLR2) Cascade	0.00154766291707	0.029257	IRAK1|IRAK3|IRAK4|MAP3K7
 REACT:R-HSA-975110	TRAF6 mediated IRF7 activation in TLR7/8 or 9 signaling	0.00173900441398	0.0326132	IRAK1|IRAK4
 KEGG:hsa04066	HIF-1 signaling pathway	0.00193890740984	0.0360759	EGFR|ERBB2|FLT1|TEK
 REACT:R-HSA-391160	Signal regulatory protein (SIRP) family interactions	0.00204823522916	0.0378123	PTK2|PTK2B
 REACT:R-HSA-6802949	Signaling by RAS mutants	0.00228149018589	0.0417919	FGA|FGB|FGG
 REACT:R-HSA-1250347	SHC1 events in ERBB4 signaling	0.00238152768588	0.0432888	ERBB4|NRG1
 KEGG:hsa05202	Transcriptional misregulation in cancer	0.00245934725867	0.0443621	FLT1|FLT3|MET|NTRK1|PTK2
 KEGG:hsa04020	Calcium signaling pathway	0.00258075296665	0.0461994	EGFR|ERBB2|ERBB3|ERBB4|PTK2B
