 REACT:R-HSA-372790	Signaling by GPCR	0.0	0	ADORA3|ANXA1|AVPR2|CSF2RA|GNAS|GRP|HRH4|KALRN|MC3R|MC4R|OR10G4|OR10G8|OR10G9|OR10H1|OR10H3|OR10H4|OR10J5|OR10T2|OR11A1|OR11L1|OR12D3|OR14A16|OR14I1|OR14J1|OR1A1|OR1A2|OR1C1|OR1D2|OR1D5|OR1E1|OR1E2|OR1F1|OR1J1|OR1J4|OR1K1|OR1L4|OR1M1|OR1N1|OR1S2|OR2A12|OR2A14|OR2A2|OR2B6|OR2G3|OR2G6|OR2S2|OR2T10|OR2T12|OR2T2|OR2T33|OR2T35|OR2W3|OR3A3|OR4B1|OR4C12|OR4C3|OR4D1|OR4D10|OR4D9|OR4K15|OR4K2|OR4L1|OR4M1|OR4N5|OR4S1|OR4X2|OR52E2|OR52W1|OR56A3|OR5A2|OR5AP2|OR5AS1|OR5B12|OR5D13|OR5D14|OR5H6|OR5I1|OR5M9|OR5R1|OR6C4|OR6C6|OR6S1|OR6X1|OR7A10|OR7A5|OR7C1|OR7C2|OR7D2|OR8D1|OR8G1|OR8G5|OR8H1|OR8H3|OR9A4|PPP2R1A|PPP2R1B|TBXA2R
 REACT:R-HSA-388396	GPCR downstream signaling	0.0	0	ADORA3|ANXA1|AVPR2|CSF2RA|GNAS|GRP|HRH4|KALRN|MC3R|MC4R|OR10G4|OR10G8|OR10G9|OR10H1|OR10H3|OR10H4|OR10J5|OR10T2|OR11A1|OR11L1|OR12D3|OR14A16|OR14I1|OR14J1|OR1A1|OR1A2|OR1C1|OR1D2|OR1D5|OR1E1|OR1E2|OR1F1|OR1J1|OR1J4|OR1K1|OR1L4|OR1M1|OR1N1|OR1S2|OR2A12|OR2A14|OR2A2|OR2B6|OR2G3|OR2G6|OR2S2|OR2T10|OR2T12|OR2T2|OR2T33|OR2T35|OR2W3|OR3A3|OR4B1|OR4C12|OR4C3|OR4D1|OR4D10|OR4D9|OR4K15|OR4K2|OR4L1|OR4M1|OR4N5|OR4S1|OR4X2|OR52E2|OR52W1|OR56A3|OR5A2|OR5AP2|OR5AS1|OR5B12|OR5D13|OR5D14|OR5H6|OR5I1|OR5M9|OR5R1|OR6C4|OR6C6|OR6S1|OR6X1|OR7A10|OR7A5|OR7C1|OR7C2|OR7D2|OR8D1|OR8G1|OR8G5|OR8H1|OR8H3|OR9A4|TBXA2R
 KEGG:hsa04740	Olfactory transduction	1.3974377211e-12	1.10072e-09	OR10G4|OR10G8|OR10G9|OR10H1|OR10H3|OR10H4|OR10J5|OR10T2|OR11A1|OR11L1|OR12D3|OR14A16|OR14I1|OR14J1|OR1A1|OR1A2|OR1C1|OR1D2|OR1D5|OR1E1|OR1E2|OR1F1|OR1J1|OR1J4|OR1K1|OR1L4|OR1M1|OR1N1|OR1S2|OR2A12|OR2A14|OR2A2|OR2B6|OR2G3|OR2G6|OR2S2|OR2T10|OR2T12|OR2T2|OR2T33|OR2W3|OR3A3|OR4B1|OR4C12|OR4C3|OR4D1|OR4D10|OR4D9|OR4K15|OR4K2|OR4L1|OR4M1|OR4N5|OR4S1|OR4X2|OR52E2|OR52W1|OR56A3|OR5A2|OR5AP2|OR5AS1|OR5B12|OR5D13|OR5D14|OR5H6|OR5I1|OR5M9|OR5R1|OR6C4|OR6C6|OR6S1|OR6X1|OR7A10|OR7A5|OR7C1|OR7C2|OR7D2|OR8D1|OR8G1|OR8G5|OR8H1|OR8H3|OR9A4|SLC8A1|SLC8A2|SLC8A3
 REACT:R-HSA-162582	Signal Transduction	3.04811731411e-12	1.80068e-09	ADORA3|ANXA1|APH1A|APH1B|AR|AVPR2|CRABP1|CRABP2|CSF2RA|FABP5|GNAS|GRP|HRH4|KALRN|LRAT|MC3R|MC4R|NR3C1|NUP107|OR10G4|OR10G8|OR10G9|OR10H1|OR10H3|OR10H4|OR10J5|OR10T2|OR11A1|OR11L1|OR12D3|OR14A16|OR14I1|OR14J1|OR1A1|OR1A2|OR1C1|OR1D2|OR1D5|OR1E1|OR1E2|OR1F1|OR1J1|OR1J4|OR1K1|OR1L4|OR1M1|OR1N1|OR1S2|OR2A12|OR2A14|OR2A2|OR2B6|OR2G3|OR2G6|OR2S2|OR2T10|OR2T12|OR2T2|OR2T33|OR2T35|OR2W3|OR3A3|OR4B1|OR4C12|OR4C3|OR4D1|OR4D10|OR4D9|OR4K15|OR4K2|OR4L1|OR4M1|OR4N5|OR4S1|OR4X2|OR52E2|OR52W1|OR56A3|OR5A2|OR5AP2|OR5AS1|OR5B12|OR5D13|OR5D14|OR5H6|OR5I1|OR5M9|OR5R1|OR6C4|OR6C6|OR6S1|OR6X1|OR7A10|OR7A5|OR7C1|OR7C2|OR7D2|OR8D1|OR8G1|OR8G5|OR8H1|OR8H3|OR9A4|PGR|PPP2R1A|PPP2R1B|RBP1|RBP2|RBP3|RBP4|RDH11|RDH12|RDH13|RDH14|RDH8|RLBP1|TBXA2R
 REACT:R-HSA-381753	Olfactory Signaling Pathway	6.61115606704e-12	3.12443e-09	OR10G4|OR10G8|OR10G9|OR10H1|OR10H3|OR10H4|OR10J5|OR10T2|OR11A1|OR11L1|OR12D3|OR14A16|OR14I1|OR14J1|OR1A1|OR1A2|OR1C1|OR1D2|OR1D5|OR1E1|OR1E2|OR1F1|OR1J1|OR1J4|OR1K1|OR1L4|OR1M1|OR1N1|OR1S2|OR2A12|OR2A14|OR2A2|OR2B6|OR2G3|OR2G6|OR2S2|OR2T10|OR2T12|OR2T2|OR2T33|OR2T35|OR2W3|OR3A3|OR4B1|OR4C12|OR4C3|OR4D1|OR4D10|OR4D9|OR4K15|OR4K2|OR4L1|OR4M1|OR4N5|OR4S1|OR4X2|OR52E2|OR52W1|OR56A3|OR5A2|OR5AP2|OR5AS1|OR5B12|OR5D13|OR5D14|OR5H6|OR5I1|OR5M9|OR5R1|OR6C4|OR6C6|OR6S1|OR6X1|OR7A10|OR7A5|OR7C1|OR7C2|OR7D2|OR8D1|OR8G1|OR8G5|OR8H1|OR8H3|OR9A4
 REACT:R-HSA-163560	Hormone-sensitive lipase (HSL)-mediated triacylglycerol hydrolysis	1.06257236343e-09	4.18476e-07	FABP1|FABP2|FABP3|FABP4|FABP5|FABP6|FABP7|FABP9
 REACT:R-HSA-2453902	The canonical retinoid cycle in rods (twilight vision)	3.94261412406e-09	1.33091e-06	LRAT|RBP1|RBP3|RBP4|RDH11|RDH12|RDH8|RLBP1
 REACT:R-HSA-383280	Nuclear Receptor transcription pathway	2.06222756649e-08	6.0913e-06	AR|NR0B1|NR1I2|NR1I3|NR2C1|NR3C1|NR3C2|NR4A3|PGR|VDR
 KEGG:hsa_M00415	"Fatty acid biosynthesis elongation endoplasmic reticulum"	2.13117093684e-06	0.000559551	ELOVL1|ELOVL3|ELOVL4|ELOVL7|TECR
 REACT:R-HSA-75876	Synthesis of very long-chain fatty acyl-CoAs	8.90455401936e-06	0.00210415	ELOVL1|ELOVL3|ELOVL4|ELOVL7|TECR|TECRL
 REACT:R-HSA-556833	Metabolism of lipids and lipoproteins	6.30821034265e-05	0.0135512	CDIPT|CYP11B1|ELOVL1|ELOVL3|ELOVL4|ELOVL7|FABP1|FABP2|FABP3|FABP4|FABP5|FABP6|FABP7|FABP9|HSD3B7|MSMO1|NFYC|OSBPL10|OSBPL3|OSBPL5|OSBPL6|OSBPL7|OSBPL8|OSBPL9|PTGR2|SRD5A1|SRD5A2|SRD5A3|TECR|TECRL|TMEM86B
 KEGG:hsa00062	Fatty acid elongation	7.36762747645e-05	0.0145081	ELOVL1|ELOVL3|ELOVL4|ELOVL7|TECR
 REACT:R-HSA-2187338	Visual phototransduction	8.77373203573e-05	0.0159479	LRAT|RBP1|RBP2|RBP3|RBP4|RDH11|RDH12|RDH8|RLBP1
 REACT:R-HSA-194068	Bile acid and bile salt metabolism	0.00011489411093	0.0180997	FABP6|HSD3B7|OSBPL3|OSBPL6|OSBPL7|OSBPL9
 REACT:R-HSA-5362517	Signaling by Retinoic Acid	0.00011489411093	0.0180997	CRABP1|CRABP2|FABP5|RDH11|RDH13|RDH14
 KEGG:hsa03320	PPAR signaling pathway	0.000315445784511	0.0443678	FABP1|FABP2|FABP3|FABP4|FABP5|FABP6|FABP7
 REACT:R-HSA-113510	E2F mediated regulation of DNA replication	0.000337968774242	0.0443678	CDC45|ORC3|PPP2R1A|PPP2R1B|TK2
 REACT:R-HSA-192105	Synthesis of bile acids and bile salts	0.000337968774242	0.0443678	HSD3B7|OSBPL3|OSBPL6|OSBPL7|OSBPL9
 REACT:R-HSA-6806667	Metabolism of fat-soluble vitamins	0.000372230334908	0.0462937	GC|LRAT|RBP1|RBP2|RBP4|RDH11
 REACT:R-HSA-75105	Fatty Acyl-CoA Biosynthesis	0.00041251680093	0.0487389	ELOVL1|ELOVL3|ELOVL4|ELOVL7|TECR|TECRL
 REACT:R-HSA-2453864	Retinoid cycle disease events	0.000454688256396	0.0488377	RBP1|RBP4|RLBP1
 REACT:R-HSA-2474795	Diseases associated with visual transduction	0.000454688256396	0.0488377	RBP1|RBP4|RLBP1
