 KEGG:hsa_M00415	"Fatty acid biosynthesis elongation endoplasmic reticulum"	1.80250663839e-07	0.000366097	ELOVL1|ELOVL3|ELOVL4|ELOVL7
 REACT:R-HSA-216083	Integrin cell surface interactions	3.29659549769e-07	0.000366097	ITGB1|ITGB2|ITGB3|ITGB5|ITGB6|ITGB7
 KEGG:hsa05412	Arrhythmogenic right ventricular cardiomyopathy (ARVC)	4.64786154897e-07	0.000366097	ITGB1|ITGB3|ITGB5|ITGB6|ITGB7|SLC8A1
 KEGG:hsa05410	Hypertrophic cardiomyopathy (HCM)	1.08503392815e-06	0.000640984	ITGB1|ITGB3|ITGB5|ITGB6|ITGB7|SLC8A1
 KEGG:hsa05414	Dilated cardiomyopathy	1.63959493804e-06	0.000774873	ITGB1|ITGB3|ITGB5|ITGB6|ITGB7|SLC8A1
 REACT:R-HSA-383280	Nuclear Receptor transcription pathway	2.00497944447e-06	0.000789628	AR|NR3C1|NR3C2|NR4A3|PGR
 KEGG:hsa00062	Fatty acid elongation	3.07501941244e-06	0.00103804	ELOVL1|ELOVL3|ELOVL4|ELOVL7
 REACT:R-HSA-75876	Synthesis of very long-chain fatty acyl-CoAs	4.93199152474e-06	0.00145679	ELOVL1|ELOVL3|ELOVL4|ELOVL7
 REACT:R-HSA-2129379	Molecules associated with elastic fibres	7.51048457137e-06	0.00197192	ITGB1|ITGB3|ITGB5|ITGB6
 REACT:R-HSA-425561	Sodium/Calcium exchangers	1.85304618856e-05	0.00437875	SLC8A1|SLC8A2|SLC8A3
 KEGG:hsa04512	ECM-receptor interaction	2.11580757693e-05	0.00454514	ITGB1|ITGB3|ITGB5|ITGB6|ITGB7
 REACT:R-HSA-418359	Reduction of cytosolic Ca++ levels	2.35155840271e-05	0.00463061	SLC8A1|SLC8A2|SLC8A3
 REACT:R-HSA-1566948	Elastic fibre formation	2.58389692729e-05	0.00469673	ITGB1|ITGB3|ITGB5|ITGB6
 REACT:R-HSA-418346	Platelet homeostasis	3.50710515675e-05	0.00591949	PPP2R1A|PPP2R1B|SLC8A1|SLC8A2|SLC8A3
 KEGG:hsa04151	PI3K-Akt signaling pathway	6.98902445857e-05	0.0100597	ITGB1|ITGB3|ITGB5|ITGB6|ITGB7|PPP2R1A|PPP2R1B|PRLR
 REACT:R-HSA-75105	Fatty Acyl-CoA Biosynthesis	7.03947528012e-05	0.0100597	ELOVL1|ELOVL3|ELOVL4|ELOVL7
 REACT:R-HSA-3000170	Syndecan interactions	7.23720213573e-05	0.0100597	ITGB1|ITGB3|ITGB5
 REACT:R-HSA-3000178	ECM proteoglycans	8.71290926625e-05	0.011015	ITGB1|ITGB3|ITGB5|ITGB6
 KEGG:hsa04144	Endocytosis	8.85675923282e-05	0.011015	ARFGEF1|ARFGEF2|GBF1|PSD|PSD2|PSD3|PSD4
 KEGG:hsa_M00154	Cytochrome c oxidase	0.000127004779594	0.0150056	COX7A1|COX7A2|COX7A2L
 REACT:R-HSA-1251985	Nuclear signaling by ERBB4	0.000143904277245	0.0161927	APH1A|APH1B|PGR
 KEGG:hsa04810	Regulation of actin cytoskeleton	0.000225797208687	0.0242527	ITGB1|ITGB2|ITGB3|ITGB5|ITGB6|ITGB7
 REACT:R-HSA-418360	Platelet calcium homeostasis	0.000276373979781	0.0283944	SLC8A1|SLC8A2|SLC8A3
 KEGG:hsa04260	Cardiac muscle contraction	0.000295224098602	0.0290673	COX7A1|COX7A2|COX7A2L|SLC8A1
 REACT:R-HSA-75109	Triglyceride Biosynthesis	0.000341225098615	0.0316459	ELOVL1|ELOVL3|ELOVL4|ELOVL7
 REACT:R-HSA-163767	PP2A-mediated dephosphorylation of key metabolic factors	0.000348198357304	0.0316459	PPP2R1A|PPP2R1B
 REACT:R-HSA-113510	E2F mediated regulation of DNA replication	0.000364730472211	0.0319207	ORC3|PPP2R1A|PPP2R1B
