 REACT:R-HSA-194138	Signaling by VEGF	0.0	0	AXL|BCAR1|EGFR|ERBB2|ERBB3|ERBB4|FGFR1|FGFR2|FGFR3|FLT1|KDR|KIT|MET|PTK2|PTK2B|RET|TEK
 KEGG:hsa05230	Central carbon metabolism in cancer	2.68129962677e-12	3.16796e-09	EGFR|ERBB2|FGFR1|FGFR2|FGFR3|FLT3|KIT|MET|NTRK1|NTRK3|RET
 REACT:R-HSA-4420097	VEGFA-VEGFR2 Pathway	8.04178945657e-12	6.33425e-09	AXL|BCAR1|EGFR|ERBB2|ERBB3|ERBB4|FGFR1|FGFR2|FGFR3|KDR|KIT|MET|PTK2|PTK2B|RET|TEK
 REACT:R-HSA-2219530	Constitutive Signaling by Aberrant PI3K in Cancer	2.52025067482e-11	1.48884e-08	EGFR|ERBB2|ERBB3|ERBB4|FGFR1|FGFR2|FGFR3|KIT|MET
 REACT:R-HSA-449147	Signaling by Interleukins	3.38269412481e-11	1.59866e-08	EGFR|ERBB2|ERBB3|ERBB4|FGFR1|FGFR2|FGFR3|FLT3|IRAK1|IRAK3|IRAK4|KIT|MAP3K7|MET|PTK2|PTK2B|RET|TEK
 REACT:R-HSA-170968	Frs2-mediated activation	1.62860280817e-10	4.79188e-08	EGFR|ERBB2|ERBB3|ERBB4|FGFR1|FGFR2|FGFR3|KIT|MET|NTRK1|PTK2|RET|TEK
 REACT:R-HSA-170984	ARMS-mediated activation	1.63660085484e-10	4.79188e-08	EGFR|ERBB2|ERBB3|ERBB4|FGFR1|FGFR2|FGFR3|KIT|MET|NTRK1|PTK2|RET|TEK
 REACT:R-HSA-187706	Signalling to p38 via RIT and RIN	1.63660085484e-10	4.79188e-08	EGFR|ERBB2|ERBB3|ERBB4|FGFR1|FGFR2|FGFR3|KIT|MET|NTRK1|PTK2|RET|TEK
 REACT:R-HSA-169893	Prolonged ERK activation events	1.85123361085e-10	4.79188e-08	EGFR|ERBB2|ERBB3|ERBB4|FGFR1|FGFR2|FGFR3|KIT|MET|NTRK1|PTK2|RET|TEK
 REACT:R-HSA-1280215	Cytokine Signaling in Immune system	2.02788008608e-10	4.79188e-08	EGFR|ERBB2|ERBB3|ERBB4|FGFR1|FGFR2|FGFR3|FLT3|IRAK1|IRAK3|IRAK4|ISG20|KIT|MAP3K7|MET|OAS2|PTK2|PTK2B|RET|TEK
 REACT:R-HSA-167044	Signalling to RAS	2.23329799098e-10	4.79753e-08	EGFR|ERBB2|ERBB3|ERBB4|FGFR1|FGFR2|FGFR3|KIT|MET|NTRK1|PTK2|RET|TEK
 REACT:R-HSA-5218921	VEGFR2 mediated cell proliferation	2.4862745196e-10	4.89589e-08	EGFR|ERBB2|ERBB3|ERBB4|FGFR1|FGFR2|FGFR3|KDR|KIT|MET|PTK2|RET|TEK
 REACT:R-HSA-451927	Interleukin-2 signaling	2.9358437903e-10	5.29831e-08	EGFR|ERBB2|ERBB3|ERBB4|FGFR1|FGFR2|FGFR3|KIT|MET|PTK2|PTK2B|RET|TEK
 REACT:R-HSA-6811558	"PI5P PP2A and IER3 Regulate PI3K/AKT Signaling"	3.19883453059e-10	5.29831e-08	EGFR|ERBB2|ERBB3|ERBB4|FGFR1|FGFR2|FGFR3|KIT|MET
 REACT:R-HSA-187687	Signalling to ERKs	3.36329630812e-10	5.29831e-08	EGFR|ERBB2|ERBB3|ERBB4|FGFR1|FGFR2|FGFR3|KIT|MET|NTRK1|PTK2|RET|TEK
 REACT:R-HSA-2219528	PI3K/AKT Signaling in Cancer	4.29724478224e-10	6.34649e-08	EGFR|ERBB2|ERBB3|ERBB4|FGFR1|FGFR2|FGFR3|KIT|MET
 REACT:R-HSA-198203	PI3K/AKT activation	5.26809706969e-10	7.32265e-08	EGFR|ERBB2|ERBB3|ERBB4|FGFR1|FGFR2|FGFR3|KIT|MET|NTRK1
 REACT:R-HSA-422475	Axon guidance	5.7903182249e-10	7.6014e-08	EGFR|EPHA3|ERBB2|ERBB3|ERBB4|FES|FGFR1|FGFR2|FGFR3|KALRN|KDR|KIT|LIMK2|MET|PTK2|RET|TEK
 REACT:R-HSA-166520	Signalling by NGF	6.45756892403e-10	8.00535e-08	EGFR|ERBB2|ERBB3|ERBB4|FGFR1|FGFR2|FGFR3|IRAK1|KALRN|KIT|MET|NTRK1|NTRK2|PTK2|RET|TEK
 REACT:R-HSA-199418	Negative regulation of the PI3K/AKT network	6.77558231743e-10	8.00535e-08	EGFR|ERBB2|ERBB3|ERBB4|FGFR1|FGFR2|FGFR3|KIT|MET
 REACT:R-HSA-5683057	MAPK family signaling cascades	1.04693886893e-09	1.17806e-07	EGFR|ERBB2|ERBB3|ERBB4|FGFR1|FGFR2|FGFR3|KALRN|KIT|MET|PTK2|RET|TEK
 REACT:R-HSA-112412	SOS-mediated signalling	1.87220772219e-09	1.76961e-07	EGFR|ERBB2|ERBB3|ERBB4|FGFR1|FGFR2|FGFR3|KIT|MET|PTK2|RET|TEK
 REACT:R-HSA-179812	GRB2 events in EGFR signaling	1.87220772219e-09	1.76961e-07	EGFR|ERBB2|ERBB3|ERBB4|FGFR1|FGFR2|FGFR3|KIT|MET|PTK2|RET|TEK
 REACT:R-HSA-180336	SHC1 events in EGFR signaling	1.87220772219e-09	1.76961e-07	EGFR|ERBB2|ERBB3|ERBB4|FGFR1|FGFR2|FGFR3|KIT|MET|PTK2|RET|TEK
 REACT:R-HSA-5673001	RAF/MAP kinase cascade	1.87220772219e-09	1.76961e-07	EGFR|ERBB2|ERBB3|ERBB4|FGFR1|FGFR2|FGFR3|KIT|MET|PTK2|RET|TEK
 REACT:R-HSA-5684996	MAPK1/MAPK3 signaling	2.4437069035e-09	2.22095e-07	EGFR|ERBB2|ERBB3|ERBB4|FGFR1|FGFR2|FGFR3|KIT|MET|PTK2|RET|TEK
 REACT:R-HSA-2586552	Signaling by Leptin	2.66964705897e-09	2.33644e-07	EGFR|ERBB2|ERBB3|ERBB4|FGFR1|FGFR2|FGFR3|KIT|MET|PTK2|RET|TEK
 REACT:R-HSA-912526	Interleukin receptor SHC signaling	2.90425128391e-09	2.45098e-07	EGFR|ERBB2|ERBB3|ERBB4|FGFR1|FGFR2|FGFR3|KIT|MET|PTK2|RET|TEK
 REACT:R-HSA-187037	NGF signalling via TRKA from the plasma membrane	3.54889473364e-09	2.89174e-07	EGFR|ERBB2|ERBB3|ERBB4|FGFR1|FGFR2|FGFR3|KIT|MET|NTRK1|NTRK2|PTK2|RET|TEK
 KEGG:hsa01521	EGFR tyrosine kinase inhibitor resistance	4.0868038953e-09	3.21904e-07	AXL|EGFR|ERBB2|ERBB3|FGFR2|FGFR3|KDR|MET
 REACT:R-HSA-8853659	RET signaling	5.57793444766e-09	4.17265e-07	EGFR|ERBB2|ERBB3|ERBB4|FGFR1|FGFR2|FGFR3|KIT|MET|PTK2|RET|TEK
 REACT:R-HSA-2871796	FCERI mediated MAPK activation	5.82723092002e-09	4.17265e-07	EGFR|ERBB2|ERBB3|ERBB4|FGFR1|FGFR2|FGFR3|KIT|MET|PTK2|RET|TEK
 REACT:R-HSA-512988	"Interleukin-3 5 and GM-CSF signaling"	5.82723092002e-09	4.17265e-07	EGFR|ERBB2|ERBB3|ERBB4|FGFR1|FGFR2|FGFR3|KIT|MET|PTK2|RET|TEK
 REACT:R-HSA-1433557	Signaling by SCF-KIT	6.51429066245e-09	4.52743e-07	EGFR|ERBB2|ERBB3|ERBB4|FES|FGFR1|FGFR2|FGFR3|KIT|MET|PTK2|RET|TEK
 REACT:R-HSA-375165	NCAM signaling for neurite out-growth	7.14541370517e-09	4.82418e-07	EGFR|ERBB2|ERBB3|ERBB4|FGFR1|FGFR2|FGFR3|KIT|MET|PTK2|RET|TEK
 REACT:R-HSA-1257604	PIP3 activates AKT signaling	8.5990361498e-09	5.64431e-07	EGFR|ERBB2|ERBB3|ERBB4|FGFR1|FGFR2|FGFR3|KIT|MET
 REACT:R-HSA-180292	GAB1 signalosome	1.06077941986e-08	6.77465e-07	EGFR|ERBB2|ERBB3|ERBB4|FGFR1|FGFR2|FGFR3|KIT|MET
 REACT:R-HSA-186763	Downstream signal transduction	1.10005567988e-08	6.84061e-07	BCAR1|EGFR|ERBB2|ERBB3|ERBB4|FGFR1|FGFR2|FGFR3|KIT|MET|PTK2|RET|TEK
 REACT:R-HSA-112399	IRS-mediated signalling	1.45125048645e-08	8.79309e-07	EGFR|ERBB2|ERBB3|ERBB4|FGFR1|FGFR2|FGFR3|KIT|MET|PTK2|RET|TEK
 REACT:R-HSA-74751	Insulin receptor signalling cascade	1.6236353706e-08	9.48269e-07	EGFR|ERBB2|ERBB3|ERBB4|FGFR1|FGFR2|FGFR3|KIT|MET|PTK2|RET|TEK
 REACT:R-HSA-2428924	IGF1R signaling cascade	1.6854555307e-08	9.48269e-07	EGFR|ERBB2|ERBB3|ERBB4|FGFR1|FGFR2|FGFR3|KIT|MET|PTK2|RET|TEK
 REACT:R-HSA-2428928	IRS-related events triggered by IGF1R	1.6854555307e-08	9.48269e-07	EGFR|ERBB2|ERBB3|ERBB4|FGFR1|FGFR2|FGFR3|KIT|MET|PTK2|RET|TEK
 REACT:R-HSA-2404192	Signaling by Type 1 Insulin-like Growth Factor 1 Receptor (IGF1R)	1.74966848787e-08	9.61504e-07	EGFR|ERBB2|ERBB3|ERBB4|FGFR1|FGFR2|FGFR3|KIT|MET|PTK2|RET|TEK
 REACT:R-HSA-2730905	Role of LAT2/NTAL/LAB on calcium mobilization	1.92780328367e-08	1.03532e-06	EGFR|ERBB2|ERBB3|ERBB4|FGFR1|FGFR2|FGFR3|KIT|MET
 REACT:R-HSA-186797	Signaling by PDGF	2.4092942974e-08	1.26515e-06	BCAR1|EGFR|ERBB2|ERBB3|ERBB4|FGFR1|FGFR2|FGFR3|KIT|MET|PTK2|RET|TEK
 REACT:R-HSA-2454202	Fc epsilon receptor (FCERI) signaling	2.56780727792e-08	1.31907e-06	EGFR|ERBB2|ERBB3|ERBB4|FGFR1|FGFR2|FGFR3|KIT|MAP3K7|MET|PTK2|RET|TEK
 REACT:R-HSA-1168372	Downstream signaling events of B Cell Receptor (BCR)	3.45970426752e-08	1.73942e-06	EGFR|ERBB2|ERBB3|ERBB4|FGFR1|FGFR2|FGFR3|KIT|MAP3K7|MET
 REACT:R-HSA-74752	Signaling by Insulin receptor	3.97938368923e-08	1.95902e-06	EGFR|ERBB2|ERBB3|ERBB4|FGFR1|FGFR2|FGFR3|KIT|MET|PTK2|RET|TEK
 KEGG:hsa04144	Endocytosis	4.34806205485e-08	2.09683e-06	EGFR|ERBB3|ERBB4|FGFR2|FGFR3|FLT1|KDR|KIT|MET|NTRK1|RET
 KEGG:hsa04015	Rap1 signaling pathway	6.33822123675e-08	2.99544e-06	BCAR1|EGFR|FGFR1|FGFR2|FGFR3|FLT1|KDR|KIT|MET|TEK
 REACT:R-HSA-2424491	DAP12 signaling	1.19563960066e-07	5.5398e-06	EGFR|ERBB2|ERBB3|ERBB4|FGFR1|FGFR2|FGFR3|KIT|MET|PTK2|RET|TEK
 KEGG:hsa04014	Ras signaling pathway	1.31731130892e-07	5.98617e-06	EGFR|FGFR1|FGFR2|FGFR3|FLT1|KDR|KIT|MET|TEK|ZAP70
 REACT:R-HSA-177929	Signaling by EGFR	1.52214740146e-07	6.78648e-06	EGFR|ERBB2|ERBB3|ERBB4|FGFR1|FGFR2|FGFR3|KIT|MET|PTK2|RET|TEK
 REACT:R-HSA-881907	Gastrin-CREB signalling pathway via PKC and MAPK	1.64660149626e-07	7.20541e-06	EGFR|ERBB2|ERBB3|ERBB4|FGFR1|FGFR2|FGFR3|KALRN|KIT|MET|PTK2|RET|TEK
 REACT:R-HSA-983705	Signaling by the B Cell Receptor (BCR)	1.74930305574e-07	7.51564e-06	EGFR|ERBB2|ERBB3|ERBB4|FGFR1|FGFR2|FGFR3|KIT|MAP3K7|MET
 REACT:R-HSA-2172127	DAP12 interactions	1.8710719063e-07	7.89526e-06	EGFR|ERBB2|ERBB3|ERBB4|FGFR1|FGFR2|FGFR3|KIT|MET|PTK2|RET|TEK
 REACT:R-HSA-8847993	ERBB2 Activates PTK6 Signaling	3.63918991608e-07	1.50867e-05	EGFR|ERBB2|ERBB3|ERBB4
 REACT:R-HSA-6785631	ERBB2 Regulates Cell Motility	5.07584974829e-07	2.06797e-05	EGFR|ERBB2|ERBB3|ERBB4
 REACT:R-HSA-1963642	PI3K events in ERBB2 signaling	9.16169357601e-07	3.66934e-05	EGFR|ERBB2|ERBB3|ERBB4
 KEGG:hsa05200	Pathways in cancer	2.82408463259e-06	0.000111222	EGFR|ERBB2|FGFR1|FGFR2|FGFR3|FLT3|KIT|MET|NTRK1|PTK2|RET
 REACT:R-HSA-1250196	SHC1 events in ERBB2 signaling	3.60229376672e-06	0.000139545	EGFR|ERBB2|ERBB3|ERBB4
 KEGG:hsa04151	PI3K-Akt signaling pathway	5.38355291446e-06	0.000205183	EGFR|FGFR1|FGFR2|FGFR3|FLT1|KDR|KIT|MET|PTK2|TEK
 KEGG:hsa05205	Proteoglycans in cancer	6.11521653837e-06	0.000229369	EGFR|ERBB2|ERBB3|ERBB4|FGFR1|KDR|MET|PTK2
 REACT:R-HSA-168249	Innate Immune System	7.36221261421e-06	0.000271827	B4GALT1|EGFR|ERBB2|ERBB3|ERBB4|FGFR1|FGFR2|FGFR3|IRAK1|IRAK3|IRAK4|KIT|MAP3K7|MET|NLRP1|PTK2|RET|TEK|TREX1
 REACT:R-HSA-15869	Metabolism of nucleotides	7.56892357345e-06	0.000275159	AK5|DCK|DGUOK|DUT|RRM1|TK2
 REACT:R-HSA-1266738	Developmental Biology	9.66429821059e-06	0.000346011	EGFR|EPHA3|ERBB2|ERBB3|ERBB4|FES|FGFR1|FGFR2|FGFR3|KALRN|KDR|KIT|LIMK2|MET|PTK2|RET|TEK
 KEGG:hsa00240	Pyrimidine metabolism	1.13189971935e-05	0.000399206	DCK|DUT|RRM1|TK2|UCKL1|UPRT
 REACT:R-HSA-8863795	Downregulation of ERBB2 signaling	1.31062219737e-05	0.000455441	EGFR|ERBB2|ERBB3|ERBB4
 REACT:R-HSA-8848021	Signaling by PTK6	1.8428309201e-05	0.000631103	BCAR1|EGFR|ERBB2|ERBB3|ERBB4
 KEGG:hsa04722	Neurotrophin signaling pathway	2.44591740237e-05	0.00082532	IRAK1|IRAK3|IRAK4|NTRK1|NTRK2|NTRK3
 REACT:R-HSA-168256	Immune System	2.47980131965e-05	0.00082532	B4GALT1|EGFR|ERBB2|ERBB3|ERBB4|FGFR1|FGFR2|FGFR3|FLT3|IRAK1|IRAK3|IRAK4|ISG20|KIT|MAP3K7|MET|NLRP1|OAS2|PTK2|PTK2B|RET|TEK|TREX1|ZAP70
 REACT:R-HSA-162582	Signal Transduction	2.54675416723e-05	0.000835831	AXL|B4GALT1|BCAR1|EGFR|ERBB2|ERBB3|ERBB4|FES|FGFR1|FGFR2|FGFR3|FLT1|IRAK1|KALRN|KDR|KIT|LIMK2|MAP3K7|MET|NTRK1|NTRK2|PTK2|PTK2B|RET|ROR2|RYK|TEK
 KEGG:hsa04520	Adherens junction	2.62035606676e-05	0.000848206	EGFR|ERBB2|FGFR1|MAP3K7|MET
 KEGG:hsa_M00686	Toll-like receptor signaling	4.92367798921e-05	0.00157225	IRAK1|IRAK4|MAP3K7
 KEGG:hsa04510	Focal adhesion	5.06530155588e-05	0.00159591	BCAR1|EGFR|ERBB2|FLT1|KDR|MET|PTK2
 REACT:R-HSA-1963640	GRB2 events in ERBB2 signaling	6.0387686881e-05	0.0018532	EGFR|ERBB2|ERBB4
 REACT:R-HSA-8866910	TFAP2 (AP-2) family regulates transcription of growth factors and their receptors	6.0387686881e-05	0.0018532	EGFR|ERBB2|KIT
 KEGG:hsa04012	ErbB signaling pathway	6.1897889495e-05	0.00187519	EGFR|ERBB2|ERBB3|ERBB4|PTK2
 REACT:R-HSA-5663202	Diseases of signal transduction	7.25459985259e-05	0.00216995	EGFR|ERBB2|ERBB3|ERBB4|FGFR1|FGFR2|FGFR3|KIT|MET
 REACT:R-HSA-446652	Interleukin-1 signaling	7.36069703249e-05	0.00217417	IRAK1|IRAK3|IRAK4|MAP3K7
 KEGG:hsa04810	Regulation of actin cytoskeleton	7.55858589744e-05	0.00220505	BCAR1|EGFR|FGFR1|FGFR2|FGFR3|LIMK2|PTK2
 REACT:R-HSA-2682334	EPH-Ephrin signaling	9.95745161959e-05	0.00286945	EPHA3|KALRN|KDR|LIMK2|PTK2
 REACT:R-HSA-1227986	Signaling by ERBB2	0.000102373139156	0.00291455	EGFR|ERBB2|ERBB3|ERBB4
 REACT:R-HSA-1251932	PLCG1 events in ERBB2 signaling	0.000141736565361	0.00394028	EGFR|ERBB2
 REACT:R-HSA-194306	Neurophilin interactions with VEGF and VEGFR	0.000141736565361	0.00394028	FLT1|KDR
 KEGG:hsa04360	Axon guidance	0.000208700498227	0.00573441	EPHA3|FES|LIMK2|MET|PTK2|RYK
 KEGG:hsa_M00414	Bloom's syndrome complex	0.000235480497924	0.00624658	TOP3A|TOP3B
 REACT:R-HSA-1306955	GRB7 events in ERBB2 signaling	0.000235480497924	0.00624658	ERBB2|ERBB3
 REACT:R-HSA-187024	NGF-independant TRKA activation	0.000235480497924	0.00624658	NTRK1|NTRK2
 KEGG:hsa04010	MAPK signaling pathway	0.000237914607301	0.00624658	EGFR|FGFR1|FGFR2|FGFR3|MAP3K7|NTRK1|NTRK2
 REACT:R-HSA-73848	Pyrimidine metabolism	0.000270750475967	0.00703059	DCK|DUT|TK2
 REACT:R-HSA-400685	Sema4D in semaphorin signaling	0.000303533546898	0.00779619	ERBB2|LIMK2|MET
 REACT:R-HSA-373755	Semaphorin interactions	0.000338992794086	0.00861333	ERBB2|FES|LIMK2|MET
 REACT:R-HSA-187015	Activation of TRKA receptors	0.000352104031902	0.0088513	NTRK1|NTRK2
 REACT:R-HSA-3928663	EPHA-mediated growth cone collapse	0.000606002616015	0.0150735	EPHA3|KDR|PTK2
 REACT:R-HSA-194313	VEGF ligand-receptor interactions	0.00065311349193	0.0159104	FLT1|KDR
 REACT:R-HSA-195399	VEGF binds to VEGFR leading to receptor dimerization	0.00065311349193	0.0159104	FLT1|KDR
 KEGG:hsa05215	Prostate cancer	0.000864570876939	0.0208467	EGFR|ERBB2|FGFR1|FGFR2
 REACT:R-HSA-8864260	Transcriptional regulation by the AP-2 (TFAP2) family of transcription factors	0.000979864807478	0.0233881	EGFR|ERBB2|KIT
 KEGG:hsa05219	Bladder cancer	0.00105354979825	0.0248954	EGFR|ERBB2|FGFR3
 REACT:R-HSA-3928662	EPHB-mediated forward signaling	0.0011306512133	0.0264528	KALRN|LIMK2|PTK2
 KEGG:hsa04064	NF-kappa B signaling pathway	0.00115468083571	0.0267489	IRAK1|IRAK4|MAP3K7|ZAP70
 REACT:R-HSA-166058	MyD88:Mal cascade initiated on plasma membrane	0.00120105912751	0.0267489	IRAK1|IRAK3|IRAK4|MAP3K7
 REACT:R-HSA-168179	Toll Like Receptor TLR1:TLR2 Cascade	0.00120105912751	0.0267489	IRAK1|IRAK3|IRAK4|MAP3K7
 REACT:R-HSA-168188	Toll Like Receptor TLR6:TLR2 Cascade	0.00120105912751	0.0267489	IRAK1|IRAK3|IRAK4|MAP3K7
 REACT:R-HSA-181438	Toll Like Receptor 2 (TLR2) Cascade	0.00120105912751	0.0267489	IRAK1|IRAK3|IRAK4|MAP3K7
 REACT:R-HSA-1236394	Signaling by ERBB4	0.00121122908846	0.0267489	EGFR|ERBB3|ERBB4
 REACT:R-HSA-73614	Pyrimidine salvage reactions	0.00127078811132	0.0278044	DCK|TK2
 KEGG:hsa04066	HIF-1 signaling pathway	0.0015071253361	0.0326552	EGFR|ERBB2|FLT1|TEK
 REACT:R-HSA-975110	TRAF6 mediated IRF7 activation in TLR7/8 or 9 signaling	0.00152013415789	0.0326552	IRAK1|IRAK4
 REACT:R-HSA-168643	"Nucleotide-binding domain leucine rich repeat containing receptor (NLR) signaling pathways"	0.00166828980258	0.035515	IRAK1|MAP3K7|NLRP1
 REACT:R-HSA-1358803	Downregulation of ERBB2:ERBB3 signaling	0.00179085564938	0.037121	ERBB2|ERBB3
 REACT:R-HSA-391160	Signal regulatory protein (SIRP) family interactions	0.00179085564938	0.037121	PTK2|PTK2B
 REACT:R-HSA-74217	Purine salvage	0.00179085564938	0.037121	DCK|DGUOK
 KEGG:hsa05202	Transcriptional misregulation in cancer	0.001818819077	0.0373728	FLT1|FLT3|MET|NTRK1|PTK2
 REACT:R-HSA-1280218	Adaptive Immune System	0.0018631887372	0.0379544	EGFR|ERBB2|ERBB3|ERBB4|FGFR1|FGFR2|FGFR3|KIT|MAP3K7|MET|ZAP70
 KEGG:hsa04020	Calcium signaling pathway	0.00190967334588	0.0385689	EGFR|ERBB2|ERBB3|ERBB4|PTK2B
 KEGG:hsa04060	Cytokine-cytokine receptor interaction	0.00202866257108	0.0406248	EGFR|FLT1|FLT3|KDR|KIT|MET
 REACT:R-HSA-166054	Activated TLR4 signalling	0.00242537287718	0.048161	IRAK1|IRAK3|IRAK4|MAP3K7
