 KEGG:hsa04740	Olfactory transduction	0.0	0	OR10G4|OR10J1|OR11L1|OR12D3|OR14A16|OR1A2|OR1C1|OR1D2|OR1D5|OR1E2|OR1F1|OR1J1|OR1N1|OR1S2|OR2T2|OR2V2|OR4C12|OR4C3|OR4K15|OR52M1|OR5AS1|OR5B12|OR5D13|OR5R1|OR7C1|OR7D2|OR8G1|OR9A2|SLC8A1|SLC8A2|SLC8A3
 REACT:R-HSA-162582	Signal Transduction	0.0	0	ADORA3|ANXA1|APH1B|AVPR2|CRABP1|CRABP2|GPR31|HRH4|ITGB1|ITGB3|KALRN|LRAT|MC3R|MC4R|OR10G4|OR10J1|OR11L1|OR12D3|OR14A16|OR1A2|OR1C1|OR1D2|OR1D5|OR1E2|OR1F1|OR1J1|OR1N1|OR1S2|OR2T2|OR2V2|OR4C12|OR4C3|OR4K15|OR52M1|OR5AS1|OR5B12|OR5D13|OR5R1|OR7C1|OR7D2|OR8G1|OR9A2|PGR|PTGER1|PTGER3|RBP1|RBP3|RBP4|RDH11|RDH12|RDH13|RDH14|RDH8|RLBP1|RPE65|TBXA2R
 REACT:R-HSA-2453902	The canonical retinoid cycle in rods (twilight vision)	0.0	0	LRAT|RBP1|RBP3|RBP4|RDH11|RDH12|RDH8|RLBP1|RPE65
 REACT:R-HSA-372790	Signaling by GPCR	0.0	0	ADORA3|ANXA1|AVPR2|GPR31|HRH4|ITGB3|KALRN|MC3R|MC4R|OR10G4|OR10J1|OR11L1|OR12D3|OR14A16|OR1A2|OR1C1|OR1D2|OR1D5|OR1E2|OR1F1|OR1J1|OR1N1|OR1S2|OR2T2|OR2V2|OR4C12|OR4C3|OR4K15|OR52M1|OR5AS1|OR5B12|OR5D13|OR5R1|OR7C1|OR7D2|OR8G1|OR9A2|PTGER1|PTGER3|TBXA2R
 REACT:R-HSA-388396	GPCR downstream signaling	0.0	0	ADORA3|ANXA1|AVPR2|HRH4|KALRN|MC3R|MC4R|OR10G4|OR10J1|OR11L1|OR12D3|OR14A16|OR1A2|OR1C1|OR1D2|OR1D5|OR1E2|OR1F1|OR1J1|OR1N1|OR1S2|OR2T2|OR2V2|OR4C12|OR4C3|OR4K15|OR52M1|OR5AS1|OR5B12|OR5D13|OR5R1|OR7C1|OR7D2|OR8G1|OR9A2|PTGER1|PTGER3|TBXA2R
 REACT:R-HSA-381753	Olfactory Signaling Pathway	3.47333273254e-12	1.36791e-09	OR10G4|OR10J1|OR11L1|OR12D3|OR14A16|OR1A2|OR1C1|OR1D2|OR1D5|OR1E2|OR1F1|OR1J1|OR1N1|OR1S2|OR2T2|OR2V2|OR4C12|OR4C3|OR4K15|OR52M1|OR5AS1|OR5B12|OR5D13|OR5R1|OR7C1|OR7D2|OR8G1|OR9A2
 KEGG:hsa_M00415	"Fatty acid biosynthesis elongation endoplasmic reticulum"	7.07156289081e-08	2.38716e-05	ELOVL1|ELOVL3|ELOVL4|ELOVL5|ELOVL7
 REACT:R-HSA-2187338	Visual phototransduction	3.30256385905e-07	9.58339e-05	LRAT|RBP1|RBP3|RBP4|RDH11|RDH12|RDH8|RLBP1|RPE65
 REACT:R-HSA-383280	Nuclear Receptor transcription pathway	3.65004339309e-07	9.58339e-05	NR0B1|NR1I2|NR1I3|NR2C1|NR4A3|PGR|VDR
 KEGG:hsa00062	Fatty acid elongation	2.67530712994e-06	0.000632175	ELOVL1|ELOVL3|ELOVL4|ELOVL5|ELOVL7
 REACT:R-HSA-75876	Synthesis of very long-chain fatty acyl-CoAs	4.84202395479e-06	0.00104015	ELOVL1|ELOVL3|ELOVL4|ELOVL5|ELOVL7
 KEGG:hsa00830	Retinol metabolism	2.70962475144e-05	0.0053357	LRAT|RDH11|RDH12|RDH8|RETSAT|RPE65
 REACT:R-HSA-216083	Integrin cell surface interactions	3.51185853587e-05	0.00638348	ITGB1|ITGB2|ITGB3|ITGB5|ITGB6|ITGB7
 REACT:R-HSA-5362517	Signaling by Retinoic Acid	4.2530349061e-05	0.00717852	CRABP1|CRABP2|RDH11|RDH13|RDH14
 KEGG:hsa05412	Arrhythmogenic right ventricular cardiomyopathy (ARVC)	4.86705385686e-05	0.00746771	ITGB1|ITGB3|ITGB5|ITGB6|ITGB7|SLC8A1
 REACT:R-HSA-5365859	RA biosynthesis pathway	5.12310216911e-05	0.00746771	CRABP1|RDH11|RDH13|RDH14
 REACT:R-HSA-2453864	Retinoid cycle disease events	6.00451054901e-05	0.00746771	RBP1|RBP4|RLBP1
 REACT:R-HSA-2474795	Diseases associated with visual transduction	6.00451054901e-05	0.00746771	RBP1|RBP4|RLBP1
 REACT:R-HSA-391908	Prostanoid ligand receptors	6.00451054901e-05	0.00746771	PTGER1|PTGER3|TBXA2R
 REACT:R-HSA-2046105	Linoleic acid (LA) metabolism	8.52080404548e-05	0.0100673	ELOVL1|ELOVL3|ELOVL5
 KEGG:hsa05410	Hypertrophic cardiomyopathy (HCM)	0.000108411010358	0.0121988	ITGB1|ITGB3|ITGB5|ITGB6|ITGB7|SLC8A1
 REACT:R-HSA-6806667	Metabolism of fat-soluble vitamins	0.000117925882204	0.0126663	GC|LRAT|RBP1|RBP4|RDH11
 REACT:R-HSA-75105	Fatty Acyl-CoA Biosynthesis	0.000129021347249	0.0132555	ELOVL1|ELOVL3|ELOVL4|ELOVL5|ELOVL7
 KEGG:hsa05414	Dilated cardiomyopathy	0.000159682583153	0.0157221	ITGB1|ITGB3|ITGB5|ITGB6|ITGB7|SLC8A1
 REACT:R-HSA-2129379	Molecules associated with elastic fibres	0.000172083445327	0.0162653	ITGB1|ITGB3|ITGB5|ITGB6
 REACT:R-HSA-425561	Sodium/Calcium exchangers	0.000199055996431	0.0180911	SLC8A1|SLC8A2|SLC8A3
 REACT:R-HSA-192105	Synthesis of bile acids and bile salts	0.000248344342923	0.0212384	OSBPL3|OSBPL6|OSBPL7|OSBPL9
 REACT:R-HSA-418359	Reduction of cytosolic Ca++ levels	0.000251661101914	0.0212384	SLC8A1|SLC8A2|SLC8A3
 REACT:R-HSA-2046104	alpha-linolenic (omega3) and linoleic (omega6) acid metabolism	0.000312487612681	0.0238196	ELOVL1|ELOVL3|ELOVL5
 REACT:R-HSA-2046106	alpha-linolenic acid (ALA) metabolism	0.000312487612681	0.0238196	ELOVL1|ELOVL3|ELOVL5
 REACT:R-HSA-391903	Eicosanoid ligand-binding receptors	0.000312487612681	0.0238196	PTGER1|PTGER3|TBXA2R
 REACT:R-HSA-1566948	Elastic fibre formation	0.000566681558758	0.0418459	ITGB1|ITGB3|ITGB5|ITGB6
 REACT:R-HSA-194068	Bile acid and bile salt metabolism	0.000620440653538	0.0444273	OSBPL3|OSBPL6|OSBPL7|OSBPL9
 REACT:R-HSA-975634	Retinoid metabolism and transport	0.00067772112241	0.0471016	LRAT|RBP1|RBP4|RDH11
 REACT:R-HSA-373076	Class A/1 (Rhodopsin-like receptors)	0.000717474745938	0.0484398	ADORA3|ANXA1|AVPR2|GPR31|HRH4|MC3R|MC4R|PTGER1|PTGER3|TBXA2R
 REACT:R-HSA-3000170	Syndecan interactions	0.000757314954051	0.0497093	ITGB1|ITGB3|ITGB5
