 REACT:R-HSA-163560	Hormone-sensitive lipase (HSL)-mediated triacylglycerol hydrolysis	0.0	0	FABP1|FABP2|FABP3|FABP4|FABP5|FABP6|FABP7|FABP9
 KEGG:hsa03320	PPAR signaling pathway	3.25813597213e-08	3.54102e-05	FABP1|FABP2|FABP3|FABP4|FABP5|FABP6|FABP7
 REACT:R-HSA-73923	"Lipid digestion mobilization and transport"	4.4955842049e-08	3.54102e-05	FABP1|FABP2|FABP3|FABP4|FABP5|FABP6|FABP7|FABP9
 KEGG:hsa_M00415	"Fatty acid biosynthesis elongation endoplasmic reticulum"	2.7043802775e-07	0.000159761	ELOVL1|ELOVL3|ELOVL4|ELOVL7
 KEGG:hsa04740	Olfactory transduction	2.23803697852e-06	0.0010577	OR10G3|OR10H3|OR1A1|OR1A2|OR1E1|OR1E2|OR1J1|OR4A16|OR52E2|OR8D1|OR8H1
 REACT:R-HSA-381753	Olfactory Signaling Pathway	3.2227348683e-06	0.00126922	OR10G3|OR10H3|OR1A1|OR1A2|OR1E1|OR1E2|OR1J1|OR4A16|OR52E2|OR8D1|OR8H1
 KEGG:hsa00062	Fatty acid elongation	4.59415975462e-06	0.00155086	ELOVL1|ELOVL3|ELOVL4|ELOVL7
 REACT:R-HSA-75876	Synthesis of very long-chain fatty acyl-CoAs	7.36091624065e-06	0.00217423	ELOVL1|ELOVL3|ELOVL4|ELOVL7
 REACT:R-HSA-75105	Fatty Acyl-CoA Biosynthesis	0.000104127496171	0.0273393	ELOVL1|ELOVL3|ELOVL4|ELOVL7
 KEGG:hsa_M00154	Cytochrome c oxidase	0.00017085258348	0.0403725	COX7A1|COX7A2|COX7A2L
