 REACT:R-HSA-383280	Nuclear Receptor transcription pathway	6.49623035365e-08	0.000153506	AR|NR0B1|NR3C1|NR3C2|NR4A3|PGR
 KEGG:hsa_M00415	"Fatty acid biosynthesis elongation endoplasmic reticulum"	1.96157990406e-07	0.000231761	ELOVL1|ELOVL3|ELOVL4|ELOVL7
 REACT:R-HSA-216083	Integrin cell surface interactions	3.73959712419e-07	0.000294556	ITGB1|ITGB2|ITGB3|ITGB5|ITGB6|ITGB7
 KEGG:hsa05412	Arrhythmogenic right ventricular cardiomyopathy (ARVC)	5.2707629028e-07	0.00031137	ITGB1|ITGB3|ITGB5|ITGB6|ITGB7|SLC8A1
 KEGG:hsa05410	Hypertrophic cardiomyopathy (HCM)	1.22941438674e-06	0.000581021	ITGB1|ITGB3|ITGB5|ITGB6|ITGB7|SLC8A1
 KEGG:hsa05414	Dilated cardiomyopathy	1.85694927857e-06	0.000731329	ITGB1|ITGB3|ITGB5|ITGB6|ITGB7|SLC8A1
 KEGG:hsa00062	Fatty acid elongation	3.34352345033e-06	0.00112868	ELOVL1|ELOVL3|ELOVL4|ELOVL7
 REACT:R-HSA-75876	Synthesis of very long-chain fatty acyl-CoAs	5.36149770458e-06	0.00158365	ELOVL1|ELOVL3|ELOVL4|ELOVL7
 REACT:R-HSA-2129379	Molecules associated with elastic fibres	8.16283880645e-06	0.0021432	ITGB1|ITGB3|ITGB5|ITGB6
 KEGG:hsa04144	Endocytosis	1.17261492039e-05	0.00277089	ARFGEF1|ARFGEF2|ERBB3|GBF1|PSD|PSD2|PSD3|PSD4
 REACT:R-HSA-425561	Sodium/Calcium exchangers	1.97261836736e-05	0.00423754	SLC8A1|SLC8A2|SLC8A3
 KEGG:hsa04512	ECM-receptor interaction	2.34323904209e-05	0.00454994	ITGB1|ITGB3|ITGB5|ITGB6|ITGB7
 REACT:R-HSA-418359	Reduction of cytosolic Ca++ levels	2.50313832496e-05	0.00454994	SLC8A1|SLC8A2|SLC8A3
 REACT:R-HSA-1566948	Elastic fibre formation	2.80620691916e-05	0.00473648	ITGB1|ITGB3|ITGB5|ITGB6
 REACT:R-HSA-1236394	Signaling by ERBB4	3.08442908636e-05	0.004859	APH1A|APH1B|ERBB3|PGR
 REACT:R-HSA-75105	Fatty Acyl-CoA Biosynthesis	7.63882768858e-05	0.010704	ELOVL1|ELOVL3|ELOVL4|ELOVL7
 REACT:R-HSA-3000170	Syndecan interactions	7.70071161778e-05	0.010704	ITGB1|ITGB3|ITGB5
 REACT:R-HSA-3000178	ECM proteoglycans	9.45279482244e-05	0.0124094	ITGB1|ITGB3|ITGB5|ITGB6
 KEGG:hsa_M00154	Cytochrome c oxidase	0.000135103968717	0.0168027	COX7A1|COX7A2|COX7A2L
 REACT:R-HSA-1251985	Nuclear signaling by ERBB4	0.000153071309967	0.0180854	APH1A|APH1B|PGR
 KEGG:hsa04810	Regulation of actin cytoskeleton	0.000253425513043	0.0285164	ITGB1|ITGB2|ITGB3|ITGB5|ITGB6|ITGB7
 REACT:R-HSA-418360	Platelet calcium homeostasis	0.000293866009789	0.0315639	SLC8A1|SLC8A2|SLC8A3
 KEGG:hsa04260	Cardiac muscle contraction	0.000319834136559	0.0328595	COX7A1|COX7A2|COX7A2L|SLC8A1
 REACT:R-HSA-75109	Triglyceride Biosynthesis	0.000369594145791	0.0363896	ELOVL1|ELOVL3|ELOVL4|ELOVL7
