 REACT:R-HSA-372790	Signaling by GPCR	0.0	0	AGTR1|AVPR2|CCR2|CCR5|CX3CR1|GPR132|GPR31|HRH4|MC1R|OR10H5|OR10S1|OR2V2|OR4K5|OR51A4|OR5AK2|PTGER1|PTGER3|TBXA2R|TSHR
 REACT:R-HSA-373076	Class A/1 (Rhodopsin-like receptors)	0.0	0	AGTR1|AVPR2|CCR2|CCR5|CX3CR1|GPR132|GPR31|HRH4|MC1R|PTGER1|PTGER3|TBXA2R|TSHR
 REACT:R-HSA-388396	GPCR downstream signaling	0.0	0	AGTR1|AVPR2|CCR2|CCR5|GPR132|HRH4|MC1R|OR10H5|OR10S1|OR2V2|OR4K5|OR51A4|OR5AK2|PTGER1|PTGER3|TBXA2R|TSHR
 REACT:R-HSA-500792	GPCR ligand binding	1.26443300275e-12	7.46964e-10	AGTR1|AVPR2|CCR2|CCR5|CX3CR1|GPR132|GPR31|HRH4|MC1R|PTGER1|PTGER3|TBXA2R|TSHR
 REACT:R-HSA-162582	Signal Transduction	1.65334412827e-12	7.8137e-10	AGTR1|AVPR2|CCR2|CCR5|CX3CR1|GPR132|GPR31|HRH4|MC1R|OR10H5|OR10S1|OR2V2|OR4K5|OR51A4|OR5AK2|PTGER1|PTGER3|RPTOR|TBXA2R|TSHR
 KEGG:hsa04080	Neuroactive ligand-receptor interaction	1.49747757527e-08	5.89757e-06	AGTR1|AVPR2|HRH4|MC1R|PTGER1|PTGER3|TBXA2R|TSHR
 REACT:R-HSA-391908	Prostanoid ligand receptors	4.27873951825e-07	0.000144438	PTGER1|PTGER3|TBXA2R
 REACT:R-HSA-375276	Peptide ligand-binding receptors	7.46058997025e-07	0.000220367	AGTR1|AVPR2|CCR2|CCR5|CX3CR1|MC1R
 REACT:R-HSA-391903	Eicosanoid ligand-binding receptors	2.30157729586e-06	0.000604292	PTGER1|PTGER3|TBXA2R
 KEGG:hsa04740	Olfactory transduction	7.17427698733e-05	0.0169528	OR10H5|OR10S1|OR2V2|OR4K5|OR51A4|OR5AK2
 REACT:R-HSA-380108	Chemokine receptors bind chemokines	8.41885708169e-05	0.0174128	CCR2|CCR5|CX3CR1
 REACT:R-HSA-381753	Olfactory Signaling Pathway	8.8427315688e-05	0.0174128	OR10H5|OR10S1|OR2V2|OR4K5|OR51A4|OR5AK2
