 REACT:R-HSA-388396	GPCR downstream signaling	1.35291777781e-12	3.19694e-09	ADORA3|AGTR1|AVPR2|CCR2|CCR5|GPR132|HRH4|MC1R|MC3R|OR10G7|OR10H5|OR10S1|OR1D2|OR2V2|OR4C12|OR4K5|OR52M1|OR52W1|OR5AK2|OR5D14|PTGER1|PTGER3
 REACT:R-HSA-372790	Signaling by GPCR	3.78919118305e-12	4.47693e-09	ADORA3|AGTR1|AVPR2|CCR2|CCR5|CX3CR1|GPR132|GPR31|HRH4|MC1R|MC3R|OR10G7|OR10H5|OR10S1|OR1D2|OR2V2|OR4C12|OR4K5|OR52M1|OR52W1|OR5AK2|OR5D14|PTGER1|PTGER3
 REACT:R-HSA-373076	Class A/1 (Rhodopsin-like receptors)	9.8105967794e-12	6.50733e-09	ADORA3|AGTR1|AVPR2|CCR2|CCR5|CX3CR1|GPR132|GPR31|HRH4|MC1R|MC3R|PTGER1|PTGER3
 REACT:R-HSA-162582	Signal Transduction	1.35260691536e-11	6.50733e-09	ADORA3|AGTR1|AVPR2|CCR2|CCR5|CX3CR1|GPR132|GPR31|HRH4|MC1R|MC3R|OR10G7|OR10H5|OR10S1|OR1D2|OR2V2|OR4C12|OR4K5|OR52M1|OR52W1|OR5AK2|OR5D14|PTGER1|PTGER3
 REACT:R-HSA-500792	GPCR ligand binding	1.3769207996e-11	6.50733e-09	ADORA3|AGTR1|AVPR2|CCR2|CCR5|CX3CR1|GPR132|GPR31|HRH4|MC1R|MC3R|PTGER1|PTGER3
 KEGG:hsa04740	Olfactory transduction	2.05547245891e-10	8.09514e-08	OR10G7|OR10H5|OR10S1|OR1D2|OR2V2|OR4C12|OR4K5|OR52M1|OR52W1|OR5AK2|OR5D14
 REACT:R-HSA-381753	Olfactory Signaling Pathway	3.0497515624e-10	1.02951e-07	OR10G7|OR10H5|OR10S1|OR1D2|OR2V2|OR4C12|OR4K5|OR52M1|OR52W1|OR5AK2|OR5D14
 KEGG:hsa04080	Neuroactive ligand-receptor interaction	5.08679021127e-08	1.50251e-05	ADORA3|AGTR1|AVPR2|HRH4|MC1R|MC3R|PTGER1|PTGER3
 REACT:R-HSA-375276	Peptide ligand-binding receptors	7.25346500641e-08	1.90444e-05	AGTR1|AVPR2|CCR2|CCR5|CX3CR1|MC1R|MC3R
 REACT:R-HSA-418594	G alpha (i) signalling events	0.000119359990246	0.0272829	ADORA3|CCR2|CCR5|HRH4|PTGER3
 REACT:R-HSA-380108	Chemokine receptors bind chemokines	0.000127004779718	0.0272829	CCR2|CCR5|CX3CR1
 REACT:R-HSA-391908	Prostanoid ligand receptors	0.00014669400549	0.0288865	PTGER1|PTGER3
