 REACT:R-HSA-163560	Hormone-sensitive lipase (HSL)-mediated triacylglycerol hydrolysis	7.36201100082e-11	1.73964e-07	FABP1|FABP2|FABP3|FABP4|FABP5|FABP6|FABP7|FABP9
 REACT:R-HSA-2453902	The canonical retinoid cycle in rods (twilight vision)	2.27553087484e-10	2.68854e-07	LRAT|RBP1|RBP3|RDH11|RDH12|RDH8|RLBP1|RPE65
 KEGG:hsa04145	Phagosome	5.27692995855e-07	0.000415646	CLEC4M|CLEC7A|COLEC11|COLEC12|ITGB1|ITGB2|ITGB3|ITGB5|MBL2|MRC1|SFTPD|TLR4
 REACT:R-HSA-383280	Nuclear Receptor transcription pathway	3.3251844751e-06	0.00196435	AR|NR0B1|NR3C1|NR3C2|NR4A3|PGR|VDR
 REACT:R-HSA-2187338	Visual phototransduction	5.15602984141e-06	0.00243674	LRAT|RBP1|RBP2|RBP3|RDH11|RDH12|RDH8|RLBP1|RPE65
 REACT:R-HSA-5362517	Signaling by Retinoic Acid	1.55780519357e-05	0.0054894	CRABP1|CRABP2|FABP5|RDH11|RDH13|RDH14
 KEGG:hsa_M00415	"Fatty acid biosynthesis elongation endoplasmic reticulum"	1.62614467245e-05	0.0054894	ELOVL1|ELOVL3|ELOVL4|ELOVL7
 KEGG:hsa_M00071	"Glycosphingolipid biosynthesis neolacto-series LacCer => nLc4Cer"	1.96332412429e-05	0.00579917	B4GALT2|B4GALT3|B4GALT4
 REACT:R-HSA-5621480	Dectin-2 family	2.85082038974e-05	0.0071752	CLEC10A|CLEC4A|CLEC4C|CLEC4D|CLEC4E
 REACT:R-HSA-556833	Metabolism of lipids and lipoproteins	3.03647950212e-05	0.0071752	ARSA|AWAT1|CDIPT|ELOVL1|ELOVL3|ELOVL4|ELOVL7|FABP1|FABP2|FABP3|FABP4|FABP5|FABP6|FABP7|FABP9|GLA|GPCPD1|NFYC|OSBPL10|OSBPL3|OSBPL5|OSBPL6|OSBPL7|OSBPL8|TMEM86B
 KEGG:hsa03320	PPAR signaling pathway	3.38839732459e-05	0.00727889	FABP1|FABP2|FABP3|FABP4|FABP5|FABP6|FABP7
 REACT:R-HSA-3000178	ECM proteoglycans	8.01414083367e-05	0.0152408	BCAN|ITGB1|ITGB3|ITGB5|ITGB6|VCAN
 KEGG:hsa04514	Cell adhesion molecules (CAMs)	8.38467600076e-05	0.0152408	CLDN11|ITGB1|ITGB2|ITGB7|OCLN|SELE|SELL|SELP|VCAN
 REACT:R-HSA-73923	"Lipid digestion mobilization and transport"	0.000104377986569	0.0176175	FABP1|FABP2|FABP3|FABP4|FABP5|FABP6|FABP7|FABP9
 REACT:R-HSA-5365859	RA biosynthesis pathway	0.000182450036133	0.028742	CRABP1|RDH11|RDH13|RDH14
 REACT:R-HSA-216083	Integrin cell surface interactions	0.000215603531347	0.0318419	ITGB1|ITGB2|ITGB3|ITGB5|ITGB6|ITGB7
 KEGG:hsa00062	Fatty acid elongation	0.00025555541599	0.0355222	ELOVL1|ELOVL3|ELOVL4|ELOVL7
 KEGG:hsa05412	Arrhythmogenic right ventricular cardiomyopathy (ARVC)	0.000295243674234	0.0387589	ITGB1|ITGB3|ITGB5|ITGB6|ITGB7|SLC8A1
 REACT:R-HSA-75876	Synthesis of very long-chain fatty acyl-CoAs	0.000401595702385	0.0499458	ELOVL1|ELOVL3|ELOVL4|ELOVL7
