 KEGG:hsa04740	Olfactory transduction	0.0	0	OR10G4|OR10G8|OR10H1|OR10H3|OR10H4|OR10J1|OR10J5|OR11A1|OR11L1|OR14A16|OR14I1|OR1A2|OR1C1|OR1D2|OR1D5|OR1E1|OR1E2|OR1F1|OR1J1|OR1J4|OR1K1|OR1L4|OR1M1|OR1N1|OR1S2|OR2B6|OR2D3|OR2G6|OR2T2|OR2V2|OR3A3|OR4A16|OR4C12|OR4C3|OR4K15|OR4K2|OR4N5|OR4S1|OR4X2|OR52M1|OR52W1|OR56A3|OR5AP2|OR5AS1|OR5B12|OR5D13|OR5H6|OR5M9|OR5R1|OR6C4|OR7A10|OR7A5|OR7C1|OR7C2|OR7D2|OR8D1|OR8G1|OR9A2|OR9A4|SLC8A1|SLC8A2|SLC8A3
 REACT:R-HSA-162582	Signal Transduction	0.0	0	ADORA3|ANXA1|APH1A|APH1B|AR|AVPR2|CRABP1|CRABP2|CSF2RA|FABP5|GPR31|GRP|HRH4|ITGB1|ITGB3|KALRN|LRAT|MC3R|MC4R|NR3C1|NUP107|OR10G4|OR10G8|OR10H1|OR10H3|OR10H4|OR10J1|OR10J5|OR11A1|OR11L1|OR14A16|OR14I1|OR1A2|OR1C1|OR1D2|OR1D5|OR1E1|OR1E2|OR1F1|OR1J1|OR1J4|OR1K1|OR1L4|OR1M1|OR1N1|OR1S2|OR2B6|OR2D3|OR2G6|OR2T2|OR2V2|OR3A3|OR4A16|OR4C12|OR4C3|OR4K15|OR4K2|OR4N5|OR4S1|OR4X2|OR52M1|OR52W1|OR56A3|OR5AP2|OR5AS1|OR5B12|OR5D13|OR5H6|OR5M9|OR5R1|OR6C4|OR7A10|OR7A5|OR7C1|OR7C2|OR7D2|OR8D1|OR8G1|OR9A2|OR9A4|PGR|PPP2R1A|PPP2R1B|PTGER1|PTGER3|RBP1|RBP2|RBP3|RBP4|RDH11|RDH12|RDH13|RDH14|RDH8|RLBP1|RPE65|TBXA2R
 REACT:R-HSA-2453902	The canonical retinoid cycle in rods (twilight vision)	0.0	0	LRAT|RBP1|RBP3|RBP4|RDH11|RDH12|RDH8|RLBP1|RPE65
 REACT:R-HSA-372790	Signaling by GPCR	0.0	0	ADORA3|ANXA1|AVPR2|CSF2RA|GPR31|GRP|HRH4|ITGB3|KALRN|MC3R|MC4R|OR10G4|OR10G8|OR10H1|OR10H3|OR10H4|OR10J1|OR10J5|OR11A1|OR11L1|OR14A16|OR14I1|OR1A2|OR1C1|OR1D2|OR1D5|OR1E1|OR1E2|OR1F1|OR1J1|OR1J4|OR1K1|OR1L4|OR1M1|OR1N1|OR1S2|OR2B6|OR2D3|OR2G6|OR2T2|OR2V2|OR3A3|OR4A16|OR4C12|OR4C3|OR4K15|OR4K2|OR4N5|OR4S1|OR4X2|OR52M1|OR52W1|OR56A3|OR5AP2|OR5AS1|OR5B12|OR5D13|OR5H6|OR5M9|OR5R1|OR6C4|OR7A10|OR7A5|OR7C1|OR7C2|OR7D2|OR8D1|OR8G1|OR9A2|OR9A4|PPP2R1A|PPP2R1B|PTGER1|PTGER3|TBXA2R
 REACT:R-HSA-381753	Olfactory Signaling Pathway	0.0	0	OR10G4|OR10G8|OR10H1|OR10H3|OR10H4|OR10J1|OR10J5|OR11A1|OR11L1|OR14A16|OR14I1|OR1A2|OR1C1|OR1D2|OR1D5|OR1E1|OR1E2|OR1F1|OR1J1|OR1J4|OR1K1|OR1L4|OR1M1|OR1N1|OR1S2|OR2B6|OR2D3|OR2G6|OR2T2|OR2V2|OR3A3|OR4A16|OR4C12|OR4C3|OR4K15|OR4K2|OR4N5|OR4S1|OR4X2|OR52M1|OR52W1|OR56A3|OR5AP2|OR5AS1|OR5B12|OR5D13|OR5H6|OR5M9|OR5R1|OR6C4|OR7A10|OR7A5|OR7C1|OR7C2|OR7D2|OR8D1|OR8G1|OR9A2|OR9A4
 REACT:R-HSA-388396	GPCR downstream signaling	0.0	0	ADORA3|ANXA1|AVPR2|CSF2RA|GRP|HRH4|KALRN|MC3R|MC4R|OR10G4|OR10G8|OR10H1|OR10H3|OR10H4|OR10J1|OR10J5|OR11A1|OR11L1|OR14A16|OR14I1|OR1A2|OR1C1|OR1D2|OR1D5|OR1E1|OR1E2|OR1F1|OR1J1|OR1J4|OR1K1|OR1L4|OR1M1|OR1N1|OR1S2|OR2B6|OR2D3|OR2G6|OR2T2|OR2V2|OR3A3|OR4A16|OR4C12|OR4C3|OR4K15|OR4K2|OR4N5|OR4S1|OR4X2|OR52M1|OR52W1|OR56A3|OR5AP2|OR5AS1|OR5B12|OR5D13|OR5H6|OR5M9|OR5R1|OR6C4|OR7A10|OR7A5|OR7C1|OR7C2|OR7D2|OR8D1|OR8G1|OR9A2|OR9A4|PTGER1|PTGER3|TBXA2R
 REACT:R-HSA-383280	Nuclear Receptor transcription pathway	2.53041476661e-09	8.54196e-07	AR|NR0B1|NR1I2|NR1I3|NR2C1|NR3C1|NR3C2|NR4A3|PGR|VDR
 REACT:R-HSA-163560	Hormone-sensitive lipase (HSL)-mediated triacylglycerol hydrolysis	2.8808051078e-07	8.50918e-05	FABP2|FABP3|FABP4|FABP5|FABP7|FABP9
 KEGG:hsa_M00415	"Fatty acid biosynthesis elongation endoplasmic reticulum"	7.2813184715e-07	0.000191175	ELOVL1|ELOVL3|ELOVL4|ELOVL5|ELOVL7
 REACT:R-HSA-2187338	Visual phototransduction	2.0437193593e-06	0.000482931	LRAT|RBP1|RBP2|RBP3|RBP4|RDH11|RDH12|RDH8|RLBP1|RPE65
 KEGG:hsa00062	Fatty acid elongation	2.60826749979e-05	0.00560303	ELOVL1|ELOVL3|ELOVL4|ELOVL5|ELOVL7
 REACT:R-HSA-5362517	Signaling by Retinoic Acid	3.43224587128e-05	0.00675866	CRABP1|CRABP2|FABP5|RDH11|RDH13|RDH14
 REACT:R-HSA-75876	Synthesis of very long-chain fatty acyl-CoAs	4.65697594519e-05	0.00846495	ELOVL1|ELOVL3|ELOVL4|ELOVL5|ELOVL7
 REACT:R-HSA-6806667	Metabolism of fat-soluble vitamins	0.000114588832021	0.019341	GC|LRAT|RBP1|RBP2|RBP4|RDH11
 REACT:R-HSA-2453864	Retinoid cycle disease events	0.000239977446082	0.0333569	RBP1|RBP4|RLBP1
 REACT:R-HSA-2474795	Diseases associated with visual transduction	0.000239977446082	0.0333569	RBP1|RBP4|RLBP1
 REACT:R-HSA-391908	Prostanoid ligand receptors	0.000239977446082	0.0333569	PTGER1|PTGER3|TBXA2R
 REACT:R-HSA-5365859	RA biosynthesis pathway	0.000311307315874	0.0408677	CRABP1|RDH11|RDH13|RDH14
 REACT:R-HSA-2046105	Linoleic acid (LA) metabolism	0.000339155321376	0.042173	ELOVL1|ELOVL3|ELOVL5
 KEGG:hsa00830	Retinol metabolism	0.000356944732336	0.042173	LRAT|RDH11|RDH12|RDH8|RETSAT|RPE65
 REACT:R-HSA-975634	Retinoid metabolism and transport	0.000426294903745	0.0479683	LRAT|RBP1|RBP2|RBP4|RDH11
 REACT:R-HSA-216083	Integrin cell surface interactions	0.00045628272897	0.0490089	ITGB1|ITGB2|ITGB3|ITGB5|ITGB6|ITGB7
