 REACT:R-HSA-373076	Class A/1 (Rhodopsin-like receptors)	0.0	0	AGTR1|AVPR2|CCR2|CCR5|CX3CR1|GPR132|GPR31|HRH4|PTGER1|PTGER3
 REACT:R-HSA-500792	GPCR ligand binding	5.10258502118e-11	6.0287e-08	AGTR1|AVPR2|CCR2|CCR5|CX3CR1|GPR132|GPR31|HRH4|PTGER1|PTGER3
 REACT:R-HSA-372790	Signaling by GPCR	2.4258273168e-10	1.91074e-07	AGTR1|AVPR2|CCR2|CCR5|CX3CR1|GPR132|GPR31|HRH4|OR10H5|OR10S1|OR4K5|PTGER1|PTGER3
 REACT:R-HSA-388396	GPCR downstream signaling	6.4596221705e-09	3.81602e-06	AGTR1|AVPR2|CCR2|CCR5|GPR132|HRH4|OR10H5|OR10S1|OR4K5|PTGER1|PTGER3
 REACT:R-HSA-162582	Signal Transduction	9.36103559779e-07	0.000442403	AGTR1|AVPR2|CCR2|CCR5|CX3CR1|GPR132|GPR31|HRH4|OR10H5|OR10S1|OR4K5|PTGER1|PTGER3
 KEGG:hsa04080	Neuroactive ligand-receptor interaction	1.15716918325e-06	0.000455732	AGTR1|AVPR2|GRIA4|HRH4|PTGER1|PTGER3
 REACT:R-HSA-375276	Peptide ligand-binding receptors	4.02625556262e-06	0.00135915	AGTR1|AVPR2|CCR2|CCR5|CX3CR1
 REACT:R-HSA-380108	Chemokine receptors bind chemokines	3.59676806481e-05	0.010624	CCR2|CCR5|CX3CR1
 REACT:R-HSA-391908	Prostanoid ligand receptors	6.39859191944e-05	0.0167999	PTGER1|PTGER3
 REACT:R-HSA-391903	Eicosanoid ligand-binding receptors	0.000185725732228	0.043887	PTGER1|PTGER3
