 REACT:R-HSA-422475	Axon guidance	0.0	0	EGFR|EPHA3|ERBB2|ERBB3|ERBB4|FES|FGFR1|FGFR2|FGFR3|KALRN|KDR|KIT|LIMK2|MET|PTK2|RET|TEK
 REACT:R-HSA-451927	Interleukin-2 signaling	0.0	0	EGFR|ERBB2|ERBB3|ERBB4|FGFR1|FGFR2|FGFR3|KIT|MET|PTK2|PTK2B|RET|TEK
 REACT:R-HSA-5683057	MAPK family signaling cascades	0.0	0	EGFR|ERBB2|ERBB3|ERBB4|FGFR1|FGFR2|FGFR3|KALRN|KIT|MET|PTK2|RET|TEK
 REACT:R-HSA-2219528	PI3K/AKT Signaling in Cancer	6.34825525481e-13	3.75023e-10	EGFR|ERBB2|ERBB3|ERBB4|FGFR1|FGFR2|FGFR3|KIT|MET
 REACT:R-HSA-194138	Signaling by VEGF	3.22553095344e-12	1.41391e-09	AXL|BCAR1|EGFR|ERBB2|ERBB3|ERBB4|FGFR1|FGFR2|FGFR3|FLT1|KDR|KIT|MET|PTK2|PTK2B|RET|TEK
 REACT:R-HSA-6811558	"PI5P PP2A and IER3 Regulate PI3K/AKT Signaling"	3.59012819473e-12	1.41391e-09	EGFR|ERBB2|ERBB3|ERBB4|FGFR1|FGFR2|FGFR3|KIT|MET
 REACT:R-HSA-166520	Signalling by NGF	8.5119689075e-12	2.11769e-09	EGFR|ERBB2|ERBB3|ERBB4|FGFR1|FGFR2|FGFR3|IRAK1|KALRN|KIT|MET|NTRK1|NTRK2|PTK2|RET|TEK
 REACT:R-HSA-170968	Frs2-mediated activation	9.43289890643e-12	2.11769e-09	EGFR|ERBB2|ERBB3|ERBB4|FGFR1|FGFR2|FGFR3|KIT|MET|NTRK1|PTK2|RET|TEK
 REACT:R-HSA-5218921	VEGFR2 mediated cell proliferation	9.72821823098e-12	2.11769e-09	EGFR|ERBB2|ERBB3|ERBB4|FGFR1|FGFR2|FGFR3|KDR|KIT|MET|PTK2|RET|TEK
 KEGG:hsa05230	Central carbon metabolism in cancer	1.03326236456e-11	2.11769e-09	EGFR|ERBB2|FGFR1|FGFR2|FGFR3|FLT3|KIT|MET|NTRK1|NTRK3|RET
 REACT:R-HSA-2219530	Constitutive Signaling by Aberrant PI3K in Cancer	1.12734266366e-11	2.11769e-09	EGFR|ERBB2|ERBB3|ERBB4|FGFR1|FGFR2|FGFR3|KIT|MET
 REACT:R-HSA-167044	Signalling to RAS	1.13783427125e-11	2.11769e-09	EGFR|ERBB2|ERBB3|ERBB4|FGFR1|FGFR2|FGFR3|KIT|MET|NTRK1|PTK2|RET|TEK
 REACT:R-HSA-449147	Signaling by Interleukins	1.16504583758e-11	2.11769e-09	EGFR|ERBB2|ERBB3|ERBB4|FGFR1|FGFR2|FGFR3|FLT3|IRAK1|IRAK3|IRAK4|KIT|MAP3K7|MET|PTK2|PTK2B|RET|TEK
 REACT:R-HSA-4420097	VEGFA-VEGFR2 Pathway	1.51150203465e-11	2.41324e-09	AXL|BCAR1|EGFR|ERBB2|ERBB3|ERBB4|FGFR1|FGFR2|FGFR3|KDR|KIT|MET|PTK2|PTK2B|RET|TEK
 REACT:R-HSA-1280215	Cytokine Signaling in Immune system	1.59996460525e-11	2.41324e-09	EGFR|ERBB2|ERBB3|ERBB4|FGFR1|FGFR2|FGFR3|FLT3|IRAK1|IRAK3|IRAK4|KIT|MAP3K7|MET|PTK2|PTK2B|RET|TEK
 REACT:R-HSA-169893	Prolonged ERK activation events	1.63401514541e-11	2.41324e-09	EGFR|ERBB2|ERBB3|ERBB4|FGFR1|FGFR2|FGFR3|KIT|MET|NTRK1|PTK2|RET|TEK
 REACT:R-HSA-170984	ARMS-mediated activation	1.88832283143e-11	2.47895e-09	EGFR|ERBB2|ERBB3|ERBB4|FGFR1|FGFR2|FGFR3|KIT|MET|NTRK1|PTK2|RET|TEK
 REACT:R-HSA-187706	Signalling to p38 via RIT and RIN	1.88832283143e-11	2.47895e-09	EGFR|ERBB2|ERBB3|ERBB4|FGFR1|FGFR2|FGFR3|KIT|MET|NTRK1|PTK2|RET|TEK
 REACT:R-HSA-187687	Signalling to ERKs	2.40502062709e-11	2.99109e-09	EGFR|ERBB2|ERBB3|ERBB4|FGFR1|FGFR2|FGFR3|KIT|MET|NTRK1|PTK2|RET|TEK
 REACT:R-HSA-187037	NGF signalling via TRKA from the plasma membrane	2.77375900026e-11	3.2772e-09	EGFR|ERBB2|ERBB3|ERBB4|FGFR1|FGFR2|FGFR3|KIT|MET|NTRK1|NTRK2|PTK2|RET|TEK
 REACT:R-HSA-198203	PI3K/AKT activation	3.07249781173e-11	3.45729e-09	EGFR|ERBB2|ERBB3|ERBB4|FGFR1|FGFR2|FGFR3|KIT|MET|NTRK1
 REACT:R-HSA-199418	Negative regulation of the PI3K/AKT network	4.37205827097e-11	3.98791e-09	EGFR|ERBB2|ERBB3|ERBB4|FGFR1|FGFR2|FGFR3|KIT|MET
 REACT:R-HSA-912526	Interleukin receptor SHC signaling	4.53943549417e-11	3.98791e-09	EGFR|ERBB2|ERBB3|ERBB4|FGFR1|FGFR2|FGFR3|KIT|MET|PTK2|RET|TEK
 REACT:R-HSA-112412	SOS-mediated signalling	4.55664395105e-11	3.98791e-09	EGFR|ERBB2|ERBB3|ERBB4|FGFR1|FGFR2|FGFR3|KIT|MET|PTK2|RET|TEK
 REACT:R-HSA-179812	GRB2 events in EGFR signaling	4.55664395105e-11	3.98791e-09	EGFR|ERBB2|ERBB3|ERBB4|FGFR1|FGFR2|FGFR3|KIT|MET|PTK2|RET|TEK
 REACT:R-HSA-180336	SHC1 events in EGFR signaling	4.55664395105e-11	3.98791e-09	EGFR|ERBB2|ERBB3|ERBB4|FGFR1|FGFR2|FGFR3|KIT|MET|PTK2|RET|TEK
 REACT:R-HSA-5673001	RAF/MAP kinase cascade	4.55664395105e-11	3.98791e-09	EGFR|ERBB2|ERBB3|ERBB4|FGFR1|FGFR2|FGFR3|KIT|MET|PTK2|RET|TEK
 REACT:R-HSA-5684996	MAPK1/MAPK3 signaling	4.90454343804e-11	4.13466e-09	EGFR|ERBB2|ERBB3|ERBB4|FGFR1|FGFR2|FGFR3|KIT|MET|PTK2|RET|TEK
 REACT:R-HSA-2586552	Signaling by Leptin	5.07427433405e-11	4.13466e-09	EGFR|ERBB2|ERBB3|ERBB4|FGFR1|FGFR2|FGFR3|KIT|MET|PTK2|RET|TEK
 REACT:R-HSA-1433557	Signaling by SCF-KIT	6.59824417326e-11	5.19722e-09	EGFR|ERBB2|ERBB3|ERBB4|FES|FGFR1|FGFR2|FGFR3|KIT|MET|PTK2|RET|TEK
 REACT:R-HSA-8853659	RET signaling	8.06442690404e-11	6.14717e-09	EGFR|ERBB2|ERBB3|ERBB4|FGFR1|FGFR2|FGFR3|KIT|MET|PTK2|RET|TEK
 REACT:R-HSA-2871796	FCERI mediated MAPK activation	1.03577368904e-10	7.41677e-09	EGFR|ERBB2|ERBB3|ERBB4|FGFR1|FGFR2|FGFR3|KIT|MET|PTK2|RET|TEK
 REACT:R-HSA-512988	"Interleukin-3 5 and GM-CSF signaling"	1.03577368904e-10	7.41677e-09	EGFR|ERBB2|ERBB3|ERBB4|FGFR1|FGFR2|FGFR3|KIT|MET|PTK2|RET|TEK
 REACT:R-HSA-375165	NCAM signaling for neurite out-growth	1.24019461367e-10	8.61935e-09	EGFR|ERBB2|ERBB3|ERBB4|FGFR1|FGFR2|FGFR3|KIT|MET|PTK2|RET|TEK
 REACT:R-HSA-186763	Downstream signal transduction	1.38794087334e-10	9.37058e-09	BCAR1|EGFR|ERBB2|ERBB3|ERBB4|FGFR1|FGFR2|FGFR3|KIT|MET|PTK2|RET|TEK
 KEGG:hsa01521	EGFR tyrosine kinase inhibitor resistance	2.4275537136e-10	1.58144e-08	AXL|EGFR|ERBB2|ERBB3|FGFR2|FGFR3|KDR|MET
 REACT:R-HSA-112399	IRS-mediated signalling	2.47623366256e-10	1.58144e-08	EGFR|ERBB2|ERBB3|ERBB4|FGFR1|FGFR2|FGFR3|KIT|MET|PTK2|RET|TEK
 REACT:R-HSA-186797	Signaling by PDGF	2.62743382606e-10	1.60801e-08	BCAR1|EGFR|ERBB2|ERBB3|ERBB4|FGFR1|FGFR2|FGFR3|KIT|MET|PTK2|RET|TEK
 REACT:R-HSA-74751	Insulin receptor signalling cascade	2.72982303429e-10	1.60801e-08	EGFR|ERBB2|ERBB3|ERBB4|FGFR1|FGFR2|FGFR3|KIT|MET|PTK2|RET|TEK
 REACT:R-HSA-2428924	IGF1R signaling cascade	2.79239076306e-10	1.60801e-08	EGFR|ERBB2|ERBB3|ERBB4|FGFR1|FGFR2|FGFR3|KIT|MET|PTK2|RET|TEK
 REACT:R-HSA-2428928	IRS-related events triggered by IGF1R	2.79239076306e-10	1.60801e-08	EGFR|ERBB2|ERBB3|ERBB4|FGFR1|FGFR2|FGFR3|KIT|MET|PTK2|RET|TEK
 REACT:R-HSA-2404192	Signaling by Type 1 Insulin-like Growth Factor 1 Receptor (IGF1R)	2.85808043898e-10	1.60801e-08	EGFR|ERBB2|ERBB3|ERBB4|FGFR1|FGFR2|FGFR3|KIT|MET|PTK2|RET|TEK
 REACT:R-HSA-2454202	Fc epsilon receptor (FCERI) signaling	3.04035241427e-10	1.67078e-08	EGFR|ERBB2|ERBB3|ERBB4|FGFR1|FGFR2|FGFR3|KIT|MAP3K7|MET|PTK2|RET|TEK
 REACT:R-HSA-1257604	PIP3 activates AKT signaling	3.86868537205e-10	2.07766e-08	EGFR|ERBB2|ERBB3|ERBB4|FGFR1|FGFR2|FGFR3|KIT|MET
 REACT:R-HSA-180292	GAB1 signalosome	4.94124186012e-10	2.5947e-08	EGFR|ERBB2|ERBB3|ERBB4|FGFR1|FGFR2|FGFR3|KIT|MET
 REACT:R-HSA-74752	Signaling by Insulin receptor	6.63154864355e-10	3.4066e-08	EGFR|ERBB2|ERBB3|ERBB4|FGFR1|FGFR2|FGFR3|KIT|MET|PTK2|RET|TEK
 REACT:R-HSA-2730905	Role of LAT2/NTAL/LAB on calcium mobilization	8.95346352614e-10	4.5015e-08	EGFR|ERBB2|ERBB3|ERBB4|FGFR1|FGFR2|FGFR3|KIT|MET
 KEGG:hsa04144	Endocytosis	1.01564512356e-09	4.99994e-08	EGFR|ERBB3|ERBB4|FGFR2|FGFR3|FLT1|KDR|KIT|MET|NTRK1|RET
 REACT:R-HSA-1168372	Downstream signaling events of B Cell Receptor (BCR)	1.1338048278e-09	5.46772e-08	EGFR|ERBB2|ERBB3|ERBB4|FGFR1|FGFR2|FGFR3|KIT|MAP3K7|MET
 REACT:R-HSA-881907	Gastrin-CREB signalling pathway via PKC and MAPK	2.06815697901e-09	9.67373e-08	EGFR|ERBB2|ERBB3|ERBB4|FGFR1|FGFR2|FGFR3|KALRN|KIT|MET|PTK2|RET|TEK
 REACT:R-HSA-2424491	DAP12 signaling	2.0878559992e-09	9.67373e-08	EGFR|ERBB2|ERBB3|ERBB4|FGFR1|FGFR2|FGFR3|KIT|MET|PTK2|RET|TEK
 KEGG:hsa04015	Rap1 signaling pathway	2.13096618129e-09	9.6836e-08	BCAR1|EGFR|FGFR1|FGFR2|FGFR3|FLT1|KDR|KIT|MET|TEK
 REACT:R-HSA-177929	Signaling by EGFR	2.67857558356e-09	1.19424e-07	EGFR|ERBB2|ERBB3|ERBB4|FGFR1|FGFR2|FGFR3|KIT|MET|PTK2|RET|TEK
 REACT:R-HSA-2172127	DAP12 interactions	3.33934424557e-09	1.46127e-07	EGFR|ERBB2|ERBB3|ERBB4|FGFR1|FGFR2|FGFR3|KIT|MET|PTK2|RET|TEK
 KEGG:hsa04014	Ras signaling pathway	4.51221804365e-09	1.93861e-07	EGFR|FGFR1|FGFR2|FGFR3|FLT1|KDR|KIT|MET|TEK|ZAP70
 REACT:R-HSA-983705	Signaling by the B Cell Receptor (BCR)	6.03260896792e-09	2.54555e-07	EGFR|ERBB2|ERBB3|ERBB4|FGFR1|FGFR2|FGFR3|KIT|MAP3K7|MET
 REACT:R-HSA-162582	Signal Transduction	1.86081121623e-08	7.71421e-07	AXL|BCAR1|EGFR|ERBB2|ERBB3|ERBB4|FES|FGFR1|FGFR2|FGFR3|FLT1|IRAK1|KALRN|KDR|KIT|LIMK2|MAP3K7|MET|NTRK1|NTRK2|PTK2|PTK2B|RET|ROR2|RYK|TEK
 REACT:R-HSA-1266738	Developmental Biology	4.403087428e-08	1.79388e-06	EGFR|EPHA3|ERBB2|ERBB3|ERBB4|FES|FGFR1|FGFR2|FGFR3|KALRN|KDR|KIT|LIMK2|MET|PTK2|RET|TEK
 KEGG:hsa05200	Pathways in cancer	7.90110510351e-08	3.16446e-06	EGFR|ERBB2|FGFR1|FGFR2|FGFR3|FLT3|KIT|MET|NTRK1|PTK2|RET
 REACT:R-HSA-8847993	ERBB2 Activates PTK6 Signaling	9.42282487593e-08	3.71102e-06	EGFR|ERBB2|ERBB3|ERBB4
 REACT:R-HSA-6785631	ERBB2 Regulates Cell Motility	1.3157221046e-07	5.09681e-06	EGFR|ERBB2|ERBB3|ERBB4
 KEGG:hsa04151	PI3K-Akt signaling pathway	2.12439295155e-07	8.09668e-06	EGFR|FGFR1|FGFR2|FGFR3|FLT1|KDR|KIT|MET|PTK2|TEK
 REACT:R-HSA-1963642	PI3K events in ERBB2 signaling	2.38025547383e-07	8.92785e-06	EGFR|ERBB2|ERBB3|ERBB4
 KEGG:hsa05205	Proteoglycans in cancer	4.49564207305e-07	1.65988e-05	EGFR|ERBB2|ERBB3|ERBB4|FGFR1|KDR|MET|PTK2
 REACT:R-HSA-1250196	SHC1 events in ERBB2 signaling	9.42118693836e-07	3.42496e-05	EGFR|ERBB2|ERBB3|ERBB4
 REACT:R-HSA-8863795	Downregulation of ERBB2 signaling	3.45809609104e-06	0.000122184	EGFR|ERBB2|ERBB3|ERBB4
 KEGG:hsa04722	Neurotrophin signaling pathway	3.46439158794e-06	0.000122184	IRAK1|IRAK3|IRAK4|NTRK1|NTRK2|NTRK3
 REACT:R-HSA-8848021	Signaling by PTK6	3.54218930732e-06	0.000123091	BCAR1|EGFR|ERBB2|ERBB3|ERBB4
 REACT:R-HSA-168249	Innate Immune System	3.76332150553e-06	0.00012888	EGFR|ERBB2|ERBB3|ERBB4|FGFR1|FGFR2|FGFR3|IRAK1|IRAK3|IRAK4|KIT|MAP3K7|MET|PTK2|RET|TEK
 REACT:R-HSA-5663202	Diseases of signal transduction	4.43491712909e-06	0.00014971	EGFR|ERBB2|ERBB3|ERBB4|FGFR1|FGFR2|FGFR3|KIT|MET
 KEGG:hsa04520	Adherens junction	5.06566106406e-06	0.000168594	EGFR|ERBB2|FGFR1|MAP3K7|MET
 KEGG:hsa04510	Focal adhesion	5.43266831998e-06	0.000178297	BCAR1|EGFR|ERBB2|FLT1|KDR|MET|PTK2
 KEGG:hsa04810	Regulation of actin cytoskeleton	8.23465118882e-06	0.000266555	BCAR1|EGFR|FGFR1|FGFR2|FGFR3|LIMK2|PTK2
 KEGG:hsa04012	ErbB signaling pathway	1.21593745067e-05	0.000388278	EGFR|ERBB2|ERBB3|ERBB4|PTK2
 KEGG:hsa_M00686	Toll-like receptor signaling	1.81625699759e-05	0.000572242	IRAK1|IRAK4|MAP3K7
 REACT:R-HSA-2682334	EPH-Ephrin signaling	1.97629634827e-05	0.000606601	EPHA3|KALRN|KDR|LIMK2|PTK2
 REACT:R-HSA-446652	Interleukin-1 signaling	1.97665071024e-05	0.000606601	IRAK1|IRAK3|IRAK4|MAP3K7
 REACT:R-HSA-1963640	GRB2 events in ERBB2 signaling	2.22989899944e-05	0.000666994	EGFR|ERBB2|ERBB4
 REACT:R-HSA-8866910	TFAP2 (AP-2) family regulates transcription of growth factors and their receptors	2.22989899944e-05	0.000666994	EGFR|ERBB2|KIT
 KEGG:hsa04010	MAPK signaling pathway	2.72945246493e-05	0.000805535	EGFR|FGFR1|FGFR2|FGFR3|MAP3K7|NTRK1|NTRK2
 REACT:R-HSA-1227986	Signaling by ERBB2	2.76125152763e-05	0.000805535	EGFR|ERBB2|ERBB3|ERBB4
 KEGG:hsa04360	Axon guidance	3.15729070459e-05	0.000909839	EPHA3|FES|LIMK2|MET|PTK2|RYK
 REACT:R-HSA-168256	Immune System	3.46279763195e-05	0.000985854	EGFR|ERBB2|ERBB3|ERBB4|FGFR1|FGFR2|FGFR3|FLT3|IRAK1|IRAK3|IRAK4|KIT|MAP3K7|MET|PTK2|PTK2B|RET|TEK|ZAP70
 REACT:R-HSA-1251932	PLCG1 events in ERBB2 signaling	7.29565959282e-05	0.00202819	EGFR|ERBB2
 REACT:R-HSA-194306	Neurophilin interactions with VEGF and VEGFR	7.29565959282e-05	0.00202819	FLT1|KDR
 REACT:R-HSA-1280218	Adaptive Immune System	8.99368802633e-05	0.00247117	EGFR|ERBB2|ERBB3|ERBB4|FGFR1|FGFR2|FGFR3|KIT|MAP3K7|MET|ZAP70
 REACT:R-HSA-373755	Semaphorin interactions	9.3256986465e-05	0.00253295	ERBB2|FES|LIMK2|MET
 REACT:R-HSA-400685	Sema4D in semaphorin signaling	0.000113364408352	0.00304409	ERBB2|LIMK2|MET
 REACT:R-HSA-1306955	GRB7 events in ERBB2 signaling	0.00012132154272	0.00318536	ERBB2|ERBB3
 REACT:R-HSA-187024	NGF-independant TRKA activation	0.00012132154272	0.00318536	NTRK1|NTRK2
 REACT:R-HSA-187015	Activation of TRKA receptors	0.000181574219162	0.00471494	NTRK1|NTRK2
 REACT:R-HSA-3928663	EPHA-mediated growth cone collapse	0.000227968105817	0.00585531	EPHA3|KDR|PTK2
 KEGG:hsa05215	Prostate cancer	0.00024283045261	0.00616998	EGFR|ERBB2|FGFR1|FGFR2
 KEGG:hsa04064	NF-kappa B signaling pathway	0.00032679478869	0.008023	IRAK1|IRAK4|MAP3K7|ZAP70
 REACT:R-HSA-194313	VEGF ligand-receptor interactions	0.000337420481492	0.008023	FLT1|KDR
 REACT:R-HSA-195399	VEGF binds to VEGFR leading to receptor dimerization	0.000337420481492	0.008023	FLT1|KDR
 REACT:R-HSA-166058	MyD88:Mal cascade initiated on plasma membrane	0.000340290695735	0.008023	IRAK1|IRAK3|IRAK4|MAP3K7
 REACT:R-HSA-168179	Toll Like Receptor TLR1:TLR2 Cascade	0.000340290695735	0.008023	IRAK1|IRAK3|IRAK4|MAP3K7
 REACT:R-HSA-168188	Toll Like Receptor TLR6:TLR2 Cascade	0.000340290695735	0.008023	IRAK1|IRAK3|IRAK4|MAP3K7
 REACT:R-HSA-181438	Toll Like Receptor 2 (TLR2) Cascade	0.000340290695735	0.008023	IRAK1|IRAK3|IRAK4|MAP3K7
 KEGG:hsa04060	Cytokine-cytokine receptor interaction	0.000342921106141	0.008023	EGFR|FLT1|FLT3|KDR|KIT|MET
 REACT:R-HSA-8864260	Transcriptional regulation by the AP-2 (TFAP2) family of transcription factors	0.00037088746667	0.00859223	EGFR|ERBB2|KIT
 KEGG:hsa05202	Transcriptional misregulation in cancer	0.000397126966948	0.00906999	FLT1|FLT3|MET|NTRK1|PTK2
 KEGG:hsa05219	Bladder cancer	0.000399187184287	0.00906999	EGFR|ERBB2|FGFR3
 KEGG:hsa04020	Calcium signaling pathway	0.000417906663518	0.00940489	EGFR|ERBB2|ERBB3|ERBB4|PTK2B
 REACT:R-HSA-3928662	EPHB-mediated forward signaling	0.000428840245069	0.00949178	KALRN|LIMK2|PTK2
 KEGG:hsa04066	HIF-1 signaling pathway	0.000429801476962	0.00949178	EGFR|ERBB2|FLT1|TEK
 REACT:R-HSA-1236394	Signaling by ERBB4	0.000459873486365	0.0100619	EGFR|ERBB3|ERBB4
 REACT:R-HSA-372790	Signaling by GPCR	0.000490069718263	0.0106242	EGFR|ERBB2|ERBB3|ERBB4|FGFR1|FGFR2|FGFR3|KALRN|KIT|MET|PTK2|RET|TEK
 REACT:R-HSA-1643685	Disease	0.000648464859304	0.0139302	EGFR|ERBB2|ERBB3|ERBB4|FGFR1|FGFR2|FGFR3|IRAK4|KIT|MET
 REACT:R-HSA-73614	Pyrimidine salvage reactions	0.000658344887657	0.014015	DCK|TK2
 REACT:R-HSA-166054	Activated TLR4 signalling	0.000702250246327	0.0148162	IRAK1|IRAK3|IRAK4|MAP3K7
 REACT:R-HSA-975110	TRAF6 mediated IRF7 activation in TLR7/8 or 9 signaling	0.000788244468724	0.0164834	IRAK1|IRAK4
 REACT:R-HSA-1358803	Downregulation of ERBB2:ERBB3 signaling	0.000929475674406	0.0189341	ERBB2|ERBB3
 REACT:R-HSA-391160	Signal regulatory protein (SIRP) family interactions	0.000929475674406	0.0189341	PTK2|PTK2B
 REACT:R-HSA-74217	Purine salvage	0.000929475674406	0.0189341	DCK|DGUOK
 REACT:R-HSA-166016	Toll Like Receptor 4 (TLR4) Cascade	0.000988631082434	0.019967	IRAK1|IRAK3|IRAK4|MAP3K7
 KEGG:hsa05223	Non-small cell lung cancer	0.00110829758631	0.0221941	ALK|EGFR|ERBB2
 REACT:R-HSA-1226099	Signaling by FGFR in disease	0.00140899452915	0.0279697	FGFR1|FGFR2|FGFR3
 REACT:R-HSA-372708	p130Cas linkage to MAPK signaling for integrins	0.00142038230828	0.0279697	BCAR1|PTK2
 KEGG:hsa05224	Breast cancer	0.00162083411412	0.0316531	EGFR|ERBB2|FGFR1|KIT
 KEGG:hsa05218	Melanoma	0.00183190007352	0.0354818	EGFR|FGFR1|MET
 REACT:R-HSA-450321	JNK (c-Jun kinases) phosphorylation and activation mediated by activated human TAK1	0.00201049329598	0.0385689	IRAK1|MAP3K7
 REACT:R-HSA-168898	Toll-Like Receptors Cascades	0.00202392793574	0.0385689	IRAK1|IRAK3|IRAK4|MAP3K7
 KEGG:hsa05140	Leishmaniasis	0.00206999951056	0.0391313	IRAK1|IRAK4|MAP3K7
 REACT:R-HSA-450302	activated TAK1 mediates p38 MAPK activation	0.00222888700217	0.0414713	IRAK1|MAP3K7
 REACT:R-HSA-8874081	MET activates PTK2 signaling	0.00222888700217	0.0414713	MET|PTK2
 KEGG:hsa05100	Bacterial invasion of epithelial cells	0.00241623596108	0.044606	BCAR1|MET|PTK2
 REACT:R-HSA-445144	Signal transduction by L1	0.00245800006777	0.0450252	EGFR|FGFR1
 REACT:R-HSA-109704	PI3K Cascade	0.00269811170052	0.0490434	FGFR1|FGFR2|FGFR3
