 REACT:R-HSA-2453902	The canonical retinoid cycle in rods (twilight vision)	0.0	0	LRAT|RBP1|RBP3|RBP4|RDH11|RDH12|RDH8|RLBP1
 REACT:R-HSA-556833	Metabolism of lipids and lipoproteins	4.93641794108e-11	5.83238e-08	ELOVL1|ELOVL3|ELOVL4|ELOVL7|FABP2|FABP3|FABP4|FABP5|FABP7|FABP9|HSD3B7|OSBPL10|OSBPL3|OSBPL5|OSBPL7|OSBPL8|OSBPL9|SRD5A1|SRD5A2|SRD5A3|TECR|TECRL|TMEM86B
 REACT:R-HSA-383280	Nuclear Receptor transcription pathway	4.28632018767e-10	3.37619e-07	AR|NR0B1|NR1I3|NR3C1|NR3C2|NR4A3|PGR|VDR
 REACT:R-HSA-163560	Hormone-sensitive lipase (HSL)-mediated triacylglycerol hydrolysis	1.08290609813e-09	6.39727e-07	FABP2|FABP3|FABP4|FABP5|FABP7|FABP9
 REACT:R-HSA-2187338	Visual phototransduction	5.68815528013e-09	2.68822e-06	LRAT|RBP1|RBP2|RBP3|RBP4|RDH11|RDH12|RDH8|RLBP1
 KEGG:hsa_M00415	"Fatty acid biosynthesis elongation endoplasmic reticulum"	6.88351953215e-09	2.71096e-06	ELOVL1|ELOVL3|ELOVL4|ELOVL7|TECR
 REACT:R-HSA-75876	Synthesis of very long-chain fatty acyl-CoAs	1.01219438386e-08	3.41688e-06	ELOVL1|ELOVL3|ELOVL4|ELOVL7|TECR|TECRL
 REACT:R-HSA-5362517	Signaling by Retinoic Acid	1.53220985788e-07	4.52576e-05	CRABP1|CRABP2|FABP5|RDH11|RDH13|RDH14
 KEGG:hsa00062	Fatty acid elongation	2.69719688251e-07	7.08164e-05	ELOVL1|ELOVL3|ELOVL4|ELOVL7|TECR
 REACT:R-HSA-75105	Fatty Acyl-CoA Biosynthesis	6.17668580394e-07	0.000145955	ELOVL1|ELOVL3|ELOVL4|ELOVL7|TECR|TECRL
 REACT:R-HSA-1430728	Metabolism	3.14579924832e-06	0.000675775	COX7A2L|ELOVL1|ELOVL3|ELOVL4|ELOVL7|FABP2|FABP3|FABP4|FABP5|FABP7|FABP9|HSD3B7|LRAT|OSBPL10|OSBPL3|OSBPL5|OSBPL7|OSBPL8|OSBPL9|RBP1|RBP2|RBP4|RDH11|SRD5A1|SRD5A2|SRD5A3|TECR|TECRL|TMEM86B
 REACT:R-HSA-975634	Retinoid metabolism and transport	5.06500035302e-06	0.000997383	LRAT|RBP1|RBP2|RBP4|RDH11
 REACT:R-HSA-75109	Triglyceride Biosynthesis	6.8701243503e-06	0.00124878	ELOVL1|ELOVL3|ELOVL4|ELOVL7|TECR|TECRL
 REACT:R-HSA-5365859	RA biosynthesis pathway	8.32046003552e-06	0.00140437	CRABP1|RDH11|RDH13|RDH14
 REACT:R-HSA-6806667	Metabolism of fat-soluble vitamins	1.28572814145e-05	0.00202545	LRAT|RBP1|RBP2|RBP4|RDH11
 REACT:R-HSA-2453864	Retinoid cycle disease events	1.5138553191e-05	0.00210426	RBP1|RBP4|RLBP1
 REACT:R-HSA-2474795	Diseases associated with visual transduction	1.5138553191e-05	0.00210426	RBP1|RBP4|RLBP1
 REACT:R-HSA-193048	Androgen biosynthesis	2.94909021509e-05	0.0038715	SRD5A1|SRD5A2|SRD5A3
 KEGG:hsa00830	Retinol metabolism	3.50803346177e-05	0.00436289	LRAT|RDH11|RDH12|RDH8|RETSAT
 REACT:R-HSA-192105	Synthesis of bile acids and bile salts	4.15411982945e-05	0.00490809	HSD3B7|OSBPL3|OSBPL7|OSBPL9
 REACT:R-HSA-425561	Sodium/Calcium exchangers	5.06956376687e-05	0.00548728	SLC8A1|SLC8A2|SLC8A3
 REACT:R-HSA-73923	"Lipid digestion mobilization and transport"	5.10877026285e-05	0.00548728	FABP2|FABP3|FABP4|FABP5|FABP7|FABP9
 KEGG:hsa03320	PPAR signaling pathway	5.75990536276e-05	0.00591768	FABP2|FABP3|FABP4|FABP5|FABP7
 REACT:R-HSA-418359	Reduction of cytosolic Ca++ levels	6.42549397208e-05	0.00632643	SLC8A1|SLC8A2|SLC8A3
 REACT:R-HSA-194068	Bile acid and bile salt metabolism	0.000106306397388	0.0100481	HSD3B7|OSBPL3|OSBPL7|OSBPL9
 REACT:R-HSA-1482801	Acyl chain remodelling of PS	0.00026299347181	0.0239021	OSBPL10|OSBPL5|OSBPL8
 KEGG:hsa_M00154	Cytochrome c oxidase	0.000342802078329	0.0300015	COX7A1|COX7A2|COX7A2L
 REACT:R-HSA-1251985	Nuclear signaling by ERBB4	0.000387940972675	0.0327394	APH1A|APH1B|PGR
 REACT:R-HSA-2187335	The retinoid cycle in cones (daylight vision)	0.000486659244325	0.0396543	RBP3|RLBP1
