 REACT:R-HSA-166054	Activated TLR4 signalling	2.78900942341e-08	1.71796e-05	BTRC|CD14|FBXW11|MEF2C|PPP2R1A|PPP2R1B|TLR1|TLR2|TLR3|TLR4|TLR6|TNIP2
 REACT:R-HSA-166058	MyD88:Mal cascade initiated on plasma membrane	3.63512082657e-08	1.71796e-05	BTRC|CD14|FBXW11|MEF2C|PPP2R1A|PPP2R1B|TLR1|TLR2|TLR4|TLR6|TNIP2
 REACT:R-HSA-168179	Toll Like Receptor TLR1:TLR2 Cascade	3.63512082657e-08	1.71796e-05	BTRC|CD14|FBXW11|MEF2C|PPP2R1A|PPP2R1B|TLR1|TLR2|TLR4|TLR6|TNIP2
 REACT:R-HSA-168188	Toll Like Receptor TLR6:TLR2 Cascade	3.63512082657e-08	1.71796e-05	BTRC|CD14|FBXW11|MEF2C|PPP2R1A|PPP2R1B|TLR1|TLR2|TLR4|TLR6|TNIP2
 REACT:R-HSA-181438	Toll Like Receptor 2 (TLR2) Cascade	3.63512082657e-08	1.71796e-05	BTRC|CD14|FBXW11|MEF2C|PPP2R1A|PPP2R1B|TLR1|TLR2|TLR4|TLR6|TNIP2
 REACT:R-HSA-2022854	Keratan sulfate biosynthesis	4.98832921636e-08	1.96457e-05	B4GALT2|B4GALT3|B4GALT4|FMOD|KERA|OMD|PRELP
 REACT:R-HSA-166016	Toll Like Receptor 4 (TLR4) Cascade	7.80426077096e-08	2.6345e-05	BTRC|CD14|FBXW11|MEF2C|PPP2R1A|PPP2R1B|TLR1|TLR2|TLR3|TLR4|TLR6|TNIP2
 REACT:R-HSA-5602498	MyD88 deficiency (TLR2/4)	1.47502674186e-07	3.87276e-05	CD14|TLR1|TLR2|TLR4|TLR6
 REACT:R-HSA-5603041	IRAK4 deficiency (TLR2/4)	1.47502674186e-07	3.87276e-05	CD14|TLR1|TLR2|TLR4|TLR6
 REACT:R-HSA-1638074	Keratan sulfate/keratin metabolism	1.70494219853e-07	4.02878e-05	B4GALT2|B4GALT3|B4GALT4|FMOD|KERA|OMD|PRELP
 REACT:R-HSA-5260271	Diseases of Immune System	4.72574337107e-07	9.30578e-05	CD14|TLR1|TLR2|TLR3|TLR4|TLR6
 REACT:R-HSA-5602358	Diseases associated with the TLR signaling cascade	4.72574337107e-07	9.30578e-05	CD14|TLR1|TLR2|TLR3|TLR4|TLR6
 KEGG:hsa04145	Phagosome	6.56186428194e-07	0.000110755	CD14|CLEC4M|CLEC7A|COLEC11|COLEC12|CORO1A|MBL2|MRC1|SFTPD|TLR2|TLR4|TLR6
 REACT:R-HSA-168898	Toll-Like Receptors Cascades	6.56186428194e-07	0.000110755	BTRC|CD14|FBXW11|MEF2C|PPP2R1A|PPP2R1B|TLR1|TLR2|TLR3|TLR4|TLR6|TNIP2
 REACT:R-HSA-3560782	Diseases associated with glycosaminoglycan metabolism	7.91242421028e-07	0.000120253	BCAN|FMOD|KERA|OMD|PRELP|VCAN
 REACT:R-HSA-3656225	Defective CHST6 causes MCDC1	9.16016461017e-07	0.000120253	FMOD|KERA|OMD|PRELP
 REACT:R-HSA-3656243	Defective ST3GAL3 causes MCT12 and EIEE15	9.16016461017e-07	0.000120253	FMOD|KERA|OMD|PRELP
 REACT:R-HSA-3656244	Defective B4GALT1 causes B4GALT1-CDG (CDG-2d)	9.16016461017e-07	0.000120253	FMOD|KERA|OMD|PRELP
 REACT:R-HSA-5686938	Regulation of TLR by endogenous ligand	1.32366808092e-06	0.000162665	CD14|TLR1|TLR2|TLR4|TLR6
 REACT:R-HSA-71387	Metabolism of carbohydrates	1.37676377099e-06	0.000162665	B4GALT2|B4GALT3|B4GALT4|BCAN|EPM2A|FMOD|KERA|NAGLU|NUP43|OMD|PPP2R1A|PPP2R1B|PRELP|SI|SLC25A10|VCAN
 REACT:R-HSA-975138	TRAF6 mediated induction of NFkB and MAP kinases upon TLR7/8 or 9 activation	2.54804625421e-06	0.000286716	BTRC|CD14|FBXW11|MEF2C|PPP2R1A|PPP2R1B|TLR3|TLR4|TNIP2
 REACT:R-HSA-168181	Toll Like Receptor 7/8 (TLR7/8) Cascade	3.05905743825e-06	0.000314285	BTRC|CD14|FBXW11|MEF2C|PPP2R1A|PPP2R1B|TLR3|TLR4|TNIP2
 REACT:R-HSA-975155	MyD88 dependent cascade initiated on endosome	3.05905743825e-06	0.000314285	BTRC|CD14|FBXW11|MEF2C|PPP2R1A|PPP2R1B|TLR3|TLR4|TNIP2
 KEGG:hsa05152	Tuberculosis	3.25961515057e-06	0.000320936	CD14|CLEC4E|CLEC4M|CLEC7A|CORO1A|LSP1|MRC1|NFYC|TLR1|TLR2|TLR4|TLR6
 REACT:R-HSA-168138	Toll Like Receptor 9 (TLR9) Cascade	4.34998952592e-06	0.000411068	BTRC|CD14|FBXW11|MEF2C|PPP2R1A|PPP2R1B|TLR3|TLR4|TNIP2
 REACT:R-HSA-1630316	Glycosaminoglycan metabolism	4.52296289133e-06	0.000411068	B4GALT2|B4GALT3|B4GALT4|BCAN|FMOD|KERA|NAGLU|OMD|PRELP|VCAN
 REACT:R-HSA-166166	MyD88-independent TLR3/TLR4 cascade	5.1544723535e-06	0.000420001	BTRC|CD14|FBXW11|MEF2C|PPP2R1A|PPP2R1B|TLR3|TLR4|TNIP2
 REACT:R-HSA-168164	Toll Like Receptor 3 (TLR3) Cascade	5.1544723535e-06	0.000420001	BTRC|CD14|FBXW11|MEF2C|PPP2R1A|PPP2R1B|TLR3|TLR4|TNIP2
 REACT:R-HSA-937061	TRIF-mediated TLR3/TLR4 signaling	5.1544723535e-06	0.000420001	BTRC|CD14|FBXW11|MEF2C|PPP2R1A|PPP2R1B|TLR3|TLR4|TNIP2
 REACT:R-HSA-2022857	Keratan sulfate degradation	1.23164727951e-05	0.000970128	FMOD|KERA|OMD|PRELP
 KEGG:hsa_M00071	"Glycosphingolipid biosynthesis neolacto-series LacCer => nLc4Cer"	2.08604133186e-05	0.0015901	B4GALT2|B4GALT3|B4GALT4
 REACT:R-HSA-5621480	Dectin-2 family	3.14183634746e-05	0.00232005	CLEC10A|CLEC4A|CLEC4C|CLEC4D|CLEC4E
 REACT:R-HSA-168256	Immune System	7.16415438198e-05	0.00512997	A1BG|ARSA|BTRC|CD14|CD160|CD207|CD22|CLEC10A|CLEC4A|CLEC4C|CLEC4D|CLEC4E|CLEC7A|COLEC11|DEFB119|FAF2|FBXL4|FBXO17|FBXW11|FZR1|GAB2|GLA|ICAM1|IL1RAP|IL34|KIR2DS4|KIR2DS5|MBL2|MEF2C|MGRN1|MRC1|NUP43|PGLYRP1|PGLYRP2|PPP2R1A|PPP2R1B|SEC31A|SELL|SIGLEC1|SKP2|TLR1|TLR2|TLR3|TLR4|TLR6|TNIP2|VEGFA
 REACT:R-HSA-983169	Class I MHC mediated antigen processing & presentation	9.71318803341e-05	0.00661455	BTRC|CD14|CD207|FBXL4|FBXO17|FBXW11|FZR1|MGRN1|MRC1|SEC31A|SKP2|TLR1|TLR2|TLR4|TLR6
 KEGG:hsa04514	Cell adhesion molecules (CAMs)	9.79725756214e-05	0.00661455	CD22|ICAM1|LRRC4C|OCLN|SELE|SELL|SELP|SIGLEC1|VCAN
 REACT:R-HSA-446210	Synthesis of UDP-N-acetyl-glucosamine	0.00011352044228	0.00745136	AMDHD2|NAGK|RENBP
 REACT:R-HSA-450294	MAP kinase activation in TLR cascade	0.000171930584376	0.0109803	BTRC|FBXW11|MEF2C|PPP2R1A|PPP2R1B|TNIP2
 REACT:R-HSA-2465910	MASTL Facilitates Mitotic Progression	0.000238664662904	0.0144606	ENSA|PPP2R1A|PPP2R1B
 REACT:R-HSA-2562578	TRIF-mediated programmed cell death	0.000238664662904	0.0144606	CD14|TLR3|TLR4
 REACT:R-HSA-1236975	Antigen processing-Cross presentation	0.000329592354064	0.0194707	CD14|CD207|MRC1|TLR1|TLR2|TLR4|TLR6
 KEGG:hsa05144	Malaria	0.000409737498432	0.0236149	ICAM1|SELE|SELP|TLR2|TLR4
 REACT:R-HSA-168249	Innate Immune System	0.000511669205711	0.0287875	A1BG|ARSA|BTRC|CD14|CLEC10A|CLEC4A|CLEC4C|CLEC4D|CLEC4E|CLEC7A|COLEC11|DEFB119|FAF2|FBXW11|GAB2|GLA|KIR2DS4|KIR2DS5|MBL2|MEF2C|PGLYRP1|PGLYRP2|PPP2R1A|PPP2R1B|SELL|TLR1|TLR2|TLR3|TLR4|TLR6|TNIP2
 REACT:R-HSA-5621481	C-type lectin receptors (CLRs)	0.000584179229336	0.0321027	BTRC|CLEC10A|CLEC4A|CLEC4C|CLEC4D|CLEC4E|CLEC7A|FBXW11
 KEGG:hsa00533	Glycosaminoglycan biosynthesis - keratan sulfate	0.000696913708794	0.0374274	B4GALT2|B4GALT3|B4GALT4
 REACT:R-HSA-168142	Toll Like Receptor 10 (TLR10) Cascade	0.000754184318027	0.0379178	BTRC|FBXW11|MEF2C|PPP2R1A|PPP2R1B|TNIP2
 REACT:R-HSA-168176	Toll Like Receptor 5 (TLR5) Cascade	0.000754184318027	0.0379178	BTRC|FBXW11|MEF2C|PPP2R1A|PPP2R1B|TNIP2
 REACT:R-HSA-975871	MyD88 cascade initiated on plasma membrane	0.000754184318027	0.0379178	BTRC|FBXW11|MEF2C|PPP2R1A|PPP2R1B|TNIP2
 REACT:R-HSA-1280218	Adaptive Immune System	0.000822149322277	0.0404737	BTRC|CD14|CD160|CD207|CD22|FBXL4|FBXO17|FBXW11|FZR1|ICAM1|MGRN1|MRC1|PPP2R1A|PPP2R1B|SEC31A|SELL|SIGLEC1|SKP2|TLR1|TLR2|TLR4|TLR6
 REACT:R-HSA-3781865	Diseases of glycosylation	0.000854076814541	0.0407809	BCAN|FMOD|KERA|OMD|PRELP|VCAN
 REACT:R-HSA-975577	N-Glycan antennae elongation	0.000862904679469	0.0407809	B4GALT2|B4GALT3|B4GALT4
 REACT:R-HSA-5684264	MAP3K8 (TPL2)-dependent MAPK1/3 activation	0.00105199994451	0.0478053	BTRC|FBXW11|TNIP2
 REACT:R-HSA-975163	IRAK2 mediated activation of TAK1 complex upon TLR7/8 or 9 stimulation	0.00105199994451	0.0478053	CD14|TLR3|TLR4
