 KEGG:hsa04514	Cell adhesion molecules (CAMs)	0.0	0	ALCAM|CADM1|CD2|CD22|CD276|CD4|CD40|CD58|CLDN11|CLDN2|ESAM|ICAM1|ICAM2|ICAM3|ITGB1|ITGB2|ITGB7|JAM2|LRRC4|LRRC4C|MAG|NCAM1|NFASC|NRXN3|NTNG1|PDCD1LG2|SIGLEC1
 REACT:R-HSA-198933	Immunoregulatory interactions between a Lymphoid and a non-Lymphoid cell	0.0	0	CD19|CD22|CD3D|CD3G|CD40|CXADR|FCGR2B|FCGR3A|ICAM1|ICAM2|ICAM3|ICAM4|ITGB1|ITGB2|ITGB7|KIR2DL1|KIR2DL3|KIR2DL4|KIR2DS1|KIR3DS1|LAIR2|LILRA1|LILRA3|LILRA4|LILRA5|LILRB5|SIGLEC1|SIGLEC10|SIGLEC11|SIGLEC12|SIGLEC5|SIGLEC6|SIGLEC9|SLAMF6
 REACT:R-HSA-168256	Immune System	5.27127230754e-11	4.15201e-08	AGER|ARSA|BTC|BTNL8|CD180|CD19|CD22|CD3D|CD3G|CD4|CD40|CD47|CD58|CEACAM1|CSF1|CXADR|DCTN4|DEFB119|FBXL12|FBXL13|FBXL14|FBXL15|FBXL19|FBXL4|FBXL5|FBXL7|FCAR|FCER1A|FCGR1B|FCGR2A|FCGR2B|FCGR2C|FCGR3A|FCGR3B|FGA|FGB|GAA|GAB2|HEXB|ICAM1|ICAM2|ICAM3|ICAM4|IFNAR2|IL13RA2|IL19|IL1R1|IL1R2|IL1RAP|IL1RL1|IL20|IL22|IL22RA2|IL24|IL2RB|IL2RG|IL34|IL6R|ITGB1|ITGB2|ITGB3|ITGB5|ITGB7|KIR2DL1|KIR2DL3|KIR2DL4|KIR2DS1|KIR2DS4|KIR2DS5|KIR3DS1|LAIR2|LILRA1|LILRA3|LILRA4|LILRA5|LILRB5|LRG1|MASP2|MEF2C|MEFV|MGAM|MGRN1|NCAM1|NFASC|NLRC3|NRG1|NRG2|OSMR|PDCD1LG2|PGM1|PHLPP1|PHLPP2|PLAUR|RNF216|SIGLEC1|SIGLEC10|SIGLEC11|SIGLEC12|SIGLEC14|SIGLEC5|SIGLEC6|SIGLEC9|SKP2|SLAMF6|SLPI|SOX2|STBD1|STK11IP|TLR10|TLR3|TLR5|TNFRSF11B|TNFRSF18|TNFRSF25|TRPC1
 REACT:R-HSA-216083	Integrin cell surface interactions	1.26180732529e-10	7.45413e-08	BSG|CD47|FGA|FGB|ICAM1|ICAM2|ICAM3|ICAM4|ITGB1|ITGB2|ITGB3|ITGB5|ITGB6|ITGB7|JAM2|LUM
 REACT:R-HSA-2022857	Keratan sulfate degradation	3.08919778647e-10	1.45995e-07	FMOD|HEXA|HEXB|KERA|LUM|OGN|OMD|PRELP
 REACT:R-HSA-1638074	Keratan sulfate/keratin metabolism	1.99091354514e-09	7.84088e-07	B4GALT2|B4GALT3|B4GALT4|FMOD|HEXA|HEXB|KERA|LUM|OGN|OMD|PRELP
 REACT:R-HSA-3656225	Defective CHST6 causes MCDC1	5.39984479353e-09	1.41776e-06	FMOD|KERA|LUM|OGN|OMD|PRELP
 REACT:R-HSA-3656243	Defective ST3GAL3 causes MCT12 and EIEE15	5.39984479353e-09	1.41776e-06	FMOD|KERA|LUM|OGN|OMD|PRELP
 REACT:R-HSA-3656244	Defective B4GALT1 causes B4GALT1-CDG (CDG-2d)	5.39984479353e-09	1.41776e-06	FMOD|KERA|LUM|OGN|OMD|PRELP
 REACT:R-HSA-1280218	Adaptive Immune System	8.47258729841e-09	2.00207e-06	BTC|BTNL8|CD19|CD22|CD3D|CD3G|CD4|CD40|CXADR|DCTN4|FBXL12|FBXL13|FBXL14|FBXL15|FBXL19|FBXL4|FBXL5|FBXL7|FCGR1B|FCGR2B|FCGR3A|ICAM1|ICAM2|ICAM3|ICAM4|ITGB1|ITGB2|ITGB5|ITGB7|KIR2DL1|KIR2DL3|KIR2DL4|KIR2DS1|KIR3DS1|LAIR2|LILRA1|LILRA3|LILRA4|LILRA5|LILRB5|MGRN1|NRG1|NRG2|PDCD1LG2|PHLPP1|PHLPP2|SIGLEC1|SIGLEC10|SIGLEC11|SIGLEC12|SIGLEC5|SIGLEC6|SIGLEC9|SKP2|SLAMF6|TRPC1
 KEGG:hsa04640	Hematopoietic cell lineage	3.05762550834e-08	6.56834e-06	CD19|CD2|CD22|CD3D|CD3G|CD4|CSF1|GP1BB|GP5|GP9|IL1R1|IL1R2|IL6R|ITGB3|MS4A1|TFRC
 REACT:R-HSA-2022854	Keratan sulfate biosynthesis	8.86505386877e-08	1.74568e-05	B4GALT2|B4GALT3|B4GALT4|FMOD|KERA|LUM|OGN|OMD|PRELP
 REACT:R-HSA-163125	Post-translational modification: synthesis of GPI-anchored proteins	1.12398889973e-07	2.04307e-05	CNTN3|CNTN4|FCGR3B|LSAMP|LYPD4|LYPD6B|MDGA2|NTM|NTNG1|OPCML|PIGQ|PLAUR|RTN4RL1|SPACA4|TEX101
 REACT:R-HSA-2453902	The canonical retinoid cycle in rods (twilight vision)	2.35076065835e-07	3.96775e-05	LRAT|RBP3|RBP4|RDH11|RDH12|RDH8|RLBP1|RPE65
 REACT:R-HSA-3560782	Diseases associated with glycosaminoglycan metabolism	6.91062355118e-07	0.000108865	BGN|DCN|FMOD|KERA|LUM|OGN|OMD|PRELP
 REACT:R-HSA-1474244	Extracellular matrix organization	1.43562684074e-06	0.000212024	ASPN|BGN|BSG|CAST|CD47|CEACAM1|DCN|FGA|FGB|FMOD|ICAM1|ICAM2|ICAM3|ICAM4|ITGB1|ITGB2|ITGB3|ITGB5|ITGB6|ITGB7|JAM2|LAMC3|LUM|NCAM1|OPTC|PCOLCE
 REACT:R-HSA-202733	Cell surface interactions at the vascular wall	1.54745832415e-06	0.000215097	BSG|CD2|CD47|CD58|CD84|CEACAM1|CXADR|ESAM|ITGB1|ITGB2|ITGB3|JAM2|MAG|PSG11|PSG4|PSG6|PSG8
 KEGG:hsa04380	Osteoclast differentiation	1.96269584696e-06	0.000257658	CSF1|FCGR2A|FCGR2B|FCGR2C|FCGR3A|FCGR3B|GAB2|IFNAR2|IL1R1|ITGB3|LILRA1|LILRA3|LILRA4|LILRA5|LILRB5|TNFRSF11B
 REACT:R-HSA-8854691	"Interleukin-19 20 22 24"	2.98742966265e-06	0.000371542	IL19|IL20|IL22|IL22RA2|IL24
 KEGG:hsa04512	ECM-receptor interaction	6.81922203882e-06	0.000805691	CD47|CHAD|GP1BB|GP5|GP9|ITGB1|ITGB3|ITGB5|ITGB6|ITGB7|LAMC3|THBS3
 REACT:R-HSA-3000178	ECM proteoglycans	7.67874123553e-06	0.000864041	ASPN|BGN|DCN|FMOD|ITGB1|ITGB3|ITGB5|ITGB6|LUM|NCAM1
 REACT:R-HSA-140877	Formation of Fibrin Clot (Clotting Cascade)	1.92060860454e-05	0.00206291	F3|FGA|FGB|GP1BB|GP5|GP9|SERPINC1|SERPING1
 REACT:R-HSA-1630316	Glycosaminoglycan metabolism	2.55177878364e-05	0.00262168	B4GALT2|B4GALT3|B4GALT4|BGN|DCN|FMOD|HEXA|HEXB|KERA|LUM|NAGLU|OGN|OMD|PRELP
 REACT:R-HSA-4411364	Binding of TCF/LEF:CTNNB1 to target gene promoters	2.81752424923e-05	0.00277409	LEF1|TCF7|TCF7L1|TCF7L2
 KEGG:hsa05150	Staphylococcus aureus infection	3.92999357341e-05	0.00369685	FCAR|FCGR2A|FCGR2B|FCGR2C|FCGR3A|FCGR3B|ICAM1|ITGB2|MASP2
 REACT:R-HSA-3769402	Deactivation of the beta-catenin transactivating complex	4.06762940178e-05	0.00369685	LEF1|PYGO2|SOX17|SOX2|SOX7|TCF7|TCF7L1|TCF7L2
 KEGG:hsa04060	Cytokine-cytokine receptor interaction	8.59858457057e-05	0.00752535	CD40|CSF1|FAS|FLT1|IFNAR2|IL19|IL1R1|IL1R2|IL1RAP|IL20|IL22|IL22RA2|IL24|IL2RB|IL2RG|IL6R|OSMR|TNFRSF11B|TNFRSF18|TNFRSF25|VEGFC
 KEGG:hsa04360	Axon guidance	9.35320045292e-05	0.00789343	EFNA1|EFNA2|EFNA3|EFNA4|ITGB1|LRRC4|LRRC4C|NTNG1|ROBO1|ROBO2|SEMA3B|SEMA3C|SEMA3G|SLIT1|SLIT3|TRPC1
 KEGG:hsa04151	PI3K-Akt signaling pathway	0.0001310049978	0.0104059	CD19|CHAD|CREB5|CSF1|EFNA1|EFNA2|EFNA3|EFNA4|FLT1|IFNAR2|IL2RB|IL2RG|IL6R|ITGB1|ITGB3|ITGB5|ITGB6|ITGB7|LAMC3|OSMR|PHLPP1|PHLPP2|THBS3|VEGFC
 REACT:R-HSA-76009	Platelet Aggregation (Plug Formation)	0.000132696341416	0.0104059	BCAR1|FGA|FGB|GP1BB|GP5|GP9|ITGB3
 REACT:R-HSA-109582	Hemostasis	0.000139815040309	0.0104059	BCAR1|BSG|CABLES2|CD2|CD47|CD58|CD84|CEACAM1|CXADR|ESAM|F3|FGA|FGB|GAB2|GATA2|GP1BB|GP5|GP9|IL2RB|IL2RG|ITGB1|ITGB2|ITGB3|JAM2|MAG|NFE2|PLAUR|PSG11|PSG4|PSG6|PSG8|SERPINB2|SERPINB8|SERPINC1|SERPINF2|SERPING1|VEGFC
 KEGG:hsa04610	Complement and coagulation cascades	0.000140918368595	0.0104059	F3|FGA|FGB|ITGB2|MASP2|PLAUR|SERPINB2|SERPINC1|SERPINF2|SERPING1
 KEGG:hsa04650	Natural killer cell mediated cytotoxicity	0.000201868075361	0.014455	FAS|FCGR3A|FCGR3B|ICAM1|ICAM2|IFNAR2|ITGB2|KIR2DL1|KIR2DL3|KIR2DL4|KIR2DS1|KIR2DS4|KIR2DS5
 KEGG:hsa_M00071	"Glycosphingolipid biosynthesis neolacto-series LacCer => nLc4Cer"	0.000272323953675	0.0189265	B4GALT2|B4GALT3|B4GALT4
 KEGG:hsa05412	Arrhythmogenic right ventricular cardiomyopathy (ARVC)	0.000332952204903	0.022479	ITGB1|ITGB3|ITGB5|ITGB6|ITGB7|LEF1|TCF7|TCF7L1|TCF7L2
 REACT:R-HSA-4641265	Repression of WNT target genes	0.000352681468612	0.0231496	LEF1|TCF7|TCF7L1|TCF7L2
 REACT:R-HSA-140837	Intrinsic Pathway of Fibrin Clot Formation	0.00044922230202	0.0286895	GP1BB|GP5|GP9|SERPINC1|SERPING1
 REACT:R-HSA-75205	Dissolution of Fibrin Clot	0.000497177294602	0.0301238	PLAUR|SERPINB2|SERPINB8|SERPINF2
 REACT:R-HSA-75892	Platelet Adhesion to exposed collagen	0.000497177294602	0.0301238	GP1BB|GP5|GP9|ITGB1
 KEGG:hsa04612	Antigen processing and presentation	0.000551874352881	0.032602	CD4|KIR2DL1|KIR2DL3|KIR2DL4|KIR2DS1|KIR2DS4|KIR2DS5|KIR3DL3|RFXAP
 REACT:R-HSA-2024101	CS/DS degradation	0.000679325654099	0.0391524	BGN|DCN|HEXA|HEXB
 KEGG:hsa05340	Primary immunodeficiency	0.000708882402371	0.0398831	CD19|CD3D|CD4|CD40|IL2RG|RFXAP
 REACT:R-HSA-71387	Metabolism of carbohydrates	0.000790853379622	0.0434602	B4GALT2|B4GALT3|B4GALT4|BGN|DCN|EPM2A|FMOD|GAA|HEXA|HEXB|KERA|LUM|MGAM|NAGLU|OGN|OMD|PGM1|PRELP|SI|SLC50A1
