 KEGG:hsa05230	Central carbon metabolism in cancer	0.0	0	EGFR|ERBB2|FGFR1|FGFR2|FGFR3|FLT3|KIT|MET|NTRK1|NTRK3|RET
 REACT:R-HSA-194138	Signaling by VEGF	0.0	0	AXL|BCAR1|EGFR|ERBB2|ERBB3|ERBB4|FGFR1|FGFR2|FGFR3|FLT1|KDR|KIT|MET|PTK2|PTK2B|RET|TEK
 REACT:R-HSA-4420097	VEGFA-VEGFR2 Pathway	5.98454619194e-12	3.88245e-09	AXL|BCAR1|EGFR|ERBB2|ERBB3|ERBB4|FGFR1|FGFR2|FGFR3|KDR|KIT|MET|PTK2|PTK2B|RET|TEK
 REACT:R-HSA-2219530	Constitutive Signaling by Aberrant PI3K in Cancer	6.57207621657e-12	3.88245e-09	EGFR|ERBB2|ERBB3|ERBB4|FGFR1|FGFR2|FGFR3|KIT|MET
 REACT:R-HSA-449147	Signaling by Interleukins	1.4291900996e-11	6.75435e-09	EGFR|ERBB2|ERBB3|ERBB4|FGFR1|FGFR2|FGFR3|FLT3|IRAK1|IRAK3|IRAK4|KIT|MAP3K7|MET|PTK2|PTK2B|RET|TEK
 REACT:R-HSA-170968	Frs2-mediated activation	8.68369820495e-11	2.42265e-08	EGFR|ERBB2|ERBB3|ERBB4|FGFR1|FGFR2|FGFR3|KIT|MET|NTRK1|PTK2|RET|TEK
 REACT:R-HSA-170984	ARMS-mediated activation	8.94170293364e-11	2.42265e-08	EGFR|ERBB2|ERBB3|ERBB4|FGFR1|FGFR2|FGFR3|KIT|MET|NTRK1|PTK2|RET|TEK
 REACT:R-HSA-187706	Signalling to p38 via RIT and RIN	8.94170293364e-11	2.42265e-08	EGFR|ERBB2|ERBB3|ERBB4|FGFR1|FGFR2|FGFR3|KIT|MET|NTRK1|PTK2|RET|TEK
 REACT:R-HSA-1280215	Cytokine Signaling in Immune system	9.22718568219e-11	2.42265e-08	EGFR|ERBB2|ERBB3|ERBB4|FGFR1|FGFR2|FGFR3|FLT3|IRAK1|IRAK3|IRAK4|ISG20|KIT|MAP3K7|MET|OAS2|PTK2|PTK2B|RET|TEK
 REACT:R-HSA-169893	Prolonged ERK activation events	1.14178444477e-10	2.535e-08	EGFR|ERBB2|ERBB3|ERBB4|FGFR1|FGFR2|FGFR3|KIT|MET|NTRK1|PTK2|RET|TEK
 REACT:R-HSA-167044	Signalling to RAS	1.1800671551e-10	2.535e-08	EGFR|ERBB2|ERBB3|ERBB4|FGFR1|FGFR2|FGFR3|KIT|MET|NTRK1|PTK2|RET|TEK
 REACT:R-HSA-5218921	VEGFR2 mediated cell proliferation	1.46830436698e-10	2.89134e-08	EGFR|ERBB2|ERBB3|ERBB4|FGFR1|FGFR2|FGFR3|KDR|KIT|MET|PTK2|RET|TEK
 REACT:R-HSA-451927	Interleukin-2 signaling	1.78541403884e-10	3.24533e-08	EGFR|ERBB2|ERBB3|ERBB4|FGFR1|FGFR2|FGFR3|KIT|MET|PTK2|PTK2B|RET|TEK
 REACT:R-HSA-187687	Signalling to ERKs	2.16021978083e-10	3.4774e-08	EGFR|ERBB2|ERBB3|ERBB4|FGFR1|FGFR2|FGFR3|KIT|MET|NTRK1|PTK2|RET|TEK
 REACT:R-HSA-6811558	"PI5P PP2A and IER3 Regulate PI3K/AKT Signaling"	2.20740647983e-10	3.4774e-08	EGFR|ERBB2|ERBB3|ERBB4|FGFR1|FGFR2|FGFR3|KIT|MET
 REACT:R-HSA-422475	Axon guidance	2.98163826962e-10	4.23957e-08	EGFR|EPHA3|ERBB2|ERBB3|ERBB4|FES|FGFR1|FGFR2|FGFR3|KALRN|KDR|KIT|LIMK2|MET|PTK2|RET|TEK
 REACT:R-HSA-2219528	PI3K/AKT Signaling in Cancer	3.05005021239e-10	4.23957e-08	EGFR|ERBB2|ERBB3|ERBB4|FGFR1|FGFR2|FGFR3|KIT|MET
 REACT:R-HSA-166520	Signalling by NGF	3.55271256858e-10	4.53694e-08	EGFR|ERBB2|ERBB3|ERBB4|FGFR1|FGFR2|FGFR3|IRAK1|KALRN|KIT|MET|NTRK1|NTRK2|PTK2|RET|TEK
 REACT:R-HSA-198203	PI3K/AKT activation	3.64798302677e-10	4.53694e-08	EGFR|ERBB2|ERBB3|ERBB4|FGFR1|FGFR2|FGFR3|KIT|MET|NTRK1
 REACT:R-HSA-199418	Negative regulation of the PI3K/AKT network	4.70564809341e-10	5.55972e-08	EGFR|ERBB2|ERBB3|ERBB4|FGFR1|FGFR2|FGFR3|KIT|MET
 REACT:R-HSA-5683057	MAPK family signaling cascades	6.37215169519e-10	7.17019e-08	EGFR|ERBB2|ERBB3|ERBB4|FGFR1|FGFR2|FGFR3|KALRN|KIT|MET|PTK2|RET|TEK
 REACT:R-HSA-112412	SOS-mediated signalling	1.20555632144e-09	1.13949e-07	EGFR|ERBB2|ERBB3|ERBB4|FGFR1|FGFR2|FGFR3|KIT|MET|PTK2|RET|TEK
 REACT:R-HSA-179812	GRB2 events in EGFR signaling	1.20555632144e-09	1.13949e-07	EGFR|ERBB2|ERBB3|ERBB4|FGFR1|FGFR2|FGFR3|KIT|MET|PTK2|RET|TEK
 REACT:R-HSA-180336	SHC1 events in EGFR signaling	1.20555632144e-09	1.13949e-07	EGFR|ERBB2|ERBB3|ERBB4|FGFR1|FGFR2|FGFR3|KIT|MET|PTK2|RET|TEK
 REACT:R-HSA-5673001	RAF/MAP kinase cascade	1.20555632144e-09	1.13949e-07	EGFR|ERBB2|ERBB3|ERBB4|FGFR1|FGFR2|FGFR3|KIT|MET|PTK2|RET|TEK
 REACT:R-HSA-5684996	MAPK1/MAPK3 signaling	1.56914892191e-09	1.42611e-07	EGFR|ERBB2|ERBB3|ERBB4|FGFR1|FGFR2|FGFR3|KIT|MET|PTK2|RET|TEK
 REACT:R-HSA-2586552	Signaling by Leptin	1.72163761025e-09	1.50675e-07	EGFR|ERBB2|ERBB3|ERBB4|FGFR1|FGFR2|FGFR3|KIT|MET|PTK2|RET|TEK
 REACT:R-HSA-912526	Interleukin receptor SHC signaling	1.85539261732e-09	1.56582e-07	EGFR|ERBB2|ERBB3|ERBB4|FGFR1|FGFR2|FGFR3|KIT|MET|PTK2|RET|TEK
 REACT:R-HSA-187037	NGF signalling via TRKA from the plasma membrane	2.12978334968e-09	1.73541e-07	EGFR|ERBB2|ERBB3|ERBB4|FGFR1|FGFR2|FGFR3|KIT|MET|NTRK1|NTRK2|PTK2|RET|TEK
 KEGG:hsa01521	EGFR tyrosine kinase inhibitor resistance	3.03350866648e-09	2.38939e-07	AXL|EGFR|ERBB2|ERBB3|FGFR2|FGFR3|KDR|MET
 REACT:R-HSA-8853659	RET signaling	3.59295393437e-09	2.69398e-07	EGFR|ERBB2|ERBB3|ERBB4|FGFR1|FGFR2|FGFR3|KIT|MET|PTK2|RET|TEK
 REACT:R-HSA-2871796	FCERI mediated MAPK activation	3.76222608622e-09	2.69398e-07	EGFR|ERBB2|ERBB3|ERBB4|FGFR1|FGFR2|FGFR3|KIT|MET|PTK2|RET|TEK
 REACT:R-HSA-512988	"Interleukin-3 5 and GM-CSF signaling"	3.76222608622e-09	2.69398e-07	EGFR|ERBB2|ERBB3|ERBB4|FGFR1|FGFR2|FGFR3|KIT|MET|PTK2|RET|TEK
 REACT:R-HSA-1433557	Signaling by SCF-KIT	4.05635758316e-09	2.81917e-07	EGFR|ERBB2|ERBB3|ERBB4|FES|FGFR1|FGFR2|FGFR3|KIT|MET|PTK2|RET|TEK
 REACT:R-HSA-375165	NCAM signaling for neurite out-growth	4.60478366549e-09	3.10889e-07	EGFR|ERBB2|ERBB3|ERBB4|FGFR1|FGFR2|FGFR3|KIT|MET|PTK2|RET|TEK
 REACT:R-HSA-1257604	PIP3 activates AKT signaling	6.18022844012e-09	4.05663e-07	EGFR|ERBB2|ERBB3|ERBB4|FGFR1|FGFR2|FGFR3|KIT|MET
 REACT:R-HSA-186763	Downstream signal transduction	6.88717338715e-09	4.39848e-07	BCAR1|EGFR|ERBB2|ERBB3|ERBB4|FGFR1|FGFR2|FGFR3|KIT|MET|PTK2|RET|TEK
 REACT:R-HSA-180292	GAB1 signalosome	7.63905128043e-09	4.75028e-07	EGFR|ERBB2|ERBB3|ERBB4|FGFR1|FGFR2|FGFR3|KIT|MET
 REACT:R-HSA-112399	IRS-mediated signalling	9.41492139805e-09	5.70448e-07	EGFR|ERBB2|ERBB3|ERBB4|FGFR1|FGFR2|FGFR3|KIT|MET|PTK2|RET|TEK
 REACT:R-HSA-74751	Insulin receptor signalling cascade	1.05388184846e-08	6.15406e-07	EGFR|ERBB2|ERBB3|ERBB4|FGFR1|FGFR2|FGFR3|KIT|MET|PTK2|RET|TEK
 REACT:R-HSA-2428924	IGF1R signaling cascade	1.09382440883e-08	6.15406e-07	EGFR|ERBB2|ERBB3|ERBB4|FGFR1|FGFR2|FGFR3|KIT|MET|PTK2|RET|TEK
 REACT:R-HSA-2428928	IRS-related events triggered by IGF1R	1.09382440883e-08	6.15406e-07	EGFR|ERBB2|ERBB3|ERBB4|FGFR1|FGFR2|FGFR3|KIT|MET|PTK2|RET|TEK
 REACT:R-HSA-2404192	Signaling by Type 1 Insulin-like Growth Factor 1 Receptor (IGF1R)	1.1355575591e-08	6.24028e-07	EGFR|ERBB2|ERBB3|ERBB4|FGFR1|FGFR2|FGFR3|KIT|MET|PTK2|RET|TEK
 REACT:R-HSA-2730905	Role of LAT2/NTAL/LAB on calcium mobilization	1.39013675016e-08	7.46567e-07	EGFR|ERBB2|ERBB3|ERBB4|FGFR1|FGFR2|FGFR3|KIT|MET
 REACT:R-HSA-186797	Signaling by PDGF	1.51276069449e-08	7.94367e-07	BCAR1|EGFR|ERBB2|ERBB3|ERBB4|FGFR1|FGFR2|FGFR3|KIT|MET|PTK2|RET|TEK
 REACT:R-HSA-2454202	Fc epsilon receptor (FCERI) signaling	1.61458253434e-08	8.29404e-07	EGFR|ERBB2|ERBB3|ERBB4|FGFR1|FGFR2|FGFR3|KIT|MAP3K7|MET|PTK2|RET|TEK
 REACT:R-HSA-1168372	Downstream signaling events of B Cell Receptor (BCR)	2.41307346327e-08	1.21321e-06	EGFR|ERBB2|ERBB3|ERBB4|FGFR1|FGFR2|FGFR3|KIT|MAP3K7|MET
 REACT:R-HSA-74752	Signaling by Insulin receptor	2.59419674631e-08	1.2771e-06	EGFR|ERBB2|ERBB3|ERBB4|FGFR1|FGFR2|FGFR3|KIT|MET|PTK2|RET|TEK
 KEGG:hsa04144	Endocytosis	2.93182906841e-08	1.41386e-06	EGFR|ERBB3|ERBB4|FGFR2|FGFR3|FLT1|KDR|KIT|MET|NTRK1|RET
 KEGG:hsa04015	Rap1 signaling pathway	4.43002990957e-08	2.09363e-06	BCAR1|EGFR|FGFR1|FGFR2|FGFR3|FLT1|KDR|KIT|MET|TEK
 REACT:R-HSA-2424491	DAP12 signaling	7.83758884459e-08	3.63142e-06	EGFR|ERBB2|ERBB3|ERBB4|FGFR1|FGFR2|FGFR3|KIT|MET|PTK2|RET|TEK
 KEGG:hsa04014	Ras signaling pathway	9.23282242882e-08	4.19561e-06	EGFR|FGFR1|FGFR2|FGFR3|FLT1|KDR|KIT|MET|TEK|ZAP70
 REACT:R-HSA-177929	Signaling by EGFR	9.99144702529e-08	4.45468e-06	EGFR|ERBB2|ERBB3|ERBB4|FGFR1|FGFR2|FGFR3|KIT|MET|PTK2|RET|TEK
 REACT:R-HSA-881907	Gastrin-CREB signalling pathway via PKC and MAPK	1.04644590215e-07	4.57917e-06	EGFR|ERBB2|ERBB3|ERBB4|FGFR1|FGFR2|FGFR3|KALRN|KIT|MET|PTK2|RET|TEK
 REACT:R-HSA-983705	Signaling by the B Cell Receptor (BCR)	1.22739251207e-07	5.18864e-06	EGFR|ERBB2|ERBB3|ERBB4|FGFR1|FGFR2|FGFR3|KIT|MAP3K7|MET
 REACT:R-HSA-2172127	DAP12 interactions	1.22963978444e-07	5.18864e-06	EGFR|ERBB2|ERBB3|ERBB4|FGFR1|FGFR2|FGFR3|KIT|MET|PTK2|RET|TEK
 REACT:R-HSA-8847993	ERBB2 Activates PTK6 Signaling	3.14601417251e-07	1.30422e-05	EGFR|ERBB2|ERBB3|ERBB4
 REACT:R-HSA-15869	Metabolism of nucleotides	3.38159335755e-07	1.37771e-05	AK5|CMPK1|DCK|DGUOK|DUT|RRM1|TK2
 REACT:R-HSA-6785631	ERBB2 Regulates Cell Motility	4.38861730845e-07	1.75768e-05	EGFR|ERBB2|ERBB3|ERBB4
 KEGG:hsa00240	Pyrimidine metabolism	5.45166044419e-07	2.14705e-05	CMPK1|DCK|DUT|RRM1|TK2|UCKL1|UPRT
 REACT:R-HSA-1963642	PI3K events in ERBB2 signaling	7.92344496126e-07	3.06936e-05	EGFR|ERBB2|ERBB3|ERBB4
 KEGG:hsa05200	Pathways in cancer	1.94717631807e-06	7.42125e-05	EGFR|ERBB2|FGFR1|FGFR2|FGFR3|FLT3|KIT|MET|NTRK1|PTK2|RET
 REACT:R-HSA-1250196	SHC1 events in ERBB2 signaling	3.11797347596e-06	0.000116949	EGFR|ERBB2|ERBB3|ERBB4
 KEGG:hsa04151	PI3K-Akt signaling pathway	3.84202289094e-06	0.000141855	EGFR|FGFR1|FGFR2|FGFR3|FLT1|KDR|KIT|MET|PTK2|TEK
 KEGG:hsa05205	Proteoglycans in cancer	4.64308472548e-06	0.000168794	EGFR|ERBB2|ERBB3|ERBB4|FGFR1|KDR|MET|PTK2
 REACT:R-HSA-1266738	Developmental Biology	5.64803961189e-06	0.000202217	EGFR|EPHA3|ERBB2|ERBB3|ERBB4|FES|FGFR1|FGFR2|FGFR3|KALRN|KDR|KIT|LIMK2|MET|PTK2|RET|TEK
 REACT:R-HSA-8863795	Downregulation of ERBB2 signaling	1.13567461104e-05	0.000400537	EGFR|ERBB2|ERBB3|ERBB4
 REACT:R-HSA-8848021	Signaling by PTK6	1.54478367873e-05	0.000536812	BCAR1|EGFR|ERBB2|ERBB3|ERBB4
 KEGG:hsa04722	Neurotrophin signaling pathway	1.98689105652e-05	0.000680438	IRAK1|IRAK3|IRAK4|NTRK1|NTRK2|NTRK3
 KEGG:hsa04520	Adherens junction	2.19812790333e-05	0.000742025	EGFR|ERBB2|FGFR1|MAP3K7|MET
 REACT:R-HSA-162582	Signal Transduction	3.74357176076e-05	0.00124592	AXL|BCAR1|EGFR|ERBB2|ERBB3|ERBB4|FES|FGFR1|FGFR2|FGFR3|FLT1|IRAK1|KALRN|KDR|KIT|LIMK2|MAP3K7|MET|NTRK1|NTRK2|PTK2|PTK2B|RET|ROR2|RYK|TEK
 KEGG:hsa04510	Focal adhesion	4.00214721082e-05	0.00131348	BCAR1|EGFR|ERBB2|FLT1|KDR|MET|PTK2
 KEGG:hsa_M00686	Toll-like receptor signaling	4.42152522476e-05	0.00143124	IRAK1|IRAK4|MAP3K7
 KEGG:hsa04012	ErbB signaling pathway	5.20280034526e-05	0.00166138	EGFR|ERBB2|ERBB3|ERBB4|PTK2
 REACT:R-HSA-1963640	GRB2 events in ERBB2 signaling	5.42359113602e-05	0.00166454	EGFR|ERBB2|ERBB4
 REACT:R-HSA-8866910	TFAP2 (AP-2) family regulates transcription of growth factors and their receptors	5.42359113602e-05	0.00166454	EGFR|ERBB2|KIT
 REACT:R-HSA-5663202	Diseases of signal transduction	5.42403483664e-05	0.00166454	EGFR|ERBB2|ERBB3|ERBB4|FGFR1|FGFR2|FGFR3|KIT|MET
 KEGG:hsa04810	Regulation of actin cytoskeleton	5.98377029369e-05	0.00181278	BCAR1|EGFR|FGFR1|FGFR2|FGFR3|LIMK2|PTK2
 REACT:R-HSA-446652	Interleukin-1 signaling	6.3922160726e-05	0.001912	IRAK1|IRAK3|IRAK4|MAP3K7
 REACT:R-HSA-168249	Innate Immune System	6.61375847847e-05	0.00195354	EGFR|ERBB2|ERBB3|ERBB4|FGFR1|FGFR2|FGFR3|IRAK1|IRAK3|IRAK4|KIT|MAP3K7|MET|PTK2|RET|TEK|TREX1
 REACT:R-HSA-2682334	EPH-Ephrin signaling	8.38044304913e-05	0.00244481	EPHA3|KALRN|KDR|LIMK2|PTK2
 REACT:R-HSA-1227986	Signaling by ERBB2	8.89522406196e-05	0.00256334	EGFR|ERBB2|ERBB3|ERBB4
 REACT:R-HSA-1251932	PLCG1 events in ERBB2 signaling	0.00013190938133	0.00371074	EGFR|ERBB2
 REACT:R-HSA-194306	Neurophilin interactions with VEGF and VEGFR	0.00013190938133	0.00371074	FLT1|KDR
 REACT:R-HSA-168256	Immune System	0.000134363214626	0.0037353	EGFR|ERBB2|ERBB3|ERBB4|FGFR1|FGFR2|FGFR3|FLT3|IRAK1|IRAK3|IRAK4|ISG20|KIT|MAP3K7|MET|OAS2|PTK2|PTK2B|RET|TEK|TREX1|ZAP70
 KEGG:hsa04360	Axon guidance	0.000170930813514	0.00469662	EPHA3|FES|LIMK2|MET|PTK2|RYK
 KEGG:hsa04010	MAPK signaling pathway	0.000189561159221	0.00514866	EGFR|FGFR1|FGFR2|FGFR3|MAP3K7|NTRK1|NTRK2
 REACT:R-HSA-499943	Synthesis and interconversion of nucleotide di- and triphosphates	0.000216113519885	0.00569143	AK5|CMPK1|RRM1
 KEGG:hsa_M00414	Bloom's syndrome complex	0.000219178933234	0.00569143	TOP3A|TOP3B
 REACT:R-HSA-1306955	GRB7 events in ERBB2 signaling	0.000219178933234	0.00569143	ERBB2|ERBB3
 REACT:R-HSA-187024	NGF-independant TRKA activation	0.000219178933234	0.00569143	NTRK1|NTRK2
 REACT:R-HSA-73848	Pyrimidine metabolism	0.000243482686452	0.0062538	DCK|DUT|TK2
 REACT:R-HSA-400685	Sema4D in semaphorin signaling	0.000272999256164	0.00693653	ERBB2|LIMK2|MET
 REACT:R-HSA-373755	Semaphorin interactions	0.000295277743183	0.00742278	ERBB2|FES|LIMK2|MET
 REACT:R-HSA-187015	Activation of TRKA receptors	0.000327766729124	0.00815277	NTRK1|NTRK2
 REACT:R-HSA-3928663	EPHA-mediated growth cone collapse	0.000545531659078	0.013428	EPHA3|KDR|PTK2
 REACT:R-HSA-194313	VEGF ligand-receptor interactions	0.000608110496257	0.0146629	FLT1|KDR
 REACT:R-HSA-195399	VEGF binds to VEGFR leading to receptor dimerization	0.000608110496257	0.0146629	FLT1|KDR
 KEGG:hsa05215	Prostate cancer	0.000755029878106	0.0180216	EGFR|ERBB2|FGFR1|FGFR2
 REACT:R-HSA-8864260	Transcriptional regulation by the AP-2 (TFAP2) family of transcription factors	0.000882766032261	0.0208598	EGFR|ERBB2|KIT
 KEGG:hsa05219	Bladder cancer	0.000949270775066	0.0222092	EGFR|ERBB2|FGFR3
 KEGG:hsa04064	NF-kappa B signaling pathway	0.00100934091047	0.0231888	IRAK1|IRAK4|MAP3K7|ZAP70
 REACT:R-HSA-3928662	EPHB-mediated forward signaling	0.00101887113511	0.0231888	KALRN|LIMK2|PTK2
 REACT:R-HSA-166058	MyD88:Mal cascade initiated on plasma membrane	0.00105002384879	0.0231888	IRAK1|IRAK3|IRAK4|MAP3K7
 REACT:R-HSA-168179	Toll Like Receptor TLR1:TLR2 Cascade	0.00105002384879	0.0231888	IRAK1|IRAK3|IRAK4|MAP3K7
 REACT:R-HSA-168188	Toll Like Receptor TLR6:TLR2 Cascade	0.00105002384879	0.0231888	IRAK1|IRAK3|IRAK4|MAP3K7
 REACT:R-HSA-181438	Toll Like Receptor 2 (TLR2) Cascade	0.00105002384879	0.0231888	IRAK1|IRAK3|IRAK4|MAP3K7
 REACT:R-HSA-1236394	Signaling by ERBB4	0.00109162238449	0.0238843	EGFR|ERBB3|ERBB4
 REACT:R-HSA-73614	Pyrimidine salvage reactions	0.00118363179151	0.0256598	DCK|TK2
 KEGG:hsa04066	HIF-1 signaling pathway	0.00131867230214	0.0283275	EGFR|ERBB2|FLT1|TEK
 REACT:R-HSA-1280218	Adaptive Immune System	0.0013745847967	0.0292626	EGFR|ERBB2|ERBB3|ERBB4|FGFR1|FGFR2|FGFR3|KIT|MAP3K7|MET|ZAP70
 REACT:R-HSA-975110	TRAF6 mediated IRF7 activation in TLR7/8 or 9 signaling	0.00141603897628	0.0298759	IRAK1|IRAK4
 KEGG:hsa05202	Transcriptional misregulation in cancer	0.00154905468585	0.0323931	FLT1|FLT3|MET|NTRK1|PTK2
 KEGG:hsa04020	Calcium signaling pathway	0.00162688988739	0.0336962	EGFR|ERBB2|ERBB3|ERBB4|PTK2B
 REACT:R-HSA-1358803	Downregulation of ERBB2:ERBB3 signaling	0.00166841331699	0.0336962	ERBB2|ERBB3
 REACT:R-HSA-391160	Signal regulatory protein (SIRP) family interactions	0.00166841331699	0.0336962	PTK2|PTK2B
 REACT:R-HSA-74217	Purine salvage	0.00166841331699	0.0336962	DCK|DGUOK
 KEGG:hsa04060	Cytokine-cytokine receptor interaction	0.00168460094985	0.0337348	EGFR|FLT1|FLT3|KDR|KIT|MET
 REACT:R-HSA-166054	Activated TLR4 signalling	0.00212611503709	0.0422186	IRAK1|IRAK3|IRAK4|MAP3K7
