 REACT:R-HSA-194138	Signaling by VEGF	5.76261260932e-12	9.02128e-09	AXL|BCAR1|EGFR|ERBB2|ERBB3|ERBB4|FGB|FGFR1|FGFR2|FGFR3|FLT1|KDR|KIT|MET|NRG1|PTK2|PTK2B|RET|TEK
 KEGG:hsa05230	Central carbon metabolism in cancer	7.63544782956e-12	9.02128e-09	EGFR|ERBB2|FGFR1|FGFR2|FGFR3|FLT3|KIT|MET|NTRK1|NTRK3|RET
 REACT:R-HSA-2219530	Constitutive Signaling by Aberrant PI3K in Cancer	1.9534263096e-11	1.33129e-08	EGFR|ERBB2|ERBB3|ERBB4|FGFR1|FGFR2|FGFR3|KIT|MET|NRG1
 REACT:R-HSA-4420097	VEGFA-VEGFR2 Pathway	2.25356400207e-11	1.33129e-08	AXL|BCAR1|EGFR|ERBB2|ERBB3|ERBB4|FGB|FGFR1|FGFR2|FGFR3|KDR|KIT|MET|NRG1|PTK2|PTK2B|RET|TEK
 REACT:R-HSA-170968	Frs2-mediated activation	6.34886587747e-11	2.29862e-08	EGFR|ERBB2|ERBB3|ERBB4|FGB|FGFR1|FGFR2|FGFR3|KIT|MET|NRG1|NTRK1|PTK2|RET|TEK
 REACT:R-HSA-170984	ARMS-mediated activation	6.80928646801e-11	2.29862e-08	EGFR|ERBB2|ERBB3|ERBB4|FGB|FGFR1|FGFR2|FGFR3|KIT|MET|NRG1|NTRK1|PTK2|RET|TEK
 REACT:R-HSA-187706	Signalling to p38 via RIT and RIN	6.80928646801e-11	2.29862e-08	EGFR|ERBB2|ERBB3|ERBB4|FGB|FGFR1|FGFR2|FGFR3|KIT|MET|NRG1|NTRK1|PTK2|RET|TEK
 REACT:R-HSA-169893	Prolonged ERK activation events	8.465317336e-11	2.50044e-08	EGFR|ERBB2|ERBB3|ERBB4|FGB|FGFR1|FGFR2|FGFR3|KIT|MET|NRG1|NTRK1|PTK2|RET|TEK
 REACT:R-HSA-167044	Signalling to RAS	1.02798991541e-10	2.69904e-08	EGFR|ERBB2|ERBB3|ERBB4|FGB|FGFR1|FGFR2|FGFR3|KIT|MET|NRG1|NTRK1|PTK2|RET|TEK
 REACT:R-HSA-5218921	VEGFR2 mediated cell proliferation	1.23203336422e-10	2.77732e-08	EGFR|ERBB2|ERBB3|ERBB4|FGB|FGFR1|FGFR2|FGFR3|KDR|KIT|MET|NRG1|PTK2|RET|TEK
 REACT:R-HSA-451927	Interleukin-2 signaling	1.38736910849e-10	2.77732e-08	EGFR|ERBB2|ERBB3|ERBB4|FGB|FGFR1|FGFR2|FGFR3|KIT|MET|NRG1|PTK2|PTK2B|RET|TEK
 REACT:R-HSA-449147	Signaling by Interleukins	1.4104040158e-10	2.77732e-08	EGFR|ERBB2|ERBB3|ERBB4|FGB|FGFR1|FGFR2|FGFR3|FLT3|IRAK1|IRAK3|IRAK4|KIT|MAP3K7|MET|NRG1|PTK2|PTK2B|RET|TEK
 REACT:R-HSA-187687	Signalling to ERKs	1.7732082469e-10	3.22315e-08	EGFR|ERBB2|ERBB3|ERBB4|FGB|FGFR1|FGFR2|FGFR3|KIT|MET|NRG1|NTRK1|PTK2|RET|TEK
 REACT:R-HSA-6811558	"PI5P PP2A and IER3 Regulate PI3K/AKT Signaling"	2.36722641489e-10	3.99554e-08	EGFR|ERBB2|ERBB3|ERBB4|FGFR1|FGFR2|FGFR3|KIT|MET|NRG1
 REACT:R-HSA-422475	Axon guidance	2.73071787404e-10	4.30179e-08	ALCAM|EGFR|EPHA3|ERBB2|ERBB3|ERBB4|FES|FGB|FGFR1|FGFR2|FGFR3|KALRN|KDR|KIT|LIMK2|MET|NRG1|PTK2|RET|TEK
 REACT:R-HSA-2219528	PI3K/AKT Signaling in Cancer	3.37443073484e-10	4.98361e-08	EGFR|ERBB2|ERBB3|ERBB4|FGFR1|FGFR2|FGFR3|KIT|MET|NRG1
 REACT:R-HSA-199418	Negative regulation of the PI3K/AKT network	5.48345369111e-10	6.97402e-08	EGFR|ERBB2|ERBB3|ERBB4|FGFR1|FGFR2|FGFR3|KIT|MET|NRG1
 REACT:R-HSA-5683057	MAPK family signaling cascades	5.73445402274e-10	6.97402e-08	EGFR|ERBB2|ERBB3|ERBB4|FGB|FGFR1|FGFR2|FGFR3|KALRN|KIT|MET|NRG1|PTK2|RET|TEK
 REACT:R-HSA-112412	SOS-mediated signalling	6.49294951138e-10	6.97402e-08	EGFR|ERBB2|ERBB3|ERBB4|FGB|FGFR1|FGFR2|FGFR3|KIT|MET|NRG1|PTK2|RET|TEK
 REACT:R-HSA-179812	GRB2 events in EGFR signaling	6.49294951138e-10	6.97402e-08	EGFR|ERBB2|ERBB3|ERBB4|FGB|FGFR1|FGFR2|FGFR3|KIT|MET|NRG1|PTK2|RET|TEK
 REACT:R-HSA-180336	SHC1 events in EGFR signaling	6.49294951138e-10	6.97402e-08	EGFR|ERBB2|ERBB3|ERBB4|FGB|FGFR1|FGFR2|FGFR3|KIT|MET|NRG1|PTK2|RET|TEK
 REACT:R-HSA-5673001	RAF/MAP kinase cascade	6.49294951138e-10	6.97402e-08	EGFR|ERBB2|ERBB3|ERBB4|FGB|FGFR1|FGFR2|FGFR3|KIT|MET|NRG1|PTK2|RET|TEK
 REACT:R-HSA-198203	PI3K/AKT activation	6.9929662061e-10	7.18451e-08	EGFR|ERBB2|ERBB3|ERBB4|FGFR1|FGFR2|FGFR3|KIT|MET|NRG1|NTRK1
 REACT:R-HSA-5684996	MAPK1/MAPK3 signaling	8.67065419463e-10	8.53698e-08	EGFR|ERBB2|ERBB3|ERBB4|FGB|FGFR1|FGFR2|FGFR3|KIT|MET|NRG1|PTK2|RET|TEK
 REACT:R-HSA-2586552	Signaling by Leptin	9.67648849937e-10	9.14622e-08	EGFR|ERBB2|ERBB3|ERBB4|FGB|FGFR1|FGFR2|FGFR3|KIT|MET|NRG1|PTK2|RET|TEK
 REACT:R-HSA-912526	Interleukin receptor SHC signaling	1.05227326852e-09	9.56355e-08	EGFR|ERBB2|ERBB3|ERBB4|FGB|FGFR1|FGFR2|FGFR3|KIT|MET|NRG1|PTK2|RET|TEK
 REACT:R-HSA-166520	Signalling by NGF	1.45014145136e-09	1.26914e-07	EGFR|ERBB2|ERBB3|ERBB4|FGB|FGFR1|FGFR2|FGFR3|IRAK1|KALRN|KIT|MET|NRG1|NTRK1|NTRK2|PTK2|RET|TEK
 KEGG:hsa01521	EGFR tyrosine kinase inhibitor resistance	2.21042895099e-09	1.75366e-07	AXL|EGFR|ERBB2|ERBB3|FGFR2|FGFR3|KDR|MET|NRG1
 REACT:R-HSA-1280215	Cytokine Signaling in Immune system	2.24170138008e-09	1.75366e-07	EGFR|ERBB2|ERBB3|ERBB4|FGB|FGFR1|FGFR2|FGFR3|FLT3|IRAK1|IRAK3|IRAK4|ISG20|KIT|MAP3K7|MET|NRG1|OAS2|PTK2|PTK2B|RET|TEK
 REACT:R-HSA-8853659	RET signaling	2.2519517362e-09	1.75366e-07	EGFR|ERBB2|ERBB3|ERBB4|FGB|FGFR1|FGFR2|FGFR3|KIT|MET|NRG1|PTK2|RET|TEK
 REACT:R-HSA-2871796	FCERI mediated MAPK activation	2.37481989629e-09	1.75366e-07	EGFR|ERBB2|ERBB3|ERBB4|FGB|FGFR1|FGFR2|FGFR3|KIT|MET|NRG1|PTK2|RET|TEK
 REACT:R-HSA-512988	"Interleukin-3 5 and GM-CSF signaling"	2.37481989629e-09	1.75366e-07	EGFR|ERBB2|ERBB3|ERBB4|FGB|FGFR1|FGFR2|FGFR3|KIT|MET|NRG1|PTK2|RET|TEK
 REACT:R-HSA-375165	NCAM signaling for neurite out-growth	2.9803887136e-09	2.13414e-07	EGFR|ERBB2|ERBB3|ERBB4|FGB|FGFR1|FGFR2|FGFR3|KIT|MET|NRG1|PTK2|RET|TEK
 REACT:R-HSA-187037	NGF signalling via TRKA from the plasma membrane	3.74094799582e-09	2.59996e-07	EGFR|ERBB2|ERBB3|ERBB4|FGB|FGFR1|FGFR2|FGFR3|KIT|MET|NRG1|NTRK1|NTRK2|PTK2|RET|TEK
 REACT:R-HSA-1433557	Signaling by SCF-KIT	4.54204751588e-09	3.06653e-07	EGFR|ERBB2|ERBB3|ERBB4|FES|FGB|FGFR1|FGFR2|FGFR3|KIT|MET|NRG1|PTK2|RET|TEK
 REACT:R-HSA-112399	IRS-mediated signalling	6.73421252095e-09	4.42026e-07	EGFR|ERBB2|ERBB3|ERBB4|FGB|FGFR1|FGFR2|FGFR3|KIT|MET|NRG1|PTK2|RET|TEK
 REACT:R-HSA-74751	Insulin receptor signalling cascade	7.65854379914e-09	4.81062e-07	EGFR|ERBB2|ERBB3|ERBB4|FGB|FGFR1|FGFR2|FGFR3|KIT|MET|NRG1|PTK2|RET|TEK
 REACT:R-HSA-2428924	IGF1R signaling cascade	7.99348121028e-09	4.81062e-07	EGFR|ERBB2|ERBB3|ERBB4|FGB|FGFR1|FGFR2|FGFR3|KIT|MET|NRG1|PTK2|RET|TEK
 REACT:R-HSA-2428928	IRS-related events triggered by IGF1R	7.99348121028e-09	4.81062e-07	EGFR|ERBB2|ERBB3|ERBB4|FGB|FGFR1|FGFR2|FGFR3|KIT|MET|NRG1|PTK2|RET|TEK
 REACT:R-HSA-186763	Downstream signal transduction	8.19828160914e-09	4.81062e-07	BCAR1|EGFR|ERBB2|ERBB3|ERBB4|FGB|FGFR1|FGFR2|FGFR3|KIT|MET|NRG1|PTK2|RET|TEK
 REACT:R-HSA-2404192	Signaling by Type 1 Insulin-like Growth Factor 1 Receptor (IGF1R)	8.34681790352e-09	4.81062e-07	EGFR|ERBB2|ERBB3|ERBB4|FGB|FGFR1|FGFR2|FGFR3|KIT|MET|NRG1|PTK2|RET|TEK
 REACT:R-HSA-1257604	PIP3 activates AKT signaling	8.83993733769e-09	4.97352e-07	EGFR|ERBB2|ERBB3|ERBB4|FGFR1|FGFR2|FGFR3|KIT|MET|NRG1
 REACT:R-HSA-180292	GAB1 signalosome	1.11312385975e-08	6.117e-07	EGFR|ERBB2|ERBB3|ERBB4|FGFR1|FGFR2|FGFR3|KIT|MET|NRG1
 REACT:R-HSA-8847993	ERBB2 Activates PTK6 Signaling	1.40399963877e-08	7.54012e-07	EGFR|ERBB2|ERBB3|ERBB4|NRG1
 REACT:R-HSA-186797	Signaling by PDGF	1.98553041786e-08	1.04262e-06	BCAR1|EGFR|ERBB2|ERBB3|ERBB4|FGB|FGFR1|FGFR2|FGFR3|KIT|MET|NRG1|PTK2|RET|TEK
 REACT:R-HSA-2454202	Fc epsilon receptor (FCERI) signaling	2.13360420442e-08	1.04616e-06	EGFR|ERBB2|ERBB3|ERBB4|FGB|FGFR1|FGFR2|FGFR3|KIT|MAP3K7|MET|NRG1|PTK2|RET|TEK
 REACT:R-HSA-74752	Signaling by Insulin receptor	2.13737630927e-08	1.04616e-06	EGFR|ERBB2|ERBB3|ERBB4|FGB|FGFR1|FGFR2|FGFR3|KIT|MET|NRG1|PTK2|RET|TEK
 REACT:R-HSA-2730905	Role of LAT2/NTAL/LAB on calcium mobilization	2.14512116958e-08	1.04616e-06	EGFR|ERBB2|ERBB3|ERBB4|FGFR1|FGFR2|FGFR3|KIT|MET|NRG1
 REACT:R-HSA-6785631	ERBB2 Regulates Cell Motility	2.16935593933e-08	1.04616e-06	EGFR|ERBB2|ERBB3|ERBB4|NRG1
 REACT:R-HSA-1963642	PI3K events in ERBB2 signaling	4.68434321332e-08	2.21382e-06	EGFR|ERBB2|ERBB3|ERBB4|NRG1
 REACT:R-HSA-1168372	Downstream signaling events of B Cell Receptor (BCR)	6.51180556144e-08	3.01714e-06	EGFR|ERBB2|ERBB3|ERBB4|FGFR1|FGFR2|FGFR3|KIT|MAP3K7|MET|NRG1
 REACT:R-HSA-2424491	DAP12 signaling	7.5093510743e-08	3.41242e-06	EGFR|ERBB2|ERBB3|ERBB4|FGB|FGFR1|FGFR2|FGFR3|KIT|MET|NRG1|PTK2|RET|TEK
 REACT:R-HSA-177929	Signaling by EGFR	9.88930692891e-08	4.40914e-06	EGFR|ERBB2|ERBB3|ERBB4|FGB|FGFR1|FGFR2|FGFR3|KIT|MET|NRG1|PTK2|RET|TEK
 REACT:R-HSA-2172127	DAP12 interactions	1.25118178151e-07	5.4637e-06	EGFR|ERBB2|ERBB3|ERBB4|FGB|FGFR1|FGFR2|FGFR3|KIT|MET|NRG1|PTK2|RET|TEK
 KEGG:hsa04144	Endocytosis	1.27170448838e-07	5.4637e-06	EGFR|ERBB3|ERBB4|FGFR2|FGFR3|FLT1|KDR|KIT|MET|NTRK1|RET|TFRC
 REACT:R-HSA-881907	Gastrin-CREB signalling pathway via PKC and MAPK	1.71902137969e-07	7.25366e-06	EGFR|ERBB2|ERBB3|ERBB4|FGB|FGFR1|FGFR2|FGFR3|KALRN|KIT|MET|NRG1|PTK2|RET|TEK
 REACT:R-HSA-15869	Metabolism of nucleotides	2.3559723894e-07	9.76695e-06	AK5|CMPK1|DCK|DGUOK|DUT|RRM1|TK2|TYMS
 REACT:R-HSA-1250196	SHC1 events in ERBB2 signaling	2.73803067108e-07	1.11551e-05	EGFR|ERBB2|ERBB3|ERBB4|NRG1
 REACT:R-HSA-983705	Signaling by the B Cell Receptor (BCR)	3.72256348413e-07	1.49092e-05	EGFR|ERBB2|ERBB3|ERBB4|FGFR1|FGFR2|FGFR3|KIT|MAP3K7|MET|NRG1
 KEGG:hsa00240	Pyrimidine metabolism	4.04570527857e-07	1.59333e-05	CMPK1|DCK|DUT|RRM1|TK2|TYMS|UCKL1|UPRT
 KEGG:hsa04015	Rap1 signaling pathway	1.17456574744e-06	4.55e-05	BCAR1|EGFR|FGFR1|FGFR2|FGFR3|FLT1|KDR|KIT|MET|TEK
 REACT:R-HSA-8863795	Downregulation of ERBB2 signaling	1.42152603599e-06	5.41785e-05	EGFR|ERBB2|ERBB3|ERBB4|NRG1
 KEGG:hsa05200	Pathways in cancer	1.74456054791e-06	6.54349e-05	EGFR|ERBB2|FAS|FGFR1|FGFR2|FGFR3|FLT3|KIT|MET|NTRK1|PTK2|RET|TCF7L2
 KEGG:hsa04014	Ras signaling pathway	2.37645645074e-06	8.77432e-05	EGFR|FGFR1|FGFR2|FGFR3|FLT1|KDR|KIT|MET|TEK|ZAP70
 REACT:R-HSA-1306955	GRB7 events in ERBB2 signaling	2.79436889417e-06	0.000101586	ERBB2|ERBB3|NRG1
 REACT:R-HSA-1963640	GRB2 events in ERBB2 signaling	3.08701428586e-06	0.000110524	EGFR|ERBB2|ERBB4|NRG1
 REACT:R-HSA-1266738	Developmental Biology	4.38838653416e-06	0.000154772	ALCAM|EGFR|EPHA3|ERBB2|ERBB3|ERBB4|FES|FGB|FGFR1|FGFR2|FGFR3|KALRN|KDR|KIT|LIMK2|MED26|MET|NRG1|PTK2|RET|TEK
 REACT:R-HSA-8848021	Signaling by PTK6	5.11051658048e-06	0.00017759	BCAR1|EGFR|ERBB2|ERBB3|ERBB4|NRG1
 REACT:R-HSA-5663202	Diseases of signal transduction	5.31015975869e-06	0.000181854	EGFR|ERBB2|ERBB3|ERBB4|FGB|FGFR1|FGFR2|FGFR3|KIT|MET|NRG1|TCF7L2
 KEGG:hsa05205	Proteoglycans in cancer	7.49736507377e-06	0.00025309	EGFR|ERBB2|ERBB3|ERBB4|FAS|FGFR1|KDR|MET|PTK2
 KEGG:hsa04520	Adherens junction	7.79346224211e-06	0.00025938	EGFR|ERBB2|FGFR1|MAP3K7|MET|TCF7L2
 REACT:R-HSA-168256	Immune System	1.6080985859e-05	0.000527769	AGER|EGFR|ERBB2|ERBB3|ERBB4|FBXL7|FBXO44|FCAR|FGB|FGFR1|FGFR2|FGFR3|FLT3|IRAK1|IRAK3|IRAK4|ISG20|KIT|MAP3K7|MET|NRG1|OAS2|PTK2|PTK2B|RET|SIGLEC10|SIGLEC11|TEK|TREX1|ZAP70
 REACT:R-HSA-1227986	Signaling by ERBB2	1.90551018295e-05	0.000616811	EGFR|ERBB2|ERBB3|ERBB4|NRG1
 KEGG:hsa04012	ErbB signaling pathway	2.17892906571e-05	0.000695785	EGFR|ERBB2|ERBB3|ERBB4|NRG1|PTK2
 REACT:R-HSA-73848	Pyrimidine metabolism	2.41107819763e-05	0.00075965	DCK|DUT|TK2|TYMS
 REACT:R-HSA-1280218	Adaptive Immune System	7.59053160242e-05	0.00233	EGFR|ERBB2|ERBB3|ERBB4|FBXL7|FBXO44|FGFR1|FGFR2|FGFR3|KIT|MAP3K7|MET|NRG1|SIGLEC10|SIGLEC11|ZAP70
 REACT:R-HSA-168249	Innate Immune System	7.62109753107e-05	0.00233	AGER|EGFR|ERBB2|ERBB3|ERBB4|FCAR|FGB|FGFR1|FGFR2|FGFR3|IRAK1|IRAK3|IRAK4|KIT|MAP3K7|MET|NRG1|PTK2|RET|TEK|TREX1
 REACT:R-HSA-1358803	Downregulation of ERBB2:ERBB3 signaling	7.69107190555e-05	0.00233	ERBB2|ERBB3|NRG1
 KEGG:hsa04151	PI3K-Akt signaling pathway	8.11843792511e-05	0.00242834	EGFR|FGFR1|FGFR2|FGFR3|FLT1|KDR|KIT|MET|PTK2|TEK
 KEGG:hsa_M00686	Toll-like receptor signaling	0.000121191504203	0.00357969	IRAK1|IRAK4|MAP3K7
 KEGG:hsa04722	Neurotrophin signaling pathway	0.00013525184003	0.00394568	IRAK1|IRAK3|IRAK4|NTRK1|NTRK2|NTRK3
 REACT:R-HSA-372708	p130Cas linkage to MAPK signaling for integrins	0.000148446368323	0.00422625	BCAR1|FGB|PTK2
 REACT:R-HSA-8866910	TFAP2 (AP-2) family regulates transcription of growth factors and their receptors	0.000148446368323	0.00422625	EGFR|ERBB2|KIT
 REACT:R-HSA-1236394	Signaling by ERBB4	0.000182711756745	0.00513986	EGFR|ERBB3|ERBB4|NRG1
 REACT:R-HSA-446652	Interleukin-1 signaling	0.000237985080941	0.00661599	IRAK1|IRAK3|IRAK4|MAP3K7
 REACT:R-HSA-1251932	PLCG1 events in ERBB2 signaling	0.000259251004364	0.0070415	EGFR|ERBB2
 REACT:R-HSA-194306	Neurophilin interactions with VEGF and VEGFR	0.000259251004364	0.0070415	FLT1|KDR
 KEGG:hsa05215	Prostate cancer	0.000274484742563	0.00737054	EGFR|ERBB2|FGFR1|FGFR2|TCF7L2
 KEGG:hsa04010	MAPK signaling pathway	0.000279406217558	0.00741839	EGFR|FAS|FGFR1|FGFR2|FGFR3|MAP3K7|NTRK1|NTRK2
 REACT:R-HSA-162582	Signal Transduction	0.000297271565596	0.00780503	AXL|BCAR1|EGFR|ERBB2|ERBB3|ERBB4|FAS|FES|FGB|FGFR1|FGFR2|FGFR3|FLT1|GGA3|IRAK1|KALRN|KDR|KIT|LIMK2|MAP3K7|MET|NRG1|NTRK1|NTRK2|PTK2|PTK2B|RET|ROR2|RYK|TCF7L2|TEK
 KEGG:hsa04510	Focal adhesion	0.000345046823797	0.00895984	BCAR1|EGFR|ERBB2|FLT1|KDR|MET|PTK2
 REACT:R-HSA-166058	MyD88:Mal cascade initiated on plasma membrane	0.000413022124371	0.0101664	AGER|IRAK1|IRAK3|IRAK4|MAP3K7
 REACT:R-HSA-168179	Toll Like Receptor TLR1:TLR2 Cascade	0.000413022124371	0.0101664	AGER|IRAK1|IRAK3|IRAK4|MAP3K7
 REACT:R-HSA-168188	Toll Like Receptor TLR6:TLR2 Cascade	0.000413022124371	0.0101664	AGER|IRAK1|IRAK3|IRAK4|MAP3K7
 REACT:R-HSA-181438	Toll Like Receptor 2 (TLR2) Cascade	0.000413022124371	0.0101664	AGER|IRAK1|IRAK3|IRAK4|MAP3K7
 REACT:R-HSA-2682334	EPH-Ephrin signaling	0.000413022124371	0.0101664	EPHA3|KALRN|KDR|LIMK2|PTK2
 KEGG:hsa_M00414	Bloom's syndrome complex	0.000430222085303	0.0103736	TOP3A|TOP3B
 REACT:R-HSA-187024	NGF-independant TRKA activation	0.000430222085303	0.0103736	NTRK1|NTRK2
 KEGG:hsa04810	Regulation of actin cytoskeleton	0.000505009607779	0.0120539	BCAR1|EGFR|FGFR1|FGFR2|FGFR3|LIMK2|PTK2
 REACT:R-HSA-168898	Toll-Like Receptors Cascades	0.000526227127131	0.0124347	AGER|FGB|IRAK1|IRAK3|IRAK4|MAP3K7
 KEGG:hsa04066	HIF-1 signaling pathway	0.000547440667075	0.0128079	EGFR|ERBB2|FLT1|TEK|TFRC
 REACT:R-HSA-499943	Synthesis and interconversion of nucleotide di- and triphosphates	0.000584011102092	0.0135296	AK5|CMPK1|RRM1
 REACT:R-HSA-187015	Activation of TRKA receptors	0.00064255215742	0.0145995	NTRK1|NTRK2
 REACT:R-HSA-500753	Pyrimidine biosynthesis	0.00064255215742	0.0145995	DUT|TYMS
 REACT:R-HSA-400685	Sema4D in semaphorin signaling	0.000735651552737	0.0165557	ERBB2|LIMK2|MET
 REACT:R-HSA-354192	Integrin alphaIIb beta3 signaling	0.000820006918104	0.01828	BCAR1|FGB|PTK2
 KEGG:hsa05216	Thyroid cancer	0.00091026960823	0.0199164	NTRK1|RET|TCF7L2
 REACT:R-HSA-445989	TAK1 activates NFkB by phosphorylation and activation of IKKs complex	0.00091026960823	0.0199164	AGER|IRAK1|MAP3K7
 REACT:R-HSA-166054	Activated TLR4 signalling	0.000986973380318	0.0213965	AGER|IRAK1|IRAK3|IRAK4|MAP3K7
 KEGG:hsa04360	Axon guidance	0.00106355914654	0.0226425	EPHA3|FES|LIMK2|MET|PTK2|RYK
 REACT:R-HSA-373755	Semaphorin interactions	0.00106361172559	0.0226425	ERBB2|FES|LIMK2|MET
 REACT:R-HSA-194313	VEGF ligand-receptor interactions	0.00118912276936	0.0248663	FLT1|KDR
 REACT:R-HSA-195399	VEGF binds to VEGFR leading to receptor dimerization	0.00118912276936	0.0248663	FLT1|KDR
 REACT:R-HSA-1643685	Disease	0.00142694692883	0.0295779	EGFR|ERBB2|ERBB3|ERBB4|FGB|FGFR1|FGFR2|FGFR3|IRAK4|KIT|MET|NRG1|TAF6|TCF7L2
 REACT:R-HSA-3928663	EPHA-mediated growth cone collapse	0.00145559574463	0.0299093	EPHA3|KDR|PTK2
 REACT:R-HSA-166016	Toll Like Receptor 4 (TLR4) Cascade	0.0014841870597	0.0302339	AGER|IRAK1|IRAK3|IRAK4|MAP3K7
 KEGG:hsa05162	Measles	0.00188423668536	0.037623	FAS|IRAK1|IRAK4|MAP3K7|OAS2
 REACT:R-HSA-1250342	PI3K events in ERBB4 signaling	0.00189468206319	0.037623	ERBB4|NRG1
 REACT:R-HSA-8875656	MET receptor recycling	0.00189468206319	0.037623	GGA3|MET
 REACT:R-HSA-76009	Platelet Aggregation (Plug Formation)	0.00201332502109	0.0396457	BCAR1|FGB|PTK2
 KEGG:hsa04060	Cytokine-cytokine receptor interaction	0.00206530281259	0.0403331	EGFR|FAS|FLT1|FLT3|KDR|KIT|MET
 REACT:R-HSA-73614	Pyrimidine salvage reactions	0.00230576720626	0.0438021	DCK|TK2
 REACT:R-HSA-168142	Toll Like Receptor 10 (TLR10) Cascade	0.00232624767262	0.0438021	AGER|IRAK1|IRAK4|MAP3K7
 REACT:R-HSA-168176	Toll Like Receptor 5 (TLR5) Cascade	0.00232624767262	0.0438021	AGER|IRAK1|IRAK4|MAP3K7
 REACT:R-HSA-975871	MyD88 cascade initiated on plasma membrane	0.00232624767262	0.0438021	AGER|IRAK1|IRAK4|MAP3K7
 REACT:R-HSA-8864260	Transcriptional regulation by the AP-2 (TFAP2) family of transcription factors	0.00233561725473	0.0438021	EGFR|ERBB2|KIT
 KEGG:hsa05219	Bladder cancer	0.00250805170264	0.0466656	EGFR|ERBB2|FGFR3
 KEGG:hsa05224	Breast cancer	0.00266515978405	0.0492013	EGFR|ERBB2|FGFR1|KIT|TCF7L2
 REACT:R-HSA-3928662	EPHB-mediated forward signaling	0.00268816717206	0.0492414	KALRN|LIMK2|PTK2
