 KEGG:hsa_M00415	"Fatty acid biosynthesis elongation endoplasmic reticulum"	1.92940082799e-08	2.73265e-05	ELOVL1|ELOVL3|ELOVL4|ELOVL7|TECR
 KEGG:hsa04530	Tight junction	2.78463475611e-08	2.73265e-05	ITGB1|MYH11|MYH13|MYH14|MYH15|MYH2|MYH3|MYH8|MYH9|PPP2R1A|PPP2R1B
 REACT:R-HSA-75876	Synthesis of very long-chain fatty acyl-CoAs	3.46929907025e-08	2.73265e-05	ELOVL1|ELOVL3|ELOVL4|ELOVL7|TECR|TECRL
 REACT:R-HSA-1445148	Translocation of GLUT4 to the plasma membrane	2.46171012352e-07	0.000145426	MYH13|MYH15|MYH2|MYH3|MYH8|MYO1C|MYO5A
 KEGG:hsa00062	Fatty acid elongation	7.45715886707e-07	0.000352425	ELOVL1|ELOVL3|ELOVL4|ELOVL7|TECR
 REACT:R-HSA-383280	Nuclear Receptor transcription pathway	1.45710994282e-06	0.000573858	AR|NR1I3|NR3C1|NR3C2|NR4A3|PGR
 REACT:R-HSA-75105	Fatty Acyl-CoA Biosynthesis	2.05463298542e-06	0.000693585	ELOVL1|ELOVL3|ELOVL4|ELOVL7|TECR|TECRL
 REACT:R-HSA-556833	Metabolism of lipids and lipoproteins	2.84969391773e-06	0.000841728	ELOVL1|ELOVL3|ELOVL4|ELOVL7|HSD3B7|OSBPL3|OSBPL5|OSBPL6|OSBPL8|OSBPL9|PON1|PON2|PON3|PTGR2|SRD5A1|SRD5A3|TECR|TECRL|TMEM86B
 REACT:R-HSA-216083	Integrin cell surface interactions	8.04782382446e-06	0.002113	ITGB1|ITGB2|ITGB3|ITGB5|ITGB6|ITGB7
 KEGG:hsa05412	Arrhythmogenic right ventricular cardiomyopathy (ARVC)	1.12323603685e-05	0.00265421	ITGB1|ITGB3|ITGB5|ITGB6|ITGB7|SLC8A1
 REACT:R-HSA-75109	Triglyceride Biosynthesis	2.21808396512e-05	0.00476485	ELOVL1|ELOVL3|ELOVL4|ELOVL7|TECR|TECRL
 KEGG:hsa05410	Hypertrophic cardiomyopathy (HCM)	2.55084805086e-05	0.00502304	ITGB1|ITGB3|ITGB5|ITGB6|ITGB7|SLC8A1
 REACT:R-HSA-2142688	Synthesis of 5-eicosatetraenoic acids	2.78229494998e-05	0.00505736	PON1|PON2|PON3
 KEGG:hsa05414	Dilated cardiomyopathy	3.79703615664e-05	0.00640885	ITGB1|ITGB3|ITGB5|ITGB6|ITGB7|SLC8A1
 REACT:R-HSA-2129379	Molecules associated with elastic fibres	6.33619482974e-05	0.00998162	ITGB1|ITGB3|ITGB5|ITGB6
 REACT:R-HSA-113510	E2F mediated regulation of DNA replication	9.18941932921e-05	0.0116793	CDC45|ORC3|PPP2R1A|PPP2R1B
 REACT:R-HSA-192105	Synthesis of bile acids and bile salts	9.18941932921e-05	0.0116793	HSD3B7|OSBPL3|OSBPL6|OSBPL9
 REACT:R-HSA-425561	Sodium/Calcium exchangers	9.28113350113e-05	0.0116793	SLC8A1|SLC8A2|SLC8A3
 REACT:R-HSA-397014	Muscle contraction	9.390919761e-05	0.0116793	ANXA1|ITGB5|MYH11|MYH3|MYH8|SLC8A1|SLC8A2|SLC8A3
 REACT:R-HSA-418359	Reduction of cytosolic Ca++ levels	0.000117521051015	0.0138077	SLC8A1|SLC8A2|SLC8A3
 KEGG:hsa04810	Regulation of actin cytoskeleton	0.000122709541025	0.0138077	ITGB1|ITGB2|ITGB3|ITGB5|ITGB6|ITGB7|MYH14|MYH9
 REACT:R-HSA-1566948	Elastic fibre formation	0.000212459283421	0.0212871	ITGB1|ITGB3|ITGB5|ITGB6
 REACT:R-HSA-5625900	RHO GTPases activate CIT	0.000216204614077	0.0212871	MYH11|MYH14|MYH9
 REACT:R-HSA-5627117	RHO GTPases Activate ROCKs	0.000216204614077	0.0212871	MYH11|MYH14|MYH9
 REACT:R-HSA-194068	Bile acid and bile salt metabolism	0.000232995822005	0.0220228	HSD3B7|OSBPL3|OSBPL6|OSBPL9
 KEGG:hsa04512	ECM-receptor interaction	0.000279414975526	0.0253945	ITGB1|ITGB3|ITGB5|ITGB6|ITGB7
 REACT:R-HSA-3000170	Syndecan interactions	0.000356950706324	0.0312398	ITGB1|ITGB3|ITGB5
 REACT:R-HSA-418346	Platelet homeostasis	0.000453178094763	0.038245	PPP2R1A|PPP2R1B|SLC8A1|SLC8A2|SLC8A3
 REACT:R-HSA-2453902	The canonical retinoid cycle in rods (twilight vision)	0.000546103462384	0.0421007	MYO7A|RBP3|RLBP1
 REACT:R-HSA-5627123	RHO GTPases activate PAKs	0.000546103462384	0.0421007	MYH11|MYH14|MYH9
 REACT:R-HSA-2682334	EPH-Ephrin signaling	0.000552315601327	0.0421007	APH1A|APH1B|MYH11|MYH14|MYH9
 KEGG:hsa_M00154	Cytochrome c oxidase	0.000620944081908	0.0444634	COX7A1|COX7A2|COX7A2L
 REACT:R-HSA-416572	Sema4D induced cell migration and growth-cone collapse	0.000620944081908	0.0444634	MYH11|MYH14|MYH9
 REACT:R-HSA-3000178	ECM proteoglycans	0.000691842414672	0.0473971	ITGB1|ITGB3|ITGB5|ITGB6
 REACT:R-HSA-1251985	Nuclear signaling by ERBB4	0.000702030600902	0.0473971	APH1A|APH1B|PGR
 REACT:R-HSA-2187335	The retinoid cycle in cones (daylight vision)	0.000728453264344	0.0478149	RBP3|RLBP1
