 REACT:R-HSA-2453902	The canonical retinoid cycle in rods (twilight vision)	0.0	0	LRAT|RBP1|RBP3|RBP4|RDH11|RDH12|RDH8|RLBP1|RPE65
 REACT:R-HSA-383280	Nuclear Receptor transcription pathway	8.5043107001e-09	6.37277e-06	AR|NR0B1|NR2C1|NR3C1|NR3C2|NR4A3|PGR|VDR
 REACT:R-HSA-163560	Hormone-sensitive lipase (HSL)-mediated triacylglycerol hydrolysis	1.03633370774e-08	6.37277e-06	FABP2|FABP3|FABP4|FABP5|FABP7|FABP9
 REACT:R-HSA-2187338	Visual phototransduction	1.07875989253e-08	6.37277e-06	LRAT|RBP1|RBP2|RBP3|RBP4|RDH11|RDH12|RDH8|RLBP1|RPE65
 KEGG:hsa_M00415	"Fatty acid biosynthesis elongation endoplasmic reticulum"	4.51896967624e-08	2.13567e-05	ELOVL1|ELOVL3|ELOVL4|ELOVL5|ELOVL7
 REACT:R-HSA-5362517	Signaling by Retinoic Acid	1.39732567517e-06	0.000550313	CRABP1|CRABP2|FABP5|RDH11|RDH13|RDH14
 KEGG:hsa00062	Fatty acid elongation	1.72357509243e-06	0.00058183	ELOVL1|ELOVL3|ELOVL4|ELOVL5|ELOVL7
 REACT:R-HSA-75876	Synthesis of very long-chain fatty acyl-CoAs	3.12555230764e-06	0.00092321	ELOVL1|ELOVL3|ELOVL4|ELOVL5|ELOVL7
 REACT:R-HSA-556833	Metabolism of lipids and lipoproteins	1.04958366033e-05	0.00275574	CDIPT|ELOVL1|ELOVL3|ELOVL4|ELOVL5|ELOVL7|FABP2|FABP3|FABP4|FABP5|FABP7|FABP9|HSD3B7|OSBPL5|OSBPL6|OSBPL8|OSBPL9|PTGR2|SRD5A2|TMEM86B
 KEGG:hsa00830	Retinol metabolism	1.63251369656e-05	0.00385763	LRAT|RDH11|RDH12|RDH8|RETSAT|RPE65
 REACT:R-HSA-216083	Integrin cell surface interactions	2.12004878494e-05	0.00455425	ITGB1|ITGB2|ITGB3|ITGB5|ITGB6|ITGB7
 KEGG:hsa05412	Arrhythmogenic right ventricular cardiomyopathy (ARVC)	2.94593100387e-05	0.0056473	ITGB1|ITGB3|ITGB5|ITGB6|ITGB7|SLC8A1
 REACT:R-HSA-975634	Retinoid metabolism and transport	3.10685231857e-05	0.0056473	LRAT|RBP1|RBP2|RBP4|RDH11
 REACT:R-HSA-5365859	RA biosynthesis pathway	3.61577598383e-05	0.00610291	CRABP1|RDH11|RDH13|RDH14
 REACT:R-HSA-2453864	Retinoid cycle disease events	4.60511505713e-05	0.00680118	RBP1|RBP4|RLBP1
 REACT:R-HSA-2474795	Diseases associated with visual transduction	4.60511505713e-05	0.00680118	RBP1|RBP4|RLBP1
 REACT:R-HSA-2046105	Linoleic acid (LA) metabolism	6.53878517184e-05	0.00867699	ELOVL1|ELOVL3|ELOVL5
 KEGG:hsa05410	Hypertrophic cardiomyopathy (HCM)	6.60964073249e-05	0.00867699	ITGB1|ITGB3|ITGB5|ITGB6|ITGB7|SLC8A1
 REACT:R-HSA-6806667	Metabolism of fat-soluble vitamins	7.73576239051e-05	0.00962085	LRAT|RBP1|RBP2|RBP4|RDH11
 REACT:R-HSA-75105	Fatty Acyl-CoA Biosynthesis	8.4690352529e-05	0.0100062	ELOVL1|ELOVL3|ELOVL4|ELOVL5|ELOVL7
 KEGG:hsa05414	Dilated cardiomyopathy	9.7740593564e-05	0.0109981	ITGB1|ITGB3|ITGB5|ITGB6|ITGB7|SLC8A1
 REACT:R-HSA-2129379	Molecules associated with elastic fibres	0.000122055360348	0.0131099	ITGB1|ITGB3|ITGB5|ITGB6
 REACT:R-HSA-425561	Sodium/Calcium exchangers	0.00015302091936	0.0157212	SLC8A1|SLC8A2|SLC8A3
 REACT:R-HSA-113510	E2F mediated regulation of DNA replication	0.000176471898877	0.0173751	CDC45|ORC3|PPP2R1A|PPP2R1B
 REACT:R-HSA-418359	Reduction of cytosolic Ca++ levels	0.00019357278929	0.0182965	SLC8A1|SLC8A2|SLC8A3
 REACT:R-HSA-2046104	alpha-linolenic (omega3) and linoleic (omega6) acid metabolism	0.000240499066796	0.0210481	ELOVL1|ELOVL3|ELOVL5
 REACT:R-HSA-2046106	alpha-linolenic acid (ALA) metabolism	0.000240499066796	0.0210481	ELOVL1|ELOVL3|ELOVL5
 KEGG:hsa03320	PPAR signaling pathway	0.000332759450863	0.0280825	FABP2|FABP3|FABP4|FABP5|FABP7
 REACT:R-HSA-73923	"Lipid digestion mobilization and transport"	0.000397522593573	0.0318742	FABP2|FABP3|FABP4|FABP5|FABP7|FABP9
 REACT:R-HSA-1566948	Elastic fibre formation	0.000404665904586	0.0318742	ITGB1|ITGB3|ITGB5|ITGB6
 REACT:R-HSA-1236394	Signaling by ERBB4	0.000443326948206	0.033793	APH1A|APH1B|ERBB3|PGR
 REACT:R-HSA-75109	Triglyceride Biosynthesis	0.00057431551172	0.0418568	ELOVL1|ELOVL3|ELOVL4|ELOVL5|ELOVL7
 REACT:R-HSA-3000170	Syndecan interactions	0.000584542518873	0.0418568	ITGB1|ITGB3|ITGB5
 KEGG:hsa04512	ECM-receptor interaction	0.000607600177885	0.0422282	ITGB1|ITGB3|ITGB5|ITGB6|ITGB7
