 REACT:R-HSA-156590	Glutathione conjugation	2.26901719635e-10	5.36169e-07	GSTA2|GSTA3|GSTA4|GSTM3|GSTM5
 KEGG:hsa00480	Glutathione metabolism	1.41048306368e-09	1.66649e-06	GSTA2|GSTA3|GSTA4|GSTM3|GSTM5
 KEGG:hsa00982	Drug metabolism - cytochrome P450	4.94045537813e-09	3.12066e-06	GSTA2|GSTA3|GSTA4|GSTM3|GSTM5
 KEGG:hsa00980	Metabolism of xenobiotics by cytochrome P450	6.60317100998e-09	3.12066e-06	GSTA2|GSTA3|GSTA4|GSTM3|GSTM5
 KEGG:hsa01524	Platinum drug resistance	6.60317100998e-09	3.12066e-06	GSTA2|GSTA3|GSTA4|GSTM3|GSTM5
 KEGG:hsa05204	Chemical carcinogenesis	1.19298702028e-08	4.69838e-06	GSTA2|GSTA3|GSTA4|GSTM3|GSTM5
 REACT:R-HSA-156580	Phase II conjugation	4.5952757155e-08	1.55123e-05	GSTA2|GSTA3|GSTA4|GSTM3|GSTM5
 KEGG:hsa05418	Fluid shear stress and atherosclerosis	1.90316193582e-07	5.62146e-05	GSTA2|GSTA3|GSTA4|GSTM3|GSTM5
 REACT:R-HSA-211859	Biological oxidations	1.79049528426e-06	0.000470104	GSTA2|GSTA3|GSTA4|GSTM3|GSTM5
