 REACT:R-HSA-1445148	Translocation of GLUT4 to the plasma membrane	8.00107202714e-10	1.89065e-06	MYH13|MYH15|MYH2|MYH3|MYH8|MYO1C|MYO5A
 KEGG:hsa04530	Tight junction	4.88722521341e-08	5.77426e-05	MYH11|MYH13|MYH14|MYH15|MYH2|MYH3|MYH8|MYH9
 REACT:R-HSA-397014	Muscle contraction	3.10954855831e-06	0.00244929	ANXA1|MYH11|MYH3|MYH8|SLC8A1|SLC8A2|SLC8A3
 REACT:R-HSA-425561	Sodium/Calcium exchangers	8.38412835469e-06	0.00464596	SLC8A1|SLC8A2|SLC8A3
 REACT:R-HSA-418359	Reduction of cytosolic Ca++ levels	1.064722554e-05	0.00464596	SLC8A1|SLC8A2|SLC8A3
 REACT:R-HSA-2682334	EPH-Ephrin signaling	1.17967626747e-05	0.00464596	APH1A|APH1B|MYH11|MYH14|MYH9
 REACT:R-HSA-5625900	RHO GTPases activate CIT	1.97595353476e-05	0.00583647	MYH11|MYH14|MYH9
 REACT:R-HSA-5627117	RHO GTPases Activate ROCKs	1.97595353476e-05	0.00583647	MYH11|MYH14|MYH9
 REACT:R-HSA-5627123	RHO GTPases activate PAKs	5.07869580558e-05	0.0133344	MYH11|MYH14|MYH9
 REACT:R-HSA-416572	Sema4D induced cell migration and growth-cone collapse	5.79147140105e-05	0.0136852	MYH11|MYH14|MYH9
 REACT:R-HSA-2029482	Regulation of actin dynamics for phagocytic cup formation	6.93770356993e-05	0.0149034	MYH2|MYH9|MYO1C|MYO5A
 KEGG:hsa01524	Platinum drug resistance	8.17954584503e-05	0.0151133	GSTA4|GSTM3|GSTM5|TOP2A
 REACT:R-HSA-400685	Sema4D in semaphorin signaling	8.31453853969e-05	0.0151133	MYH11|MYH14|MYH9
 REACT:R-HSA-418360	Platelet calcium homeostasis	0.000126654871399	0.0213775	SLC8A1|SLC8A2|SLC8A3
 REACT:R-HSA-3928663	EPHA-mediated growth cone collapse	0.000167501782688	0.0263871	MYH11|MYH14|MYH9
 REACT:R-HSA-2029480	Fcgamma receptor (FCGR) dependent phagocytosis	0.000227554511444	0.033607	MYH2|MYH9|MYO1C|MYO5A
 REACT:R-HSA-156590	Glutathione conjugation	0.000253019603824	0.0351697	GSTA4|GSTM3|GSTM5
