 REACT:R-HSA-166520	Signalling by NGF	0.0	0	EGFR|ERBB2|ERBB3|ERBB4|FGFR1|FGFR2|FGFR3|IRAK1|KALRN|KIT|MET|NTRK1|NTRK2|PTK2|RET|TEK
 REACT:R-HSA-167044	Signalling to RAS	0.0	0	EGFR|ERBB2|ERBB3|ERBB4|FGFR1|FGFR2|FGFR3|KIT|MET|NTRK1|PTK2|RET|TEK
 REACT:R-HSA-170968	Frs2-mediated activation	0.0	0	EGFR|ERBB2|ERBB3|ERBB4|FGFR1|FGFR2|FGFR3|KIT|MET|NTRK1|PTK2|RET|TEK
 REACT:R-HSA-194138	Signaling by VEGF	0.0	0	AXL|BCAR1|EGFR|ERBB2|ERBB3|ERBB4|FGFR1|FGFR2|FGFR3|FLT1|KDR|KIT|MET|PTK2|PTK2B|RET|TEK
 REACT:R-HSA-2219528	PI3K/AKT Signaling in Cancer	0.0	0	EGFR|ERBB2|ERBB3|ERBB4|FGFR1|FGFR2|FGFR3|KIT|MET
 REACT:R-HSA-422475	Axon guidance	0.0	0	EGFR|EPHA3|ERBB2|ERBB3|ERBB4|FES|FGFR1|FGFR2|FGFR3|KALRN|KDR|KIT|LIMK2|MET|PTK2|RET|TEK
 REACT:R-HSA-449147	Signaling by Interleukins	0.0	0	EGFR|ERBB2|ERBB3|ERBB4|FGFR1|FGFR2|FGFR3|FLT3|IRAK1|IRAK3|IRAK4|KIT|MAP3K7|MET|PTK2|PTK2B|RET|TEK
 REACT:R-HSA-451927	Interleukin-2 signaling	0.0	0	EGFR|ERBB2|ERBB3|ERBB4|FGFR1|FGFR2|FGFR3|KIT|MET|PTK2|PTK2B|RET|TEK
 REACT:R-HSA-5683057	MAPK family signaling cascades	0.0	0	EGFR|ERBB2|ERBB3|ERBB4|FGFR1|FGFR2|FGFR3|KALRN|KIT|MET|PTK2|RET|TEK
 KEGG:hsa05230	Central carbon metabolism in cancer	4.03010957939e-14	9.52315e-12	EGFR|ERBB2|FGFR1|FGFR2|FGFR3|FLT3|KIT|MET|NTRK1|NTRK3|RET
 REACT:R-HSA-5218921	VEGFR2 mediated cell proliferation	6.53477272294e-13	1.40379e-10	EGFR|ERBB2|ERBB3|ERBB4|FGFR1|FGFR2|FGFR3|KDR|KIT|MET|PTK2|RET|TEK
 REACT:R-HSA-169893	Prolonged ERK activation events	1.07358566481e-12	2.11407e-10	EGFR|ERBB2|ERBB3|ERBB4|FGFR1|FGFR2|FGFR3|KIT|MET|NTRK1|PTK2|RET|TEK
 REACT:R-HSA-2219530	Constitutive Signaling by Aberrant PI3K in Cancer	1.23245857964e-12	2.24023e-10	EGFR|ERBB2|ERBB3|ERBB4|FGFR1|FGFR2|FGFR3|KIT|MET
 REACT:R-HSA-4420097	VEGFA-VEGFR2 Pathway	2.71493938442e-12	4.58243e-10	AXL|BCAR1|EGFR|ERBB2|ERBB3|ERBB4|FGFR1|FGFR2|FGFR3|KDR|KIT|MET|PTK2|PTK2B|RET|TEK
 REACT:R-HSA-6811558	"PI5P PP2A and IER3 Regulate PI3K/AKT Signaling"	3.58835183789e-12	5.65285e-10	EGFR|ERBB2|ERBB3|ERBB4|FGFR1|FGFR2|FGFR3|KIT|MET
 REACT:R-HSA-170984	ARMS-mediated activation	8.67828031659e-12	1.20628e-09	EGFR|ERBB2|ERBB3|ERBB4|FGFR1|FGFR2|FGFR3|KIT|MET|NTRK1|PTK2|RET|TEK
 REACT:R-HSA-187706	Signalling to p38 via RIT and RIN	8.67828031659e-12	1.20628e-09	EGFR|ERBB2|ERBB3|ERBB4|FGFR1|FGFR2|FGFR3|KIT|MET|NTRK1|PTK2|RET|TEK
 REACT:R-HSA-2428924	IGF1R signaling cascade	1.31827881944e-11	1.60277e-09	EGFR|ERBB2|ERBB3|ERBB4|FGFR1|FGFR2|FGFR3|KIT|MET|PTK2|RET|RPTOR|TEK
 REACT:R-HSA-2428928	IRS-related events triggered by IGF1R	1.31827881944e-11	1.60277e-09	EGFR|ERBB2|ERBB3|ERBB4|FGFR1|FGFR2|FGFR3|KIT|MET|PTK2|RET|RPTOR|TEK
 REACT:R-HSA-2404192	Signaling by Type 1 Insulin-like Growth Factor 1 Receptor (IGF1R)	1.35655930933e-11	1.60277e-09	EGFR|ERBB2|ERBB3|ERBB4|FGFR1|FGFR2|FGFR3|KIT|MET|PTK2|RET|RPTOR|TEK
 REACT:R-HSA-1280215	Cytokine Signaling in Immune system	1.5360046568e-11	1.72837e-09	EGFR|ERBB2|ERBB3|ERBB4|FGFR1|FGFR2|FGFR3|FLT3|IRAK1|IRAK3|IRAK4|KIT|MAP3K7|MET|PTK2|PTK2B|RET|TEK
 REACT:R-HSA-74751	Insulin receptor signalling cascade	1.79075643203e-11	1.85537e-09	EGFR|ERBB2|ERBB3|ERBB4|FGFR1|FGFR2|FGFR3|KIT|MET|PTK2|RET|RPTOR|TEK
 REACT:R-HSA-187687	Signalling to ERKs	1.80806480898e-11	1.85537e-09	EGFR|ERBB2|ERBB3|ERBB4|FGFR1|FGFR2|FGFR3|KIT|MET|NTRK1|PTK2|RET|TEK
 REACT:R-HSA-112399	IRS-mediated signalling	1.88442594862e-11	1.85537e-09	EGFR|ERBB2|ERBB3|ERBB4|FGFR1|FGFR2|FGFR3|KIT|MET|PTK2|RET|RPTOR|TEK
 REACT:R-HSA-198203	PI3K/AKT activation	2.67394995035e-11	2.52742e-09	EGFR|ERBB2|ERBB3|ERBB4|FGFR1|FGFR2|FGFR3|KIT|MET|NTRK1
 REACT:R-HSA-187037	NGF signalling via TRKA from the plasma membrane	2.98375768537e-11	2.71178e-09	EGFR|ERBB2|ERBB3|ERBB4|FGFR1|FGFR2|FGFR3|KIT|MET|NTRK1|NTRK2|PTK2|RET|TEK
 REACT:R-HSA-199418	Negative regulation of the PI3K/AKT network	4.08787448336e-11	3.32745e-09	EGFR|ERBB2|ERBB3|ERBB4|FGFR1|FGFR2|FGFR3|KIT|MET
 REACT:R-HSA-74752	Signaling by Insulin receptor	4.41296998943e-11	3.32745e-09	EGFR|ERBB2|ERBB3|ERBB4|FGFR1|FGFR2|FGFR3|KIT|MET|PTK2|RET|RPTOR|TEK
 REACT:R-HSA-112412	SOS-mediated signalling	4.52472503909e-11	3.32745e-09	EGFR|ERBB2|ERBB3|ERBB4|FGFR1|FGFR2|FGFR3|KIT|MET|PTK2|RET|TEK
 REACT:R-HSA-179812	GRB2 events in EGFR signaling	4.52472503909e-11	3.32745e-09	EGFR|ERBB2|ERBB3|ERBB4|FGFR1|FGFR2|FGFR3|KIT|MET|PTK2|RET|TEK
 REACT:R-HSA-180336	SHC1 events in EGFR signaling	4.52472503909e-11	3.32745e-09	EGFR|ERBB2|ERBB3|ERBB4|FGFR1|FGFR2|FGFR3|KIT|MET|PTK2|RET|TEK
 REACT:R-HSA-5673001	RAF/MAP kinase cascade	4.52472503909e-11	3.32745e-09	EGFR|ERBB2|ERBB3|ERBB4|FGFR1|FGFR2|FGFR3|KIT|MET|PTK2|RET|TEK
 REACT:R-HSA-912526	Interleukin receptor SHC signaling	4.64688287849e-11	3.32745e-09	EGFR|ERBB2|ERBB3|ERBB4|FGFR1|FGFR2|FGFR3|KIT|MET|PTK2|RET|TEK
 REACT:R-HSA-5684996	MAPK1/MAPK3 signaling	4.98883157007e-11	3.46724e-09	EGFR|ERBB2|ERBB3|ERBB4|FGFR1|FGFR2|FGFR3|KIT|MET|PTK2|RET|TEK
 REACT:R-HSA-2586552	Signaling by Leptin	5.6422089223e-11	3.8093e-09	EGFR|ERBB2|ERBB3|ERBB4|FGFR1|FGFR2|FGFR3|KIT|MET|PTK2|RET|TEK
 REACT:R-HSA-1433557	Signaling by SCF-KIT	8.54118997751e-11	5.60634e-09	EGFR|ERBB2|ERBB3|ERBB4|FES|FGFR1|FGFR2|FGFR3|KIT|MET|PTK2|RET|TEK
 REACT:R-HSA-8853659	RET signaling	1.09348530231e-10	6.98353e-09	EGFR|ERBB2|ERBB3|ERBB4|FGFR1|FGFR2|FGFR3|KIT|MET|PTK2|RET|TEK
 REACT:R-HSA-2871796	FCERI mediated MAPK activation	1.30784605368e-10	7.92421e-09	EGFR|ERBB2|ERBB3|ERBB4|FGFR1|FGFR2|FGFR3|KIT|MET|PTK2|RET|TEK
 REACT:R-HSA-512988	"Interleukin-3 5 and GM-CSF signaling"	1.30784605368e-10	7.92421e-09	EGFR|ERBB2|ERBB3|ERBB4|FGFR1|FGFR2|FGFR3|KIT|MET|PTK2|RET|TEK
 REACT:R-HSA-375165	NCAM signaling for neurite out-growth	1.47563739006e-10	8.71733e-09	EGFR|ERBB2|ERBB3|ERBB4|FGFR1|FGFR2|FGFR3|KIT|MET|PTK2|RET|TEK
 REACT:R-HSA-186763	Downstream signal transduction	1.77677095259e-10	1.02403e-08	BCAR1|EGFR|ERBB2|ERBB3|ERBB4|FGFR1|FGFR2|FGFR3|KIT|MET|PTK2|RET|TEK
 KEGG:hsa01521	EGFR tyrosine kinase inhibitor resistance	2.96962676671e-10	1.67077e-08	AXL|EGFR|ERBB2|ERBB3|FGFR2|FGFR3|KDR|MET
 REACT:R-HSA-186797	Signaling by PDGF	3.63183039198e-10	1.99582e-08	BCAR1|EGFR|ERBB2|ERBB3|ERBB4|FGFR1|FGFR2|FGFR3|KIT|MET|PTK2|RET|TEK
 REACT:R-HSA-2454202	Fc epsilon receptor (FCERI) signaling	4.1393644068e-10	2.22303e-08	EGFR|ERBB2|ERBB3|ERBB4|FGFR1|FGFR2|FGFR3|KIT|MAP3K7|MET|PTK2|RET|TEK
 REACT:R-HSA-1257604	PIP3 activates AKT signaling	4.80766315647e-10	2.52456e-08	EGFR|ERBB2|ERBB3|ERBB4|FGFR1|FGFR2|FGFR3|KIT|MET
 REACT:R-HSA-180292	GAB1 signalosome	6.10442252302e-10	3.13582e-08	EGFR|ERBB2|ERBB3|ERBB4|FGFR1|FGFR2|FGFR3|KIT|MET
 REACT:R-HSA-2730905	Role of LAT2/NTAL/LAB on calcium mobilization	1.11535058966e-09	5.6076e-08	EGFR|ERBB2|ERBB3|ERBB4|FGFR1|FGFR2|FGFR3|KIT|MET
 KEGG:hsa04144	Endocytosis	1.33732536156e-09	6.58354e-08	EGFR|ERBB3|ERBB4|FGFR2|FGFR3|FLT1|KDR|KIT|MET|NTRK1|RET
 REACT:R-HSA-1168372	Downstream signaling events of B Cell Receptor (BCR)	1.45246348282e-09	7.00443e-08	EGFR|ERBB2|ERBB3|ERBB4|FGFR1|FGFR2|FGFR3|KIT|MAP3K7|MET
 KEGG:hsa04015	Rap1 signaling pathway	2.73592248856e-09	1.293e-07	BCAR1|EGFR|FGFR1|FGFR2|FGFR3|FLT1|KDR|KIT|MET|TEK
 REACT:R-HSA-2424491	DAP12 signaling	2.82977774546e-09	1.30932e-07	EGFR|ERBB2|ERBB3|ERBB4|FGFR1|FGFR2|FGFR3|KIT|MET|PTK2|RET|TEK
 REACT:R-HSA-881907	Gastrin-CREB signalling pathway via PKC and MAPK	2.88128965131e-09	1.30932e-07	EGFR|ERBB2|ERBB3|ERBB4|FGFR1|FGFR2|FGFR3|KALRN|KIT|MET|PTK2|RET|TEK
 REACT:R-HSA-177929	Signaling by EGFR	3.63354879518e-09	1.62001e-07	EGFR|ERBB2|ERBB3|ERBB4|FGFR1|FGFR2|FGFR3|KIT|MET|PTK2|RET|TEK
 REACT:R-HSA-2172127	DAP12 interactions	4.52719639554e-09	1.98107e-07	EGFR|ERBB2|ERBB3|ERBB4|FGFR1|FGFR2|FGFR3|KIT|MET|PTK2|RET|TEK
 KEGG:hsa04014	Ras signaling pathway	5.80239467585e-09	2.49292e-07	EGFR|FGFR1|FGFR2|FGFR3|FLT1|KDR|KIT|MET|TEK|ZAP70
 REACT:R-HSA-162582	Signal Transduction	6.37603425613e-09	2.69046e-07	AXL|BCAR1|EGFR|ERBB2|ERBB3|ERBB4|FES|FGFR1|FGFR2|FGFR3|FLT1|IRAK1|KALRN|KDR|KIT|LIMK2|MAP3K7|MET|NTRK1|NTRK2|PTK2|PTK2B|RET|ROR2|RPTOR|RYK|TEK
 REACT:R-HSA-983705	Signaling by the B Cell Receptor (BCR)	7.76479325282e-09	3.21898e-07	EGFR|ERBB2|ERBB3|ERBB4|FGFR1|FGFR2|FGFR3|KIT|MAP3K7|MET
 KEGG:hsa04151	PI3K-Akt signaling pathway	2.30674152002e-08	9.39798e-07	EGFR|FGFR1|FGFR2|FGFR3|FLT1|KDR|KIT|MET|PTK2|RPTOR|TEK
 REACT:R-HSA-1266738	Developmental Biology	6.75958662377e-08	2.70727e-06	EGFR|EPHA3|ERBB2|ERBB3|ERBB4|FES|FGFR1|FGFR2|FGFR3|KALRN|KDR|KIT|LIMK2|MET|PTK2|RET|TEK
 KEGG:hsa05200	Pathways in cancer	1.03800393614e-07	4.03178e-06	EGFR|ERBB2|FGFR1|FGFR2|FGFR3|FLT3|KIT|MET|NTRK1|PTK2|RET
 REACT:R-HSA-8847993	ERBB2 Activates PTK6 Signaling	1.04079038166e-07	4.03178e-06	EGFR|ERBB2|ERBB3|ERBB4
 REACT:R-HSA-6785631	ERBB2 Regulates Cell Motility	1.4531980963e-07	5.53856e-06	EGFR|ERBB2|ERBB3|ERBB4
 REACT:R-HSA-1963642	PI3K events in ERBB2 signaling	2.62843153687e-07	9.8587e-06	EGFR|ERBB2|ERBB3|ERBB4
 KEGG:hsa05205	Proteoglycans in cancer	5.47046208554e-07	2.0198e-05	EGFR|ERBB2|ERBB3|ERBB4|FGFR1|KDR|MET|PTK2
 REACT:R-HSA-1250196	SHC1 events in ERBB2 signaling	1.03996171608e-06	3.78066e-05	EGFR|ERBB2|ERBB3|ERBB4
 REACT:R-HSA-8863795	Downregulation of ERBB2 signaling	3.81522822179e-06	0.000136597	EGFR|ERBB2|ERBB3|ERBB4
 REACT:R-HSA-8848021	Signaling by PTK6	4.00295927905e-06	0.000139282	BCAR1|EGFR|ERBB2|ERBB3|ERBB4
 KEGG:hsa04722	Neurotrophin signaling pathway	4.00810151813e-06	0.000139282	IRAK1|IRAK3|IRAK4|NTRK1|NTRK2|NTRK3
 REACT:R-HSA-168249	Innate Immune System	5.45148191722e-06	0.000185234	EGFR|ERBB2|ERBB3|ERBB4|FGFR1|FGFR2|FGFR3|IRAK1|IRAK3|IRAK4|KIT|MAP3K7|MET|PTK2|RET|TEK
 REACT:R-HSA-5663202	Diseases of signal transduction	5.487245479e-06	0.000185234	EGFR|ERBB2|ERBB3|ERBB4|FGFR1|FGFR2|FGFR3|KIT|MET
 KEGG:hsa04520	Adherens junction	5.7225288993e-06	0.000190455	EGFR|ERBB2|FGFR1|MAP3K7|MET
 KEGG:hsa04510	Focal adhesion	6.4251568952e-06	0.00021087	BCAR1|EGFR|ERBB2|FLT1|KDR|MET|PTK2
 KEGG:hsa04810	Regulation of actin cytoskeleton	9.72948206945e-06	0.000314942	BCAR1|EGFR|FGFR1|FGFR2|FGFR3|LIMK2|PTK2
 KEGG:hsa04012	ErbB signaling pathway	1.37223731025e-05	0.000438189	EGFR|ERBB2|ERBB3|ERBB4|PTK2
 KEGG:hsa_M00686	Toll-like receptor signaling	1.9544458822e-05	0.000615781	IRAK1|IRAK4|MAP3K7
 REACT:R-HSA-446652	Interleukin-1 signaling	2.17839221609e-05	0.000677308	IRAK1|IRAK3|IRAK4|MAP3K7
 REACT:R-HSA-2682334	EPH-Ephrin signaling	2.22889700742e-05	0.000684011	EPHA3|KALRN|KDR|LIMK2|PTK2
 REACT:R-HSA-1963640	GRB2 events in ERBB2 signaling	2.39940573555e-05	0.000717696	EGFR|ERBB2|ERBB4
 REACT:R-HSA-8866910	TFAP2 (AP-2) family regulates transcription of growth factors and their receptors	2.39940573555e-05	0.000717696	EGFR|ERBB2|KIT
 REACT:R-HSA-1227986	Signaling by ERBB2	3.04223502624e-05	0.0008986	EGFR|ERBB2|ERBB3|ERBB4
 KEGG:hsa04010	MAPK signaling pathway	3.21448167634e-05	0.000937756	EGFR|FGFR1|FGFR2|FGFR3|MAP3K7|NTRK1|NTRK2
 KEGG:hsa04360	Axon guidance	3.63775869849e-05	0.0010483	EPHA3|FES|LIMK2|MET|PTK2|RYK
 REACT:R-HSA-168256	Immune System	5.24685489518e-05	0.00149377	EGFR|ERBB2|ERBB3|ERBB4|FGFR1|FGFR2|FGFR3|FLT3|IRAK1|IRAK3|IRAK4|KIT|MAP3K7|MET|PTK2|PTK2B|RET|TEK|ZAP70
 REACT:R-HSA-1251932	PLCG1 events in ERBB2 signaling	7.65955592237e-05	0.00212936	EGFR|ERBB2
 REACT:R-HSA-194306	Neurophilin interactions with VEGF and VEGFR	7.65955592237e-05	0.00212936	FLT1|KDR
 REACT:R-HSA-373755	Semaphorin interactions	0.000102619891803	0.00281966	ERBB2|FES|LIMK2|MET
 REACT:R-HSA-1280218	Adaptive Immune System	0.000114173532567	0.00310106	EGFR|ERBB2|ERBB3|ERBB4|FGFR1|FGFR2|FGFR3|KIT|MAP3K7|MET|ZAP70
 REACT:R-HSA-400685	Sema4D in semaphorin signaling	0.000121895300325	0.00327317	ERBB2|LIMK2|MET
 REACT:R-HSA-1306955	GRB7 events in ERBB2 signaling	0.000127365599602	0.00334405	ERBB2|ERBB3
 REACT:R-HSA-187024	NGF-independant TRKA activation	0.000127365599602	0.00334405	NTRK1|NTRK2
 REACT:R-HSA-109704	PI3K Cascade	0.000183949522767	0.00477662	FGFR1|FGFR2|FGFR3|RPTOR
 REACT:R-HSA-187015	Activation of TRKA receptors	0.000190608978369	0.00489575	NTRK1|NTRK2
 REACT:R-HSA-3928663	EPHA-mediated growth cone collapse	0.000245012628517	0.00622543	EPHA3|KDR|PTK2
 KEGG:hsa05215	Prostate cancer	0.000266863091009	0.00670848	EGFR|ERBB2|FGFR1|FGFR2
 REACT:R-HSA-194313	VEGF ligand-receptor interactions	0.000354169062568	0.00871772	FLT1|KDR
 REACT:R-HSA-195399	VEGF binds to VEGFR leading to receptor dimerization	0.000354169062568	0.00871772	FLT1|KDR
 KEGG:hsa04064	NF-kappa B signaling pathway	0.00035896557511	0.00874461	IRAK1|IRAK4|MAP3K7|ZAP70
 REACT:R-HSA-166058	MyD88:Mal cascade initiated on plasma membrane	0.000373764540002	0.00874461	IRAK1|IRAK3|IRAK4|MAP3K7
 REACT:R-HSA-168179	Toll Like Receptor TLR1:TLR2 Cascade	0.000373764540002	0.00874461	IRAK1|IRAK3|IRAK4|MAP3K7
 REACT:R-HSA-168188	Toll Like Receptor TLR6:TLR2 Cascade	0.000373764540002	0.00874461	IRAK1|IRAK3|IRAK4|MAP3K7
 REACT:R-HSA-181438	Toll Like Receptor 2 (TLR2) Cascade	0.000373764540002	0.00874461	IRAK1|IRAK3|IRAK4|MAP3K7
 KEGG:hsa04060	Cytokine-cytokine receptor interaction	0.000392359222988	0.00908966	EGFR|FLT1|FLT3|KDR|KIT|MET
 REACT:R-HSA-8864260	Transcriptional regulation by the AP-2 (TFAP2) family of transcription factors	0.000398463913837	0.00914146	EGFR|ERBB2|KIT
 KEGG:hsa05219	Bladder cancer	0.000428840246759	0.00974375	EGFR|ERBB2|FGFR3
 KEGG:hsa05202	Transcriptional misregulation in cancer	0.000445211988499	0.0100194	FLT1|FLT3|MET|NTRK1|PTK2
 REACT:R-HSA-3928662	EPHB-mediated forward signaling	0.000460666442746	0.0102694	KALRN|LIMK2|PTK2
 KEGG:hsa04020	Calcium signaling pathway	0.000468441243223	0.0103247	EGFR|ERBB2|ERBB3|ERBB4|PTK2B
 KEGG:hsa04066	HIF-1 signaling pathway	0.000471887162857	0.0103247	EGFR|ERBB2|FLT1|TEK
 REACT:R-HSA-1236394	Signaling by ERBB4	0.000493971091859	0.0107087	EGFR|ERBB3|ERBB4
 REACT:R-HSA-372790	Signaling by GPCR	0.000635555349012	0.0136529	EGFR|ERBB2|ERBB3|ERBB4|FGFR1|FGFR2|FGFR3|KALRN|KIT|MET|PTK2|RET|TEK
 KEGG:hsa05206	MicroRNAs in cancer	0.00067323791198	0.0143321	EGFR|ERBB2|ERBB3|FGFR3|MET|RPTOR
 KEGG:hsa04670	Leukocyte transendothelial migration	0.000745433742753	0.0157273	BCAR1|OCLN|PTK2|PTK2B
 REACT:R-HSA-166054	Activated TLR4 signalling	0.00077027900047	0.0161077	IRAK1|IRAK3|IRAK4|MAP3K7
 REACT:R-HSA-1643685	Disease	0.000795398756376	0.0164871	EGFR|ERBB2|ERBB3|ERBB4|FGFR1|FGFR2|FGFR3|IRAK4|KIT|MET
 REACT:R-HSA-975110	TRAF6 mediated IRF7 activation in TLR7/8 or 9 signaling	0.000827180570735	0.0169968	IRAK1|IRAK4
 REACT:R-HSA-1358803	Downregulation of ERBB2:ERBB3 signaling	0.000975332089753	0.0196984	ERBB2|ERBB3
 REACT:R-HSA-391160	Signal regulatory protein (SIRP) family interactions	0.000975332089753	0.0196984	PTK2|PTK2B
 REACT:R-HSA-166016	Toll Like Receptor 4 (TLR4) Cascade	0.00108359198016	0.0216994	IRAK1|IRAK3|IRAK4|MAP3K7
 KEGG:hsa05223	Non-small cell lung cancer	0.00118932954462	0.0236167	ALK|EGFR|ERBB2
 REACT:R-HSA-372708	p130Cas linkage to MAPK signaling for integrins	0.00149020170049	0.0293446	BCAR1|PTK2
 REACT:R-HSA-1226099	Signaling by FGFR in disease	0.00151152875335	0.0295185	FGFR1|FGFR2|FGFR3
 KEGG:hsa05224	Breast cancer	0.00177435391377	0.0343672	EGFR|ERBB2|FGFR1|KIT
 KEGG:hsa05218	Melanoma	0.00196445778337	0.0377399	EGFR|FGFR1|MET
 REACT:R-HSA-450321	JNK (c-Jun kinases) phosphorylation and activation mediated by activated human TAK1	0.0021089576935	0.0401893	IRAK1|MAP3K7
 REACT:R-HSA-168898	Toll-Like Receptors Cascades	0.00221427962471	0.0416218	IRAK1|IRAK3|IRAK4|MAP3K7
 KEGG:hsa05140	Leishmaniasis	0.00221936213411	0.0416218	IRAK1|IRAK4|MAP3K7
 REACT:R-HSA-450302	activated TAK1 mediates p38 MAPK activation	0.00233791361672	0.0431601	IRAK1|MAP3K7
 REACT:R-HSA-8874081	MET activates PTK2 signaling	0.00233791361672	0.0431601	MET|PTK2
 REACT:R-HSA-445144	Signal transduction by L1	0.00257808651291	0.0470768	EGFR|FGFR1
 KEGG:hsa05100	Bacterial invasion of epithelial cells	0.0025899223662	0.0470768	BCAR1|MET|PTK2
