 REACT:R-HSA-372790	Signaling by GPCR	0.0	0	ADORA3|AVPR2|GPR132|HRH4|MC1R|OR10H5|OR10S1|OR1D2|OR1F1|OR2V2|OR4K5|OR51A4|OR52M1|OR5AK2|PTGER1
 REACT:R-HSA-388396	GPCR downstream signaling	0.0	0	ADORA3|AVPR2|GPR132|HRH4|MC1R|OR10H5|OR10S1|OR1D2|OR1F1|OR2V2|OR4K5|OR51A4|OR52M1|OR5AK2|PTGER1
 REACT:R-HSA-162582	Signal Transduction	1.64146030102e-10	1.29292e-07	ADORA3|AVPR2|GPR132|HRH4|MC1R|OR10H5|OR10S1|OR1D2|OR1F1|OR2V2|OR4K5|OR51A4|OR52M1|OR5AK2|PTGER1
 KEGG:hsa04740	Olfactory transduction	3.77460951384e-10	2.22985e-07	OR10H5|OR10S1|OR1D2|OR1F1|OR2V2|OR4K5|OR51A4|OR52M1|OR5AK2
 REACT:R-HSA-381753	Olfactory Signaling Pathway	5.38319055998e-10	2.5441e-07	OR10H5|OR10S1|OR1D2|OR1F1|OR2V2|OR4K5|OR51A4|OR52M1|OR5AK2
 REACT:R-HSA-373076	Class A/1 (Rhodopsin-like receptors)	1.77978910221e-06	0.00070094	ADORA3|AVPR2|GPR132|HRH4|MC1R|PTGER1
 REACT:R-HSA-500792	GPCR ligand binding	1.29540023954e-05	0.0043729	ADORA3|AVPR2|GPR132|HRH4|MC1R|PTGER1
 KEGG:hsa04080	Neuroactive ligand-receptor interaction	1.85733171233e-05	0.00548609	ADORA3|AVPR2|HRH4|MC1R|PTGER1
