 KEGG:hsa05230	Central carbon metabolism in cancer	2.65942640132e-08	6.28422e-05	EGFR|FLT3|KIT|MET|NTRK1|NTRK3|RET
 REACT:R-HSA-194138	Signaling by VEGF	6.78311717905e-08	8.01425e-05	AXL|EGFR|ERBB4|FLT1|IL2RB|KDR|KIT|MET|PTK2|PTK2B|RET|TEK
 REACT:R-HSA-4420097	VEGFA-VEGFR2 Pathway	4.83843263011e-07	0.000381107	AXL|EGFR|ERBB4|IL2RB|KDR|KIT|MET|PTK2|PTK2B|RET|TEK
 REACT:R-HSA-449147	Signaling by Interleukins	1.21844885514e-06	0.000719799	EGFR|ERBB4|FLT3|IL2RB|IL4R|IRAK3|IRAK4|KIT|MET|PTK2|PTK2B|RET|TEK
 REACT:R-HSA-422475	Axon guidance	1.92314738356e-06	0.000816307	EGFR|EPHA3|ERBB4|FES|IL2RB|KDR|KIT|LIMK2|MET|PTK2|RET|TEK|TRPC4
 REACT:R-HSA-170984	ARMS-mediated activation	3.09190396519e-06	0.000816307	EGFR|ERBB4|IL2RB|KIT|MET|NTRK1|PTK2|RET|TEK
 REACT:R-HSA-187706	Signalling to p38 via RIT and RIN	3.09190396519e-06	0.000816307	EGFR|ERBB4|IL2RB|KIT|MET|NTRK1|PTK2|RET|TEK
 REACT:R-HSA-170968	Frs2-mediated activation	3.19528658332e-06	0.000816307	EGFR|ERBB4|IL2RB|KIT|MET|NTRK1|PTK2|RET|TEK
 REACT:R-HSA-169893	Prolonged ERK activation events	3.41104230961e-06	0.000816307	EGFR|ERBB4|IL2RB|KIT|MET|NTRK1|PTK2|RET|TEK
 REACT:R-HSA-167044	Signalling to RAS	3.88043752386e-06	0.000816307	EGFR|ERBB4|IL2RB|KIT|MET|NTRK1|PTK2|RET|TEK
 REACT:R-HSA-5218921	VEGFR2 mediated cell proliferation	4.13529153187e-06	0.000816307	EGFR|ERBB4|IL2RB|KDR|KIT|MET|PTK2|RET|TEK
 KEGG:hsa04144	Endocytosis	4.40441427763e-06	0.000816307	EGFR|ERBB4|FLT1|IL2RB|KDR|KIT|MET|NTRK1|RET
 REACT:R-HSA-451927	Interleukin-2 signaling	4.68847557433e-06	0.000816307	EGFR|ERBB4|IL2RB|KIT|MET|PTK2|PTK2B|RET|TEK
 REACT:R-HSA-187687	Signalling to ERKs	4.83634895754e-06	0.000816307	EGFR|ERBB4|IL2RB|KIT|MET|NTRK1|PTK2|RET|TEK
 KEGG:hsa04060	Cytokine-cytokine receptor interaction	5.98812305752e-06	0.000943329	EGFR|FLT1|FLT3|IL21R|IL2RB|IL4R|KDR|KIT|MET
 REACT:R-HSA-187037	NGF signalling via TRKA from the plasma membrane	1.63131462088e-05	0.00240925	EGFR|ERBB4|IL2RB|KIT|MET|NTRK1|NTRK2|PTK2|RET|TEK
 REACT:R-HSA-193048	Androgen biosynthesis	1.81065907428e-05	0.00251682	SRD5A1|SRD5A2|SRD5A3
 KEGG:hsa04360	Axon guidance	2.22329182303e-05	0.00258342	EPHA3|FES|LIMK2|MET|PTK2|RYK|TRPC4
 REACT:R-HSA-112412	SOS-mediated signalling	2.40521110765e-05	0.00258342	EGFR|ERBB4|IL2RB|KIT|MET|PTK2|RET|TEK
 REACT:R-HSA-179812	GRB2 events in EGFR signaling	2.40521110765e-05	0.00258342	EGFR|ERBB4|IL2RB|KIT|MET|PTK2|RET|TEK
 REACT:R-HSA-180336	SHC1 events in EGFR signaling	2.40521110765e-05	0.00258342	EGFR|ERBB4|IL2RB|KIT|MET|PTK2|RET|TEK
 REACT:R-HSA-5673001	RAF/MAP kinase cascade	2.40521110765e-05	0.00258342	EGFR|ERBB4|IL2RB|KIT|MET|PTK2|RET|TEK
 REACT:R-HSA-5684996	MAPK1/MAPK3 signaling	2.86117799851e-05	0.00293955	EGFR|ERBB4|IL2RB|KIT|MET|PTK2|RET|TEK
 REACT:R-HSA-2586552	Signaling by Leptin	3.0284216483e-05	0.00298173	EGFR|ERBB4|IL2RB|KIT|MET|PTK2|RET|TEK
 REACT:R-HSA-912526	Interleukin receptor SHC signaling	3.20379132839e-05	0.00302822	EGFR|ERBB4|IL2RB|KIT|MET|PTK2|RET|TEK
 REACT:R-HSA-1433557	Signaling by SCF-KIT	3.51147529452e-05	0.00319139	EGFR|ERBB4|FES|IL2RB|KIT|MET|PTK2|RET|TEK
 KEGG:hsa04151	PI3K-Akt signaling pathway	3.85117440328e-05	0.00337049	EGFR|FLT1|IL2RB|IL4R|KDR|KIT|MET|PTK2|TEK
 KEGG:hsa01521	EGFR tyrosine kinase inhibitor resistance	4.11183507355e-05	0.0034701	AXL|EGFR|GAS6|KDR|MET
 REACT:R-HSA-8853659	RET signaling	4.81112611478e-05	0.00376457	EGFR|ERBB4|IL2RB|KIT|MET|PTK2|RET|TEK
 REACT:R-HSA-2871796	FCERI mediated MAPK activation	4.93870379576e-05	0.00376457	EGFR|ERBB4|IL2RB|KIT|MET|PTK2|RET|TEK
 REACT:R-HSA-512988	"Interleukin-3 5 and GM-CSF signaling"	4.93870379576e-05	0.00376457	EGFR|ERBB4|IL2RB|KIT|MET|PTK2|RET|TEK
 REACT:R-HSA-375165	NCAM signaling for neurite out-growth	5.61981168893e-05	0.00414988	EGFR|ERBB4|IL2RB|KIT|MET|PTK2|RET|TEK
 REACT:R-HSA-1280215	Cytokine Signaling in Immune system	6.19515482291e-05	0.00443611	EGFR|ERBB4|FLT3|IL2RB|IL4R|IRAK3|IRAK4|KIT|MET|PTK2|PTK2B|RET|TEK
 REACT:R-HSA-5683057	MAPK family signaling cascades	7.95663141152e-05	0.00552986	EGFR|ERBB4|IL2RB|KIT|MET|PTK2|RET|TEK
 REACT:R-HSA-112399	IRS-mediated signalling	8.75612929532e-05	0.00581794	EGFR|ERBB4|IL2RB|KIT|MET|PTK2|RET|TEK
 REACT:R-HSA-74751	Insulin receptor signalling cascade	9.39865094868e-05	0.00581794	EGFR|ERBB4|IL2RB|KIT|MET|PTK2|RET|TEK
 REACT:R-HSA-166520	Signalling by NGF	9.61820783209e-05	0.00581794	EGFR|ERBB4|IL2RB|KIT|MET|NTRK1|NTRK2|PTK2|RET|TEK
 REACT:R-HSA-2428924	IGF1R signaling cascade	9.62133966405e-05	0.00581794	EGFR|ERBB4|IL2RB|KIT|MET|PTK2|RET|TEK
 REACT:R-HSA-2428928	IRS-related events triggered by IGF1R	9.62133966405e-05	0.00581794	EGFR|ERBB4|IL2RB|KIT|MET|PTK2|RET|TEK
 REACT:R-HSA-2404192	Signaling by Type 1 Insulin-like Growth Factor 1 Receptor (IGF1R)	9.84839568341e-05	0.00581794	EGFR|ERBB4|IL2RB|KIT|MET|PTK2|RET|TEK
 KEGG:hsa04014	Ras signaling pathway	0.000116000358585	0.00668558	EGFR|FLT1|KDR|KIT|MET|TEK|ZAP70
 REACT:R-HSA-194306	Neurophilin interactions with VEGF and VEGFR	0.000141736565361	0.00797437	FLT1|KDR
 REACT:R-HSA-74752	Signaling by Insulin receptor	0.000164390878938	0.00903385	EGFR|ERBB4|IL2RB|KIT|MET|PTK2|RET|TEK
 REACT:R-HSA-389977	Post-chaperonin tubulin folding pathway	0.000186363583915	0.0100086	TUBA4A|TUBAL3|TUBB1
 REACT:R-HSA-187024	NGF-independant TRKA activation	0.000235480497924	0.0121174	NTRK1|NTRK2
 KEGG:hsa05202	Transcriptional misregulation in cancer	0.000235887696847	0.0121174	FLT1|FLT3|IL2RB|MET|NTRK1|PTK2
 KEGG:hsa04020	Calcium signaling pathway	0.000250490040867	0.0125938	EGFR|ERBB4|PTK2B|SLC8A2|SLC8A3|TBXA2R
 REACT:R-HSA-389960	Formation of tubulin folding intermediates by CCT/TriC	0.000270750475967	0.0132965	TUBA4A|TUBAL3|TUBB1
 REACT:R-HSA-881907	Gastrin-CREB signalling pathway via PKC and MAPK	0.000282718981125	0.0132965	EGFR|ERBB4|IL2RB|KIT|MET|PTK2|RET|TBXA2R|TEK
 REACT:R-HSA-2219530	Constitutive Signaling by Aberrant PI3K in Cancer	0.000284922672084	0.0132965	EGFR|ERBB4|KIT|MET
 KEGG:hsa04722	Neurotrophin signaling pathway	0.000286974803593	0.0132965	IRAK3|IRAK4|NTRK1|NTRK2|NTRK3
 REACT:R-HSA-186763	Downstream signal transduction	0.000301411347553	0.0136968	EGFR|ERBB4|IL2RB|KIT|MET|PTK2|RET|TEK
 REACT:R-HSA-2424491	DAP12 signaling	0.000325246766902	0.0145011	EGFR|ERBB4|IL2RB|KIT|MET|PTK2|RET|TEK
 REACT:R-HSA-187015	Activation of TRKA receptors	0.000352104031902	0.0154078	NTRK1|NTRK2
 REACT:R-HSA-177929	Signaling by EGFR	0.000377560179409	0.0162214	EGFR|ERBB4|IL2RB|KIT|MET|PTK2|RET|TEK
 REACT:R-HSA-198203	PI3K/AKT activation	0.000401983660063	0.0169623	EGFR|ERBB4|KIT|MET|NTRK1
 REACT:R-HSA-2172127	DAP12 interactions	0.000428800114434	0.0177764	EGFR|ERBB4|IL2RB|KIT|MET|PTK2|RET|TEK
 REACT:R-HSA-186797	Signaling by PDGF	0.000468767050541	0.0190982	EGFR|ERBB4|IL2RB|KIT|MET|PTK2|RET|TEK
 REACT:R-HSA-2454202	Fc epsilon receptor (FCERI) signaling	0.000485580873497	0.0194479	EGFR|ERBB4|IL2RB|KIT|MET|PTK2|RET|TEK
 REACT:R-HSA-196071	Metabolism of steroid hormones	0.000505814474618	0.0199207	SRD5A1|SRD5A2|SRD5A3
 KEGG:hsa04015	Rap1 signaling pathway	0.000554083028535	0.0214639	EGFR|FLT1|KDR|KIT|MET|TEK
 REACT:R-HSA-192105	Synthesis of bile acids and bile salts	0.000606002616015	0.0223748	HSD3B7|OSBPL3|OSBPL9
 REACT:R-HSA-389958	Cooperation of Prefoldin and TriC/CCT in actin and tubulin folding	0.000606002616015	0.0223748	TUBA4A|TUBAL3|TUBB1
 REACT:R-HSA-3928663	EPHA-mediated growth cone collapse	0.000606002616015	0.0223748	EPHA3|KDR|PTK2
 KEGG:hsa05200	Pathways in cancer	0.000649304133229	0.0230344	AR|EGFR|FLT3|KIT|MET|NTRK1|PTK2|RET
 REACT:R-HSA-194313	VEGF ligand-receptor interactions	0.00065311349193	0.0230344	FLT1|KDR
 REACT:R-HSA-195399	VEGF binds to VEGFR leading to receptor dimerization	0.00065311349193	0.0230344	FLT1|KDR
 REACT:R-HSA-6811558	"PI5P PP2A and IER3 Regulate PI3K/AKT Signaling"	0.000864570876939	0.0300438	EGFR|ERBB4|KIT|MET
 KEGG:hsa04540	Gap junction	0.000902449988686	0.0309056	EGFR|TUBA4A|TUBAL3|TUBB1
 REACT:R-HSA-2219528	PI3K/AKT Signaling in Cancer	0.00098169600307	0.0331393	EGFR|ERBB4|KIT|MET
 REACT:R-HSA-199418	Negative regulation of the PI3K/AKT network	0.00115468083571	0.0384297	EGFR|ERBB4|KIT|MET
 REACT:R-HSA-2682334	EPH-Ephrin signaling	0.00120105912751	0.0392073	EPHA3|KDR|LIMK2|PTK2
 REACT:R-HSA-194068	Bile acid and bile salt metabolism	0.00121122908846	0.0392073	HSD3B7|OSBPL3|OSBPL9
