 KEGG:hsa04740	Olfactory transduction	0.0	0	OR10G4|OR10G8|OR10G9|OR10J1|OR10J5|OR11L1|OR12D3|OR14A16|OR14I1|OR14J1|OR1A2|OR1C1|OR1D2|OR1D5|OR1E2|OR1F1|OR1J1|OR1L1|OR1M1|OR1N1|OR2G3|OR2G6|OR2S2|OR2T12|OR2T2|OR2T33|OR2W3|OR3A3|OR4K15|OR4K2|OR4X2|OR5B12|OR5R1|OR6C3|OR7C1|OR7C2|OR7D2|OR8G1
 REACT:R-HSA-162582	Signal Transduction	0.0	0	ADORA3|HRH4|KALRN|LRAT|OR10G4|OR10G8|OR10G9|OR10J1|OR10J5|OR11L1|OR12D3|OR14A16|OR14I1|OR14J1|OR1A2|OR1C1|OR1D2|OR1D5|OR1E2|OR1F1|OR1J1|OR1L1|OR1M1|OR1N1|OR2G3|OR2G6|OR2S2|OR2T12|OR2T2|OR2T33|OR2W3|OR3A3|OR4K15|OR4K2|OR4X2|OR5B12|OR5R1|OR6C3|OR7C1|OR7C2|OR7D2|OR8G1|PTGER1|PTGER3|RBP3|RBP4|RDH11|RDH12|RDH13|RDH14|RDH8|RLBP1|RPE65
 REACT:R-HSA-2453902	The canonical retinoid cycle in rods (twilight vision)	0.0	0	LRAT|RBP3|RBP4|RDH11|RDH12|RDH8|RLBP1|RPE65
 REACT:R-HSA-372790	Signaling by GPCR	0.0	0	ADORA3|HRH4|KALRN|OR10G4|OR10G8|OR10G9|OR10J1|OR10J5|OR11L1|OR12D3|OR14A16|OR14I1|OR14J1|OR1A2|OR1C1|OR1D2|OR1D5|OR1E2|OR1F1|OR1J1|OR1L1|OR1M1|OR1N1|OR2G3|OR2G6|OR2S2|OR2T12|OR2T2|OR2T33|OR2W3|OR3A3|OR4K15|OR4K2|OR4X2|OR5B12|OR5R1|OR6C3|OR7C1|OR7C2|OR7D2|OR8G1|PTGER1|PTGER3
 REACT:R-HSA-381753	Olfactory Signaling Pathway	0.0	0	OR10G4|OR10G8|OR10G9|OR10J1|OR10J5|OR11L1|OR12D3|OR14A16|OR14I1|OR14J1|OR1A2|OR1C1|OR1D2|OR1D5|OR1E2|OR1F1|OR1J1|OR1L1|OR1M1|OR1N1|OR2G3|OR2G6|OR2S2|OR2T12|OR2T2|OR2T33|OR2W3|OR3A3|OR4K15|OR4K2|OR4X2|OR5B12|OR5R1|OR6C3|OR7C1|OR7C2|OR7D2|OR8G1
 REACT:R-HSA-388396	GPCR downstream signaling	0.0	0	ADORA3|HRH4|KALRN|OR10G4|OR10G8|OR10G9|OR10J1|OR10J5|OR11L1|OR12D3|OR14A16|OR14I1|OR14J1|OR1A2|OR1C1|OR1D2|OR1D5|OR1E2|OR1F1|OR1J1|OR1L1|OR1M1|OR1N1|OR2G3|OR2G6|OR2S2|OR2T12|OR2T2|OR2T33|OR2W3|OR3A3|OR4K15|OR4K2|OR4X2|OR5B12|OR5R1|OR6C3|OR7C1|OR7C2|OR7D2|OR8G1|PTGER1|PTGER3
 REACT:R-HSA-2187338	Visual phototransduction	2.3601381105e-07	7.96715e-05	LRAT|RBP3|RBP4|RDH11|RDH12|RDH8|RLBP1|RPE65
 KEGG:hsa00830	Retinol metabolism	3.38396003774e-06	0.000999537	LRAT|RDH11|RDH12|RDH8|RETSAT|RPE65
