 REACT:R-HSA-373076	Class A/1 (Rhodopsin-like receptors)	3.24112510053e-06	0.00765878	AGTR1|AVPR2|CCR2|CCR5|CX3CR1|GPR132|GPR31|PTGER1|PTGER3
 REACT:R-HSA-500792	GPCR ligand binding	7.16965542047e-06	0.00847095	AGTR1|AVPR2|CCR2|CCR5|CX3CR1|GNB4|GPR132|GPR31|PTGER1|PTGER3
 REACT:R-HSA-162582	Signal Transduction	2.15728705059e-05	0.0114184	AGTR1|ATP6V0A1|AVPR2|BTRC|CCR2|CCR5|CX3CR1|GNB4|GPR132|GPR31|NRG1|NUP43|OR10H5|OR10S1|OR4K5|PAFAH1B1|PPP2R1A|PPP2R1B|PTGER1|PTGER3|RBBP5|RPTOR|TLE4
 REACT:R-HSA-372790	Signaling by GPCR	2.30706356796e-05	0.0114184	AGTR1|AVPR2|CCR2|CCR5|CX3CR1|GNB4|GPR132|GPR31|NRG1|OR10H5|OR10S1|OR4K5|PPP2R1A|PPP2R1B|PTGER1|PTGER3
 REACT:R-HSA-2565942	Regulation of PLK1 Activity at G2/M Transition	2.41607513057e-05	0.0114184	BTRC|FBXW11|NEDD1|PAFAH1B1|PPP2R1A
 REACT:R-HSA-69275	G2/M Transition	6.7686273781e-05	0.0242788	BTRC|FBXW11|NEDD1|PAFAH1B1|PPP2R1A|PPP2R1B
 REACT:R-HSA-453274	Mitotic G2-G2/M phases	7.19218477999e-05	0.0242788	BTRC|FBXW11|NEDD1|PAFAH1B1|PPP2R1A|PPP2R1B
 REACT:R-HSA-450294	MAP kinase activation in TLR cascade	0.000106371132046	0.0314194	BTRC|FBXW11|PPP2R1A|PPP2R1B
 KEGG:hsa_M00380	SCF-BTRC complex	0.000146372256284	0.0384308	BTRC|FBXW11
 REACT:R-HSA-195253	Degradation of beta-catenin by the destruction complex	0.000291562816749	0.0481791	BTRC|PPP2R1A|PPP2R1B|TLE4
 REACT:R-HSA-168142	Toll Like Receptor 10 (TLR10) Cascade	0.00030527760344	0.0481791	BTRC|FBXW11|PPP2R1A|PPP2R1B
 REACT:R-HSA-168176	Toll Like Receptor 5 (TLR5) Cascade	0.00030527760344	0.0481791	BTRC|FBXW11|PPP2R1A|PPP2R1B
 REACT:R-HSA-975871	MyD88 cascade initiated on plasma membrane	0.00030527760344	0.0481791	BTRC|FBXW11|PPP2R1A|PPP2R1B
 REACT:R-HSA-163767	PP2A-mediated dephosphorylation of key metabolic factors	0.000305863873673	0.0481791	PPP2R1A|PPP2R1B
 KEGG:hsa04390	Hippo signaling pathway	0.000309113511461	0.0481791	BTRC|FBXW11|LLGL2|PPP2R1A|PPP2R1B
 REACT:R-HSA-975138	TRAF6 mediated induction of NFkB and MAP kinases upon TLR7/8 or 9 activation	0.00041458307999	0.0481791	BTRC|FBXW11|PPP2R1A|PPP2R1B
 REACT:R-HSA-168181	Toll Like Receptor 7/8 (TLR7/8) Cascade	0.000450357946085	0.0481791	BTRC|FBXW11|PPP2R1A|PPP2R1B
 REACT:R-HSA-975155	MyD88 dependent cascade initiated on endosome	0.000450357946085	0.0481791	BTRC|FBXW11|PPP2R1A|PPP2R1B
 REACT:R-HSA-156590	Glutathione conjugation	0.000453561180826	0.0481791	GSTA4|GSTM3|GSTM5
 REACT:R-HSA-166058	MyD88:Mal cascade initiated on plasma membrane	0.000488285438645	0.0481791	BTRC|FBXW11|PPP2R1A|PPP2R1B
 REACT:R-HSA-168179	Toll Like Receptor TLR1:TLR2 Cascade	0.000488285438645	0.0481791	BTRC|FBXW11|PPP2R1A|PPP2R1B
 REACT:R-HSA-168188	Toll Like Receptor TLR6:TLR2 Cascade	0.000488285438645	0.0481791	BTRC|FBXW11|PPP2R1A|PPP2R1B
 REACT:R-HSA-181438	Toll Like Receptor 2 (TLR2) Cascade	0.000488285438645	0.0481791	BTRC|FBXW11|PPP2R1A|PPP2R1B
 REACT:R-HSA-391908	Prostanoid ligand receptors	0.000521750092868	0.0481791	PTGER1|PTGER3
 REACT:R-HSA-168138	Toll Like Receptor 9 (TLR9) Cascade	0.000528438731187	0.0481791	BTRC|FBXW11|PPP2R1A|PPP2R1B
 REACT:R-HSA-166166	MyD88-independent TLR3/TLR4 cascade	0.000570891298466	0.0481791	BTRC|FBXW11|PPP2R1A|PPP2R1B
 REACT:R-HSA-168164	Toll Like Receptor 3 (TLR3) Cascade	0.000570891298466	0.0481791	BTRC|FBXW11|PPP2R1A|PPP2R1B
 REACT:R-HSA-937061	TRIF-mediated TLR3/TLR4 signaling	0.000570891298466	0.0481791	BTRC|FBXW11|PPP2R1A|PPP2R1B
 REACT:R-HSA-3769402	Deactivation of the beta-catenin transactivating complex	0.000605868330142	0.0493678	BTRC|RBBP5|TLE4
