 REACT:R-HSA-388396	GPCR downstream signaling	1.35313982241e-12	3.19747e-09	ADORA3|AGTR1|AVPR2|CCR2|CCR5|GPR132|HRH4|MC3R|MC4R|OR10G7|OR10H5|OR10S1|OR1D2|OR4C12|OR4K5|OR52W1|OR5AK2|PTGER1|PTGER3
 REACT:R-HSA-372790	Signaling by GPCR	3.78908016074e-12	4.4768e-09	ADORA3|AGTR1|AVPR2|CCR2|CCR5|CX3CR1|GPR132|GPR31|HRH4|MC3R|MC4R|OR10G7|OR10H5|OR10S1|OR1D2|OR4C12|OR4K5|OR52W1|OR5AK2|PTGER1|PTGER3
 REACT:R-HSA-373076	Class A/1 (Rhodopsin-like receptors)	9.8105967794e-12	7.72748e-09	ADORA3|AGTR1|AVPR2|CCR2|CCR5|CX3CR1|GPR132|GPR31|HRH4|MC3R|MC4R|PTGER1|PTGER3
 REACT:R-HSA-500792	GPCR ligand binding	1.3769207996e-11	8.13416e-09	ADORA3|AGTR1|AVPR2|CCR2|CCR5|CX3CR1|GPR132|GPR31|HRH4|MC3R|MC4R|PTGER1|PTGER3
 REACT:R-HSA-162582	Signal Transduction	3.31792371355e-11	1.56805e-08	ADORA3|AGTR1|AVPR2|CCR2|CCR5|CX3CR1|GPR132|GPR31|HRH4|MC3R|MC4R|OR10G7|OR10H5|OR10S1|OR1D2|OR4C12|OR4K5|OR52W1|OR5AK2|PTGER1|PTGER3
 KEGG:hsa04080	Neuroactive ligand-receptor interaction	2.15366069423e-09	8.48183e-07	ADORA3|AGTR1|AVPR2|HRH4|MC3R|MC4R|PTGER1|PTGER3|TRPV1
 REACT:R-HSA-375276	Peptide ligand-binding receptors	7.25346500641e-08	2.44856e-05	AGTR1|AVPR2|CCR2|CCR5|CX3CR1|MC3R|MC4R
 KEGG:hsa04740	Olfactory transduction	1.16472266032e-06	0.00034403	OR10G7|OR10H5|OR10S1|OR1D2|OR4C12|OR4K5|OR52W1|OR5AK2
 REACT:R-HSA-381753	Olfactory Signaling Pathway	1.54655311779e-06	0.000406056	OR10G7|OR10H5|OR10S1|OR1D2|OR4C12|OR4K5|OR52W1|OR5AK2
 REACT:R-HSA-418594	G alpha (i) signalling events	0.000119359990246	0.0272829	ADORA3|CCR2|CCR5|HRH4|PTGER3
 REACT:R-HSA-380108	Chemokine receptors bind chemokines	0.000127004779718	0.0272829	CCR2|CCR5|CX3CR1
 REACT:R-HSA-391908	Prostanoid ligand receptors	0.00014669400549	0.0288865	PTGER1|PTGER3
