 REACT:R-HSA-198933	Immunoregulatory interactions between a Lymphoid and a non-Lymphoid cell	2.07110074646e-08	4.89401e-05	CD1D|CD22|CD40|ICAM2|ICAM4|KIR2DL4|KIR3DL2|LILRA5|LILRB5|SIGLEC10|SIGLEC11|SIGLEC12|SIGLEC6|SIGLEC9|SLAMF6
 REACT:R-HSA-6794362	Protein-protein interactions at synapses	7.70873563871e-07	0.000910787	BEGAIN|GRIA4|LRFN2|LRFN3|LRRTM1|LRRTM2|LRRTM3|LRRTM4|NRXN1|NRXN3
 KEGG:hsa04514	Cell adhesion molecules (CAMs)	2.46123755099e-06	0.00193863	ALCAM|CADM1|CD22|CD40|ICAM2|JAM2|LRRC4C|MAG|NCAM1|NFASC|NRXN1|NRXN3|PDCD1LG2
 REACT:R-HSA-163125	Post-translational modification: synthesis of GPI-anchored proteins	7.50575406128e-06	0.00443402	CNTN4|LSAMP|LYPD6B|NTM|OPCML|PLAUR|PSCA|RTN4RL1|SPACA4|TEX101
 REACT:R-HSA-189085	Digestion of dietary carbohydrate	1.3498609049e-05	0.00637944	AMY2A|AMY2B|MGAM|SI
 KEGG:hsa00500	Starch and sucrose metabolism	4.6537704515e-05	0.0183281	AMY2A|AMY2B|GAA|MGAM|PGM1|SI
 KEGG:hsa_M00071	"Glycosphingolipid biosynthesis neolacto-series LacCer => nLc4Cer"	6.12802203804e-05	0.0206865	B4GALT2|B4GALT3|B4GALT4
 REACT:R-HSA-6794361	Interactions of neurexins and neuroligins at synapses	9.24434837184e-05	0.0273055	BEGAIN|LRRTM1|LRRTM2|LRRTM3|LRRTM4|NRXN1|NRXN3
