 KEGG:hsa04060	Cytokine-cytokine receptor interaction	0.0	0	CD27|CD40|CRLF2|CSF1|CSF2RA|CSF2RB|CX3CL1|EDA2R|EGFR|FAS|FLT1|IFNA1|IFNA10|IFNA13|IFNA14|IFNA16|IFNA17|IFNA2|IFNA21|IFNA4|IFNA5|IFNA6|IFNA7|IFNA8|IFNAR2|IFNB1|IFNE|IFNG|IFNLR1|IFNW1|IL10RA|IL10RB|IL12B|IL12RB1|IL13RA1|IL17B|IL17RA|IL19|IL1A|IL1B|IL1R1|IL1R2|IL1RAP|IL20|IL20RB|IL21R|IL22|IL22RA1|IL22RA2|IL24|IL2RB|IL2RG|IL4R|IL5RA|IL6R|IL6ST|LTBR|OSMR|PRLR|RELT|TNFRSF10D|TNFRSF11A|TNFRSF11B|TNFRSF14|TNFRSF18|TNFRSF1B|TNFRSF25|TNFRSF4|TNFRSF6B|VEGFA|VEGFC
 KEGG:hsa04151	PI3K-Akt signaling pathway	0.0	0	CD19|CHAD|COMP|CREB3L3|CREB5|CSF1|EFNA1|EFNA2|EFNA3|EFNA4|EGFR|FGF1|FGF10|FGF11|FGF12|FGF13|FGF14|FGF16|FGF17|FGF18|FGF19|FGF2|FGF20|FGF21|FGF22|FGF23|FGF3|FGF4|FGF5|FGF6|FGF7|FGF8|FGF9|FLT1|IFNA1|IFNA10|IFNA13|IFNA14|IFNA16|IFNA17|IFNA2|IFNA21|IFNA4|IFNA5|IFNA6|IFNA7|IFNA8|IFNAR2|IFNB1|IL2RB|IL2RG|IL4R|IL6R|ITGB1|ITGB3|ITGB5|ITGB6|ITGB7|LAMB4|LAMC3|OSMR|PHLPP1|PHLPP2|PIK3AP1|PRLR|THBS1|THBS2|THBS3|THBS4|TLR2|TLR4|TNXB|VEGFA|VEGFC
 KEGG:hsa04514	Cell adhesion molecules (CAMs)	0.0	0	ALCAM|CADM1|CD2|CD22|CD276|CD28|CD4|CD40|CD58|CDH15|CDH2|CDH4|CLDN7|ESAM|ICAM1|ICAM2|ICAM3|ICOS|ITGB1|ITGB2|ITGB7|JAM2|LRRC4|LRRC4C|MAG|NCAM1|NFASC|NLGN4Y|NRXN1|NRXN3|NTNG1|OCLN|PDCD1LG2|PVR|SELE|SELL|SELP|SIGLEC1|VCAN
 KEGG:hsa04630	Jak-STAT signaling pathway	0.0	0	CRLF2|CSF2RA|CSF2RB|IFNA1|IFNA10|IFNA13|IFNA14|IFNA16|IFNA17|IFNA2|IFNA21|IFNA4|IFNA5|IFNA6|IFNA7|IFNA8|IFNAR2|IFNB1|IFNE|IFNG|IFNLR1|IFNW1|IL10RA|IL10RB|IL12B|IL12RB1|IL13RA1|IL13RA2|IL19|IL20|IL20RB|IL21R|IL22|IL22RA1|IL22RA2|IL24|IL27RA|IL2RB|IL2RG|IL4R|IL5RA|IL6R|IL6ST|OSMR|PRLR|STAT5A|STAT6
 REACT:R-HSA-1280215	Cytokine Signaling in Immune system	0.0	0	BCL6|BTC|CD27|CD4|CD40|CD44|CIITA|CRLF1|CSF1|CSF2RA|CSF2RB|EBI3|EDA2R|EGFR|ERBB3|FCGR1B|FGA|FGB|FGF1|FGF10|FGF16|FGF17|FGF18|FGF19|FGF2|FGF20|FGF22|FGF23|FGF3|FGF4|FGF5|FGF6|FGF7|FGF8|FGF9|FGG|FOXO1|GAB2|GATA3|HBEGF|ICAM1|IFNA1|IFNA10|IFNA13|IFNA14|IFNA16|IFNA17|IFNA2|IFNA21|IFNA4|IFNA5|IFNA6|IFNA7|IFNA8|IFNAR2|IFNB1|IFNG|IFNLR1|IL10RA|IL10RB|IL12B|IL12RB1|IL13RA1|IL13RA2|IL17RA|IL19|IL1A|IL1B|IL1R1|IL1R2|IL1RAP|IL1RL1|IL1RN|IL20|IL20RB|IL22|IL22RA1|IL22RA2|IL24|IL27RA|IL2RB|IL2RG|IL34|IL36A|IL36B|IL4R|IL5RA|IL6R|IL6ST|ITGB1|ITGB2|ITGB3|JUNB|LAT|LGALS9|LTBR|NCAM1|NFKB2|NRG1|NRG2|NRG4|OSMR|PELI3|POM121|PRLR|SOX2|STAT5A|STAT6|TNFRSF11A|TNFRSF11B|TNFRSF14|TNFRSF18|TNFRSF1B|TNFRSF25|TNFRSF4|TNFRSF6B|TNIP2|TRIM14|TRIM17|VEGFA
 REACT:R-HSA-1280218	Adaptive Immune System	0.0	0	ANAPC10|AP1M2|BTC|BTLA|BTNL8|CALR|CANX|CD14|CD160|CD19|CD1B|CD1C|CD1D|CD207|CD22|CD28|CD3D|CD3E|CD3G|CD4|CD40|CLEC2B|CLEC2D|CXADR|DCTN4|EGFR|ERBB3|FBXL12|FBXL13|FBXL14|FBXL15|FBXL19|FBXL4|FBXL5|FBXL7|FBXO17|FBXO44|FBXO6|FCGR1B|FCGR2B|FCGR3A|FGF1|FGF10|FGF16|FGF17|FGF18|FGF19|FGF2|FGF20|FGF22|FGF23|FGF3|FGF4|FGF5|FGF6|FGF7|FGF8|FGF9|FOXO1|FZR1|HBEGF|HERC6|ICAM1|ICAM2|ICAM3|ICAM4|ICOS|ITGB1|ITGB2|ITGB5|ITGB7|KIR2DL1|KIR2DL3|KIR2DL4|KIR2DS1|KIR3DL2|KIR3DS1|KLRB1|KLRC1|KLRC4-KLRK1|KLRD1|KLRF1|KLRG1|LAIR2|LAT|LILRA1|LILRA3|LILRA4|LILRA5|LILRB5|MGRN1|MRC1|NRG1|NRG2|NRG4|PDCD1LG2|PHLPP1|PHLPP2|PIK3AP1|PVR|SELL|SIGLEC1|SIGLEC10|SIGLEC11|SIGLEC12|SIGLEC5|SIGLEC6|SIGLEC7|SIGLEC8|SIGLEC9|SKP2|SLAMF6|SPSB4|STIM1|TLR1|TLR2|TLR4|TLR6|TNFRSF14|TNRC6A|TRPC1
 REACT:R-HSA-168249	Innate Immune System	0.0	0	A1BG|AGA|AGER|AGL|ARSA|ATP6V0A1|ATP6V1E2|B4GALT1|BTC|C1R|C8A|CD14|CD180|CD19|CD28|CD3G|CD4|CD44|CD46|CD47|CD58|CD59|CD68|CEACAM1|CEACAM8|CFP|CHI3L1|CLEC10A|CLEC12A|CLEC4A|CLEC4C|CLEC4D|CLEC4E|CLEC5A|CLEC6A|CLEC7A|COLEC11|CRP|CSF2RA|CSF2RB|CSNK2B|DEFB112|DEFB119|DEGS1|DSN1|EGFR|ERBB3|FAF2|FCAR|FCER1A|FCGR2A|FCGR2C|FCGR3A|FCGR3B|FCN3|FGA|FGB|FGF1|FGF10|FGF16|FGF17|FGF18|FGF19|FGF2|FGF20|FGF22|FGF23|FGF3|FGF4|FGF5|FGF6|FGF7|FGF8|FGF9|FGG|FOXO1|GAA|GAB2|GLA|GUSB|GYG1|HBEGF|HEXB|ICAM2|ICAM3|ICOS|IFNA1|IFNA10|IFNA13|IFNA14|IFNA16|IFNA17|IFNA2|IFNA21|IFNA4|IFNA5|IFNA6|IFNA7|IFNA8|IFNB1|IL1B|IL2RB|IL2RG|IL5RA|ITGB2|ITGB3|ITLN1|KIR2DS4|KIR2DS5|KIR3DS1|KLRC2|KLRC4-KLRK1|KLRD1|LAMP1|LAMTOR1|LAT|LGALS3|LILRA3|LRG1|MASP2|MBL2|MEF2A|MEF2C|MEFV|MGAM|MUC15|MUC7|NCAM1|NEU1|NFAM1|NFASC|NFKB2|NLRC3|NLRP1|NLRP4|NRG1|NRG2|NRG4|OLR1|PELI3|PGLYRP1|PGLYRP2|PGLYRP3|PGLYRP4|PGM1|PHLPP1|PHLPP2|PIK3AP1|PLAUR|POLR3H|PRG2|PRG3|PTX3|REG3A|REG3G|RNF135|RNF216|SELL|SEMG1|SERPINB6|SIGLEC14|SIGLEC15|SIGLEC5|SIGLEC9|SLC2A3|SLC2A5|SLPI|STAT6|STBD1|STK11IP|TLR1|TLR10|TLR2|TLR3|TLR4|TLR5|TLR6|TNFRSF1B|TNIP2|TNRC6A|VAPA|WIPF1
 REACT:R-HSA-168256	Immune System	0.0	0	A1BG|AGA|AGER|AGL|ANAPC10|AP1M2|ARSA|ATP6V0A1|ATP6V1E2|B4GALT1|BCL6|BTC|BTLA|BTNL8|C1R|C8A|CALR|CANX|CD14|CD160|CD180|CD19|CD1B|CD1C|CD1D|CD207|CD22|CD27|CD28|CD3D|CD3E|CD3G|CD4|CD40|CD44|CD46|CD47|CD58|CD59|CD68|CEACAM1|CEACAM8|CFP|CHI3L1|CIITA|CLEC10A|CLEC12A|CLEC2B|CLEC2D|CLEC4A|CLEC4C|CLEC4D|CLEC4E|CLEC5A|CLEC6A|CLEC7A|COLEC11|CRLF1|CRP|CSF1|CSF2RA|CSF2RB|CSNK2B|CXADR|DCTN4|DEFB112|DEFB119|DEGS1|DSN1|EBI3|EDA2R|EGFR|ERBB3|FAF2|FBXL12|FBXL13|FBXL14|FBXL15|FBXL19|FBXL4|FBXL5|FBXL7|FBXO17|FBXO44|FBXO6|FCAR|FCER1A|FCGR1B|FCGR2A|FCGR2B|FCGR2C|FCGR3A|FCGR3B|FCN3|FGA|FGB|FGF1|FGF10|FGF16|FGF17|FGF18|FGF19|FGF2|FGF20|FGF22|FGF23|FGF3|FGF4|FGF5|FGF6|FGF7|FGF8|FGF9|FGG|FOXO1|FZR1|GAA|GAB2|GATA3|GLA|GUSB|GYG1|HBEGF|HERC6|HEXB|ICAM1|ICAM2|ICAM3|ICAM4|ICOS|IFNA1|IFNA10|IFNA13|IFNA14|IFNA16|IFNA17|IFNA2|IFNA21|IFNA4|IFNA5|IFNA6|IFNA7|IFNA8|IFNAR2|IFNB1|IFNG|IFNLR1|IL10RA|IL10RB|IL12B|IL12RB1|IL13RA1|IL13RA2|IL17RA|IL19|IL1A|IL1B|IL1R1|IL1R2|IL1RAP|IL1RL1|IL1RN|IL20|IL20RB|IL22|IL22RA1|IL22RA2|IL24|IL27RA|IL2RB|IL2RG|IL34|IL36A|IL36B|IL4R|IL5RA|IL6R|IL6ST|ITGB1|ITGB2|ITGB3|ITGB5|ITGB7|ITLN1|JUNB|KIR2DL1|KIR2DL3|KIR2DL4|KIR2DS1|KIR2DS4|KIR2DS5|KIR3DL2|KIR3DS1|KLRB1|KLRC1|KLRC2|KLRC4-KLRK1|KLRD1|KLRF1|KLRG1|LAIR2|LAMP1|LAMTOR1|LAT|LGALS3|LGALS9|LILRA1|LILRA3|LILRA4|LILRA5|LILRB5|LRG1|LTBR|MASP2|MBL2|MEF2A|MEF2C|MEFV|MGAM|MGRN1|MRC1|MUC15|MUC7|NCAM1|NEU1|NFAM1|NFASC|NFKB2|NLRC3|NLRP1|NLRP4|NRG1|NRG2|NRG4|OLR1|OSMR|PDCD1LG2|PELI3|PGLYRP1|PGLYRP2|PGLYRP3|PGLYRP4|PGM1|PHLPP1|PHLPP2|PIK3AP1|PLAUR|POLR3H|POM121|PRG2|PRG3|PRLR|PTX3|PVR|REG3A|REG3G|RNF135|RNF216|SELL|SEMG1|SERPINB6|SIGLEC1|SIGLEC10|SIGLEC11|SIGLEC12|SIGLEC14|SIGLEC15|SIGLEC5|SIGLEC6|SIGLEC7|SIGLEC8|SIGLEC9|SKP2|SLAMF6|SLC2A3|SLC2A5|SLPI|SOX2|SPSB4|STAT5A|STAT6|STBD1|STIM1|STK11IP|TLR1|TLR10|TLR2|TLR3|TLR4|TLR5|TLR6|TNFRSF11A|TNFRSF11B|TNFRSF14|TNFRSF18|TNFRSF1B|TNFRSF25|TNFRSF4|TNFRSF6B|TNIP2|TNRC6A|TRIM14|TRIM17|TRPC1|VAPA|VEGFA|WIPF1
 REACT:R-HSA-1839130	Signaling by activated point mutants of FGFR3	0.0	0	FGF1|FGF16|FGF17|FGF18|FGF2|FGF20|FGF23|FGF4|FGF5|FGF8|FGF9
 REACT:R-HSA-190242	FGFR1 ligand binding and activation	0.0	0	FGF1|FGF10|FGF17|FGF2|FGF20|FGF22|FGF23|FGF3|FGF4|FGF5|FGF6|FGF8|FGF9
 REACT:R-HSA-190322	FGFR4 ligand binding and activation	0.0	0	FGF1|FGF16|FGF17|FGF18|FGF19|FGF2|FGF20|FGF23|FGF4|FGF6|FGF8|FGF9
 REACT:R-HSA-190375	FGFR2c ligand binding and activation	0.0	0	FGF1|FGF16|FGF17|FGF18|FGF2|FGF20|FGF23|FGF4|FGF5|FGF6|FGF8|FGF9
 REACT:R-HSA-198933	Immunoregulatory interactions between a Lymphoid and a non-Lymphoid cell	0.0	0	CD160|CD19|CD1B|CD1C|CD1D|CD22|CD3D|CD3E|CD3G|CD40|CLEC2B|CLEC2D|CXADR|FCGR2B|FCGR3A|ICAM1|ICAM2|ICAM3|ICAM4|ITGB1|ITGB2|ITGB7|KIR2DL1|KIR2DL3|KIR2DL4|KIR2DS1|KIR3DL2|KIR3DS1|KLRB1|KLRC1|KLRC4-KLRK1|KLRD1|KLRF1|KLRG1|LAIR2|LILRA1|LILRA3|LILRA4|LILRA5|LILRB5|PVR|SELL|SIGLEC1|SIGLEC10|SIGLEC11|SIGLEC12|SIGLEC5|SIGLEC6|SIGLEC7|SIGLEC8|SIGLEC9|SLAMF6
 REACT:R-HSA-2033514	FGFR3 mutant receptor activation	0.0	0	FGF1|FGF16|FGF17|FGF18|FGF2|FGF20|FGF23|FGF4|FGF5|FGF8|FGF9
 REACT:R-HSA-2033519	Activated point mutants of FGFR2	0.0	0	FGF1|FGF10|FGF16|FGF17|FGF18|FGF2|FGF20|FGF22|FGF23|FGF3|FGF4|FGF5|FGF6|FGF7|FGF8|FGF9
 REACT:R-HSA-2219530	Constitutive Signaling by Aberrant PI3K in Cancer	0.0	0	BTC|CD19|CD28|EGFR|ERBB3|FGF1|FGF10|FGF16|FGF17|FGF18|FGF19|FGF2|FGF20|FGF22|FGF23|FGF3|FGF4|FGF5|FGF6|FGF7|FGF8|FGF9|HBEGF|ICOS|NRG1|NRG2|NRG4|PIK3AP1
 REACT:R-HSA-5654219	Phospholipase C-mediated cascade: FGFR1	0.0	0	FGF1|FGF10|FGF17|FGF2|FGF20|FGF22|FGF23|FGF3|FGF4|FGF5|FGF6|FGF8|FGF9
 REACT:R-HSA-5654221	Phospholipase C-mediated cascade; FGFR2	0.0	0	FGF1|FGF10|FGF16|FGF17|FGF18|FGF2|FGF20|FGF22|FGF23|FGF3|FGF4|FGF5|FGF6|FGF7|FGF8|FGF9
 REACT:R-HSA-5654695	PI-3K cascade:FGFR2	0.0	0	FGF1|FGF10|FGF16|FGF17|FGF18|FGF2|FGF20|FGF22|FGF23|FGF3|FGF4|FGF5|FGF6|FGF7|FGF8|FGF9
 REACT:R-HSA-5654699	SHC-mediated cascade:FGFR2	0.0	0	FGF1|FGF10|FGF16|FGF17|FGF18|FGF2|FGF20|FGF22|FGF23|FGF3|FGF4|FGF5|FGF6|FGF7|FGF8|FGF9
 REACT:R-HSA-5654700	FRS-mediated FGFR2 signaling	0.0	0	FGF1|FGF10|FGF16|FGF17|FGF18|FGF2|FGF20|FGF22|FGF23|FGF3|FGF4|FGF5|FGF6|FGF7|FGF8|FGF9
 REACT:R-HSA-2219528	PI3K/AKT Signaling in Cancer	5.65880675651e-13	6.07807e-11	BTC|CD19|CD28|EGFR|ERBB3|FGF1|FGF10|FGF16|FGF17|FGF18|FGF19|FGF2|FGF20|FGF22|FGF23|FGF3|FGF4|FGF5|FGF6|FGF7|FGF8|FGF9|FOXO1|HBEGF|ICOS|NRG1|NRG2|NRG4|PIK3AP1
 KEGG:hsa05152	Tuberculosis	1.32183153312e-12	1.35804e-10	ATP6V0A1|CD14|CEBPB|CIITA|CLEC4E|CLEC4M|CLEC7A|CORO1A|FCGR2A|FCGR2B|FCGR2C|FCGR3A|FCGR3B|IFNA1|IFNA10|IFNA13|IFNA14|IFNA16|IFNA17|IFNA2|IFNA21|IFNA4|IFNA5|IFNA6|IFNA7|IFNA8|IFNB1|IFNG|IL10RA|IL10RB|IL12B|IL1A|IL1B|ITGB2|LAMP1|LSP1|MRC1|PLA2R1|PPP3R2|RFXAP|TLR1|TLR2|TLR4|TLR6
 REACT:R-HSA-190241	FGFR2 ligand binding and activation	3.14814840863e-12	3.09961e-10	FGF1|FGF10|FGF16|FGF17|FGF18|FGF2|FGF20|FGF22|FGF23|FGF3|FGF4|FGF5|FGF6|FGF7|FGF8|FGF9
 REACT:R-HSA-199418	Negative regulation of the PI3K/AKT network	1.03366204485e-11	9.77017e-10	BTC|CD19|CD28|EGFR|ERBB3|FGF1|FGF10|FGF16|FGF17|FGF18|FGF19|FGF2|FGF20|FGF22|FGF23|FGF3|FGF4|FGF5|FGF6|FGF7|FGF8|FGF9|HBEGF|ICOS|NRG1|NRG2|NRG4|PHLPP1|PHLPP2|PIK3AP1
 REACT:R-HSA-5654228	Phospholipase C-mediated cascade; FGFR4	1.74333880665e-11	1.58443e-09	FGF1|FGF16|FGF17|FGF18|FGF19|FGF2|FGF20|FGF23|FGF4|FGF6|FGF8|FGF9
 KEGG:hsa04650	Natural killer cell mediated cytotoxicity	2.14962492251e-11	1.88132e-09	FAS|FCGR3A|FCGR3B|ICAM1|ICAM2|IFNA1|IFNA10|IFNA13|IFNA14|IFNA16|IFNA17|IFNA2|IFNA21|IFNA4|IFNA5|IFNA6|IFNA7|IFNA8|IFNAR2|IFNB1|IFNG|ITGB2|KIR2DL1|KIR2DL3|KIR2DL4|KIR2DS1|KIR2DS4|KIR2DS5|KIR3DL2|KLRC1|KLRC2|KLRC4-KLRK1|KLRD1|LAT|PPP3R2|TNFRSF10D
 REACT:R-HSA-190239	FGFR3 ligand binding and activation	4.24483781458e-11	3.23566e-09	FGF1|FGF16|FGF17|FGF18|FGF2|FGF20|FGF23|FGF4|FGF5|FGF8|FGF9
 REACT:R-HSA-190372	FGFR3c ligand binding and activation	4.24483781458e-11	3.23566e-09	FGF1|FGF16|FGF17|FGF18|FGF2|FGF20|FGF23|FGF4|FGF5|FGF8|FGF9
 REACT:R-HSA-432047	Passive transport by Aquaporins	4.24483781458e-11	3.23566e-09	AQP1|AQP10|AQP12A|AQP2|AQP3|AQP4|AQP5|AQP6|AQP7|AQP9|MIP
 REACT:R-HSA-5654227	Phospholipase C-mediated cascade; FGFR3	4.24483781458e-11	3.23566e-09	FGF1|FGF16|FGF17|FGF18|FGF2|FGF20|FGF23|FGF4|FGF5|FGF8|FGF9
 REACT:R-HSA-6811558	"PI5P PP2A and IER3 Regulate PI3K/AKT Signaling"	4.53171944415e-11	3.34639e-09	BTC|CD19|CD28|EGFR|ERBB3|FGF1|FGF10|FGF16|FGF17|FGF18|FGF19|FGF2|FGF20|FGF22|FGF23|FGF3|FGF4|FGF5|FGF6|FGF7|FGF8|FGF9|HBEGF|ICOS|NRG1|NRG2|NRG4|PIK3AP1
 REACT:R-HSA-449147	Signaling by Interleukins	6.39562847127e-11	4.57966e-09	BCL6|BTC|CD4|CRLF1|CSF1|CSF2RA|CSF2RB|EBI3|EGFR|ERBB3|FGA|FGB|FGF1|FGF10|FGF16|FGF17|FGF18|FGF19|FGF2|FGF20|FGF22|FGF23|FGF3|FGF4|FGF5|FGF6|FGF7|FGF8|FGF9|FGG|FOXO1|GAB2|GATA3|HBEGF|ICAM1|IFNLR1|IL10RA|IL10RB|IL12B|IL12RB1|IL13RA1|IL13RA2|IL17RA|IL19|IL1A|IL1B|IL1R1|IL1R2|IL1RAP|IL1RL1|IL1RN|IL20|IL20RB|IL22|IL22RA1|IL22RA2|IL24|IL27RA|IL2RB|IL2RG|IL34|IL36A|IL36B|IL4R|IL5RA|IL6R|IL6ST|ITGB1|ITGB2|ITGB3|JUNB|LAT|LGALS9|NCAM1|NFKB2|NRG1|NRG2|NRG4|OSMR|PELI3|SOX2|STAT5A|STAT6|TNFRSF1B|TNIP2|VEGFA
 REACT:R-HSA-1839122	Signaling by activated point mutants of FGFR1	8.32920399318e-11	5.7888e-09	FGF1|FGF17|FGF2|FGF20|FGF23|FGF4|FGF5|FGF6|FGF8|FGF9
 REACT:R-HSA-912694	Regulation of IFNA signaling	8.85331807865e-11	5.97725e-09	IFNA1|IFNA10|IFNA13|IFNA14|IFNA16|IFNA17|IFNA2|IFNA21|IFNA4|IFNA5|IFNA6|IFNA7|IFNA8|IFNAR2|IFNB1
 REACT:R-HSA-5654696	Downstream signaling of activated FGFR2	1.10765840944e-10	7.27055e-09	FGF1|FGF10|FGF16|FGF17|FGF18|FGF2|FGF20|FGF22|FGF23|FGF3|FGF4|FGF5|FGF6|FGF7|FGF8|FGF9
 KEGG:hsa05162	Measles	1.17417409129e-10	7.49885e-09	BBC3|CD28|CD3D|CD3E|CD3G|CD46|CLEC4M|CSNK2B|FAS|FCGR2B|IFNA1|IFNA10|IFNA13|IFNA14|IFNA16|IFNA17|IFNA2|IFNA21|IFNA4|IFNA5|IFNA6|IFNA7|IFNA8|IFNAR2|IFNB1|IFNG|IL12B|IL1A|IL1B|IL2RB|IL2RG|STAT5A|TLR2|TLR4|TNFRSF10D
 KEGG:hsa04640	Hematopoietic cell lineage	1.24508292565e-10	7.74245e-09	CD14|CD19|CD1B|CD1C|CD1D|CD1E|CD2|CD22|CD3D|CD3E|CD3G|CD4|CD44|CD59|CSF1|CSF2RA|GP1BA|GP1BB|GP5|GP9|IL1A|IL1B|IL1R1|IL1R2|IL4R|IL5RA|IL6R|ITGB3|TFRC
 REACT:R-HSA-428790	Facilitative Na+-independent glucose transporters	1.90023774493e-10	1.15135e-08	FGF21|SLC2A1|SLC2A10|SLC2A11|SLC2A14|SLC2A2|SLC2A3|SLC2A5|SLC2A6|SLC2A8|SLC2A9
 REACT:R-HSA-5654687	Downstream signaling of activated FGFR1	1.96232252669e-10	1.15924e-08	FGF1|FGF10|FGF17|FGF2|FGF20|FGF22|FGF23|FGF3|FGF4|FGF5|FGF6|FGF8|FGF9|FLRT1|FLRT2|FLRT3
 KEGG:hsa05218	Melanoma	2.05497618921e-10	1.18437e-08	EGFR|FGF1|FGF10|FGF11|FGF12|FGF13|FGF14|FGF16|FGF17|FGF18|FGF19|FGF2|FGF20|FGF21|FGF22|FGF23|FGF3|FGF4|FGF5|FGF6|FGF7|FGF8|FGF9|MITF
 REACT:R-HSA-5654688	SHC-mediated cascade:FGFR1	5.22360710242e-10	2.83816e-08	FGF1|FGF10|FGF17|FGF2|FGF20|FGF22|FGF23|FGF3|FGF4|FGF5|FGF6|FGF8|FGF9
 REACT:R-HSA-5654689	PI-3K cascade:FGFR1	5.22360710242e-10	2.83816e-08	FGF1|FGF10|FGF17|FGF2|FGF20|FGF22|FGF23|FGF3|FGF4|FGF5|FGF6|FGF8|FGF9
 REACT:R-HSA-190373	FGFR1c ligand binding and activation	5.33687094517e-10	2.83816e-08	FGF1|FGF17|FGF2|FGF20|FGF23|FGF4|FGF5|FGF6|FGF8|FGF9
 KEGG:hsa04145	Phagosome	5.40488098721e-10	2.83816e-08	ATP6V0A1|ATP6V1E2|C1R|CALR|CANX|CD14|CLEC4M|CLEC7A|COLEC11|COLEC12|COMP|CORO1A|FCAR|FCGR2A|FCGR2B|FCGR2C|FCGR3A|FCGR3B|ITGB1|ITGB2|ITGB3|ITGB5|LAMP1|MBL2|MRC1|OLR1|PLA2R1|SFTPD|TFRC|THBS1|THBS2|THBS3|THBS4|TLR2|TLR4|TLR6|TUBAL3
 REACT:R-HSA-1839126	FGFR2 mutant receptor activation	6.91038781753e-10	3.54984e-08	FGF1|FGF10|FGF16|FGF17|FGF18|FGF2|FGF20|FGF22|FGF23|FGF3|FGF4|FGF5|FGF6|FGF7|FGF8|FGF9
 REACT:R-HSA-5654727	Negative regulation of FGFR2 signaling	1.24472099294e-09	6.25803e-08	FGF1|FGF10|FGF16|FGF17|FGF18|FGF2|FGF20|FGF22|FGF23|FGF3|FGF4|FGF5|FGF6|FGF7|FGF8|FGF9
 REACT:R-HSA-1257604	PIP3 activates AKT signaling	1.76331715895e-09	8.68066e-08	BTC|CD19|CD28|EGFR|ERBB3|FGF1|FGF10|FGF16|FGF17|FGF18|FGF19|FGF2|FGF20|FGF22|FGF23|FGF3|FGF4|FGF5|FGF6|FGF7|FGF8|FGF9|FOXO1|HBEGF|ICOS|NRG1|NRG2|NRG4|PHLPP1|PHLPP2|PIK3AP1|TNRC6A
 REACT:R-HSA-5658623	FGFRL1 modulation of FGFR1 signaling	2.19269435942e-09	1.05742e-07	FGF10|FGF17|FGF18|FGF2|FGF22|FGF23|FGF3|FGF4|FGF5|FGF8
 REACT:R-HSA-5654693	FRS-mediated FGFR1 signaling	2.49547782438e-09	1.17936e-07	FGF1|FGF10|FGF17|FGF2|FGF20|FGF22|FGF23|FGF3|FGF4|FGF5|FGF6|FGF8|FGF9
 REACT:R-HSA-180292	GAB1 signalosome	3.36706695858e-09	1.53007e-07	BTC|CD19|CD28|EGFR|ERBB3|FGF1|FGF10|FGF16|FGF17|FGF18|FGF19|FGF2|FGF20|FGF22|FGF23|FGF3|FGF4|FGF5|FGF6|FGF7|FGF8|FGF9|FOXO1|HBEGF|ICOS|NRG1|NRG2|NRG4|PHLPP1|PHLPP2|PIK3AP1|TNRC6A
 REACT:R-HSA-198203	PI3K/AKT activation	3.36706695858e-09	1.53007e-07	BTC|CD19|CD28|EGFR|ERBB3|FGF1|FGF10|FGF16|FGF17|FGF18|FGF19|FGF2|FGF20|FGF22|FGF23|FGF3|FGF4|FGF5|FGF6|FGF7|FGF8|FGF9|FOXO1|HBEGF|ICOS|NRG1|NRG2|NRG4|PHLPP1|PHLPP2|PIK3AP1|TNRC6A
 REACT:R-HSA-5654719	SHC-mediated cascade:FGFR4	4.10942013751e-09	1.79825e-07	FGF1|FGF16|FGF17|FGF18|FGF19|FGF2|FGF20|FGF23|FGF4|FGF6|FGF8|FGF9
 REACT:R-HSA-5654720	PI-3K cascade:FGFR4	4.10942013751e-09	1.79825e-07	FGF1|FGF16|FGF17|FGF18|FGF19|FGF2|FGF20|FGF23|FGF4|FGF6|FGF8|FGF9
 REACT:R-HSA-2730905	Role of LAT2/NTAL/LAB on calcium mobilization	5.27969834518e-09	2.26835e-07	BTC|CD19|CD28|EGFR|ERBB3|FGF1|FGF10|FGF16|FGF17|FGF18|FGF19|FGF2|FGF20|FGF22|FGF23|FGF3|FGF4|FGF5|FGF6|FGF7|FGF8|FGF9|FOXO1|GAB2|HBEGF|ICOS|NRG1|NRG2|NRG4|PHLPP1|PHLPP2|PIK3AP1|TNRC6A
 REACT:R-HSA-8854691	"Interleukin-19 20 22 24"	1.29391699577e-08	5.45987e-07	IL10RB|IL19|IL20|IL20RB|IL22|IL22RA1|IL22RA2|IL24
 REACT:R-HSA-5654704	SHC-mediated cascade:FGFR3	1.42733426189e-08	5.81516e-07	FGF1|FGF16|FGF17|FGF18|FGF2|FGF20|FGF23|FGF4|FGF5|FGF8|FGF9
 REACT:R-HSA-5654710	PI-3K cascade:FGFR3	1.42733426189e-08	5.81516e-07	FGF1|FGF16|FGF17|FGF18|FGF2|FGF20|FGF23|FGF4|FGF5|FGF8|FGF9
 REACT:R-HSA-5654712	FRS-mediated FGFR4 signaling	1.81256165632e-08	7.25946e-07	FGF1|FGF16|FGF17|FGF18|FGF19|FGF2|FGF20|FGF23|FGF4|FGF6|FGF8|FGF9
 KEGG:hsa05224	Breast cancer	1.98855270028e-08	7.83158e-07	DLL4|EGFR|FGF1|FGF10|FGF11|FGF12|FGF13|FGF14|FGF16|FGF17|FGF18|FGF19|FGF2|FGF20|FGF21|FGF22|FGF23|FGF3|FGF4|FGF5|FGF6|FGF7|FGF8|FGF9|HEY1|JAG2|LEF1|NFKB2|SP1|TCF7|TCF7L1|TCF7L2|WNT2
 REACT:R-HSA-933541	TRAF6 mediated IRF7 activation	2.03489434192e-08	7.88271e-07	IFNA1|IFNA10|IFNA13|IFNA14|IFNA16|IFNA17|IFNA2|IFNA21|IFNA4|IFNA5|IFNA6|IFNA7|IFNA8|IFNB1|RNF135
 KEGG:hsa05320	Autoimmune thyroid disease	4.33019230472e-08	1.65036e-06	CD28|CD40|CGA|FAS|IFNA1|IFNA10|IFNA13|IFNA14|IFNA16|IFNA17|IFNA2|IFNA21|IFNA4|IFNA5|IFNA6|IFNA7|IFNA8|TSHR
 REACT:R-HSA-5654706	FRS-mediated FGFR3 signaling	6.49085345472e-08	2.43459e-06	FGF1|FGF16|FGF17|FGF18|FGF2|FGF20|FGF23|FGF4|FGF5|FGF8|FGF9
 REACT:R-HSA-5655253	Signaling by FGFR2 in disease	7.60635820996e-08	2.80841e-06	FGF1|FGF10|FGF16|FGF17|FGF18|FGF2|FGF20|FGF22|FGF23|FGF3|FGF4|FGF5|FGF6|FGF7|FGF8|FGF9
 REACT:R-HSA-1266738	Developmental Biology	8.36739656451e-08	3.04187e-06	ABLIM1|ALCAM|APH1A|APH1B|ARHGAP39|ARHGEF7|BTC|CD72|CDH15|CDH2|CDH4|CDSN|CEBPB|CFC1|CNTN6|CSF2RA|CSF2RB|CSNK2B|DPPA4|DSC2|EFNA1|EFNA2|EFNA3|EFNA4|EGFR|EGR2|EPHA3|ERBB3|FAM120B|FGA|FGB|FGF1|FGF10|FGF16|FGF17|FGF18|FGF19|FGF2|FGF20|FGF22|FGF23|FGF3|FGF4|FGF5|FGF6|FGF7|FGF8|FGF9|FGG|FOXO1|FOXP1|GAB2|GAP43|HBEGF|HNF1A|HNF1B|HOXA2|HOXA4|HOXB1|IL2RB|IL2RG|IL5RA|INSM1|ITGB1|ITGB3|IVL|KRT14|KRT7|KRT82|KRTAP10-1|KRTAP10-12|KRTAP10-2|KRTAP10-3|KRTAP1-1|KRTAP1-3|KRTAP13-1|KRTAP13-2|KRTAP13-4|KRTAP1-5|KRTAP19-5|KRTAP2-1|KRTAP2-4|KRTAP24-1|KRTAP26-1|KRTAP27-1|KRTAP3-3|KRTAP4-1|KRTAP4-3|KRTAP4-6|KRTAP4-7|LAT|LCE2B|LIN28A|MED26|MEF2A|MEF2C|NCAM1|NFASC|NRG1|NRG2|NRG4|NTN3|NTN4|NUMB|PDX1|PLXNA1|PLXNA2|PLXNC1|PLXND1|PSEN2|RBBP5|ROBO1|ROBO2|SALL1|SCN3B|SCN4B|SEMA3E|SLC2A2|SLIT1|SLIT2|SLIT3|SOX2|SPINK9|SPRR3|TCF12|TCF4|TDGF1|TRPC1|TRPC4|UNC5B|UNC5C|VEGFA|ZSCAN10
 KEGG:hsa05144	Malaria	9.90026867154e-08	3.5446e-06	CD40|COMP|GYPB|ICAM1|IFNG|IL1B|ITGB2|KLRB1|KLRC4-KLRK1|SELE|SELP|THBS1|THBS2|THBS3|THBS4|TLR2|TLR4
 REACT:R-HSA-5654736	Signaling by FGFR1	1.39008037192e-07	4.90263e-06	FGF1|FGF10|FGF17|FGF18|FGF2|FGF20|FGF22|FGF23|FGF3|FGF4|FGF5|FGF6|FGF8|FGF9|FLRT1|FLRT2|FLRT3
 REACT:R-HSA-216083	Integrin cell surface interactions	1.71539634275e-07	5.961e-06	BSG|CD44|CD47|COMP|FGA|FGB|FGG|ICAM1|ICAM2|ICAM3|ICAM4|ITGB1|ITGB2|ITGB3|ITGB5|ITGB6|ITGB7|JAM2|LUM|THBS1
 REACT:R-HSA-5655332	Signaling by FGFR3 in disease	2.3488515144e-07	7.92905e-06	FGF1|FGF16|FGF17|FGF18|FGF2|FGF20|FGF23|FGF4|FGF5|FGF8|FGF9
 REACT:R-HSA-8853338	Signaling by FGFR3 point mutants in cancer	2.3488515144e-07	7.92905e-06	FGF1|FGF16|FGF17|FGF18|FGF2|FGF20|FGF23|FGF4|FGF5|FGF8|FGF9
 REACT:R-HSA-5654716	Downstream signaling of activated FGFR4	3.35455002221e-07	1.11645e-05	FGF1|FGF16|FGF17|FGF18|FGF19|FGF2|FGF20|FGF23|FGF4|FGF6|FGF8|FGF9
 KEGG:hsa04620	Toll-like receptor signaling pathway	3.93475317328e-07	1.29136e-05	CD14|CD40|IFNA1|IFNA10|IFNA13|IFNA14|IFNA16|IFNA17|IFNA2|IFNA21|IFNA4|IFNA5|IFNA6|IFNA7|IFNA8|IFNAR2|IFNB1|IL12B|IL1B|TLR1|TLR2|TLR3|TLR4|TLR5|TLR6
 KEGG:hsa04015	Rap1 signaling pathway	4.44866764426e-07	1.44003e-05	BCAR1|CSF1|EFNA1|EFNA2|EFNA3|EFNA4|EGFR|FGF1|FGF10|FGF11|FGF12|FGF13|FGF14|FGF16|FGF17|FGF18|FGF19|FGF2|FGF20|FGF21|FGF22|FGF23|FGF3|FGF4|FGF5|FGF6|FGF7|FGF8|FGF9|FLT1|GNAS|ITGB1|ITGB2|ITGB3|LAT|RASSF5|THBS1|VEGFA|VEGFC
 REACT:R-HSA-2022857	Keratan sulfate degradation	5.73275790394e-07	1.83061e-05	FMOD|HEXA|HEXB|KERA|LUM|OGN|OMD|PRELP
 REACT:R-HSA-1638074	Keratan sulfate/keratin metabolism	5.92691195567e-07	1.8428e-05	B3GNT4|B4GALT1|B4GALT2|B4GALT3|B4GALT4|FMOD|HEXA|HEXB|KERA|LUM|OGN|OMD|PRELP
 REACT:R-HSA-5654726	Negative regulation of FGFR1 signaling	5.92691195567e-07	1.8428e-05	FGF1|FGF10|FGF17|FGF2|FGF20|FGF22|FGF23|FGF3|FGF4|FGF5|FGF6|FGF8|FGF9
 REACT:R-HSA-1226099	Signaling by FGFR in disease	1.13561753023e-06	3.48502e-05	FGF1|FGF10|FGF16|FGF17|FGF18|FGF2|FGF20|FGF22|FGF23|FGF3|FGF4|FGF5|FGF6|FGF7|FGF8|FGF9|GAB2|STAT5A
 REACT:R-HSA-5654708	Downstream signaling of activated FGFR3	1.18764110724e-06	3.59794e-05	FGF1|FGF16|FGF17|FGF18|FGF2|FGF20|FGF23|FGF4|FGF5|FGF8|FGF9
 REACT:R-HSA-109582	Hemostasis	1.24366009602e-06	3.71996e-05	A1BG|AKAP1|APOH|BCAR1|BSG|CABLES2|CD2|CD44|CD47|CD58|CD84|CEACAM1|CEACAM8|CHID1|CLEC1B|CLEC3B|CSF2RA|CSF2RB|CXADR|ESAM|F3|FGA|FGB|FGG|GAB2|GAS6|GATA2|GATA3|GATA6|GNAS|GP1BA|GP1BB|GP5|GP9|GYPB|IFNA1|IFNA10|IFNA13|IFNA14|IFNA16|IFNA17|IFNA2|IFNA21|IFNA4|IFNA5|IFNA6|IFNA7|IFNA8|IFNB1|IL2RB|IL2RG|IL5RA|ITGB1|ITGB2|ITGB3|JAM2|LAT|MAG|NFE2|OLR1|PCDH7|PDPN|PLAUR|PSG11|PSG2|PSG4|PSG5|PSG6|PSG8|SCG3|SELE|SELL|SELP|SERPINB2|SERPINB6|SERPINB8|SERPINC1|SERPINF2|SERPING1|STIM1|THBS1|TNFRSF10D|VEGFA|VEGFC|ZFPM1
 REACT:R-HSA-190371	FGFR3b ligand binding and activation	1.62041034435e-06	4.61329e-05	FGF1|FGF17|FGF18|FGF20|FGF8|FGF9
 REACT:R-HSA-3656225	Defective CHST6 causes MCDC1	1.62041034435e-06	4.61329e-05	FMOD|KERA|LUM|OGN|OMD|PRELP
 REACT:R-HSA-3656243	Defective ST3GAL3 causes MCT12 and EIEE15	1.62041034435e-06	4.61329e-05	FMOD|KERA|LUM|OGN|OMD|PRELP
 REACT:R-HSA-3656244	Defective B4GALT1 causes B4GALT1-CDG (CDG-2d)	1.62041034435e-06	4.61329e-05	FMOD|KERA|LUM|OGN|OMD|PRELP
 REACT:R-HSA-1839124	FGFR1 mutant receptor activation	2.01986835768e-06	5.61523e-05	FGF1|FGF17|FGF2|FGF20|FGF23|FGF4|FGF5|FGF6|FGF8|FGF9|GAB2|STAT5A
 REACT:R-HSA-5654733	Negative regulation of FGFR4 signaling	2.01986835768e-06	5.61523e-05	FGF1|FGF16|FGF17|FGF18|FGF19|FGF2|FGF20|FGF23|FGF4|FGF6|FGF8|FGF9
 REACT:R-HSA-109704	PI3K Cascade	2.38843855305e-06	6.56265e-05	FGF1|FGF10|FGF16|FGF17|FGF18|FGF19|FGF2|FGF20|FGF22|FGF23|FGF3|FGF4|FGF5|FGF6|FGF7|FGF8|FGF9|LAMTOR1|PRKAB1|PRKAB2
 REACT:R-HSA-3781865	Diseases of glycosylation	2.52646640053e-06	6.86212e-05	ADAMTS17|ADAMTSL1|ADAMTSL2|ADAMTSL4|BCAN|BGN|CFP|DCN|FMOD|KERA|LUM|MUC15|MUC7|OGN|OMD|PRELP|THBS1|THBS2|THSD1|THSD7B|VCAN
 KEGG:hsa04512	ECM-receptor interaction	4.44761446861e-06	0.000119429	CD44|CD47|CHAD|COMP|GP1BA|GP1BB|GP5|GP9|ITGB1|ITGB3|ITGB5|ITGB6|ITGB7|LAMB4|LAMC3|THBS1|THBS2|THBS3|THBS4|TNXB
 REACT:R-HSA-2022854	Keratan sulfate biosynthesis	4.57990720115e-06	0.000121599	B3GNT4|B4GALT1|B4GALT2|B4GALT3|B4GALT4|FMOD|KERA|LUM|OGN|OMD|PRELP
 REACT:R-HSA-202733	Cell surface interactions at the vascular wall	5.6599696967e-06	0.000148606	BSG|CD2|CD44|CD47|CD58|CD84|CEACAM1|CEACAM8|CXADR|ESAM|GAS6|GYPB|ITGB1|ITGB2|ITGB3|JAM2|MAG|OLR1|PSG11|PSG2|PSG4|PSG5|PSG6|PSG8|SELE|SELL|SELP|TNFRSF10D
 KEGG:hsa04622	RIG-I-like receptor signaling pathway	5.97342335884e-06	0.000155112	IFNA1|IFNA10|IFNA13|IFNA14|IFNA16|IFNA17|IFNA2|IFNA21|IFNA4|IFNA5|IFNA6|IFNA7|IFNA8|IFNB1|IFNE|IFNW1|IL12B|TBKBP1
 REACT:R-HSA-5654732	Negative regulation of FGFR3 signaling	6.85169090986e-06	0.000175984	FGF1|FGF16|FGF17|FGF18|FGF2|FGF20|FGF23|FGF4|FGF5|FGF8|FGF9
 REACT:R-HSA-422475	Axon guidance	7.85589000296e-06	0.000199607	ABLIM1|ALCAM|APH1A|APH1B|ARHGAP39|ARHGEF7|BTC|CD72|CNTN6|CSF2RA|CSF2RB|CSNK2B|EFNA1|EFNA2|EFNA3|EFNA4|EGFR|EPHA3|ERBB3|FGA|FGB|FGF1|FGF10|FGF16|FGF17|FGF18|FGF19|FGF2|FGF20|FGF22|FGF23|FGF3|FGF4|FGF5|FGF6|FGF7|FGF8|FGF9|FGG|GAB2|GAP43|HBEGF|IL2RB|IL2RG|IL5RA|ITGB1|ITGB3|LAT|NCAM1|NFASC|NRG1|NRG2|NRG4|NTN4|NUMB|PLXNA1|PLXNA2|PLXNC1|PLXND1|PSEN2|ROBO1|ROBO2|SCN3B|SCN4B|SEMA3E|SLIT1|SLIT2|SLIT3|TRPC1|TRPC4|UNC5B|UNC5C|VEGFA
 KEGG:hsa04380	Osteoclast differentiation	8.0175472722e-06	0.000201547	CSF1|FCGR2A|FCGR2B|FCGR2C|FCGR3A|FCGR3B|GAB2|IFNAR2|IFNB1|IFNG|IL1A|IL1B|IL1R1|ITGB3|JUNB|LILRA1|LILRA3|LILRA4|LILRA5|LILRB5|MITF|NFKB2|PPP3R2|SPI1|TNFRSF11A|TNFRSF11B
 KEGG:hsa04659	Th17 cell differentiation	8.71581027884e-06	0.000216794	CD3D|CD3E|CD3G|CD4|GATA3|IFNG|IL12RB1|IL1B|IL1R1|IL1RAP|IL21R|IL22|IL27RA|IL2RB|IL2RG|IL4R|IL6R|IL6ST|LAT|PPP3R2|RUNX1|STAT5A|STAT6
 REACT:R-HSA-5686938	Regulation of TLR by endogenous ligand	1.11626460032e-05	0.000274764	CD14|FGA|FGB|FGG|TLR1|TLR2|TLR4|TLR6
 REACT:R-HSA-3560782	Diseases associated with glycosaminoglycan metabolism	1.56611129264e-05	0.000381518	BCAN|BGN|DCN|FMOD|KERA|LUM|OGN|OMD|PRELP|VCAN
 REACT:R-HSA-190236	Signaling by FGFR	1.66515880851e-05	0.000401507	FGF1|FGF10|FGF16|FGF17|FGF18|FGF19|FGF2|FGF20|FGF22|FGF23|FGF3|FGF4|FGF5|FGF6|FGF7|FGF8|FGF9|FLRT1|FLRT2|FLRT3
 REACT:R-HSA-190370	FGFR1b ligand binding and activation	1.75975230106e-05	0.00042003	FGF1|FGF10|FGF2|FGF22|FGF3
 REACT:R-HSA-8847993	ERBB2 Activates PTK6 Signaling	2.19390047063e-05	0.000518419	BTC|EGFR|ERBB3|HBEGF|NRG1|NRG2|NRG4
 REACT:R-HSA-5655302	Signaling by FGFR1 in disease	2.30060539185e-05	0.000535212	FGF1|FGF17|FGF2|FGF20|FGF23|FGF4|FGF5|FGF6|FGF8|FGF9|GAB2|STAT5A
 KEGG:hsa04623	Cytosolic DNA-sensing pathway	2.31026630293e-05	0.000535212	IFNA1|IFNA10|IFNA13|IFNA14|IFNA16|IFNA17|IFNA2|IFNA21|IFNA4|IFNA5|IFNA6|IFNA7|IFNA8|IFNB1|IL1B|POLR3H
 REACT:R-HSA-1643685	Disease	3.24081346529e-05	0.000743499	ADAMTS17|ADAMTSL1|ADAMTSL2|ADAMTSL4|AP1M2|APH1A|APH1B|BCAN|BGN|BTC|CALR|CANX|CAST|CD14|CD19|CD28|CD320|CD4|CFP|CSF2RA|CSF2RB|DCN|DKK1|DKK2|DLL4|EGFR|EPM2A|ERBB3|ERLEC1|FGA|FGB|FGF1|FGF10|FGF16|FGF17|FGF18|FGF19|FGF2|FGF20|FGF22|FGF23|FGF3|FGF4|FGF5|FGF6|FGF7|FGF8|FGF9|FGG|FMOD|FOXO1|GAB2|GYG1|GYG2|HBEGF|HDAC9|HEY1|ICOS|ITGB3|JAG2|KERA|LUM|MAMLD1|MUC15|MUC7|NELFA|NFKB2|NRG1|NRG2|NRG4|OGN|OMD|OS9|PIK3AP1|POM121|PORCN|PRELP|PSEN2|RANGAP1|RBP1|RBP4|RPL10L|RPS20|RPS23|SFTPD|STAT5A|TAF4B|TAF6|TCF7L2|THBS1|THBS2|THSD1|THSD7B|TLR1|TLR10|TLR2|TLR3|TLR4|TLR5|TLR6|VCAN
 REACT:R-HSA-2172127	DAP12 interactions	3.84350712084e-05	0.000873289	BTC|CD19|CD28|CLEC5A|CSF2RA|CSF2RB|EGFR|ERBB3|FGA|FGB|FGF1|FGF10|FGF16|FGF17|FGF18|FGF19|FGF2|FGF20|FGF22|FGF23|FGF3|FGF4|FGF5|FGF6|FGF7|FGF8|FGF9|FGG|FOXO1|HBEGF|ICOS|IL2RB|IL2RG|IL5RA|ITGB3|KIR2DS4|KIR2DS5|KIR3DS1|KLRC2|KLRC4-KLRK1|KLRD1|LAT|NCAM1|NRG1|NRG2|NRG4|PHLPP1|PHLPP2|PIK3AP1|SIGLEC14|SIGLEC15|TNRC6A
 REACT:R-HSA-190377	FGFR2b ligand binding and activation	3.94156758391e-05	0.00088704	FGF1|FGF10|FGF2|FGF22|FGF3|FGF7
 REACT:R-HSA-6785631	ERBB2 Regulates Cell Motility	4.08686400868e-05	0.000911062	BTC|EGFR|ERBB3|HBEGF|NRG1|NRG2|NRG4
 KEGG:hsa04360	Axon guidance	4.6309126928e-05	0.0010227	ABLIM1|EFNA1|EFNA2|EFNA3|EFNA4|EPHA3|ITGB1|LRRC4|LRRC4C|NTN3|NTN4|NTNG1|PLXNA1|PLXNA2|PLXNC1|PPP3R2|ROBO1|ROBO2|SEMA3B|SEMA3C|SEMA3E|SEMA3F|SEMA3G|SLIT1|SLIT2|SLIT3|TRPC1|TRPC4|UNC5B|UNC5C
 KEGG:hsa04014	Ras signaling pathway	4.75425699158e-05	0.00104021	CSF1|EFNA1|EFNA2|EFNA3|EFNA4|EGFR|FGF1|FGF10|FGF11|FGF12|FGF13|FGF14|FGF16|FGF17|FGF18|FGF19|FGF2|FGF20|FGF21|FGF22|FGF23|FGF3|FGF4|FGF5|FGF6|FGF7|FGF8|FGF9|FLT1|GAB2|LAT|PLA2G4D|RASSF5|SHOC2|VEGFA|VEGFC
 REACT:R-HSA-5260271	Diseases of Immune System	5.32847966174e-05	0.00114335	CD14|NFKB2|TLR1|TLR10|TLR2|TLR3|TLR4|TLR5|TLR6
 REACT:R-HSA-5602358	Diseases associated with the TLR signaling cascade	5.32847966174e-05	0.00114335	CD14|NFKB2|TLR1|TLR10|TLR2|TLR3|TLR4|TLR5|TLR6
 REACT:R-HSA-5654743	Signaling by FGFR4	5.37077800948e-05	0.00114335	FGF1|FGF16|FGF17|FGF18|FGF19|FGF2|FGF20|FGF23|FGF4|FGF6|FGF8|FGF9
 KEGG:hsa05168	Herpes simplex infection	5.45907361104e-05	0.00115177	CFP|CSNK2B|FAS|IFNA1|IFNA10|IFNA13|IFNA14|IFNA16|IFNA17|IFNA2|IFNA21|IFNA4|IFNA5|IFNA6|IFNA7|IFNA8|IFNAR2|IFNB1|IFNG|IL12B|IL1B|MCRS1|NXF5|PILRA|POU2F3|SKP2|TAF4B|TAF6|TLR2|TLR3|TNFRSF14
 REACT:R-HSA-425366	"Transport of glucose and other sugars bile salts and organic acids metal ions and amine compounds"	6.57648170913e-05	0.00137524	BSG|EMB|FGF21|RUNX1|SLC13A3|SLC14A1|SLC14A2|SLC22A6|SLC22A8|SLC2A1|SLC2A10|SLC2A11|SLC2A14|SLC2A2|SLC2A3|SLC2A5|SLC2A6|SLC2A8|SLC2A9|SLC30A8|SLC39A8
 REACT:R-HSA-5663202	Diseases of signal transduction	7.08021591674e-05	0.00145721	APH1A|APH1B|BTC|CD19|CD28|DKK1|DKK2|DLL4|EGFR|ERBB3|ERLEC1|FGA|FGB|FGF1|FGF10|FGF16|FGF17|FGF18|FGF19|FGF2|FGF20|FGF22|FGF23|FGF3|FGF4|FGF5|FGF6|FGF7|FGF8|FGF9|FGG|FOXO1|GAB2|HBEGF|HDAC9|HEY1|ICOS|ITGB3|JAG2|MAMLD1|NRG1|NRG2|NRG4|OS9|PIK3AP1|PORCN|PSEN2|RBP1|RBP4|STAT5A|TCF7L2
 KEGG:hsa00500	Starch and sucrose metabolism	7.09179636159e-05	0.00145721	AGL|AMY1A|AMY2A|AMY2B|GAA|GYG1|GYG2|MGAM|PGM1|PGM2L1|SI
 REACT:R-HSA-6798695	Neutrophil degranulation	7.66130216557e-05	0.00154437	A1BG|AGA|AGL|ARSA|ATP6V0A1|B4GALT1|CD14|CD44|CD47|CD58|CD59|CD68|CEACAM1|CEACAM8|CFP|CHI3L1|CLEC12A|CLEC4C|CLEC4D|CLEC5A|CSNK2B|DEGS1|DSN1|FAF2|FCAR|FCGR2A|FCGR2C|FCGR3B|GAA|GLA|GUSB|GYG1|HEXB|ITGB2|LAMP1|LAMTOR1|LGALS3|LILRA3|LRG1|MGAM|NEU1|NFAM1|NFASC|OLR1|PGLYRP1|PGM1|PLAUR|PRG2|PRG3|PTX3|SELL|SERPINB6|SIGLEC14|SIGLEC5|SIGLEC9|SLC2A3|SLC2A5|SLPI|STBD1|STK11IP|TLR2|TNFRSF1B|VAPA
 REACT:R-HSA-1168372	Downstream signaling events of B Cell Receptor (BCR)	7.73168572089e-05	0.00154437	BTC|CD19|CD28|EGFR|ERBB3|FGF1|FGF10|FGF16|FGF17|FGF18|FGF19|FGF2|FGF20|FGF22|FGF23|FGF3|FGF4|FGF5|FGF6|FGF7|FGF8|FGF9|FOXO1|HBEGF|ICOS|NRG1|NRG2|NRG4|PHLPP1|PHLPP2|PIK3AP1|TNRC6A
 REACT:R-HSA-1251985	Nuclear signaling by ERBB4	7.74228235693e-05	0.00154437	APH1A|APH1B|BTC|HBEGF|NRG1|NRG2|NRG4|PSEN2|STAT5A
 REACT:R-HSA-71387	Metabolism of carbohydrates	7.77741523809e-05	0.00154437	AGL|AMY1A|AMY2A|AMY2B|B3GAT3|B3GNT4|B4GALT1|B4GALT2|B4GALT3|B4GALT4|BCAN|BGN|CD44|DCN|EPM2A|FGF21|FMOD|GAA|GLCE|GUSB|GYG1|GYG2|HEXA|HEXB|KERA|LUM|MGAM|NAGLU|OGN|OMD|PGM1|POM121|PRELP|SI|SLC25A10|SLC2A1|SLC2A14|SLC2A2|SLC2A3|SLC2A5|SLC50A1|VCAN|XYLT2
 REACT:R-HSA-168928	RIG-I/MDA5 mediated induction of IFN-alpha/beta pathways	8.4643077356e-05	0.00166676	AGER|IFNA1|IFNA10|IFNA13|IFNA14|IFNA16|IFNA17|IFNA2|IFNA21|IFNA4|IFNA5|IFNA6|IFNA7|IFNA8|IFNB1|NFKB2|RNF135|RNF216
 KEGG:hsa04612	Antigen processing and presentation	8.93310956013e-05	0.00174454	CALR|CANX|CD4|CIITA|IFNG|KIR2DL1|KIR2DL3|KIR2DL4|KIR2DS1|KIR2DS4|KIR2DS5|KIR3DL2|KIR3DL3|KLRC1|KLRC2|KLRD1|RFXAP
 REACT:R-HSA-1630316	Glycosaminoglycan metabolism	0.000102489754379	0.00198511	B3GAT3|B3GNT4|B4GALT1|B4GALT2|B4GALT3|B4GALT4|BCAN|BGN|CD44|DCN|FMOD|GLCE|GUSB|HEXA|HEXB|KERA|LUM|NAGLU|OGN|OMD|PRELP|VCAN|XYLT2
 REACT:R-HSA-3000178	ECM proteoglycans	0.00011002681448	0.00211377	ASPN|BCAN|BGN|COMP|DCN|FMOD|ITGB1|ITGB3|ITGB5|ITGB6|LUM|NCAM1|TNXB|VCAN
 REACT:R-HSA-1963642	PI3K events in ERBB2 signaling	0.000118214876937	0.00225276	BTC|EGFR|ERBB3|HBEGF|NRG1|NRG2|NRG4
 REACT:R-HSA-1474244	Extracellular matrix organization	0.000172345664177	0.00325802	ASPN|BCAN|BGN|BSG|CAST|CD44|CD47|CEACAM1|CEACAM8|COL8A2|COMP|DCN|EFEMP1|FGA|FGB|FGF2|FGG|FMOD|ICAM1|ICAM2|ICAM3|ICAM4|ITGB1|ITGB2|ITGB3|ITGB5|ITGB6|ITGB7|JAM2|LAMC3|LTBP1|LTBP3|LUM|NCAM1|NRXN1|NTN4|OPTC|P4HB|PCOLCE|THBS1|TNXB|VCAN
 REACT:R-HSA-5684996	MAPK1/MAPK3 signaling	0.000178686126798	0.00335107	BTC|CSF2RA|CSF2RB|EGFR|ERBB3|FGA|FGB|FGF1|FGF10|FGF16|FGF17|FGF18|FGF19|FGF2|FGF20|FGF22|FGF23|FGF3|FGF4|FGF5|FGF6|FGF7|FGF8|FGF9|FGG|HBEGF|IL2RB|IL2RG|IL5RA|IL6R|IL6ST|ITGB3|LAT|NCAM1|NRG1|NRG2|NRG4
 KEGG:hsa_M00071	"Glycosphingolipid biosynthesis neolacto-series LacCer => nLc4Cer"	0.000185760680599	0.00345632	B4GALT1|B4GALT2|B4GALT3|B4GALT4
 REACT:R-HSA-983705	Signaling by the B Cell Receptor (BCR)	0.000198846589302	0.00367089	BTC|CD19|CD22|CD28|EGFR|ERBB3|FGF1|FGF10|FGF16|FGF17|FGF18|FGF19|FGF2|FGF20|FGF22|FGF23|FGF3|FGF4|FGF5|FGF6|FGF7|FGF8|FGF9|FOXO1|HBEGF|ICOS|NRG1|NRG2|NRG4|PHLPP1|PHLPP2|PIK3AP1|STIM1|TNRC6A|TRPC1
 REACT:R-HSA-5654741	Signaling by FGFR3	0.000203239744956	0.00371127	FGF1|FGF16|FGF17|FGF18|FGF2|FGF20|FGF23|FGF4|FGF5|FGF8|FGF9
 REACT:R-HSA-186797	Signaling by PDGF	0.000204174807659	0.00371127	BCAR1|BTC|CD19|CD28|CSF2RA|CSF2RB|EGFR|ERBB3|FGA|FGB|FGF1|FGF10|FGF16|FGF17|FGF18|FGF19|FGF2|FGF20|FGF22|FGF23|FGF3|FGF4|FGF5|FGF6|FGF7|FGF8|FGF9|FGG|FOXO1|HBEGF|ICOS|IL2RB|IL2RG|IL5RA|ITGB3|LAT|NCAM1|NRG1|NRG2|NRG4|PHLPP1|PHLPP2|PIK3AP1|STAT5A|STAT6|THBS1|THBS2|THBS3|THBS4|TNRC6A
 REACT:R-HSA-451927	Interleukin-2 signaling	0.000206185840102	0.00371921	BTC|CSF2RA|CSF2RB|EGFR|ERBB3|FGA|FGB|FGF1|FGF10|FGF16|FGF17|FGF18|FGF19|FGF2|FGF20|FGF22|FGF23|FGF3|FGF4|FGF5|FGF6|FGF7|FGF8|FGF9|FGG|GAB2|HBEGF|IL2RB|IL2RG|IL5RA|ITGB3|LAT|LGALS9|NCAM1|NRG1|NRG2|NRG4|STAT5A
 REACT:R-HSA-5654738	Signaling by FGFR2	0.000218275648081	0.00390746	FGF1|FGF10|FGF16|FGF17|FGF18|FGF2|FGF20|FGF22|FGF23|FGF3|FGF4|FGF5|FGF6|FGF7|FGF8|FGF9
 REACT:R-HSA-909733	Interferon alpha/beta signaling	0.000273984994246	0.00486787	IFNA1|IFNA10|IFNA13|IFNA14|IFNA16|IFNA17|IFNA2|IFNA21|IFNA4|IFNA5|IFNA6|IFNA7|IFNA8|IFNAR2|IFNB1
 KEGG:hsa04658	Th1 and Th2 cell differentiation	0.000285445767139	0.00503364	CD3D|CD3E|CD3G|CD4|DLL4|GATA3|IFNG|IL12B|IL12RB1|IL2RB|IL2RG|IL4R|JAG2|LAT|PPP3R2|RUNX3|STAT5A|STAT6
 KEGG:hsa05150	Staphylococcus aureus infection	0.000290121857516	0.00507821	C1R|FCAR|FCGR2A|FCGR2B|FCGR2C|FCGR3A|FCGR3B|FGG|ICAM1|ITGB2|MASP2|MBL2|SELP
 REACT:R-HSA-189085	Digestion of dietary carbohydrate	0.000301446204462	0.00523763	AMY1A|AMY2A|AMY2B|MGAM|SI
 KEGG:hsa04810	Regulation of actin cytoskeleton	0.000311074004905	0.00536546	ARHGEF7|BCAR1|CD14|EGFR|FGF1|FGF10|FGF11|FGF12|FGF13|FGF14|FGF16|FGF17|FGF18|FGF19|FGF2|FGF20|FGF21|FGF22|FGF23|FGF3|FGF4|FGF5|FGF6|FGF7|FGF8|FGF9|ITGB1|ITGB2|ITGB3|ITGB5|ITGB6|ITGB7
 REACT:R-HSA-5669034	TNFs bind their physiological receptors	0.00037740892443	0.00646244	CD27|EDA2R|TNFRSF11B|TNFRSF14|TNFRSF18|TNFRSF1B|TNFRSF25|TNFRSF4|TNFRSF6B
 REACT:R-HSA-1433557	Signaling by SCF-KIT	0.000381719795265	0.00648924	BTC|CD19|CD28|CSF2RA|CSF2RB|EGFR|ERBB3|FGA|FGB|FGF1|FGF10|FGF16|FGF17|FGF18|FGF19|FGF2|FGF20|FGF22|FGF23|FGF3|FGF4|FGF5|FGF6|FGF7|FGF8|FGF9|FGG|FOXO1|GAB2|HBEGF|ICOS|IL2RB|IL2RG|IL5RA|ITGB3|LAT|NCAM1|NRG1|NRG2|NRG4|PHLPP1|PHLPP2|PIK3AP1|STAT5A|TNRC6A
 KEGG:hsa05161	Hepatitis B	0.000398116942897	0.00671965	CREB3L3|CREB5|EGR2|EGR3|FAS|IFNA1|IFNA10|IFNA13|IFNA14|IFNA16|IFNA17|IFNA2|IFNA21|IFNA4|IFNA5|IFNA6|IFNA7|IFNA8|IFNB1|STAT5A|STAT6|TLR2|TLR3|TLR4
 REACT:R-HSA-1236394	Signaling by ERBB4	0.000405633431031	0.00678429	APH1A|APH1B|BTC|EGFR|ERBB3|HBEGF|NRG1|NRG2|NRG4|PSEN2|STAT5A
 KEGG:hsa04610	Complement and coagulation cascades	0.000407689079147	0.00678429	C1R|C8A|CD46|CD59|F3|FGA|FGB|FGG|ITGB2|MASP2|MBL2|PLAUR|SERPINB2|SERPINC1|SERPINF2|SERPING1
 REACT:R-HSA-416700	Other semaphorin interactions	0.000421187858578	0.00695991	CD72|ITGB1|PLXNA1|PLXNA2|PLXNC1|PLXND1|SEMA3E
 REACT:R-HSA-2024101	CS/DS degradation	0.000426806073998	0.00700377	BCAN|BGN|DCN|HEXA|HEXB|VCAN
 REACT:R-HSA-2586552	Signaling by Leptin	0.000435180611802	0.00709194	BTC|CSF2RA|CSF2RB|EGFR|ERBB3|FGA|FGB|FGF1|FGF10|FGF16|FGF17|FGF18|FGF19|FGF2|FGF20|FGF22|FGF23|FGF3|FGF4|FGF5|FGF6|FGF7|FGF8|FGF9|FGG|HBEGF|IL2RB|IL2RG|IL5RA|ITGB3|LAT|NCAM1|NRG1|NRG2|NRG4|STAT5A
 KEGG:hsa05321	Inflammatory bowel disease (IBD)	0.00048001942919	0.00760094	GATA3|IFNG|IL12B|IL12RB1|IL1A|IL1B|IL21R|IL22|IL2RG|IL4R|STAT6|TLR2|TLR4|TLR5
 REACT:R-HSA-112412	SOS-mediated signalling	0.000482497204018	0.00760094	BTC|CSF2RA|CSF2RB|EGFR|ERBB3|FGA|FGB|FGF1|FGF10|FGF16|FGF17|FGF18|FGF19|FGF2|FGF20|FGF22|FGF23|FGF3|FGF4|FGF5|FGF6|FGF7|FGF8|FGF9|FGG|HBEGF|IL2RB|IL2RG|IL5RA|ITGB3|LAT|NCAM1|NRG1|NRG2|NRG4
 REACT:R-HSA-179812	GRB2 events in EGFR signaling	0.000482497204018	0.00760094	BTC|CSF2RA|CSF2RB|EGFR|ERBB3|FGA|FGB|FGF1|FGF10|FGF16|FGF17|FGF18|FGF19|FGF2|FGF20|FGF22|FGF23|FGF3|FGF4|FGF5|FGF6|FGF7|FGF8|FGF9|FGG|HBEGF|IL2RB|IL2RG|IL5RA|ITGB3|LAT|NCAM1|NRG1|NRG2|NRG4
 REACT:R-HSA-180336	SHC1 events in EGFR signaling	0.000482497204018	0.00760094	BTC|CSF2RA|CSF2RB|EGFR|ERBB3|FGA|FGB|FGF1|FGF10|FGF16|FGF17|FGF18|FGF19|FGF2|FGF20|FGF22|FGF23|FGF3|FGF4|FGF5|FGF6|FGF7|FGF8|FGF9|FGG|HBEGF|IL2RB|IL2RG|IL5RA|ITGB3|LAT|NCAM1|NRG1|NRG2|NRG4
 REACT:R-HSA-5673001	RAF/MAP kinase cascade	0.000482497204018	0.00760094	BTC|CSF2RA|CSF2RB|EGFR|ERBB3|FGA|FGB|FGF1|FGF10|FGF16|FGF17|FGF18|FGF19|FGF2|FGF20|FGF22|FGF23|FGF3|FGF4|FGF5|FGF6|FGF7|FGF8|FGF9|FGG|HBEGF|IL2RB|IL2RG|IL5RA|ITGB3|LAT|NCAM1|NRG1|NRG2|NRG4
 REACT:R-HSA-5357572	Lysosomal glycogen catabolism	0.000500552845667	0.00781569	GAA|GYG1|GYG2
 KEGG:hsa04010	MAPK signaling pathway	0.000506051798652	0.00781569	CD14|EGFR|ELK4|FAS|FGF1|FGF10|FGF11|FGF12|FGF13|FGF14|FGF16|FGF17|FGF18|FGF19|FGF2|FGF20|FGF21|FGF22|FGF23|FGF3|FGF4|FGF5|FGF6|FGF7|FGF8|FGF9|IL1A|IL1B|IL1R1|IL1R2|MAPT|MEF2C|NFKB2|NTRK2|PLA2G4D|PPP3R2
 REACT:R-HSA-912526	Interleukin receptor SHC signaling	0.000506051798652	0.00781569	BTC|CSF2RA|CSF2RB|EGFR|ERBB3|FGA|FGB|FGF1|FGF10|FGF16|FGF17|FGF18|FGF19|FGF2|FGF20|FGF22|FGF23|FGF3|FGF4|FGF5|FGF6|FGF7|FGF8|FGF9|FGG|GAB2|HBEGF|IL2RB|IL2RG|IL5RA|ITGB3|LAT|NCAM1|NRG1|NRG2|NRG4
 KEGG:hsa05164	Influenza A	0.000525514430328	0.00806358	AGFG1|CIITA|FAS|ICAM1|IFNA1|IFNA10|IFNA13|IFNA14|IFNA16|IFNA17|IFNA2|IFNA21|IFNA4|IFNA5|IFNA6|IFNA7|IFNA8|IFNAR2|IFNB1|IFNG|IL12B|IL1A|IL1B|NXF5|TLR3|TLR4|TNFRSF10D
 REACT:R-HSA-186763	Downstream signal transduction	0.000534033194528	0.00814142	BCAR1|BTC|CD19|CD28|CSF2RA|CSF2RB|EGFR|ERBB3|FGA|FGB|FGF1|FGF10|FGF16|FGF17|FGF18|FGF19|FGF2|FGF20|FGF22|FGF23|FGF3|FGF4|FGF5|FGF6|FGF7|FGF8|FGF9|FGG|FOXO1|HBEGF|ICOS|IL2RB|IL2RG|IL5RA|ITGB3|LAT|NCAM1|NRG1|NRG2|NRG4|PHLPP1|PHLPP2|PIK3AP1|STAT5A|STAT6|TNRC6A
 REACT:R-HSA-1250342	PI3K events in ERBB4 signaling	0.000563476758713	0.00853523	BTC|HBEGF|NRG1|NRG2|NRG4
 REACT:R-HSA-6785807	Interleukin-4 and 13 signaling	0.000604106932974	0.00909239	BCL6|FGF2|FOXO1|GATA3|ICAM1|IL12B|IL13RA1|IL13RA2|IL1A|IL1B|IL2RG|IL4R|IL6R|ITGB1|ITGB2|JUNB|SOX2|STAT6|TNFRSF1B|VEGFA
 REACT:R-HSA-445717	Aquaporin-mediated transport	0.000621857520025	0.00930031	AQP1|AQP10|AQP12A|AQP2|AQP3|AQP4|AQP5|AQP6|AQP7|AQP9|GNAS|MIP
 REACT:R-HSA-5218921	VEGFR2 mediated cell proliferation	0.000631575350055	0.00938624	BTC|CSF2RA|CSF2RB|EGFR|ERBB3|FGA|FGB|FGF1|FGF10|FGF16|FGF17|FGF18|FGF19|FGF2|FGF20|FGF22|FGF23|FGF3|FGF4|FGF5|FGF6|FGF7|FGF8|FGF9|FGG|HBEGF|IL2RB|IL2RG|IL5RA|ITGB3|LAT|NCAM1|NRG1|NRG2|NRG4|VEGFA
 REACT:R-HSA-170984	ARMS-mediated activation	0.000652503443387	0.00957681	BTC|CSF2RA|CSF2RB|EGFR|ERBB3|FGA|FGB|FGF1|FGF10|FGF16|FGF17|FGF18|FGF19|FGF2|FGF20|FGF22|FGF23|FGF3|FGF4|FGF5|FGF6|FGF7|FGF8|FGF9|FGG|HBEGF|IL2RB|IL2RG|IL5RA|ITGB3|LAT|NCAM1|NRG1|NRG2|NRG4
 REACT:R-HSA-187706	Signalling to p38 via RIT and RIN	0.000652503443387	0.00957681	BTC|CSF2RA|CSF2RB|EGFR|ERBB3|FGA|FGB|FGF1|FGF10|FGF16|FGF17|FGF18|FGF19|FGF2|FGF20|FGF22|FGF23|FGF3|FGF4|FGF5|FGF6|FGF7|FGF8|FGF9|FGG|HBEGF|IL2RB|IL2RG|IL5RA|ITGB3|LAT|NCAM1|NRG1|NRG2|NRG4
 REACT:R-HSA-2424491	DAP12 signaling	0.000683299453732	0.00996689	BTC|CD19|CD28|CSF2RA|CSF2RB|EGFR|ERBB3|FGA|FGB|FGF1|FGF10|FGF16|FGF17|FGF18|FGF19|FGF2|FGF20|FGF22|FGF23|FGF3|FGF4|FGF5|FGF6|FGF7|FGF8|FGF9|FGG|FOXO1|HBEGF|ICOS|IL2RB|IL2RG|IL5RA|ITGB3|KLRC2|KLRC4-KLRK1|KLRD1|LAT|NCAM1|NRG1|NRG2|NRG4|PHLPP1|PHLPP2|PIK3AP1|TNRC6A
 REACT:R-HSA-170968	Frs2-mediated activation	0.000702503185015	0.0101841	BTC|CSF2RA|CSF2RB|EGFR|ERBB3|FGA|FGB|FGF1|FGF10|FGF16|FGF17|FGF18|FGF19|FGF2|FGF20|FGF22|FGF23|FGF3|FGF4|FGF5|FGF6|FGF7|FGF8|FGF9|FGG|HBEGF|IL2RB|IL2RG|IL5RA|ITGB3|LAT|NCAM1|NRG1|NRG2|NRG4
 REACT:R-HSA-140877	Formation of Fibrin Clot (Clotting Cascade)	0.000724500677422	0.0103757	F3|FGA|FGB|FGG|GP1BA|GP1BB|GP5|GP9|SERPINC1|SERPING1
 REACT:R-HSA-5173214	O-glycosylation of TSR domain-containing proteins	0.000724500677422	0.0103757	ADAMTS17|ADAMTSL1|ADAMTSL2|ADAMTSL4|CFP|POFUT2|THBS1|THBS2|THSD1|THSD7B
 REACT:R-HSA-5683057	MAPK family signaling cascades	0.000796131932061	0.0113329	BTC|CSF2RA|CSF2RB|EGFR|ERBB3|FGA|FGB|FGF1|FGF10|FGF16|FGF17|FGF18|FGF19|FGF2|FGF20|FGF22|FGF23|FGF3|FGF4|FGF5|FGF6|FGF7|FGF8|FGF9|FGG|FOXO1|HBEGF|IL2RB|IL2RG|IL5RA|IL6R|IL6ST|ITGB3|LAT|NCAM1|NRG1|NRG2|NRG4|TNRC6A
 REACT:R-HSA-512988	"Interleukin-3 5 and GM-CSF signaling"	0.000809042277516	0.0114315	BTC|CSF2RA|CSF2RB|EGFR|ERBB3|FGA|FGB|FGF1|FGF10|FGF16|FGF17|FGF18|FGF19|FGF2|FGF20|FGF22|FGF23|FGF3|FGF4|FGF5|FGF6|FGF7|FGF8|FGF9|FGG|GAB2|HBEGF|IL2RB|IL2RG|IL5RA|ITGB3|LAT|NCAM1|NRG1|NRG2|NRG4|STAT5A
 REACT:R-HSA-169893	Prolonged ERK activation events	0.00081273514043	0.0114315	BTC|CSF2RA|CSF2RB|EGFR|ERBB3|FGA|FGB|FGF1|FGF10|FGF16|FGF17|FGF18|FGF19|FGF2|FGF20|FGF22|FGF23|FGF3|FGF4|FGF5|FGF6|FGF7|FGF8|FGF9|FGG|HBEGF|IL2RB|IL2RG|IL5RA|ITGB3|LAT|NCAM1|NRG1|NRG2|NRG4
 REACT:R-HSA-163125	Post-translational modification: synthesis of GPI-anchored proteins	0.000829228592262	0.0115945	CNTN3|CNTN4|FCGR3B|GP2|LSAMP|LYPD4|LYPD6B|MDGA1|MDGA2|NTM|NTNG1|OPCML|PLAUR|PSCA|RTN4RL1|SPACA4|TEX101
 REACT:R-HSA-1980148	Signaling by NOTCH3	0.000965643161173	0.0131897	APH1A|APH1B|DLL4|JAG2|PSEN2
 REACT:R-HSA-1980150	Signaling by NOTCH4	0.000965643161173	0.0131897	APH1A|APH1B|DLL4|JAG2|PSEN2
 REACT:R-HSA-5602498	MyD88 deficiency (TLR2/4)	0.000965643161173	0.0131897	CD14|TLR1|TLR2|TLR4|TLR6
 REACT:R-HSA-5603041	IRAK4 deficiency (TLR2/4)	0.000965643161173	0.0131897	CD14|TLR1|TLR2|TLR4|TLR6
 REACT:R-HSA-1963640	GRB2 events in ERBB2 signaling	0.000991082498926	0.0134594	BTC|EGFR|HBEGF|NRG1|NRG2|NRG4
 REACT:R-HSA-167044	Signalling to RAS	0.00107968559243	0.0145788	BTC|CSF2RA|CSF2RB|EGFR|ERBB3|FGA|FGB|FGF1|FGF10|FGF16|FGF17|FGF18|FGF19|FGF2|FGF20|FGF22|FGF23|FGF3|FGF4|FGF5|FGF6|FGF7|FGF8|FGF9|FGG|HBEGF|IL2RB|IL2RG|IL5RA|ITGB3|LAT|NCAM1|NRG1|NRG2|NRG4
 KEGG:hsa05332	Graft-versus-host disease	0.00110476603133	0.0148327	CD28|FAS|IFNG|IL1A|IL1B|KIR2DL1|KIR2DL3|KIR3DL2|KLRC1|KLRD1
 REACT:R-HSA-3595172	Defective CHST3 causes SEDCJD	0.00114148265814	0.0149848	BCAN|BGN|DCN|VCAN
 REACT:R-HSA-3595174	"Defective CHST14 causes EDS musculocontractural type"	0.00114148265814	0.0149848	BCAN|BGN|DCN|VCAN
 REACT:R-HSA-3595177	Defective CHSY1 causes TPBS	0.00114148265814	0.0149848	BCAN|BGN|DCN|VCAN
 REACT:R-HSA-4411364	Binding of TCF/LEF:CTNNB1 to target gene promoters	0.00114148265814	0.0149848	LEF1|TCF7|TCF7L1|TCF7L2
 KEGG:hsa05200	Pathways in cancer	0.00115133498575	0.0149848	CSF2RA|EGFR|FAS|FGF1|FGF10|FGF11|FGF12|FGF13|FGF14|FGF16|FGF17|FGF18|FGF19|FGF2|FGF20|FGF21|FGF22|FGF23|FGF3|FGF4|FGF5|FGF6|FGF7|FGF8|FGF9|FOXO1|GLI1|GNAS|HHIP|ITGB1|LAMB4|LAMC3|LEF1|MITF|NFKB2|PAX8|RASSF5|RUNX1|SKP2|SLC2A1|SPI1|STAT5A|TCF7|TCF7L1|TCF7L2|TGFA|VEGFA|VEGFC|WNT2
 REACT:R-HSA-1250196	SHC1 events in ERBB2 signaling	0.00115414069015	0.0149848	BTC|EGFR|ERBB3|HBEGF|NRG1|NRG2|NRG4
 KEGG:hsa05146	Amoebiasis	0.00120448708705	0.015553	C8A|CD14|CD1D|GNAS|IFNG|IL12B|IL1B|IL1R1|IL1R2|ITGB2|LAMB4|LAMC3|SERPINB13|SERPINB6|SERPINB9|TLR2|TLR4
 REACT:R-HSA-6783783	Interleukin-10 signaling	0.00132397233192	0.017003	CSF1|ICAM1|IL10RA|IL10RB|IL12B|IL1A|IL1B|IL1R1|IL1R2|IL1RN|TNFRSF1B
 REACT:R-HSA-373752	Netrin-1 signaling	0.00134848404054	0.0172242	ABLIM1|NTN4|ROBO1|SLIT1|SLIT2|SLIT3|TRPC1|TRPC4|UNC5B|UNC5C
 REACT:R-HSA-6794362	Protein-protein interactions at synapses	0.00139750283676	0.0177543	BEGAIN|DLGAP4|GRIA4|LRFN1|LRFN2|LRFN3|LRFN4|LRRTM1|LRRTM2|LRRTM3|LRRTM4|NLGN4Y|NRXN1|NRXN3
 REACT:R-HSA-8853659	RET signaling	0.0014515031331	0.0182395	BTC|CSF2RA|CSF2RB|EGFR|ERBB3|FGA|FGB|FGF1|FGF10|FGF16|FGF17|FGF18|FGF19|FGF2|FGF20|FGF22|FGF23|FGF3|FGF4|FGF5|FGF6|FGF7|FGF8|FGF9|FGG|GAB2|HBEGF|IL2RB|IL2RG|IL5RA|ITGB3|LAT|NCAM1|NRG1|NRG2|NRG4
 REACT:R-HSA-375170	CDO in myogenesis	0.00146657363735	0.0182395	CDH15|CDH2|CDH4|MEF2A|MEF2C|NTN3|TCF12|TCF4
 REACT:R-HSA-525793	Myogenesis	0.00146657363735	0.0182395	CDH15|CDH2|CDH4|MEF2A|MEF2C|NTN3|TCF12|TCF4
 REACT:R-HSA-5621480	Dectin-2 family	0.00146657363735	0.0182395	CLEC10A|CLEC4A|CLEC4C|CLEC4D|CLEC4E|CLEC6A|MUC15|MUC7
 REACT:R-HSA-6805567	Keratinization	0.00160544964526	0.0198325	CDSN|DSC2|IVL|KRT14|KRT7|KRT82|KRTAP10-1|KRTAP10-12|KRTAP10-2|KRTAP10-3|KRTAP1-1|KRTAP1-3|KRTAP13-1|KRTAP13-2|KRTAP13-4|KRTAP1-5|KRTAP19-5|KRTAP2-1|KRTAP2-4|KRTAP24-1|KRTAP26-1|KRTAP27-1|KRTAP3-3|KRTAP4-1|KRTAP4-3|KRTAP4-6|KRTAP4-7|LCE2B|SPINK9|SPRR3
 KEGG:hsa05340	Primary immunodeficiency	0.00161144282437	0.0198325	CD19|CD3D|CD3E|CD4|CD40|CIITA|ICOS|IL2RG|RFXAP
 REACT:R-HSA-3769402	Deactivation of the beta-catenin transactivating complex	0.00163419634403	0.0200083	LEF1|PYGO2|RBBP5|SOX17|SOX2|SOX7|SOX9|TCF7|TCF7L1|TCF7L2
 REACT:R-HSA-187687	Signalling to ERKs	0.00173422981326	0.0211236	BTC|CSF2RA|CSF2RB|EGFR|ERBB3|FGA|FGB|FGF1|FGF10|FGF16|FGF17|FGF18|FGF19|FGF2|FGF20|FGF22|FGF23|FGF3|FGF4|FGF5|FGF6|FGF7|FGF8|FGF9|FGG|HBEGF|IL2RB|IL2RG|IL5RA|ITGB3|LAT|NCAM1|NRG1|NRG2|NRG4
 REACT:R-HSA-2122948	Activated NOTCH1 Transmits Signal to the Nucleus	0.00186263355688	0.0225713	APH1A|APH1B|DLK1|DLL4|DNER|JAG2|NUMB|PSEN2
 REACT:R-HSA-428542	Regulation of Commissural axon pathfinding by Slit and Robo	0.00188321943886	0.0225891	ROBO1|ROBO2|SLIT2
 REACT:R-HSA-428776	Class II GLUTs	0.00188321943886	0.0225891	SLC2A11|SLC2A5|SLC2A9
 REACT:R-HSA-112399	IRS-mediated signalling	0.00192271361017	0.0228849	BTC|CSF2RA|CSF2RB|EGFR|ERBB3|FGA|FGB|FGF1|FGF10|FGF16|FGF17|FGF18|FGF19|FGF2|FGF20|FGF22|FGF23|FGF3|FGF4|FGF5|FGF6|FGF7|FGF8|FGF9|FGG|HBEGF|IL2RB|IL2RG|IL5RA|ITGB3|LAMTOR1|LAT|NCAM1|NRG1|NRG2|NRG4|PRKAB1|PRKAB2
 REACT:R-HSA-177929	Signaling by EGFR	0.00192725557485	0.0228849	ARHGEF7|BTC|CD19|CD28|CSF2RA|CSF2RB|EGFR|ERBB3|FGA|FGB|FGF1|FGF10|FGF16|FGF17|FGF18|FGF19|FGF2|FGF20|FGF22|FGF23|FGF3|FGF4|FGF5|FGF6|FGF7|FGF8|FGF9|FGG|FOXO1|HBEGF|ICOS|IL2RB|IL2RG|IL5RA|ITGB3|LAT|LRIG1|NCAM1|NRG1|NRG2|NRG4|PHLPP1|PHLPP2|PIK3AP1|TNRC6A
 REACT:R-HSA-5083635	Defective B3GALTL causes Peters-plus syndrome (PpS)	0.00198181307968	0.0234151	ADAMTS17|ADAMTSL1|ADAMTSL2|ADAMTSL4|CFP|THBS1|THBS2|THSD1|THSD7B
 KEGG:hsa00511	Other glycan degradation	0.00200158353064	0.0235311	AGA|HEXA|HEXB|NEU1|NEU2|NEU3
 REACT:R-HSA-446210	Synthesis of UDP-N-acetyl-glucosamine	0.00213959697358	0.025029	AMDHD2|NAGK|PGM3|RENBP
 REACT:R-HSA-74751	Insulin receptor signalling cascade	0.00230490416894	0.02683	BTC|CSF2RA|CSF2RB|EGFR|ERBB3|FGA|FGB|FGF1|FGF10|FGF16|FGF17|FGF18|FGF19|FGF2|FGF20|FGF22|FGF23|FGF3|FGF4|FGF5|FGF6|FGF7|FGF8|FGF9|FGG|HBEGF|IL2RB|IL2RG|IL5RA|ITGB3|LAMTOR1|LAT|NCAM1|NRG1|NRG2|NRG4|PRKAB1|PRKAB2
 KEGG:hsa00052	Galactose metabolism	0.00233842568708	0.0268434	B4GALT1|B4GALT2|GAA|GALM|GLA|MGAM|PGM1|SI
 REACT:R-HSA-2892247	"POU5F1 (OCT4) SOX2 NANOG activate genes related to proliferation"	0.00235149750611	0.0268434	DPPA4|FGF2|SALL1|SOX2|TDGF1
 REACT:R-HSA-75205	Dissolution of Fibrin Clot	0.00235149750611	0.0268434	PLAUR|SERPINB2|SERPINB6|SERPINB8|SERPINF2
 REACT:R-HSA-75892	Platelet Adhesion to exposed collagen	0.00235149750611	0.0268434	GP1BA|GP1BB|GP5|GP9|ITGB1
 REACT:R-HSA-76009	Platelet Aggregation (Plug Formation)	0.00241704529098	0.027459	BCAR1|FGA|FGB|FGG|GP1BA|GP1BB|GP5|GP9|ITGB3
 REACT:R-HSA-2428924	IGF1R signaling cascade	0.00244611931982	0.0275247	BTC|CSF2RA|CSF2RB|EGFR|ERBB3|FGA|FGB|FGF1|FGF10|FGF16|FGF17|FGF18|FGF19|FGF2|FGF20|FGF22|FGF23|FGF3|FGF4|FGF5|FGF6|FGF7|FGF8|FGF9|FGG|HBEGF|IL2RB|IL2RG|IL5RA|ITGB3|LAMTOR1|LAT|NCAM1|NRG1|NRG2|NRG4|PRKAB1|PRKAB2
 REACT:R-HSA-2428928	IRS-related events triggered by IGF1R	0.00244611931982	0.0275247	BTC|CSF2RA|CSF2RB|EGFR|ERBB3|FGA|FGB|FGF1|FGF10|FGF16|FGF17|FGF18|FGF19|FGF2|FGF20|FGF22|FGF23|FGF3|FGF4|FGF5|FGF6|FGF7|FGF8|FGF9|FGG|HBEGF|IL2RB|IL2RG|IL5RA|ITGB3|LAMTOR1|LAT|NCAM1|NRG1|NRG2|NRG4|PRKAB1|PRKAB2
 REACT:R-HSA-2404192	Signaling by Type 1 Insulin-like Growth Factor 1 Receptor (IGF1R)	0.00259474322888	0.0290587	BTC|CSF2RA|CSF2RB|EGFR|ERBB3|FGA|FGB|FGF1|FGF10|FGF16|FGF17|FGF18|FGF19|FGF2|FGF20|FGF22|FGF23|FGF3|FGF4|FGF5|FGF6|FGF7|FGF8|FGF9|FGG|HBEGF|IL2RB|IL2RG|IL5RA|ITGB3|LAMTOR1|LAT|NCAM1|NRG1|NRG2|NRG4|PRKAB1|PRKAB2
 REACT:R-HSA-2871796	FCERI mediated MAPK activation	0.00288059911183	0.0321078	BTC|CSF2RA|CSF2RB|EGFR|ERBB3|FGA|FGB|FGF1|FGF10|FGF16|FGF17|FGF18|FGF19|FGF2|FGF20|FGF22|FGF23|FGF3|FGF4|FGF5|FGF6|FGF7|FGF8|FGF9|FGG|HBEGF|IL2RB|IL2RG|IL5RA|ITGB3|LAT|NCAM1|NRG1|NRG2|NRG4
 REACT:R-HSA-74752	Signaling by Insulin receptor	0.00307213996728	0.034082	ATP6V0A1|ATP6V1E2|BTC|CSF2RA|CSF2RB|EGFR|ERBB3|FGA|FGB|FGF1|FGF10|FGF16|FGF17|FGF18|FGF19|FGF2|FGF20|FGF22|FGF23|FGF3|FGF4|FGF5|FGF6|FGF7|FGF8|FGF9|FGG|HBEGF|IL2RB|IL2RG|IL5RA|ITGB3|LAMTOR1|LAT|NCAM1|NRG1|NRG2|NRG4|PRKAB1|PRKAB2
 REACT:R-HSA-1250347	SHC1 events in ERBB4 signaling	0.00342077049036	0.0377723	BTC|HBEGF|NRG1|NRG2|NRG4
 REACT:R-HSA-187037	NGF signalling via TRKA from the plasma membrane	0.00373721356547	0.0410746	BTC|CD19|CD28|CSF2RA|CSF2RB|EGFR|ERBB3|FGA|FGB|FGF1|FGF10|FGF16|FGF17|FGF18|FGF19|FGF2|FGF20|FGF22|FGF23|FGF3|FGF4|FGF5|FGF6|FGF7|FGF8|FGF9|FGG|FOXO1|HBEGF|ICOS|IL2RB|IL2RG|IL5RA|ITGB3|LAT|MEF2A|MEF2C|NCAM1|NRG1|NRG2|NRG4|NTRK2|PHLPP1|PHLPP2|PIK3AP1|TNRC6A
 REACT:R-HSA-375165	NCAM signaling for neurite out-growth	0.00388707196656	0.0425238	BTC|CSF2RA|CSF2RB|EGFR|ERBB3|FGA|FGB|FGF1|FGF10|FGF16|FGF17|FGF18|FGF19|FGF2|FGF20|FGF22|FGF23|FGF3|FGF4|FGF5|FGF6|FGF7|FGF8|FGF9|FGG|HBEGF|IL2RB|IL2RG|IL5RA|ITGB3|LAT|NCAM1|NRG1|NRG2|NRG4
 REACT:R-HSA-2454202	Fc epsilon receptor (FCERI) signaling	0.00398864147224	0.0434339	BTC|CD19|CD28|CSF2RA|CSF2RB|EGFR|ERBB3|FCER1A|FGA|FGB|FGF1|FGF10|FGF16|FGF17|FGF18|FGF19|FGF2|FGF20|FGF22|FGF23|FGF3|FGF4|FGF5|FGF6|FGF7|FGF8|FGF9|FGG|FOXO1|GAB2|HBEGF|ICOS|IL2RB|IL2RG|IL5RA|ITGB3|LAT|NCAM1|NRG1|NRG2|NRG4|PHLPP1|PHLPP2|PIK3AP1|TNRC6A
 KEGG:hsa00601	Glycosphingolipid biosynthesis - lacto and neolacto series	0.00423485970088	0.0459035	ABO|B3GNT4|B4GALT1|B4GALT2|B4GALT3|B4GALT4|FUT4
 REACT:R-HSA-1306955	GRB7 events in ERBB2 signaling	0.00442940756331	0.0477931	ERBB3|NRG1|NRG2
