 REACT:R-HSA-373076	Class A/1 (Rhodopsin-like receptors)	6.46662319781e-06	0.0111032	AVPR2|GPR132|HRH4|MC1R|TSHR
 REACT:R-HSA-388396	GPCR downstream signaling	9.39758504392e-06	0.0111032	AVPR2|GPR132|HRH4|MC1R|OR51A4|OR5AK2|TSHR
 REACT:R-HSA-500792	GPCR ligand binding	3.42993142569e-05	0.0270164	AVPR2|GPR132|HRH4|MC1R|TSHR
 REACT:R-HSA-372790	Signaling by GPCR	5.92078899564e-05	0.0349771	AVPR2|GPR132|HRH4|MC1R|OR51A4|OR5AK2|TSHR
 KEGG:hsa04080	Neuroactive ligand-receptor interaction	9.23512074795e-05	0.0436452	AVPR2|HRH4|MC1R|TSHR
