 KEGG:hsa04740	Olfactory transduction	0.0	0	CNGB1|OR10G3|OR10G4|OR10G8|OR10G9|OR10H1|OR10H4|OR10J3|OR10T2|OR11A1|OR11L1|OR12D3|OR13F1|OR14A16|OR14I1|OR14J1|OR1A1|OR1A2|OR1C1|OR1D5|OR1E1|OR1E2|OR1J1|OR1J4|OR1K1|OR1L1|OR1L4|OR1M1|OR1N1|OR2A12|OR2A14|OR2B6|OR2G3|OR2G6|OR2S2|OR2T10|OR2T12|OR2T2|OR2T33|OR2W3|OR3A3|OR4B1|OR4C3|OR4D1|OR4D10|OR4D9|OR4F17|OR4K15|OR4K2|OR4L1|OR4M1|OR4N5|OR4S1|OR4X2|OR52E2|OR56A3|OR5A2|OR5AP2|OR5AS1|OR5B12|OR5D13|OR5I1|OR5M9|OR5R1|OR6C3|OR6C4|OR6C6|OR6C70|OR6S1|OR6V1|OR6X1|OR7A10|OR7A5|OR7C1|OR7C2|OR7D2|OR7D4|OR8D1|OR8G1|OR8G5|OR8H1|OR8H3|OR9A4
 REACT:R-HSA-372790	Signaling by GPCR	0.0	0	ADORA3|EGFR|ERBB2|ERBB3|ERBB4|FGFR1|FGFR2|FGFR3|GNAS|GRP|IL2RB|KALRN|KIT|MET|OR10G3|OR10G4|OR10G8|OR10G9|OR10H1|OR10H4|OR10J3|OR10T2|OR11A1|OR11L1|OR12D3|OR13F1|OR14A16|OR14I1|OR14J1|OR1A1|OR1A2|OR1C1|OR1D5|OR1E1|OR1E2|OR1J1|OR1J4|OR1K1|OR1L1|OR1L4|OR1M1|OR1N1|OR2A12|OR2A14|OR2B6|OR2G3|OR2G6|OR2S2|OR2T10|OR2T12|OR2T2|OR2T33|OR2T35|OR2W3|OR3A3|OR4B1|OR4C3|OR4D1|OR4D10|OR4D9|OR4F17|OR4K15|OR4K2|OR4L1|OR4M1|OR4N5|OR4S1|OR4X2|OR52E2|OR56A3|OR5A2|OR5AP2|OR5AS1|OR5B12|OR5D13|OR5I1|OR5M9|OR5R1|OR6C3|OR6C4|OR6C6|OR6C70|OR6S1|OR6V1|OR6X1|OR7A10|OR7A5|OR7C1|OR7C2|OR7D2|OR7D4|OR8D1|OR8G1|OR8G5|OR8H1|OR8H3|OR9A4|PTK2|RET|TEK
 REACT:R-HSA-388396	GPCR downstream signaling	0.0	0	ADORA3|GNAS|GRP|IL2RB|KALRN|OR10G3|OR10G4|OR10G8|OR10G9|OR10H1|OR10H4|OR10J3|OR10T2|OR11A1|OR11L1|OR12D3|OR13F1|OR14A16|OR14I1|OR14J1|OR1A1|OR1A2|OR1C1|OR1D5|OR1E1|OR1E2|OR1J1|OR1J4|OR1K1|OR1L1|OR1L4|OR1M1|OR1N1|OR2A12|OR2A14|OR2B6|OR2G3|OR2G6|OR2S2|OR2T10|OR2T12|OR2T2|OR2T33|OR2T35|OR2W3|OR3A3|OR4B1|OR4C3|OR4D1|OR4D10|OR4D9|OR4F17|OR4K15|OR4K2|OR4L1|OR4M1|OR4N5|OR4S1|OR4X2|OR52E2|OR56A3|OR5A2|OR5AP2|OR5AS1|OR5B12|OR5D13|OR5I1|OR5M9|OR5R1|OR6C3|OR6C4|OR6C6|OR6C70|OR6S1|OR6V1|OR6X1|OR7A10|OR7A5|OR7C1|OR7C2|OR7D2|OR7D4|OR8D1|OR8G1|OR8G5|OR8H1|OR8H3|OR9A4
 REACT:R-HSA-162582	Signal Transduction	4.27646806855e-12	2.52632e-09	ADORA3|APH1A|AR|AXL|BCAR1|CNGB1|EGFR|ERBB2|ERBB3|ERBB4|FES|FGFR1|FGFR2|FGFR3|FLT1|GNAS|GRP|IL2RB|IRAK1|KALRN|KDR|KIT|LIMK2|MAP3K7|MET|NTRK1|NTRK2|NUP107|OR10G3|OR10G4|OR10G8|OR10G9|OR10H1|OR10H4|OR10J3|OR10T2|OR11A1|OR11L1|OR12D3|OR13F1|OR14A16|OR14I1|OR14J1|OR1A1|OR1A2|OR1C1|OR1D5|OR1E1|OR1E2|OR1J1|OR1J4|OR1K1|OR1L1|OR1L4|OR1M1|OR1N1|OR2A12|OR2A14|OR2B6|OR2G3|OR2G6|OR2S2|OR2T10|OR2T12|OR2T2|OR2T33|OR2T35|OR2W3|OR3A3|OR4B1|OR4C3|OR4D1|OR4D10|OR4D9|OR4F17|OR4K15|OR4K2|OR4L1|OR4M1|OR4N5|OR4S1|OR4X2|OR52E2|OR56A3|OR5A2|OR5AP2|OR5AS1|OR5B12|OR5D13|OR5I1|OR5M9|OR5R1|OR6C3|OR6C4|OR6C6|OR6C70|OR6S1|OR6V1|OR6X1|OR7A10|OR7A5|OR7C1|OR7C2|OR7D2|OR7D4|OR8D1|OR8G1|OR8G5|OR8H1|OR8H3|OR9A4|PRKAB2|PTK2|PTK2B|RET|ROR2|RYK|TEK
 REACT:R-HSA-381753	Olfactory Signaling Pathway	7.29660776244e-12	3.44838e-09	OR10G3|OR10G4|OR10G8|OR10G9|OR10H1|OR10H4|OR10J3|OR10T2|OR11A1|OR11L1|OR12D3|OR13F1|OR14A16|OR14I1|OR14J1|OR1A1|OR1A2|OR1C1|OR1D5|OR1E1|OR1E2|OR1J1|OR1J4|OR1K1|OR1L1|OR1L4|OR1M1|OR1N1|OR2A12|OR2A14|OR2B6|OR2G3|OR2G6|OR2S2|OR2T10|OR2T12|OR2T2|OR2T33|OR2T35|OR2W3|OR3A3|OR4B1|OR4C3|OR4D1|OR4D10|OR4D9|OR4F17|OR4K15|OR4K2|OR4L1|OR4M1|OR4N5|OR4S1|OR4X2|OR52E2|OR56A3|OR5A2|OR5AP2|OR5AS1|OR5B12|OR5D13|OR5I1|OR5M9|OR5R1|OR6C3|OR6C4|OR6C6|OR6C70|OR6S1|OR6V1|OR6X1|OR7A10|OR7A5|OR7C1|OR7C2|OR7D2|OR7D4|OR8D1|OR8G1|OR8G5|OR8H1|OR8H3|OR9A4
 KEGG:hsa05230	Central carbon metabolism in cancer	3.18341497607e-09	1.25373e-06	EGFR|ERBB2|FGFR1|FGFR2|FGFR3|FLT3|KIT|MET|NTRK1|NTRK3|RET
 REACT:R-HSA-2219530	Constitutive Signaling by Aberrant PI3K in Cancer	5.39578617564e-07	0.000182146	EGFR|ERBB2|ERBB3|ERBB4|FGFR1|FGFR2|FGFR3|KIT|MET
 REACT:R-HSA-194138	Signaling by VEGF	3.75832414679e-06	0.00111011	AXL|BCAR1|EGFR|ERBB2|ERBB3|ERBB4|FGFR1|FGFR2|FGFR3|FLT1|IL2RB|KDR|KIT|MET|PTK2|PTK2B|RET|TEK
 REACT:R-HSA-6811558	"PI5P PP2A and IER3 Regulate PI3K/AKT Signaling"	6.50306397654e-06	0.00170742	EGFR|ERBB2|ERBB3|ERBB4|FGFR1|FGFR2|FGFR3|KIT|MET
 REACT:R-HSA-2219528	PI3K/AKT Signaling in Cancer	8.61190059775e-06	0.00203499	EGFR|ERBB2|ERBB3|ERBB4|FGFR1|FGFR2|FGFR3|KIT|MET
 REACT:R-HSA-4420097	VEGFA-VEGFR2 Pathway	1.09780142096e-05	0.00235828	AXL|BCAR1|EGFR|ERBB2|ERBB3|ERBB4|FGFR1|FGFR2|FGFR3|IL2RB|KDR|KIT|MET|PTK2|PTK2B|RET|TEK
 REACT:R-HSA-199418	Negative regulation of the PI3K/AKT network	1.23134814431e-05	0.00242473	EGFR|ERBB2|ERBB3|ERBB4|FGFR1|FGFR2|FGFR3|KIT|MET
 REACT:R-HSA-198203	PI3K/AKT activation	2.44701144115e-05	0.00366696	EGFR|ERBB2|ERBB3|ERBB4|FGFR1|FGFR2|FGFR3|KIT|MET|NTRK1
 KEGG:hsa01521	EGFR tyrosine kinase inhibitor resistance	2.51511268125e-05	0.00366696	AXL|EGFR|ERBB2|ERBB3|FGFR2|FGFR3|KDR|MET
 REACT:R-HSA-170984	ARMS-mediated activation	2.59755826507e-05	0.00366696	EGFR|ERBB2|ERBB3|ERBB4|FGFR1|FGFR2|FGFR3|IL2RB|KIT|MET|NTRK1|PTK2|RET|TEK
 REACT:R-HSA-187706	Signalling to p38 via RIT and RIN	2.59755826507e-05	0.00366696	EGFR|ERBB2|ERBB3|ERBB4|FGFR1|FGFR2|FGFR3|IL2RB|KIT|MET|NTRK1|PTK2|RET|TEK
 REACT:R-HSA-170968	Frs2-mediated activation	2.71563806422e-05	0.00366696	EGFR|ERBB2|ERBB3|ERBB4|FGFR1|FGFR2|FGFR3|IL2RB|KIT|MET|NTRK1|PTK2|RET|TEK
 KEGG:hsa00240	Pyrimidine metabolism	2.79328208583e-05	0.00366696	CMPK1|DCK|DUT|POLR3H|RRM1|TK2|TYMS|UCKL1|UPRT
 REACT:R-HSA-169893	Prolonged ERK activation events	2.96605110588e-05	0.00368883	EGFR|ERBB2|ERBB3|ERBB4|FGFR1|FGFR2|FGFR3|IL2RB|KIT|MET|NTRK1|PTK2|RET|TEK
 REACT:R-HSA-8847993	ERBB2 Activates PTK6 Signaling	3.30382934666e-05	0.00390347	EGFR|ERBB2|ERBB3|ERBB4
 REACT:R-HSA-167044	Signalling to RAS	3.52847829411e-05	0.00397038	EGFR|ERBB2|ERBB3|ERBB4|FGFR1|FGFR2|FGFR3|IL2RB|KIT|MET|NTRK1|PTK2|RET|TEK
 REACT:R-HSA-5218921	VEGFR2 mediated cell proliferation	3.84328610346e-05	0.00412804	EGFR|ERBB2|ERBB3|ERBB4|FGFR1|FGFR2|FGFR3|IL2RB|KDR|KIT|MET|PTK2|RET|TEK
 REACT:R-HSA-451927	Interleukin-2 signaling	4.54763225245e-05	0.00448069	EGFR|ERBB2|ERBB3|ERBB4|FGFR1|FGFR2|FGFR3|IL2RB|KIT|MET|PTK2|PTK2B|RET|TEK
 REACT:R-HSA-6785631	ERBB2 Regulates Cell Motility	4.57063120203e-05	0.00448069	EGFR|ERBB2|ERBB3|ERBB4
 REACT:R-HSA-187687	Signalling to ERKs	4.74047268608e-05	0.00448069	EGFR|ERBB2|ERBB3|ERBB4|FGFR1|FGFR2|FGFR3|IL2RB|KIT|MET|NTRK1|PTK2|RET|TEK
 REACT:R-HSA-449147	Signaling by Interleukins	5.02907848572e-05	0.00457066	EGFR|ERBB2|ERBB3|ERBB4|FGFR1|FGFR2|FGFR3|FLT3|IL22RA2|IL2RB|IL4R|IRAK1|IRAK3|IRAK4|KIT|MAP3K7|MET|PTK2|PTK2B|RET|TEK
 REACT:R-HSA-1963642	PI3K events in ERBB2 signaling	8.11488619491e-05	0.00700017	EGFR|ERBB2|ERBB3|ERBB4
 REACT:R-HSA-112412	SOS-mediated signalling	9.18346427706e-05	0.00700017	EGFR|ERBB2|ERBB3|ERBB4|FGFR1|FGFR2|FGFR3|IL2RB|KIT|MET|PTK2|RET|TEK
 REACT:R-HSA-179812	GRB2 events in EGFR signaling	9.18346427706e-05	0.00700017	EGFR|ERBB2|ERBB3|ERBB4|FGFR1|FGFR2|FGFR3|IL2RB|KIT|MET|PTK2|RET|TEK
 REACT:R-HSA-180336	SHC1 events in EGFR signaling	9.18346427706e-05	0.00700017	EGFR|ERBB2|ERBB3|ERBB4|FGFR1|FGFR2|FGFR3|IL2RB|KIT|MET|PTK2|RET|TEK
 REACT:R-HSA-5673001	RAF/MAP kinase cascade	9.18346427706e-05	0.00700017	EGFR|ERBB2|ERBB3|ERBB4|FGFR1|FGFR2|FGFR3|IL2RB|KIT|MET|PTK2|RET|TEK
 REACT:R-HSA-15869	Metabolism of nucleotides	0.0001105092423	0.00816042	AK5|CMPK1|DCK|DGUOK|DUT|RRM1|TK2|TYMS
 REACT:R-HSA-5684996	MAPK1/MAPK3 signaling	0.000117156597018	0.00822863	EGFR|ERBB2|ERBB3|ERBB4|FGFR1|FGFR2|FGFR3|IL2RB|KIT|MET|PTK2|RET|TEK
 REACT:R-HSA-1257604	PIP3 activates AKT signaling	0.00011839754351	0.00822863	EGFR|ERBB2|ERBB3|ERBB4|FGFR1|FGFR2|FGFR3|KIT|MET
 REACT:R-HSA-2586552	Signaling by Leptin	0.00012684110672	0.00856359	EGFR|ERBB2|ERBB3|ERBB4|FGFR1|FGFR2|FGFR3|IL2RB|KIT|MET|PTK2|RET|TEK
 REACT:R-HSA-5683057	MAPK family signaling cascades	0.000134913505526	0.00876285	EGFR|ERBB2|ERBB3|ERBB4|FGFR1|FGFR2|FGFR3|IL2RB|KALRN|KIT|MET|PTK2|RET|TEK
 REACT:R-HSA-912526	Interleukin receptor SHC signaling	0.000137209258639	0.00876285	EGFR|ERBB2|ERBB3|ERBB4|FGFR1|FGFR2|FGFR3|IL2RB|KIT|MET|PTK2|RET|TEK
 REACT:R-HSA-180292	GAB1 signalosome	0.000141983471644	0.00882913	EGFR|ERBB2|ERBB3|ERBB4|FGFR1|FGFR2|FGFR3|KIT|MET
 REACT:R-HSA-112399	IRS-mediated signalling	0.000155735529249	0.00943598	EGFR|ERBB2|ERBB3|ERBB4|FGFR1|FGFR2|FGFR3|IL2RB|KIT|MET|PRKAB2|PTK2|RET|TEK
 REACT:R-HSA-74751	Insulin receptor signalling cascade	0.000173126377576	0.0100869	EGFR|ERBB2|ERBB3|ERBB4|FGFR1|FGFR2|FGFR3|IL2RB|KIT|MET|PRKAB2|PTK2|RET|TEK
 REACT:R-HSA-2428924	IGF1R signaling cascade	0.000179284926874	0.0100869	EGFR|ERBB2|ERBB3|ERBB4|FGFR1|FGFR2|FGFR3|IL2RB|KIT|MET|PRKAB2|PTK2|RET|TEK
 REACT:R-HSA-2428928	IRS-related events triggered by IGF1R	0.000179284926874	0.0100869	EGFR|ERBB2|ERBB3|ERBB4|FGFR1|FGFR2|FGFR3|IL2RB|KIT|MET|PRKAB2|PTK2|RET|TEK
 REACT:R-HSA-2404192	Signaling by Type 1 Insulin-like Growth Factor 1 Receptor (IGF1R)	0.000185631998331	0.0102011	EGFR|ERBB2|ERBB3|ERBB4|FGFR1|FGFR2|FGFR3|IL2RB|KIT|MET|PRKAB2|PTK2|RET|TEK
 REACT:R-HSA-1280215	Cytokine Signaling in Immune system	0.000202358045881	0.0108675	CIITA|EGFR|ERBB2|ERBB3|ERBB4|FGFR1|FGFR2|FGFR3|FLT3|IL22RA2|IL2RB|IL4R|IRAK1|IRAK3|IRAK4|ISG20|KIT|MAP3K7|MET|NUP107|OAS2|PTK2|PTK2B|RET|TEK
 REACT:R-HSA-2730905	Role of LAT2/NTAL/LAB on calcium mobilization	0.000237479038599	0.0123017	EGFR|ERBB2|ERBB3|ERBB4|FGFR1|FGFR2|FGFR3|KIT|MET
 REACT:R-HSA-8853659	RET signaling	0.000241045540482	0.0123017	EGFR|ERBB2|ERBB3|ERBB4|FGFR1|FGFR2|FGFR3|IL2RB|KIT|MET|PTK2|RET|TEK
 REACT:R-HSA-2871796	FCERI mediated MAPK activation	0.000249886305661	0.0123017	EGFR|ERBB2|ERBB3|ERBB4|FGFR1|FGFR2|FGFR3|IL2RB|KIT|MET|PTK2|RET|TEK
 REACT:R-HSA-512988	"Interleukin-3 5 and GM-CSF signaling"	0.000249886305661	0.0123017	EGFR|ERBB2|ERBB3|ERBB4|FGFR1|FGFR2|FGFR3|IL2RB|KIT|MET|PTK2|RET|TEK
 REACT:R-HSA-375165	NCAM signaling for neurite out-growth	0.00029837820548	0.0143543	EGFR|ERBB2|ERBB3|ERBB4|FGFR1|FGFR2|FGFR3|IL2RB|KIT|MET|PTK2|RET|TEK
 REACT:R-HSA-1250196	SHC1 events in ERBB2 signaling	0.00030372954285	0.0143543	EGFR|ERBB2|ERBB3|ERBB4
 REACT:R-HSA-166520	Signalling by NGF	0.000339367622543	0.015724	APH1A|EGFR|ERBB2|ERBB3|ERBB4|FGFR1|FGFR2|FGFR3|IL2RB|IRAK1|KALRN|KIT|MET|NTRK1|NTRK2|PTK2|RET|TEK
 KEGG:hsa04015	Rap1 signaling pathway	0.000358244410836	0.0162795	BCAR1|EGFR|FGFR1|FGFR2|FGFR3|FLT1|GNAS|KDR|KIT|MET|TEK
 REACT:R-HSA-74752	Signaling by Insulin receptor	0.000395820242536	0.0176476	EGFR|ERBB2|ERBB3|ERBB4|FGFR1|FGFR2|FGFR3|IL2RB|KIT|MET|PRKAB2|PTK2|RET|TEK
 REACT:R-HSA-73848	Pyrimidine metabolism	0.000592019109198	0.0259063	DCK|DUT|TK2|TYMS
 KEGG:hsa04144	Endocytosis	0.00061089730487	0.0262464	EGFR|ERBB3|ERBB4|FGFR2|FGFR3|FLT1|IL2RB|KDR|KIT|MET|NTRK1|RET
 REACT:R-HSA-1433557	Signaling by SCF-KIT	0.000622660210185	0.026274	EGFR|ERBB2|ERBB3|ERBB4|FES|FGFR1|FGFR2|FGFR3|IL2RB|KIT|MET|PTK2|RET|TEK
 REACT:R-HSA-422475	Axon guidance	0.000689280612322	0.0285749	APH1A|EGFR|EPHA3|ERBB2|ERBB3|ERBB4|FES|FGFR1|FGFR2|FGFR3|IL2RB|KALRN|KDR|KIT|LIMK2|MET|PTK2|RET|TEK
 REACT:R-HSA-187037	NGF signalling via TRKA from the plasma membrane	0.000817131817001	0.0332911	EGFR|ERBB2|ERBB3|ERBB4|FGFR1|FGFR2|FGFR3|IL2RB|KIT|MET|NTRK1|NTRK2|PTK2|RET|TEK
 REACT:R-HSA-1168372	Downstream signaling events of B Cell Receptor (BCR)	0.000845153057316	0.0338491	EGFR|ERBB2|ERBB3|ERBB4|FGFR1|FGFR2|FGFR3|KIT|MAP3K7|MET
 REACT:R-HSA-186763	Downstream signal transduction	0.000951691129976	0.0374808	BCAR1|EGFR|ERBB2|ERBB3|ERBB4|FGFR1|FGFR2|FGFR3|IL2RB|KIT|MET|PTK2|RET|TEK
 REACT:R-HSA-8863795	Downregulation of ERBB2 signaling	0.00103510549074	0.0400976	EGFR|ERBB2|ERBB3|ERBB4
