 KEGG:hsa04060	Cytokine-cytokine receptor interaction	1.65233382532e-11	3.90446e-08	CCR2|CCR5|CD27|CD40|CSF1|CSF2RA|CX3CL1|CX3CR1|EDA2R|FAS|IFNAR2|IFNLR1|IL10RA|IL10RB|IL12RB1|IL13RA1|IL17B|IL21R|IL22RA2|IL24|IL4R|IL5RA|IL6ST|LTBR|RELT|TNFRSF10D|TNFRSF11A|TNFRSF11B|TNFRSF14|TNFRSF18|TNFRSF25|TNFRSF4|TNFRSF6B
 REACT:R-HSA-1266738	Developmental Biology	6.36638639584e-08	6.92482e-05	ABLIM1|ALCAM|ARHGAP39|ARHGEF7|BTC|CDH4|CDSN|CEBPB|CSF2RA|DPPA4|DSC2|EFNA1|EGR2|ERBB3|FGF1|FGF2|FGF20|FOXO1|GAP43|HNF1A|HNF1B|HOXA2|HOXA4|HOXB1|IL5RA|INSM1|KRT7|KRT82|KRTAP10-1|KRTAP10-12|KRTAP10-3|KRTAP1-1|KRTAP1-3|KRTAP13-1|KRTAP13-2|KRTAP13-4|KRTAP1-5|KRTAP19-5|KRTAP2-1|KRTAP24-1|KRTAP26-1|KRTAP27-1|KRTAP4-3|KRTAP4-6|KRTAP4-7|LAT|LIN28A|MED26|MEF2A|MEF2C|NCAM1|NFASC|NRG1|NRG2|NUMB|PLXNA1|PLXNA2|ROBO1|ROBO2|SALL1|SCN4B|SEMA3E|TCF12|UNC5B|UNC5C|ZSCAN10
 REACT:R-HSA-168256	Immune System	8.79155858113e-08	6.92482e-05	AGER|ANAPC10|ARSA|ATP6V0A1|BCL6|BTC|BTLA|BTNL8|C8A|CCR2|CCR5|CD27|CD3D|CD40|CD44|CD68|CHI3L1|CLEC12A|CLEC2B|CLEC2D|CLEC5A|CLEC6A|CLEC7A|CRLF1|CSF1|CSF2RA|EBI3|EDA2R|ERBB3|FBXO44|FBXO6|FCAR|FGF1|FGF2|FGF20|FOXO1|GATA3|HEXB|ICAM2|ICAM4|IFNAR2|IFNLR1|IL10RA|IL10RB|IL12RB1|IL13RA1|IL1RN|IL22RA2|IL24|IL27RA|IL4R|IL5RA|IL6ST|KLRB1|KLRC1|KLRC2|KLRC4-KLRK1|KLRD1|KLRF1|KLRG1|LAT|LILRA5|LILRB5|LTBR|MEF2A|MEF2C|MUC15|MUC7|NCAM1|NEU1|NFAM1|NFASC|NLRP1|NLRP4|NRG1|NRG2|OLR1|PDCD1LG2|PELI3|PGLYRP3|PGLYRP4|PGM1|PIK3AP1|POM121|PRG2|PRG3|PVR|RNF135|RNF216|SEMG1|SERPINB6|SIGLEC10|SIGLEC11|SLAMF6|STAT6|STIM1|TLR4|TNFRSF11A|TNFRSF11B|TNFRSF14|TNFRSF18|TNFRSF25|TNFRSF4|TNFRSF6B|TNIP2|TNRC6A|WIPF1
 REACT:R-HSA-198933	Immunoregulatory interactions between a Lymphoid and a non-Lymphoid cell	1.46074329854e-07	8.62934e-05	CD3D|CD40|CLEC2B|CLEC2D|ICAM2|ICAM4|KLRB1|KLRC1|KLRC4-KLRK1|KLRD1|KLRF1|KLRG1|LILRA5|LILRB5|PVR|SIGLEC10|SIGLEC11|SLAMF6
 REACT:R-HSA-5669034	TNFs bind their physiological receptors	2.74601827444e-06	0.00129777	CD27|EDA2R|TNFRSF11B|TNFRSF14|TNFRSF18|TNFRSF25|TNFRSF4|TNFRSF6B
 REACT:R-HSA-6805567	Keratinization	3.575823883e-06	0.00140828	CDSN|DSC2|KRT7|KRT82|KRTAP10-1|KRTAP10-12|KRTAP10-3|KRTAP1-1|KRTAP1-3|KRTAP13-1|KRTAP13-2|KRTAP13-4|KRTAP1-5|KRTAP19-5|KRTAP2-1|KRTAP24-1|KRTAP26-1|KRTAP27-1|KRTAP4-3|KRTAP4-6|KRTAP4-7
 REACT:R-HSA-1280215	Cytokine Signaling in Immune system	5.28884233764e-06	0.00178536	BCL6|BTC|CCR2|CCR5|CD27|CD40|CD44|CRLF1|CSF1|CSF2RA|EBI3|EDA2R|ERBB3|FGF1|FGF2|FGF20|FOXO1|GATA3|IFNAR2|IFNLR1|IL10RA|IL10RB|IL12RB1|IL13RA1|IL1RN|IL22RA2|IL24|IL27RA|IL4R|IL5RA|IL6ST|LAT|LTBR|NCAM1|NRG1|NRG2|PELI3|POM121|STAT6|TNFRSF11A|TNFRSF11B|TNFRSF14|TNFRSF18|TNFRSF25|TNFRSF4|TNFRSF6B|TNIP2
 KEGG:hsa04514	Cell adhesion molecules (CAMs)	1.00950556587e-05	0.00298183	ALCAM|CADM1|CD276|CD40|CDH4|ICAM2|JAM2|MAG|NCAM1|NFASC|NLGN4Y|NRXN1|NRXN3|NTNG1|PDCD1LG2|PVR
 KEGG:hsa04630	Jak-STAT signaling pathway	0.000111993845352	0.0283538	CSF2RA|IFNAR2|IFNLR1|IL10RA|IL10RB|IL12RB1|IL13RA1|IL21R|IL22RA2|IL24|IL27RA|IL4R|IL5RA|IL6ST|STAT6
 REACT:R-HSA-449147	Signaling by Interleukins	0.000119990687429	0.0283538	BCL6|BTC|CCR2|CCR5|CRLF1|CSF1|CSF2RA|EBI3|ERBB3|FGF1|FGF2|FGF20|FOXO1|GATA3|IFNLR1|IL10RA|IL10RB|IL12RB1|IL13RA1|IL1RN|IL22RA2|IL24|IL27RA|IL4R|IL5RA|IL6ST|LAT|NCAM1|NRG1|NRG2|PELI3|STAT6|TNIP2
 KEGG:hsa00511	Other glycan degradation	0.000179488091646	0.0385573	HEXA|HEXB|NEU1|NEU2|NEU3
