 KEGG:hsa04740	Olfactory transduction	0.0	0	OR10H3|OR10H4|OR10H5|OR10J1|OR11L1|OR12D3|OR1C1|OR1D5|OR1E1|OR1E2|OR1F1|OR1J1|OR1N1|OR1S2|OR2A2|OR2T2|OR4C12|OR4C3|OR4S1|OR52W1|OR5B12|OR5D13|OR6C4|OR7C1|OR7D2|OR9A2|SLC8A1|SLC8A2|SLC8A3
 REACT:R-HSA-2453902	The canonical retinoid cycle in rods (twilight vision)	0.0	0	LRAT|RBP1|RBP3|RBP4|RDH11|RDH12|RDH8|RLBP1|RPE65
 REACT:R-HSA-388396	GPCR downstream signaling	0.0	0	ADORA3|ANXA1|AVPR2|CSF2RA|GRP|HRH4|KALRN|MC3R|MC4R|OR10H3|OR10H4|OR10H5|OR10J1|OR11L1|OR12D3|OR1C1|OR1D5|OR1E1|OR1E2|OR1F1|OR1J1|OR1N1|OR1S2|OR2A2|OR2T2|OR4C12|OR4C3|OR4S1|OR52W1|OR5B12|OR5D13|OR6C4|OR7C1|OR7D2|OR9A2|PTGER1|PTGER3|TBXA2R
 REACT:R-HSA-372790	Signaling by GPCR	1.94722016289e-12	1.15032e-09	ADORA3|ANXA1|AVPR2|CSF2RA|GPR31|GRP|HRH4|ITGB3|KALRN|MC3R|MC4R|OR10H3|OR10H4|OR10H5|OR10J1|OR11L1|OR12D3|OR1C1|OR1D5|OR1E1|OR1E2|OR1F1|OR1J1|OR1N1|OR1S2|OR2A2|OR2T2|OR4C12|OR4C3|OR4S1|OR52W1|OR5B12|OR5D13|OR6C4|OR7C1|OR7D2|OR9A2|PPP2R1A|PPP2R1B|PTGER1|PTGER3|TBXA2R
 REACT:R-HSA-381753	Olfactory Signaling Pathway	6.67610411398e-12	3.15513e-09	OR10H3|OR10H4|OR10H5|OR10J1|OR11L1|OR12D3|OR1C1|OR1D5|OR1E1|OR1E2|OR1F1|OR1J1|OR1N1|OR1S2|OR2A2|OR2T2|OR4C12|OR4C3|OR4S1|OR52W1|OR5B12|OR5D13|OR6C4|OR7C1|OR7D2|OR9A2
 REACT:R-HSA-162582	Signal Transduction	1.79342429796e-10	7.0631e-08	ADORA3|ANXA1|APH1A|APH1B|AR|AVPR2|CSF2RA|GPR31|GRP|HRH4|ITGB1|ITGB3|KALRN|LRAT|MC3R|MC4R|NR3C1|OR10H3|OR10H4|OR10H5|OR10J1|OR11L1|OR12D3|OR1C1|OR1D5|OR1E1|OR1E2|OR1F1|OR1J1|OR1N1|OR1S2|OR2A2|OR2T2|OR4C12|OR4C3|OR4S1|OR52W1|OR5B12|OR5D13|OR6C4|OR7C1|OR7D2|OR9A2|PGR|PPP2R1A|PPP2R1B|PTGER1|PTGER3|RBP1|RBP3|RBP4|RDH11|RDH12|RDH13|RDH14|RDH8|RLBP1|RPE65|TBXA2R
 REACT:R-HSA-383280	Nuclear Receptor transcription pathway	2.4767281559e-09	8.36073e-07	AR|NR0B1|NR1I2|NR1I3|NR3C1|NR3C2|NR4A3|PGR|VDR
 KEGG:hsa_M00415	"Fatty acid biosynthesis elongation endoplasmic reticulum"	1.43320113333e-07	4.23332e-05	ELOVL1|ELOVL3|ELOVL4|ELOVL5|ELOVL7
 REACT:R-HSA-2187338	Visual phototransduction	1.093545e-06	0.000287116	LRAT|RBP1|RBP3|RBP4|RDH11|RDH12|RDH8|RLBP1|RPE65
 KEGG:hsa00062	Fatty acid elongation	5.34717193068e-06	0.00126354	ELOVL1|ELOVL3|ELOVL4|ELOVL5|ELOVL7
 REACT:R-HSA-75876	Synthesis of very long-chain fatty acyl-CoAs	9.64444656115e-06	0.0020718	ELOVL1|ELOVL3|ELOVL4|ELOVL5|ELOVL7
 REACT:R-HSA-192105	Synthesis of bile acids and bile salts	2.59614107863e-05	0.00511223	HSD3B7|OSBPL3|OSBPL6|OSBPL7|OSBPL9
 KEGG:hsa00830	Retinol metabolism	5.98723221287e-05	0.0108829	LRAT|RDH11|RDH12|RDH8|RETSAT|RPE65
 REACT:R-HSA-216083	Integrin cell surface interactions	7.73260687906e-05	0.0119882	ITGB1|ITGB2|ITGB3|ITGB5|ITGB6|ITGB7
 REACT:R-HSA-194068	Bile acid and bile salt metabolism	8.3268687701e-05	0.0119882	HSD3B7|OSBPL3|OSBPL6|OSBPL7|OSBPL9
 REACT:R-HSA-2453864	Retinoid cycle disease events	9.13193902734e-05	0.0119882	RBP1|RBP4|RLBP1
 REACT:R-HSA-2474795	Diseases associated with visual transduction	9.13193902734e-05	0.0119882	RBP1|RBP4|RLBP1
 REACT:R-HSA-391908	Prostanoid ligand receptors	9.13193902734e-05	0.0119882	PTGER1|PTGER3|TBXA2R
 KEGG:hsa05412	Arrhythmogenic right ventricular cardiomyopathy (ARVC)	0.000106664473785	0.0132657	ITGB1|ITGB3|ITGB5|ITGB6|ITGB7|SLC8A1
 REACT:R-HSA-2046105	Linoleic acid (LA) metabolism	0.00012945398405	0.015295	ELOVL1|ELOVL3|ELOVL5
 REACT:R-HSA-6806667	Metabolism of fat-soluble vitamins	0.000228265541475	0.0251933	GC|LRAT|RBP1|RBP4|RDH11
 KEGG:hsa05410	Hypertrophic cardiomyopathy (HCM)	0.000234554754659	0.0251933	ITGB1|ITGB3|ITGB5|ITGB6|ITGB7|SLC8A1
 REACT:R-HSA-75105	Fatty Acyl-CoA Biosynthesis	0.000249458811202	0.0256292	ELOVL1|ELOVL3|ELOVL4|ELOVL5|ELOVL7
 REACT:R-HSA-2129379	Molecules associated with elastic fibres	0.000295318180286	0.028496	ITGB1|ITGB3|ITGB5|ITGB6
 REACT:R-HSA-425561	Sodium/Calcium exchangers	0.000301481517005	0.028496	SLC8A1|SLC8A2|SLC8A3
 KEGG:hsa05414	Dilated cardiomyopathy	0.000343077314395	0.0311804	ITGB1|ITGB3|ITGB5|ITGB6|ITGB7|SLC8A1
 REACT:R-HSA-418359	Reduction of cytosolic Ca++ levels	0.000380761109526	0.0333236	SLC8A1|SLC8A2|SLC8A3
 REACT:R-HSA-113510	E2F mediated regulation of DNA replication	0.000424794492869	0.0358496	CDC45|ORC3|PPP2R1A|PPP2R1B
 REACT:R-HSA-2046104	alpha-linolenic (omega3) and linoleic (omega6) acid metabolism	0.000472303015646	0.0360017	ELOVL1|ELOVL3|ELOVL5
 REACT:R-HSA-2046106	alpha-linolenic acid (ALA) metabolism	0.000472303015646	0.0360017	ELOVL1|ELOVL3|ELOVL5
 REACT:R-HSA-391903	Eicosanoid ligand-binding receptors	0.000472303015646	0.0360017	PTGER1|PTGER3|TBXA2R
 REACT:R-HSA-373076	Class A/1 (Rhodopsin-like receptors)	0.000579214794123	0.0427714	ADORA3|ANXA1|AVPR2|GPR31|GRP|HRH4|MC3R|MC4R|PTGER1|PTGER3|TBXA2R
 KEGG:hsa04080	Neuroactive ligand-receptor interaction	0.000677518444185	0.0485144	ADORA3|AVPR2|HRH4|MC3R|MC4R|NR3C1|PRLR|PTGER1|PTGER3|TBXA2R
