 KEGG:hsa04810	Regulation of actin cytoskeleton	0.0	0	FGF1|FGF12|FGF13|FGF14|FGF16|FGF2|FGF20|FGF23|FGF4|FGF5|FGF6|FGF8|FGF9|ITGB1|ITGB2|ITGB3|ITGB5|ITGB6|ITGB7
 KEGG:hsa05218	Melanoma	0.0	0	FGF1|FGF12|FGF13|FGF14|FGF16|FGF2|FGF20|FGF23|FGF4|FGF5|FGF6|FGF8|FGF9
 REACT:R-HSA-1839122	Signaling by activated point mutants of FGFR1	0.0	0	FGF1|FGF2|FGF20|FGF23|FGF4|FGF5|FGF6|FGF8|FGF9
 REACT:R-HSA-1839126	FGFR2 mutant receptor activation	0.0	0	FGF1|FGF16|FGF2|FGF20|FGF23|FGF4|FGF5|FGF6|FGF8|FGF9
 REACT:R-HSA-1839130	Signaling by activated point mutants of FGFR3	0.0	0	FGF1|FGF16|FGF2|FGF20|FGF23|FGF4|FGF5|FGF8|FGF9
 REACT:R-HSA-190239	FGFR3 ligand binding and activation	0.0	0	FGF1|FGF16|FGF2|FGF20|FGF23|FGF4|FGF5|FGF8|FGF9
 REACT:R-HSA-190241	FGFR2 ligand binding and activation	0.0	0	FGF1|FGF16|FGF2|FGF20|FGF23|FGF4|FGF5|FGF6|FGF8|FGF9
 REACT:R-HSA-190242	FGFR1 ligand binding and activation	0.0	0	FGF1|FGF2|FGF20|FGF23|FGF4|FGF5|FGF6|FGF8|FGF9
 REACT:R-HSA-190322	FGFR4 ligand binding and activation	0.0	0	FGF1|FGF16|FGF2|FGF20|FGF23|FGF4|FGF6|FGF8|FGF9
 REACT:R-HSA-190372	FGFR3c ligand binding and activation	0.0	0	FGF1|FGF16|FGF2|FGF20|FGF23|FGF4|FGF5|FGF8|FGF9
 REACT:R-HSA-190373	FGFR1c ligand binding and activation	0.0	0	FGF1|FGF2|FGF20|FGF23|FGF4|FGF5|FGF6|FGF8|FGF9
 REACT:R-HSA-190375	FGFR2c ligand binding and activation	0.0	0	FGF1|FGF16|FGF2|FGF20|FGF23|FGF4|FGF5|FGF6|FGF8|FGF9
 REACT:R-HSA-2033514	FGFR3 mutant receptor activation	0.0	0	FGF1|FGF16|FGF2|FGF20|FGF23|FGF4|FGF5|FGF8|FGF9
 REACT:R-HSA-2033519	Activated point mutants of FGFR2	0.0	0	FGF1|FGF16|FGF2|FGF20|FGF23|FGF4|FGF5|FGF6|FGF8|FGF9
 REACT:R-HSA-428790	Facilitative Na+-independent glucose transporters	0.0	0	SLC2A1|SLC2A10|SLC2A11|SLC2A14|SLC2A2|SLC2A3|SLC2A5|SLC2A6|SLC2A8|SLC2A9
 REACT:R-HSA-5654219	Phospholipase C-mediated cascade: FGFR1	0.0	0	FGF1|FGF2|FGF20|FGF23|FGF4|FGF5|FGF6|FGF8|FGF9
 REACT:R-HSA-5654221	Phospholipase C-mediated cascade; FGFR2	0.0	0	FGF1|FGF16|FGF2|FGF20|FGF23|FGF4|FGF5|FGF6|FGF8|FGF9
 REACT:R-HSA-5654227	Phospholipase C-mediated cascade; FGFR3	0.0	0	FGF1|FGF16|FGF2|FGF20|FGF23|FGF4|FGF5|FGF8|FGF9
 REACT:R-HSA-5654228	Phospholipase C-mediated cascade; FGFR4	0.0	0	FGF1|FGF16|FGF2|FGF20|FGF23|FGF4|FGF6|FGF8|FGF9
 REACT:R-HSA-5654688	SHC-mediated cascade:FGFR1	0.0	0	FGF1|FGF2|FGF20|FGF23|FGF4|FGF5|FGF6|FGF8|FGF9
 REACT:R-HSA-5654689	PI-3K cascade:FGFR1	0.0	0	FGF1|FGF2|FGF20|FGF23|FGF4|FGF5|FGF6|FGF8|FGF9
 REACT:R-HSA-5654693	FRS-mediated FGFR1 signaling	0.0	0	FGF1|FGF2|FGF20|FGF23|FGF4|FGF5|FGF6|FGF8|FGF9
 REACT:R-HSA-5654695	PI-3K cascade:FGFR2	0.0	0	FGF1|FGF16|FGF2|FGF20|FGF23|FGF4|FGF5|FGF6|FGF8|FGF9
 REACT:R-HSA-5654696	Downstream signaling of activated FGFR2	0.0	0	FGF1|FGF16|FGF2|FGF20|FGF23|FGF4|FGF5|FGF6|FGF8|FGF9
 REACT:R-HSA-5654699	SHC-mediated cascade:FGFR2	0.0	0	FGF1|FGF16|FGF2|FGF20|FGF23|FGF4|FGF5|FGF6|FGF8|FGF9
 REACT:R-HSA-5654704	SHC-mediated cascade:FGFR3	0.0	0	FGF1|FGF16|FGF2|FGF20|FGF23|FGF4|FGF5|FGF8|FGF9
 REACT:R-HSA-5654706	FRS-mediated FGFR3 signaling	0.0	0	FGF1|FGF16|FGF2|FGF20|FGF23|FGF4|FGF5|FGF8|FGF9
 REACT:R-HSA-5654710	PI-3K cascade:FGFR3	0.0	0	FGF1|FGF16|FGF2|FGF20|FGF23|FGF4|FGF5|FGF8|FGF9
 REACT:R-HSA-5654712	FRS-mediated FGFR4 signaling	0.0	0	FGF1|FGF16|FGF2|FGF20|FGF23|FGF4|FGF6|FGF8|FGF9
 REACT:R-HSA-5654719	SHC-mediated cascade:FGFR4	0.0	0	FGF1|FGF16|FGF2|FGF20|FGF23|FGF4|FGF6|FGF8|FGF9
 REACT:R-HSA-5654720	PI-3K cascade:FGFR4	0.0	0	FGF1|FGF16|FGF2|FGF20|FGF23|FGF4|FGF6|FGF8|FGF9
 REACT:R-HSA-5654726	Negative regulation of FGFR1 signaling	0.0	0	FGF1|FGF2|FGF20|FGF23|FGF4|FGF5|FGF6|FGF8|FGF9|PPP2R1A
 REACT:R-HSA-5654727	Negative regulation of FGFR2 signaling	0.0	0	FGF1|FGF16|FGF2|FGF20|FGF23|FGF4|FGF5|FGF6|FGF8|FGF9|PPP2R1A
 REACT:R-HSA-5654732	Negative regulation of FGFR3 signaling	0.0	0	FGF1|FGF16|FGF2|FGF20|FGF23|FGF4|FGF5|FGF8|FGF9|PPP2R1A
 REACT:R-HSA-5654733	Negative regulation of FGFR4 signaling	0.0	0	FGF1|FGF16|FGF2|FGF20|FGF23|FGF4|FGF6|FGF8|FGF9|PPP2R1A
 REACT:R-HSA-5655332	Signaling by FGFR3 in disease	0.0	0	FGF1|FGF16|FGF2|FGF20|FGF23|FGF4|FGF5|FGF8|FGF9
 REACT:R-HSA-8853338	Signaling by FGFR3 point mutants in cancer	0.0	0	FGF1|FGF16|FGF2|FGF20|FGF23|FGF4|FGF5|FGF8|FGF9
 REACT:R-HSA-5654700	FRS-mediated FGFR2 signaling	3.14637205179e-13	1.95655e-11	FGF1|FGF16|FGF2|FGF20|FGF23|FGF4|FGF5|FGF6|FGF8|FGF9
 REACT:R-HSA-5654716	Downstream signaling of activated FGFR4	7.90079113244e-12	4.78707e-10	FGF1|FGF16|FGF2|FGF20|FGF23|FGF4|FGF6|FGF8|FGF9
 REACT:R-HSA-5654708	Downstream signaling of activated FGFR3	8.5075280154e-12	5.02582e-10	FGF1|FGF16|FGF2|FGF20|FGF23|FGF4|FGF5|FGF8|FGF9
 REACT:R-HSA-425366	"Transport of glucose and other sugars bile salts and organic acids metal ions and amine compounds"	1.42007516857e-11	8.18448e-10	SLC14A1|SLC22A6|SLC22A8|SLC2A1|SLC2A10|SLC2A11|SLC2A14|SLC2A2|SLC2A3|SLC2A5|SLC2A6|SLC2A8|SLC2A9|SLC39A8
 REACT:R-HSA-5654741	Signaling by FGFR3	2.1337265288e-11	1.20048e-09	FGF1|FGF16|FGF2|FGF20|FGF23|FGF4|FGF5|FGF8|FGF9|PPP2R1A
 REACT:R-HSA-5654743	Signaling by FGFR4	4.66312544134e-11	2.56255e-09	FGF1|FGF16|FGF2|FGF20|FGF23|FGF4|FGF6|FGF8|FGF9|PPP2R1A
 REACT:R-HSA-5655253	Signaling by FGFR2 in disease	5.20453680153e-11	2.79507e-09	FGF1|FGF16|FGF2|FGF20|FGF23|FGF4|FGF5|FGF6|FGF8|FGF9
 REACT:R-HSA-1839124	FGFR1 mutant receptor activation	6.05184791169e-11	3.10881e-09	FGF1|FGF2|FGF20|FGF23|FGF4|FGF5|FGF6|FGF8|FGF9
 REACT:R-HSA-5654687	Downstream signaling of activated FGFR1	6.05184791169e-11	3.10881e-09	FGF1|FGF2|FGF20|FGF23|FGF4|FGF5|FGF6|FGF8|FGF9
 KEGG:hsa05224	Breast cancer	2.14449125124e-10	1.07818e-08	FGF1|FGF12|FGF13|FGF14|FGF16|FGF2|FGF20|FGF23|FGF4|FGF5|FGF6|FGF8|FGF9|NFKB2|PGR
 REACT:R-HSA-5654736	Signaling by FGFR1	3.74450803697e-10	1.84339e-08	FGF1|FGF2|FGF20|FGF23|FGF4|FGF5|FGF6|FGF8|FGF9|PPP2R1A
 REACT:R-HSA-6811558	"PI5P PP2A and IER3 Regulate PI3K/AKT Signaling"	5.55396728608e-10	2.67837e-08	FGF1|FGF16|FGF2|FGF20|FGF23|FGF4|FGF5|FGF6|FGF8|FGF9|PPP2R1A|PPP2R1B
 REACT:R-HSA-5655302	Signaling by FGFR1 in disease	5.70415492618e-10	2.69578e-08	FGF1|FGF2|FGF20|FGF23|FGF4|FGF5|FGF6|FGF8|FGF9
 KEGG:hsa04151	PI3K-Akt signaling pathway	9.42994127229e-10	4.36921e-08	FGF1|FGF12|FGF13|FGF14|FGF16|FGF2|FGF20|FGF23|FGF4|FGF5|FGF6|FGF8|FGF9|IL2RG|ITGB1|ITGB3|ITGB5|ITGB6|ITGB7|PPP2R1A|PPP2R1B
 REACT:R-HSA-199418	Negative regulation of the PI3K/AKT network	1.44864542584e-09	6.58298e-08	FGF1|FGF16|FGF2|FGF20|FGF23|FGF4|FGF5|FGF6|FGF8|FGF9|PPP2R1A|PPP2R1B
 REACT:R-HSA-5654738	Signaling by FGFR2	1.55762613918e-09	6.94466e-08	FGF1|FGF16|FGF2|FGF20|FGF23|FGF4|FGF5|FGF6|FGF8|FGF9|PPP2R1A
 REACT:R-HSA-1226099	Signaling by FGFR in disease	4.03974853569e-09	1.76776e-07	FGF1|FGF16|FGF2|FGF20|FGF23|FGF4|FGF5|FGF6|FGF8|FGF9
 KEGG:hsa04015	Rap1 signaling pathway	5.5442428426e-09	2.35677e-07	FGF1|FGF12|FGF13|FGF14|FGF16|FGF2|FGF20|FGF23|FGF4|FGF5|FGF6|FGF8|FGF9|ITGB1|ITGB2|ITGB3
 REACT:R-HSA-2219530	Constitutive Signaling by Aberrant PI3K in Cancer	5.58523383098e-09	2.35677e-07	FGF1|FGF16|FGF2|FGF20|FGF23|FGF4|FGF5|FGF6|FGF8|FGF9
 REACT:R-HSA-190236	Signaling by FGFR	1.02219673837e-08	4.23763e-07	FGF1|FGF16|FGF2|FGF20|FGF23|FGF4|FGF5|FGF6|FGF8|FGF9|PPP2R1A
 REACT:R-HSA-1257604	PIP3 activates AKT signaling	3.87368640498e-08	1.55714e-06	FGF1|FGF16|FGF2|FGF20|FGF23|FGF4|FGF5|FGF6|FGF8|FGF9|PPP2R1A|PPP2R1B
 REACT:R-HSA-109704	PI3K Cascade	3.88790057926e-08	1.55714e-06	FGF1|FGF16|FGF2|FGF20|FGF23|FGF4|FGF5|FGF6|FGF8|FGF9
 REACT:R-HSA-180292	GAB1 signalosome	5.05829924613e-08	1.95947e-06	FGF1|FGF16|FGF2|FGF20|FGF23|FGF4|FGF5|FGF6|FGF8|FGF9|PPP2R1A|PPP2R1B
 REACT:R-HSA-198203	PI3K/AKT activation	5.05829924613e-08	1.95947e-06	FGF1|FGF16|FGF2|FGF20|FGF23|FGF4|FGF5|FGF6|FGF8|FGF9|PPP2R1A|PPP2R1B
 KEGG:hsa04010	MAPK signaling pathway	8.6402343169e-08	3.29304e-06	FGF1|FGF12|FGF13|FGF14|FGF16|FGF2|FGF20|FGF23|FGF4|FGF5|FGF6|FGF8|FGF9|IL1A|NFKB2|PPP3R2
 REACT:R-HSA-449147	Signaling by Interleukins	1.02345759423e-07	3.83878e-06	ANXA1|CSF2RA|FGF1|FGF16|FGF2|FGF20|FGF23|FGF4|FGF5|FGF6|FGF8|FGF9|IL1A|IL1RN|IL22RA2|IL2RG|ITGB1|ITGB2|ITGB3|LGALS9|NFKB2|PPP2R1A|PPP2R1B
 REACT:R-HSA-2730905	Role of LAT2/NTAL/LAB on calcium mobilization	1.07907442648e-07	3.98415e-06	FGF1|FGF16|FGF2|FGF20|FGF23|FGF4|FGF5|FGF6|FGF8|FGF9|PPP2R1A|PPP2R1B
 REACT:R-HSA-451927	Interleukin-2 signaling	1.25550517316e-07	4.56424e-06	CSF2RA|FGF1|FGF16|FGF2|FGF20|FGF23|FGF4|FGF5|FGF6|FGF8|FGF9|IL2RG|ITGB3|LGALS9|PPP2R1A|PPP2R1B
 REACT:R-HSA-2219528	PI3K/AKT Signaling in Cancer	1.37786960619e-07	4.93319e-06	FGF1|FGF16|FGF2|FGF20|FGF23|FGF4|FGF5|FGF6|FGF8|FGF9
 REACT:R-HSA-5658623	FGFRL1 modulation of FGFR1 signaling	3.06231672687e-07	1.0268e-05	FGF2|FGF23|FGF4|FGF5|FGF8
 REACT:R-HSA-112412	SOS-mediated signalling	3.08518935177e-07	1.0268e-05	CSF2RA|FGF1|FGF16|FGF2|FGF20|FGF23|FGF4|FGF5|FGF6|FGF8|FGF9|IL2RG|ITGB3|PPP2R1A|PPP2R1B
 REACT:R-HSA-179812	GRB2 events in EGFR signaling	3.08518935177e-07	1.0268e-05	CSF2RA|FGF1|FGF16|FGF2|FGF20|FGF23|FGF4|FGF5|FGF6|FGF8|FGF9|IL2RG|ITGB3|PPP2R1A|PPP2R1B
 REACT:R-HSA-180336	SHC1 events in EGFR signaling	3.08518935177e-07	1.0268e-05	CSF2RA|FGF1|FGF16|FGF2|FGF20|FGF23|FGF4|FGF5|FGF6|FGF8|FGF9|IL2RG|ITGB3|PPP2R1A|PPP2R1B
 REACT:R-HSA-5673001	RAF/MAP kinase cascade	3.08518935177e-07	1.0268e-05	CSF2RA|FGF1|FGF16|FGF2|FGF20|FGF23|FGF4|FGF5|FGF6|FGF8|FGF9|IL2RG|ITGB3|PPP2R1A|PPP2R1B
 KEGG:hsa05200	Pathways in cancer	3.3207372574e-07	1.08985e-05	AR|CSF2RA|FGF1|FGF12|FGF13|FGF14|FGF16|FGF2|FGF20|FGF23|FGF4|FGF5|FGF6|FGF8|FGF9|ITGB1|NFKB2|SLC2A1|SPI1
 REACT:R-HSA-170984	ARMS-mediated activation	3.79992114996e-07	1.21341e-05	CSF2RA|FGF1|FGF16|FGF2|FGF20|FGF23|FGF4|FGF5|FGF6|FGF8|FGF9|IL2RG|ITGB3|PPP2R1A|PPP2R1B
 REACT:R-HSA-187706	Signalling to p38 via RIT and RIN	3.79992114996e-07	1.21341e-05	CSF2RA|FGF1|FGF16|FGF2|FGF20|FGF23|FGF4|FGF5|FGF6|FGF8|FGF9|IL2RG|ITGB3|PPP2R1A|PPP2R1B
 REACT:R-HSA-170968	Frs2-mediated activation	4.00048164484e-07	1.26042e-05	CSF2RA|FGF1|FGF16|FGF2|FGF20|FGF23|FGF4|FGF5|FGF6|FGF8|FGF9|IL2RG|ITGB3|PPP2R1A|PPP2R1B
 REACT:R-HSA-5684996	MAPK1/MAPK3 signaling	4.21071551182e-07	1.3092e-05	CSF2RA|FGF1|FGF16|FGF2|FGF20|FGF23|FGF4|FGF5|FGF6|FGF8|FGF9|IL2RG|ITGB3|PPP2R1A|PPP2R1B
 REACT:R-HSA-169893	Prolonged ERK activation events	4.43086008217e-07	1.35976e-05	CSF2RA|FGF1|FGF16|FGF2|FGF20|FGF23|FGF4|FGF5|FGF6|FGF8|FGF9|IL2RG|ITGB3|PPP2R1A|PPP2R1B
 REACT:R-HSA-2586552	Signaling by Leptin	4.66130207322e-07	1.41214e-05	CSF2RA|FGF1|FGF16|FGF2|FGF20|FGF23|FGF4|FGF5|FGF6|FGF8|FGF9|IL2RG|ITGB3|PPP2R1A|PPP2R1B
 REACT:R-HSA-912526	Interleukin receptor SHC signaling	5.15467061257e-07	1.54183e-05	CSF2RA|FGF1|FGF16|FGF2|FGF20|FGF23|FGF4|FGF5|FGF6|FGF8|FGF9|IL2RG|ITGB3|PPP2R1A|PPP2R1B
 REACT:R-HSA-167044	Signalling to RAS	5.41882674066e-07	1.60059e-05	CSF2RA|FGF1|FGF16|FGF2|FGF20|FGF23|FGF4|FGF5|FGF6|FGF8|FGF9|IL2RG|ITGB3|PPP2R1A|PPP2R1B
 REACT:R-HSA-5218921	VEGFR2 mediated cell proliferation	5.98393109397e-07	1.74568e-05	CSF2RA|FGF1|FGF16|FGF2|FGF20|FGF23|FGF4|FGF5|FGF6|FGF8|FGF9|IL2RG|ITGB3|PPP2R1A|PPP2R1B
 REACT:R-HSA-190371	FGFR3b ligand binding and activation	7.35226190374e-07	2.11871e-05	FGF1|FGF20|FGF8|FGF9
 REACT:R-HSA-187687	Signalling to ERKs	7.63644964374e-07	2.17409e-05	CSF2RA|FGF1|FGF16|FGF2|FGF20|FGF23|FGF4|FGF5|FGF6|FGF8|FGF9|IL2RG|ITGB3|PPP2R1A|PPP2R1B
 REACT:R-HSA-8853659	RET signaling	1.06405610378e-06	2.99329e-05	CSF2RA|FGF1|FGF16|FGF2|FGF20|FGF23|FGF4|FGF5|FGF6|FGF8|FGF9|IL2RG|ITGB3|PPP2R1A|PPP2R1B
 REACT:R-HSA-2871796	FCERI mediated MAPK activation	1.11473492737e-06	3.06293e-05	CSF2RA|FGF1|FGF16|FGF2|FGF20|FGF23|FGF4|FGF5|FGF6|FGF8|FGF9|IL2RG|ITGB3|PPP2R1A|PPP2R1B
 REACT:R-HSA-512988	"Interleukin-3 5 and GM-CSF signaling"	1.11473492737e-06	3.06293e-05	CSF2RA|FGF1|FGF16|FGF2|FGF20|FGF23|FGF4|FGF5|FGF6|FGF8|FGF9|IL2RG|ITGB3|PPP2R1A|PPP2R1B
 REACT:R-HSA-375165	NCAM signaling for neurite out-growth	1.40209264354e-06	3.80821e-05	CSF2RA|FGF1|FGF16|FGF2|FGF20|FGF23|FGF4|FGF5|FGF6|FGF8|FGF9|IL2RG|ITGB3|PPP2R1A|PPP2R1B
 REACT:R-HSA-74752	Signaling by Insulin receptor	1.99033868264e-06	5.34451e-05	ATP6V1E2|CSF2RA|FGF1|FGF16|FGF2|FGF20|FGF23|FGF4|FGF5|FGF6|FGF8|FGF9|IL2RG|ITGB3|PPP2R1A|PPP2R1B
 REACT:R-HSA-425407	SLC-mediated transmembrane transport	2.18430883481e-06	5.79946e-05	SLC14A1|SLC22A6|SLC22A8|SLC2A1|SLC2A10|SLC2A11|SLC2A14|SLC2A2|SLC2A3|SLC2A5|SLC2A6|SLC2A8|SLC2A9|SLC39A8|SLC8A3
 REACT:R-HSA-5683057	MAPK family signaling cascades	2.59385983337e-06	6.81032e-05	CSF2RA|FGF1|FGF16|FGF2|FGF20|FGF23|FGF4|FGF5|FGF6|FGF8|FGF9|IL2RG|ITGB3|PPP2R1A|PPP2R1B
 REACT:R-HSA-112399	IRS-mediated signalling	3.0709868899e-06	7.97444e-05	CSF2RA|FGF1|FGF16|FGF2|FGF20|FGF23|FGF4|FGF5|FGF6|FGF8|FGF9|IL2RG|ITGB3|PPP2R1A|PPP2R1B
 REACT:R-HSA-71387	Metabolism of carbohydrates	3.33780972006e-06	8.57309e-05	AMY2A|AMY2B|B4GALT2|B4GALT3|B4GALT4|EPM2A|NAGLU|PPP2R1A|PPP2R1B|SI|SLC2A1|SLC2A14|SLC2A2|SLC2A3|SLC2A5
 REACT:R-HSA-74751	Insulin receptor signalling cascade	3.47887363139e-06	8.83933e-05	CSF2RA|FGF1|FGF16|FGF2|FGF20|FGF23|FGF4|FGF5|FGF6|FGF8|FGF9|IL2RG|ITGB3|PPP2R1A|PPP2R1B
 REACT:R-HSA-2428924	IGF1R signaling cascade	3.62523401309e-06	9.01729e-05	CSF2RA|FGF1|FGF16|FGF2|FGF20|FGF23|FGF4|FGF5|FGF6|FGF8|FGF9|IL2RG|ITGB3|PPP2R1A|PPP2R1B
 REACT:R-HSA-2428928	IRS-related events triggered by IGF1R	3.62523401309e-06	9.01729e-05	CSF2RA|FGF1|FGF16|FGF2|FGF20|FGF23|FGF4|FGF5|FGF6|FGF8|FGF9|IL2RG|ITGB3|PPP2R1A|PPP2R1B
 REACT:R-HSA-2404192	Signaling by Type 1 Insulin-like Growth Factor 1 Receptor (IGF1R)	3.77708902144e-06	9.29715e-05	CSF2RA|FGF1|FGF16|FGF2|FGF20|FGF23|FGF4|FGF5|FGF6|FGF8|FGF9|IL2RG|ITGB3|PPP2R1A|PPP2R1B
 KEGG:hsa04014	Ras signaling pathway	4.14688111339e-06	0.000101021	FGF1|FGF12|FGF13|FGF14|FGF16|FGF2|FGF20|FGF23|FGF4|FGF5|FGF6|FGF8|FGF9
 REACT:R-HSA-1280215	Cytokine Signaling in Immune system	5.0280108792e-06	0.000121237	ANXA1|CSF2RA|FGF1|FGF16|FGF2|FGF20|FGF23|FGF4|FGF5|FGF6|FGF8|FGF9|IFNG|IL1A|IL1RN|IL22RA2|IL2RG|ITGB1|ITGB2|ITGB3|LGALS9|NFKB2|PPP2R1A|PPP2R1B|TNFRSF25
 REACT:R-HSA-1168372	Downstream signaling events of B Cell Receptor (BCR)	5.26060127726e-06	0.000125564	FGF1|FGF16|FGF2|FGF20|FGF23|FGF4|FGF5|FGF6|FGF8|FGF9|PPP2R1A|PPP2R1B
 REACT:R-HSA-983705	Signaling by the B Cell Receptor (BCR)	5.78201753443e-06	0.000136629	CD22|FGF1|FGF16|FGF2|FGF20|FGF23|FGF4|FGF5|FGF6|FGF8|FGF9|PPP2R1A|PPP2R1B
 REACT:R-HSA-428776	Class II GLUTs	7.14258910661e-06	0.000167108	SLC2A11|SLC2A5|SLC2A9
 REACT:R-HSA-881907	Gastrin-CREB signalling pathway via PKC and MAPK	7.58618834518e-06	0.000175747	ANXA1|CSF2RA|FGF1|FGF16|FGF2|FGF20|FGF23|FGF4|FGF5|FGF6|FGF8|FGF9|GRP|IL2RG|ITGB3|PPP2R1A|PPP2R1B|PROK2
 REACT:R-HSA-422475	Axon guidance	1.18728752696e-05	0.000272385	APH1A|CD72|CSF2RA|FGF1|FGF16|FGF2|FGF20|FGF23|FGF4|FGF5|FGF6|FGF8|FGF9|IL2RG|ITGB1|ITGB3|PLXNA1|PLXNA2|PPP2R1A|PPP2R1B
 REACT:R-HSA-4420097	VEGFA-VEGFR2 Pathway	1.2417962112e-05	0.00028215	CSF2RA|FGF1|FGF16|FGF2|FGF20|FGF23|FGF4|FGF5|FGF6|FGF8|FGF9|IL2RG|ITGB3|PPP2R1A|PPP2R1B
 KEGG:hsa_M00415	"Fatty acid biosynthesis elongation endoplasmic reticulum"	1.41829806743e-05	0.000319185	ELOVL1|ELOVL3|ELOVL4|ELOVL7
 REACT:R-HSA-1433557	Signaling by SCF-KIT	1.59220927853e-05	0.000354943	CSF2RA|FGF1|FGF16|FGF2|FGF20|FGF23|FGF4|FGF5|FGF6|FGF8|FGF9|IL2RG|ITGB3|PPP2R1A|PPP2R1B
 REACT:R-HSA-194138	Signaling by VEGF	1.64884262314e-05	0.000364132	CSF2RA|FGF1|FGF16|FGF2|FGF20|FGF23|FGF4|FGF5|FGF6|FGF8|FGF9|IL2RG|ITGB3|PPP2R1A|PPP2R1B
 KEGG:hsa_M00071	"Glycosphingolipid biosynthesis neolacto-series LacCer => nLc4Cer"	1.76958989037e-05	0.00038718	B4GALT2|B4GALT3|B4GALT4
 REACT:R-HSA-186763	Downstream signal transduction	2.65208254017e-05	0.000574942	CSF2RA|FGF1|FGF16|FGF2|FGF20|FGF23|FGF4|FGF5|FGF6|FGF8|FGF9|IL2RG|ITGB3|PPP2R1A|PPP2R1B
 REACT:R-HSA-2424491	DAP12 signaling	3.02375949089e-05	0.000649559	CSF2RA|FGF1|FGF16|FGF2|FGF20|FGF23|FGF4|FGF5|FGF6|FGF8|FGF9|IL2RG|ITGB3|PPP2R1A|PPP2R1B
 REACT:R-HSA-383280	Nuclear Receptor transcription pathway	3.48490855727e-05	0.000741877	AR|NR3C1|NR3C2|NR4A3|PGR|VDR
 REACT:R-HSA-177929	Signaling by EGFR	3.90764291602e-05	0.000824443	CSF2RA|FGF1|FGF16|FGF2|FGF20|FGF23|FGF4|FGF5|FGF6|FGF8|FGF9|IL2RG|ITGB3|PPP2R1A|PPP2R1B
 REACT:R-HSA-2172127	DAP12 interactions	4.86035242723e-05	0.00101637	CSF2RA|FGF1|FGF16|FGF2|FGF20|FGF23|FGF4|FGF5|FGF6|FGF8|FGF9|IL2RG|ITGB3|PPP2R1A|PPP2R1B
 REACT:R-HSA-186797	Signaling by PDGF	5.66063177789e-05	0.00117334	CSF2RA|FGF1|FGF16|FGF2|FGF20|FGF23|FGF4|FGF5|FGF6|FGF8|FGF9|IL2RG|ITGB3|PPP2R1A|PPP2R1B
 REACT:R-HSA-2454202	Fc epsilon receptor (FCERI) signaling	6.01182995357e-05	0.0012353	CSF2RA|FGF1|FGF16|FGF2|FGF20|FGF23|FGF4|FGF5|FGF6|FGF8|FGF9|IL2RG|ITGB3|PPP2R1A|PPP2R1B
 REACT:R-HSA-416700	Other semaphorin interactions	7.26086769269e-05	0.00147909	CD72|ITGB1|PLXNA1|PLXNA2
 REACT:R-HSA-187037	NGF signalling via TRKA from the plasma membrane	7.84018203439e-05	0.00158345	CSF2RA|FGF1|FGF16|FGF2|FGF20|FGF23|FGF4|FGF5|FGF6|FGF8|FGF9|IL2RG|ITGB3|PPP2R1A|PPP2R1B
 REACT:R-HSA-3000170	Syndecan interactions	8.99002226215e-05	0.00180029	FGF2|ITGB1|ITGB3|ITGB5
 REACT:R-HSA-196836	Vitamin C (ascorbate) metabolism	9.64501368802e-05	0.00191522	SLC23A1|SLC2A1|SLC2A3
 REACT:R-HSA-189085	Digestion of dietary carbohydrate	0.000143376795575	0.00282333	AMY2A|AMY2B|SI
 REACT:R-HSA-5663202	Diseases of signal transduction	0.000176419456864	0.00344528	APH1A|FGF1|FGF16|FGF2|FGF20|FGF23|FGF4|FGF5|FGF6|FGF8|FGF9|ITGB3|PPP2R1A|PPP2R1B
 REACT:R-HSA-216083	Integrin cell surface interactions	0.000178577990694	0.00345885	ITGB1|ITGB2|ITGB3|ITGB5|ITGB6|ITGB7
 KEGG:hsa04973	Carbohydrate digestion and absorption	0.000190381714749	0.0036575	AMY2A|AMY2B|SI|SLC2A2|SLC2A5
 REACT:R-HSA-382551	Transmembrane transport of small molecules	0.000211628198136	0.00400929	ANO7|ATP6V1E2|AZGP1|CLCN1|CLCN2|SLC14A1|SLC22A6|SLC22A8|SLC2A1|SLC2A10|SLC2A11|SLC2A14|SLC2A2|SLC2A3|SLC2A5|SLC2A6|SLC2A8|SLC2A9|SLC39A8|SLC8A3
 REACT:R-HSA-3000171	Non-integrin membrane-ECM interactions	0.000212086776064	0.00400929	FGF2|ITGB1|ITGB3|ITGB5|NRXN1
 KEGG:hsa00062	Fatty acid elongation	0.000223815557461	0.00419743	ELOVL1|ELOVL3|ELOVL4|ELOVL7
 REACT:R-HSA-166520	Signalling by NGF	0.000240323611014	0.00447153	APH1A|CSF2RA|FGF1|FGF16|FGF2|FGF20|FGF23|FGF4|FGF5|FGF6|FGF8|FGF9|IL2RG|ITGB3|PPP2R1A|PPP2R1B
 KEGG:hsa00601	Glycosphingolipid biosynthesis - lacto and neolacto series	0.00030466326895	0.00562437	ABO|B4GALT2|B4GALT3|B4GALT4
 REACT:R-HSA-75876	Synthesis of very long-chain fatty acyl-CoAs	0.000352079488441	0.00644933	ELOVL1|ELOVL3|ELOVL4|ELOVL7
 REACT:R-HSA-189200	Hexose transport	0.000502607985359	0.00913587	SLC2A1|SLC2A14|SLC2A2|SLC2A3|SLC2A5
 REACT:R-HSA-2129379	Molecules associated with elastic fibres	0.000525865676951	0.00948565	ITGB1|ITGB3|ITGB5|ITGB6
 KEGG:hsa00533	Glycosaminoglycan biosynthesis - keratan sulfate	0.000593960508412	0.0106328	B4GALT2|B4GALT3|B4GALT4
 REACT:R-HSA-975577	N-Glycan antennae elongation	0.000735809500298	0.0130731	B4GALT2|B4GALT3|B4GALT4
 REACT:R-HSA-446219	Synthesis of substrates in N-glycan biosythesis	0.00102290752662	0.0180383	NAGK|NEU1|NEU2|NEU3|RENBP
 KEGG:hsa04640	Hematopoietic cell lineage	0.00114324259565	0.020011	CD1D|CD1E|CD22|CSF2RA|IL1A|ITGB3
 REACT:R-HSA-168256	Immune System	0.0012795671647	0.0221561	ANXA1|ATP6V1E2|CD1D|CD22|CLEC12A|CRP|CSF2RA|DEFB112|FGF1|FGF16|FGF2|FGF20|FGF23|FGF4|FGF5|FGF6|FGF8|FGF9|IFNG|IL1A|IL1RN|IL22RA2|IL2RG|ITGB1|ITGB2|ITGB3|ITGB5|ITGB7|LGALS9|NEU1|NFKB2|PGLYRP1|PGLYRP2|PGLYRP3|PGLYRP4|PPP2R1A|PPP2R1B|SIGLEC7|SLC2A3|SLC2A5|TNFRSF25
 KEGG:hsa00511	Other glycan degradation	0.00128454892905	0.0221561	NEU1|NEU2|NEU3
 REACT:R-HSA-561048	Organic anion transport	0.00145545869039	0.0249221	SLC22A6|SLC22A8
 REACT:R-HSA-1566948	Elastic fibre formation	0.00168559401205	0.0286551	ITGB1|ITGB3|ITGB5|ITGB6
 KEGG:hsa05412	Arrhythmogenic right ventricular cardiomyopathy (ARVC)	0.0018649213038	0.0314772	ITGB1|ITGB3|ITGB5|ITGB6|ITGB7
 REACT:R-HSA-168249	Innate Immune System	0.00196822300406	0.0329852	ATP6V1E2|CLEC12A|CRP|CSF2RA|DEFB112|FGF1|FGF16|FGF2|FGF20|FGF23|FGF4|FGF5|FGF6|FGF8|FGF9|IL2RG|ITGB2|ITGB3|NEU1|NFKB2|PGLYRP1|PGLYRP2|PGLYRP3|PGLYRP4|PPP2R1A|PPP2R1B|SLC2A3|SLC2A5
 REACT:R-HSA-190370	FGFR1b ligand binding and activation	0.00216565120803	0.0360383	FGF1|FGF2
 REACT:R-HSA-70153	Glucose transport	0.0023663617368	0.0391029	SLC2A1|SLC2A14|SLC2A2|SLC2A3
 REACT:R-HSA-446203	Asparagine N-linked glycosylation	0.00258147096333	0.0423612	B4GALT2|B4GALT3|B4GALT4|GBF1|NAGK|NEU1|NEU2|NEU3|PPP6C|RENBP
 REACT:R-HSA-446193	"Biosynthesis of the N-glycan precursor (dolichol lipid-linked oligosaccharide LLO) and transfer to a nascent protein"	0.00265409922248	0.0432527	NAGK|NEU1|NEU2|NEU3|RENBP
 REACT:R-HSA-6785807	Interleukin-4 and 13 signaling	0.00274934911865	0.044498	ANXA1|FGF2|IL1A|IL2RG|ITGB1|ITGB2
 REACT:R-HSA-1266738	Developmental Biology	0.00279585754797	0.0449429	APH1A|CD72|CSF2RA|FGF1|FGF16|FGF2|FGF20|FGF23|FGF4|FGF5|FGF6|FGF8|FGF9|IL2RG|ITGB1|ITGB3|KRT14|KRTAP13-1|KRTAP19-5|PLXNA1|PLXNA2|PPP2R1A|PPP2R1B|SLC2A2
 REACT:R-HSA-163767	PP2A-mediated dephosphorylation of key metabolic factors	0.0030075806642	0.0475681	PPP2R1A|PPP2R1B
 REACT:R-HSA-448706	Interleukin-1 processing	0.0030075806642	0.0475681	IL1A|NFKB2
 KEGG:hsa_M00154	Cytochrome c oxidase	0.00301955804	0.0475681	COX7A1|COX7A2|COX7A2L
