 KEGG:hsa04151	PI3K-Akt signaling pathway	2.02509102487e-07	0.000273021	IL2RB|IL2RG|IL4R|ITGB1|ITGB3|ITGB5|ITGB6|ITGB7|PPP2R1A|PPP2R1B|PRLR
 KEGG:hsa_M00415	"Fatty acid biosynthesis elongation endoplasmic reticulum"	2.31080328872e-07	0.000273021	ELOVL1|ELOVL3|ELOVL4|ELOVL7
 REACT:R-HSA-216083	Integrin cell surface interactions	4.77230583495e-07	0.000375899	ITGB1|ITGB2|ITGB3|ITGB5|ITGB6|ITGB7
 KEGG:hsa05412	Arrhythmogenic right ventricular cardiomyopathy (ARVC)	6.72222654985e-07	0.000397116	ITGB1|ITGB3|ITGB5|ITGB6|ITGB7|SLC8A1
 KEGG:hsa05410	Hypertrophic cardiomyopathy (HCM)	1.5654139599e-06	0.000659702	ITGB1|ITGB3|ITGB5|ITGB6|ITGB7|SLC8A1
 KEGG:hsa04144	Endocytosis	1.67507833948e-06	0.000659702	ARFGEF1|ARFGEF2|GBF1|IL2RB|IL2RG|PSD|PSD2|PSD3|PSD4
 KEGG:hsa05414	Dilated cardiomyopathy	2.3623048061e-06	0.000797447	ITGB1|ITGB3|ITGB5|ITGB6|ITGB7|SLC8A1
 REACT:R-HSA-383280	Nuclear Receptor transcription pathway	2.72340826324e-06	0.000804427	AR|NR3C1|NR3C2|NR4A3|PGR
 KEGG:hsa00062	Fatty acid elongation	3.93212437722e-06	0.0010324	ELOVL1|ELOVL3|ELOVL4|ELOVL7
 KEGG:hsa04630	Jak-STAT signaling pathway	4.93281444447e-06	0.00116562	CSF2RA|IL21R|IL22RA2|IL2RB|IL2RG|IL4R|PRLR
 REACT:R-HSA-75876	Synthesis of very long-chain fatty acyl-CoAs	6.30278161462e-06	0.00135395	ELOVL1|ELOVL3|ELOVL4|ELOVL7
 REACT:R-HSA-2129379	Molecules associated with elastic fibres	9.59192333516e-06	0.00188881	ITGB1|ITGB3|ITGB5|ITGB6
 REACT:R-HSA-449147	Signaling by Interleukins	1.43436726792e-05	0.00260724	ANXA1|CSF2RA|IL22RA2|IL2RB|IL2RG|IL4R|ITGB1|ITGB2|ITGB3|PPP2R1A|PPP2R1B
 REACT:R-HSA-1280215	Cytokine Signaling in Immune system	1.73787486536e-05	0.00293328	ANXA1|CSF2RA|IL22RA2|IL2RB|IL2RG|IL4R|ITGB1|ITGB2|ITGB3|NUP107|PPP2R1A|PPP2R1B|PRLR
 REACT:R-HSA-425561	Sodium/Calcium exchangers	2.22679954317e-05	0.00350795	SLC8A1|SLC8A2|SLC8A3
 REACT:R-HSA-418359	Reduction of cytosolic Ca++ levels	2.82531241991e-05	0.00396822	SLC8A1|SLC8A2|SLC8A3
 KEGG:hsa04512	ECM-receptor interaction	2.85483608231e-05	0.00396822	ITGB1|ITGB3|ITGB5|ITGB6|ITGB7
 REACT:R-HSA-1566948	Elastic fibre formation	3.2924994926e-05	0.00432232	ITGB1|ITGB3|ITGB5|ITGB6
 REACT:R-HSA-418346	Platelet homeostasis	4.72297084866e-05	0.00587388	PPP2R1A|PPP2R1B|SLC8A1|SLC8A2|SLC8A3
 REACT:R-HSA-109582	Hemostasis	8.2875303525e-05	0.00961077	CSF2RA|IL2RB|IL2RG|ITGB1|ITGB2|ITGB3|PPP2R1A|PPP2R1B|SLC8A1|SLC8A2|SLC8A3
 REACT:R-HSA-3000170	Syndecan interactions	8.68511768463e-05	0.00961077	ITGB1|ITGB3|ITGB5
 REACT:R-HSA-75105	Fatty Acyl-CoA Biosynthesis	8.94781884332e-05	0.00961077	ELOVL1|ELOVL3|ELOVL4|ELOVL7
 REACT:R-HSA-3000178	ECM proteoglycans	0.000110680737072	0.0113712	ITGB1|ITGB3|ITGB5|ITGB6
 REACT:R-HSA-422475	Axon guidance	0.000117379871467	0.011557	APH1A|APH1B|CSF2RA|IL2RB|IL2RG|ITGB1|ITGB3|PPP2R1A|PPP2R1B|TRPC4
 REACT:R-HSA-6785807	Interleukin-4 and 13 signaling	0.000138173837245	0.0130602	ANXA1|IL2RG|IL4R|ITGB1|ITGB2
 KEGG:hsa_M00154	Cytochrome c oxidase	0.000152296132788	0.0138414	COX7A1|COX7A2|COX7A2L
 KEGG:hsa04060	Cytokine-cytokine receptor interaction	0.000166147524903	0.014541	CSF2RA|IL21R|IL22RA2|IL2RB|IL2RG|IL4R|PRLR
 REACT:R-HSA-1251985	Nuclear signaling by ERBB4	0.000172527556767	0.0145601	APH1A|APH1B|PGR
 KEGG:hsa04810	Regulation of actin cytoskeleton	0.000316620855508	0.0257991	ITGB1|ITGB2|ITGB3|ITGB5|ITGB6|ITGB7
 REACT:R-HSA-418360	Platelet calcium homeostasis	0.000330962280367	0.0260688	SLC8A1|SLC8A2|SLC8A3
 KEGG:hsa04260	Cardiac muscle contraction	0.00037341287209	0.0284637	COX7A1|COX7A2|COX7A2L|SLC8A1
 REACT:R-HSA-163767	PP2A-mediated dephosphorylation of key metabolic factors	0.000393235222765	0.029038	PPP2R1A|PPP2R1B
 REACT:R-HSA-75109	Triglyceride Biosynthesis	0.000431332143687	0.030886	ELOVL1|ELOVL3|ELOVL4|ELOVL7
 REACT:R-HSA-881907	Gastrin-CREB signalling pathway via PKC and MAPK	0.000642202652406	0.0406981	ANXA1|CSF2RA|GRP|IL2RB|IL2RG|ITGB3|PPP2R1A|PPP2R1B
 REACT:R-HSA-112412	SOS-mediated signalling	0.000682232921035	0.0406981	CSF2RA|IL2RB|IL2RG|ITGB3|PPP2R1A|PPP2R1B
 REACT:R-HSA-179812	GRB2 events in EGFR signaling	0.000682232921035	0.0406981	CSF2RA|IL2RB|IL2RG|ITGB3|PPP2R1A|PPP2R1B
 REACT:R-HSA-180336	SHC1 events in EGFR signaling	0.000682232921035	0.0406981	CSF2RA|IL2RB|IL2RG|ITGB3|PPP2R1A|PPP2R1B
 REACT:R-HSA-5673001	RAF/MAP kinase cascade	0.000682232921035	0.0406981	CSF2RA|IL2RB|IL2RG|ITGB3|PPP2R1A|PPP2R1B
 REACT:R-HSA-170984	ARMS-mediated activation	0.000742631721826	0.0406981	CSF2RA|IL2RB|IL2RG|ITGB3|PPP2R1A|PPP2R1B
 REACT:R-HSA-187706	Signalling to p38 via RIT and RIN	0.000742631721826	0.0406981	CSF2RA|IL2RB|IL2RG|ITGB3|PPP2R1A|PPP2R1B
 REACT:R-HSA-170968	Frs2-mediated activation	0.000758360367967	0.0406981	CSF2RA|IL2RB|IL2RG|ITGB3|PPP2R1A|PPP2R1B
 REACT:R-HSA-5684996	MAPK1/MAPK3 signaling	0.000774346323009	0.0406981	CSF2RA|IL2RB|IL2RG|ITGB3|PPP2R1A|PPP2R1B
 REACT:R-HSA-169893	Prolonged ERK activation events	0.000790592449349	0.0406981	CSF2RA|IL2RB|IL2RG|ITGB3|PPP2R1A|PPP2R1B
 REACT:R-HSA-2586552	Signaling by Leptin	0.000807101643183	0.0406981	CSF2RA|IL2RB|IL2RG|ITGB3|PPP2R1A|PPP2R1B
 REACT:R-HSA-193692	Regulated proteolysis of p75NTR	0.00083555182231	0.0406981	APH1A|APH1B
 REACT:R-HSA-2046105	Linoleic acid (LA) metabolism	0.00083555182231	0.0406981	ELOVL1|ELOVL3
 REACT:R-HSA-2465910	MASTL Facilitates Mitotic Progression	0.00083555182231	0.0406981	PPP2R1A|PPP2R1B
 REACT:R-HSA-912526	Interleukin receptor SHC signaling	0.000840920900353	0.0406981	CSF2RA|IL2RB|IL2RG|ITGB3|PPP2R1A|PPP2R1B
 REACT:R-HSA-167044	Signalling to RAS	0.000858236855059	0.0406981	CSF2RA|IL2RB|IL2RG|ITGB3|PPP2R1A|PPP2R1B
 REACT:R-HSA-1236394	Signaling by ERBB4	0.000875501048476	0.0406981	APH1A|APH1B|PGR
 REACT:R-HSA-5218921	VEGFR2 mediated cell proliferation	0.000893696121519	0.0406981	CSF2RA|IL2RB|IL2RG|ITGB3|PPP2R1A|PPP2R1B
 KEGG:hsa05010	Alzheimer's disease	0.000895598729674	0.0406981	APH1A|APH1B|COX7A1|COX7A2|COX7A2L
 REACT:R-HSA-451927	Interleukin-2 signaling	0.00096800787706	0.0422172	CSF2RA|IL2RB|IL2RG|ITGB3|PPP2R1A|PPP2R1B
 REACT:R-HSA-187687	Signalling to ERKs	0.000987310359791	0.0422172	CSF2RA|IL2RB|IL2RG|ITGB3|PPP2R1A|PPP2R1B
 REACT:R-HSA-3000171	Non-integrin membrane-ECM interactions	0.00100046308739	0.0422172	ITGB1|ITGB3|ITGB5
 REACT:R-HSA-1980148	Signaling by NOTCH3	0.00101835731894	0.0422172	APH1A|APH1B
 REACT:R-HSA-1980150	Signaling by NOTCH4	0.00101835731894	0.0422172	APH1A|APH1B
 REACT:R-HSA-166520	Signalling by NGF	0.00104018612466	0.0423786	APH1A|APH1B|CSF2RA|IL2RB|IL2RG|ITGB3|PPP2R1A|PPP2R1B
 REACT:R-HSA-8853659	RET signaling	0.00113088531326	0.0446507	CSF2RA|IL2RB|IL2RG|ITGB3|PPP2R1A|PPP2R1B
 REACT:R-HSA-2871796	FCERI mediated MAPK activation	0.00115264160018	0.0446507	CSF2RA|IL2RB|IL2RG|ITGB3|PPP2R1A|PPP2R1B
 REACT:R-HSA-512988	"Interleukin-3 5 and GM-CSF signaling"	0.00115264160018	0.0446507	CSF2RA|IL2RB|IL2RG|ITGB3|PPP2R1A|PPP2R1B
 REACT:R-HSA-392451	G beta:gamma signalling through PI3Kgamma	0.00120818762483	0.0460475	CSF2RA|IL2RB|IL2RG
 KEGG:hsa04659	Th17 cell differentiation	0.00123011824254	0.0461392	IL21R|IL2RB|IL2RG|IL4R
 REACT:R-HSA-375165	NCAM signaling for neurite out-growth	0.00126629887608	0.0467541	CSF2RA|IL2RB|IL2RG|ITGB3|PPP2R1A|PPP2R1B
 REACT:R-HSA-113501	Inhibition of replication initiation of damaged DNA by RB1/E2F1	0.00143610577126	0.0488447	PPP2R1A|PPP2R1B
 REACT:R-HSA-202670	ERKs are inactivated	0.00143610577126	0.0488447	PPP2R1A|PPP2R1B
 REACT:R-HSA-397795	G-protein beta:gamma signalling	0.00144127070625	0.0488447	CSF2RA|IL2RB|IL2RG
 REACT:R-HSA-5683057	MAPK family signaling cascades	0.00163064583894	0.0488447	CSF2RA|IL2RB|IL2RG|ITGB3|PPP2R1A|PPP2R1B
 REACT:R-HSA-4839735	"AXIN mutants destabilize the destruction complex activating WNT signaling"	0.00167074786042	0.0488447	PPP2R1A|PPP2R1B
 REACT:R-HSA-4839744	truncated APC mutants destabilize the destruction complex	0.00167074786042	0.0488447	PPP2R1A|PPP2R1B
 REACT:R-HSA-4839748	AMER1 mutants destabilize the destruction complex	0.00167074786042	0.0488447	PPP2R1A|PPP2R1B
 REACT:R-HSA-5467337	APC truncation mutants have impaired AXIN binding	0.00167074786042	0.0488447	PPP2R1A|PPP2R1B
 REACT:R-HSA-5467340	AXIN missense mutants destabilize the destruction complex	0.00167074786042	0.0488447	PPP2R1A|PPP2R1B
 REACT:R-HSA-5467348	Truncations of AMER1 destabilize the destruction complex	0.00167074786042	0.0488447	PPP2R1A|PPP2R1B
 REACT:R-HSA-114604	GPVI-mediated activation cascade	0.00170081045737	0.0488447	CSF2RA|IL2RB|IL2RG
 REACT:R-HSA-5663220	RHO GTPases Activate Formins	0.00171107804643	0.0488447	ITGB1|NUP107|PPP2R1A|PPP2R1B
 REACT:R-HSA-112399	IRS-mediated signalling	0.00174813918834	0.0488447	CSF2RA|IL2RB|IL2RG|ITGB3|PPP2R1A|PPP2R1B
 KEGG:hsa04510	Focal adhesion	0.00175765374614	0.0488447	ITGB1|ITGB3|ITGB5|ITGB6|ITGB7
 REACT:R-HSA-1474244	Extracellular matrix organization	0.00184041473025	0.0488447	ITGB1|ITGB2|ITGB3|ITGB5|ITGB6|ITGB7
 REACT:R-HSA-74751	Insulin receptor signalling cascade	0.00184041473025	0.0488447	CSF2RA|IL2RB|IL2RG|ITGB3|PPP2R1A|PPP2R1B
 REACT:R-HSA-2428924	IGF1R signaling cascade	0.00187198315526	0.0488447	CSF2RA|IL2RB|IL2RG|ITGB3|PPP2R1A|PPP2R1B
 REACT:R-HSA-2428928	IRS-related events triggered by IGF1R	0.00187198315526	0.0488447	CSF2RA|IL2RB|IL2RG|ITGB3|PPP2R1A|PPP2R1B
 REACT:R-HSA-5578775	Ion homeostasis	0.00188905320902	0.0488447	SLC8A1|SLC8A2|SLC8A3
 REACT:R-HSA-2404192	Signaling by Type 1 Insulin-like Growth Factor 1 Receptor (IGF1R)	0.00190396231962	0.0488447	CSF2RA|IL2RB|IL2RG|ITGB3|PPP2R1A|PPP2R1B
 REACT:R-HSA-2046104	alpha-linolenic (omega3) and linoleic (omega6) acid metabolism	0.00192236958327	0.0488447	ELOVL1|ELOVL3
 REACT:R-HSA-2046106	alpha-linolenic acid (ALA) metabolism	0.00192236958327	0.0488447	ELOVL1|ELOVL3
 REACT:R-HSA-205043	NRIF signals cell death from the nucleus	0.00192236958327	0.0488447	APH1A|APH1B
 REACT:R-HSA-4839743	phosphorylation site mutants of CTNNB1 are not targeted to the proteasome by the destruction complex	0.00192236958327	0.0488447	PPP2R1A|PPP2R1B
 REACT:R-HSA-5339716	Misspliced GSK3beta mutants stabilize beta-catenin	0.00192236958327	0.0488447	PPP2R1A|PPP2R1B
 REACT:R-HSA-5358747	S33 mutants of beta-catenin aren't phosphorylated	0.00192236958327	0.0488447	PPP2R1A|PPP2R1B
 REACT:R-HSA-5358749	S37 mutants of beta-catenin aren't phosphorylated	0.00192236958327	0.0488447	PPP2R1A|PPP2R1B
 REACT:R-HSA-5358751	S45 mutants of beta-catenin aren't phosphorylated	0.00192236958327	0.0488447	PPP2R1A|PPP2R1B
 REACT:R-HSA-5358752	T41 mutants of beta-catenin aren't phosphorylated	0.00192236958327	0.0488447	PPP2R1A|PPP2R1B
 REACT:R-HSA-397014	Muscle contraction	0.00195977440536	0.0492654	ANXA1|ITGB5|SLC8A1|SLC8A2|SLC8A3
