 REACT:R-HSA-2453902	The canonical retinoid cycle in rods (twilight vision)	0.0	0	LRAT|RBP1|RBP3|RBP4|RDH11|RDH12|RDH8|RLBP1|RPE65
 REACT:R-HSA-163560	Hormone-sensitive lipase (HSL)-mediated triacylglycerol hydrolysis	2.56749288496e-10	3.03349e-07	FABP2|FABP3|FABP4|FABP5|FABP6|FABP7|FABP9
 REACT:R-HSA-383280	Nuclear Receptor transcription pathway	1.37416013013e-08	1.08238e-05	AR|NR0B1|NR2C1|NR3C1|NR3C2|NR4A3|PGR|VDR
 REACT:R-HSA-2187338	Visual phototransduction	1.93903375578e-08	1.14548e-05	LRAT|RBP1|RBP2|RBP3|RBP4|RDH11|RDH12|RDH8|RLBP1|RPE65
 KEGG:hsa_M00415	"Fatty acid biosynthesis elongation endoplasmic reticulum"	6.11789214844e-08	2.89132e-05	ELOVL1|ELOVL3|ELOVL4|ELOVL5|ELOVL7
 REACT:R-HSA-5362517	Signaling by Retinoic Acid	1.98884054348e-06	0.000783272	CRABP1|CRABP2|FABP5|RDH11|RDH13|RDH14
 KEGG:hsa00062	Fatty acid elongation	2.32104734177e-06	0.000783519	ELOVL1|ELOVL3|ELOVL4|ELOVL5|ELOVL7
 REACT:R-HSA-75876	Synthesis of very long-chain fatty acyl-CoAs	4.20355449315e-06	0.00124162	ELOVL1|ELOVL3|ELOVL4|ELOVL5|ELOVL7
 REACT:R-HSA-6806667	Metabolism of fat-soluble vitamins	6.97053641352e-06	0.00183015	GC|LRAT|RBP1|RBP2|RBP4|RDH11
 KEGG:hsa00830	Retinol metabolism	2.30107903227e-05	0.00543745	LRAT|RDH11|RDH12|RDH8|RETSAT|RPE65
 REACT:R-HSA-556833	Metabolism of lipids and lipoproteins	2.66134430474e-05	0.00571705	AWAT1|CDIPT|ELOVL1|ELOVL3|ELOVL4|ELOVL5|ELOVL7|FABP2|FABP3|FABP4|FABP5|FABP6|FABP7|FABP9|HSD3B7|OSBPL5|OSBPL8|OSBPL9|PTGR2|TMEM86B
 REACT:R-HSA-216083	Integrin cell surface interactions	2.98432655411e-05	0.00587664	ITGB1|ITGB2|ITGB3|ITGB5|ITGB6|ITGB7
 KEGG:hsa03320	PPAR signaling pathway	4.13959273879e-05	0.00653725	FABP2|FABP3|FABP4|FABP5|FABP6|FABP7
 KEGG:hsa05412	Arrhythmogenic right ventricular cardiomyopathy (ARVC)	4.13959273879e-05	0.00653725	ITGB1|ITGB3|ITGB5|ITGB6|ITGB7|SLC8A1
 REACT:R-HSA-975634	Retinoid metabolism and transport	4.14975401735e-05	0.00653725	LRAT|RBP1|RBP2|RBP4|RDH11
 REACT:R-HSA-5365859	RA biosynthesis pathway	4.57761791314e-05	0.00666784	CRABP1|RDH11|RDH13|RDH14
 KEGG:hsa04151	PI3K-Akt signaling pathway	4.79700748829e-05	0.00666784	IL2RB|IL2RG|IL4R|ITGB1|ITGB3|ITGB5|ITGB6|ITGB7|OSMR|PPP2R1A|PPP2R1B|PRLR
 REACT:R-HSA-2453864	Retinoid cycle disease events	5.51081849338e-05	0.00685372	RBP1|RBP4|RLBP1
 REACT:R-HSA-2474795	Diseases associated with visual transduction	5.51081849338e-05	0.00685372	RBP1|RBP4|RLBP1
 REACT:R-HSA-73923	"Lipid digestion mobilization and transport"	7.13063738332e-05	0.00817403	FABP2|FABP3|FABP4|FABP5|FABP6|FABP7|FABP9
 KEGG:hsa04630	Jak-STAT signaling pathway	7.26426751997e-05	0.00817403	CSF2RA|IL21R|IL22RA2|IL2RB|IL2RG|IL4R|OSMR|PRLR
 REACT:R-HSA-2046105	Linoleic acid (LA) metabolism	7.82174797992e-05	0.00840127	ELOVL1|ELOVL3|ELOVL5
 KEGG:hsa05410	Hypertrophic cardiomyopathy (HCM)	9.24301476634e-05	0.00949619	ITGB1|ITGB3|ITGB5|ITGB6|ITGB7|SLC8A1
 KEGG:hsa04144	Endocytosis	0.000102608012265	0.0101026	ARFGEF1|ARFGEF2|ERBB3|GBF1|IL2RB|IL2RG|PSD|PSD2|PSD3|PSD4
 REACT:R-HSA-75105	Fatty Acyl-CoA Biosynthesis	0.00011263571005	0.0106463	ELOVL1|ELOVL3|ELOVL4|ELOVL5|ELOVL7
 KEGG:hsa05414	Dilated cardiomyopathy	0.000136322780946	0.0123896	ITGB1|ITGB3|ITGB5|ITGB6|ITGB7|SLC8A1
 REACT:R-HSA-2129379	Molecules associated with elastic fibres	0.000154014558215	0.0134791	ITGB1|ITGB3|ITGB5|ITGB6
 REACT:R-HSA-425561	Sodium/Calcium exchangers	0.000182831659482	0.0154297	SLC8A1|SLC8A2|SLC8A3
 REACT:R-HSA-113510	E2F mediated regulation of DNA replication	0.000222405071643	0.0181222	CDC45|ORC3|PPP2R1A|PPP2R1B
 REACT:R-HSA-418359	Reduction of cytosolic Ca++ levels	0.000231193952057	0.0182104	SLC8A1|SLC8A2|SLC8A3
 REACT:R-HSA-2046104	alpha-linolenic (omega3) and linoleic (omega6) acid metabolism	0.0002871291659	0.0212027	ELOVL1|ELOVL3|ELOVL5
 REACT:R-HSA-2046106	alpha-linolenic acid (ALA) metabolism	0.0002871291659	0.0212027	ELOVL1|ELOVL3|ELOVL5
 REACT:R-HSA-1566948	Elastic fibre formation	0.000508324751751	0.0363991	ITGB1|ITGB3|ITGB5|ITGB6
 REACT:R-HSA-1236394	Signaling by ERBB4	0.000556661463745	0.038688	APH1A|APH1B|ERBB3|PGR
 REACT:R-HSA-3000170	Syndecan interactions	0.000696531247718	0.0470258	ITGB1|ITGB3|ITGB5
 REACT:R-HSA-75109	Triglyceride Biosynthesis	0.000755105317032	0.0495643	ELOVL1|ELOVL3|ELOVL4|ELOVL5|ELOVL7
 REACT:R-HSA-449147	Signaling by Interleukins	0.000784077322189	0.049656	ANXA1|CSF2RA|ERBB3|IL22RA2|IL2RB|IL2RG|IL4R|ITGB1|ITGB2|ITGB3|OSMR|PPP2R1A|PPP2R1B
 KEGG:hsa04512	ECM-receptor interaction	0.000798530048755	0.049656	ITGB1|ITGB3|ITGB5|ITGB6|ITGB7
