 REACT:R-HSA-2453902	The canonical retinoid cycle in rods (twilight vision)	0.0	0	LRAT|RBP1|RBP3|RBP4|RDH11|RDH12|RDH8|RLBP1|RPE65
 REACT:R-HSA-163560	Hormone-sensitive lipase (HSL)-mediated triacylglycerol hydrolysis	8.71425154259e-12	1.02959e-08	FABP1|FABP2|FABP3|FABP4|FABP5|FABP6|FABP7|FABP9
 REACT:R-HSA-383280	Nuclear Receptor transcription pathway	2.0145440871e-11	1.58679e-08	AR|NR0B1|NR1I2|NR1I3|NR2C1|NR3C1|NR3C2|NR4A3|PGR|VDR
 REACT:R-HSA-556833	Metabolism of lipids and lipoproteins	3.96522814583e-11	2.34246e-08	CDIPT|ELOVL1|ELOVL3|ELOVL4|ELOVL5|ELOVL7|FABP1|FABP2|FABP3|FABP4|FABP5|FABP6|FABP7|FABP9|HSD3B7|OSBPL10|OSBPL3|OSBPL5|OSBPL6|OSBPL7|OSBPL8|OSBPL9|PTGR2|SRD5A1|SRD5A2|SRD5A3|TECR|TECRL|TMEM86B
 KEGG:hsa_M00415	"Fatty acid biosynthesis elongation endoplasmic reticulum"	6.76119160659e-10	3.19534e-07	ELOVL1|ELOVL3|ELOVL4|ELOVL5|ELOVL7|TECR
 REACT:R-HSA-75876	Synthesis of very long-chain fatty acyl-CoAs	3.60900964669e-09	1.42135e-06	ELOVL1|ELOVL3|ELOVL4|ELOVL5|ELOVL7|TECR|TECRL
 REACT:R-HSA-2187338	Visual phototransduction	1.93903375578e-08	6.54562e-06	LRAT|RBP1|RBP2|RBP3|RBP4|RDH11|RDH12|RDH8|RLBP1|RPE65
 KEGG:hsa00062	Fatty acid elongation	6.57480471178e-08	1.94203e-05	ELOVL1|ELOVL3|ELOVL4|ELOVL5|ELOVL7|TECR
 REACT:R-HSA-75105	Fatty Acyl-CoA Biosynthesis	4.48627554328e-07	0.000115872	ELOVL1|ELOVL3|ELOVL4|ELOVL5|ELOVL7|TECR|TECRL
 REACT:R-HSA-1430728	Metabolism	4.90358184058e-07	0.000115872	ABCC8|CDIPT|COX7A2L|ELOVL1|ELOVL3|ELOVL4|ELOVL5|ELOVL7|FABP1|FABP2|FABP3|FABP4|FABP5|FABP6|FABP7|FABP9|GC|HSD3B7|LRAT|NUP107|OSBPL10|OSBPL3|OSBPL5|OSBPL6|OSBPL7|OSBPL8|OSBPL9|PPP2R1A|PPP2R1B|PTGR2|RBP1|RBP2|RBP4|RDH11|SLC50A1|SRD5A1|SRD5A2|SRD5A3|TECR|TECRL|TMEM86B
 REACT:R-HSA-194068	Bile acid and bile salt metabolism	1.98884054348e-06	0.000391636	FABP6|HSD3B7|OSBPL3|OSBPL6|OSBPL7|OSBPL9
 REACT:R-HSA-5362517	Signaling by Retinoic Acid	1.98884054348e-06	0.000391636	CRABP1|CRABP2|FABP5|RDH11|RDH13|RDH14
 KEGG:hsa03320	PPAR signaling pathway	3.27445644199e-06	0.000595195	FABP1|FABP2|FABP3|FABP4|FABP5|FABP6|FABP7
 REACT:R-HSA-6806667	Metabolism of fat-soluble vitamins	6.97053641352e-06	0.00114063	GC|LRAT|RBP1|RBP2|RBP4|RDH11
 REACT:R-HSA-75109	Triglyceride Biosynthesis	7.24055731638e-06	0.00114063	ELOVL1|ELOVL3|ELOVL4|ELOVL5|ELOVL7|TECR|TECRL
 REACT:R-HSA-73923	"Lipid digestion mobilization and transport"	7.99508700089e-06	0.00118077	FABP1|FABP2|FABP3|FABP4|FABP5|FABP6|FABP7|FABP9
 REACT:R-HSA-192105	Synthesis of bile acids and bile salts	1.14083519903e-05	0.00158576	HSD3B7|OSBPL3|OSBPL6|OSBPL7|OSBPL9
 KEGG:hsa00830	Retinol metabolism	2.30107903227e-05	0.00302081	LRAT|RDH11|RDH12|RDH8|RETSAT|RPE65
 REACT:R-HSA-216083	Integrin cell surface interactions	2.98432655411e-05	0.00371156	ITGB1|ITGB2|ITGB3|ITGB5|ITGB6|ITGB7
 KEGG:hsa05412	Arrhythmogenic right ventricular cardiomyopathy (ARVC)	4.13959273879e-05	0.00466946	ITGB1|ITGB3|ITGB5|ITGB6|ITGB7|SLC8A1
 REACT:R-HSA-975634	Retinoid metabolism and transport	4.14975401735e-05	0.00466946	LRAT|RBP1|RBP2|RBP4|RDH11
 REACT:R-HSA-5365859	RA biosynthesis pathway	4.57761791314e-05	0.00491678	CRABP1|RDH11|RDH13|RDH14
 REACT:R-HSA-2453864	Retinoid cycle disease events	5.51081849338e-05	0.00542586	RBP1|RBP4|RLBP1
 REACT:R-HSA-2474795	Diseases associated with visual transduction	5.51081849338e-05	0.00542586	RBP1|RBP4|RLBP1
 REACT:R-HSA-2046105	Linoleic acid (LA) metabolism	7.82174797992e-05	0.00739312	ELOVL1|ELOVL3|ELOVL5
 KEGG:hsa05410	Hypertrophic cardiomyopathy (HCM)	9.24301476634e-05	0.00840048	ITGB1|ITGB3|ITGB5|ITGB6|ITGB7|SLC8A1
 REACT:R-HSA-193048	Androgen biosynthesis	0.000106854538853	0.00935175	SRD5A1|SRD5A2|SRD5A3
 KEGG:hsa05414	Dilated cardiomyopathy	0.000136322780946	0.0115047	ITGB1|ITGB3|ITGB5|ITGB6|ITGB7|SLC8A1
 REACT:R-HSA-2129379	Molecules associated with elastic fibres	0.000154014558215	0.0125495	ITGB1|ITGB3|ITGB5|ITGB6
 REACT:R-HSA-425561	Sodium/Calcium exchangers	0.000182831659482	0.014401	SLC8A1|SLC8A2|SLC8A3
 REACT:R-HSA-113510	E2F mediated regulation of DNA replication	0.000222405071643	0.016953	CDC45|ORC3|PPP2R1A|PPP2R1B
 REACT:R-HSA-418359	Reduction of cytosolic Ca++ levels	0.000231193952057	0.0170722	SLC8A1|SLC8A2|SLC8A3
 KEGG:hsa04514	Cell adhesion molecules (CAMs)	0.000277780462893	0.0193853	CLDN11|CLDN2|CLDN7|ITGB1|ITGB2|ITGB7|OCLN
 REACT:R-HSA-2046104	alpha-linolenic (omega3) and linoleic (omega6) acid metabolism	0.0002871291659	0.0193853	ELOVL1|ELOVL3|ELOVL5
 REACT:R-HSA-2046106	alpha-linolenic acid (ALA) metabolism	0.0002871291659	0.0193853	ELOVL1|ELOVL3|ELOVL5
 REACT:R-HSA-1566948	Elastic fibre formation	0.000508324751751	0.0333659	ITGB1|ITGB3|ITGB5|ITGB6
 KEGG:hsa04670	Leukocyte transendothelial migration	0.00052330528534	0.0334208	CLDN11|CLDN2|CLDN7|ITGB1|ITGB2|OCLN
 REACT:R-HSA-3000170	Syndecan interactions	0.000696531247718	0.0433132	ITGB1|ITGB3|ITGB5
 KEGG:hsa04530	Tight junction	0.000785670950142	0.0471732	CLDN11|CLDN2|CLDN7|ITGB1|OCLN|PPP2R1A|PPP2R1B
 KEGG:hsa04512	ECM-receptor interaction	0.000798530048755	0.0471732	ITGB1|ITGB3|ITGB5|ITGB6|ITGB7
