 KEGG:hsa04530	Tight junction	0.0	0	MYH11|MYH13|MYH14|MYH15|MYH2|MYH3|MYH8|MYH9|OCLN
 REACT:R-HSA-1445148	Translocation of GLUT4 to the plasma membrane	7.71815944489e-12	9.11901e-09	MYH13|MYH15|MYH2|MYH3|MYH8|MYO1C|MYO5A
 REACT:R-HSA-199991	Membrane Trafficking	9.31273171356e-07	0.000693507	MYH13|MYH15|MYH2|MYH3|MYH8|MYO1C|MYO5A|MYO6
 REACT:R-HSA-5653656	Vesicle-mediated transport	1.6122788139e-06	0.000693507	MYH13|MYH15|MYH2|MYH3|MYH8|MYO1C|MYO5A|MYO6
 REACT:R-HSA-5625900	RHO GTPases activate CIT	1.76091490667e-06	0.000693507	MYH11|MYH14|MYH9
 REACT:R-HSA-5627117	RHO GTPases Activate ROCKs	1.76091490667e-06	0.000693507	MYH11|MYH14|MYH9
 REACT:R-HSA-2029482	Regulation of actin dynamics for phagocytic cup formation	2.73856111455e-06	0.00092446	MYH2|MYH9|MYO1C|MYO5A
 REACT:R-HSA-5627123	RHO GTPases activate PAKs	4.56127857151e-06	0.00134729	MYH11|MYH14|MYH9
 REACT:R-HSA-416572	Sema4D induced cell migration and growth-cone collapse	5.20818679006e-06	0.00136744	MYH11|MYH14|MYH9
 REACT:R-HSA-400685	Sema4D in semaphorin signaling	7.50619573209e-06	0.00177371	MYH11|MYH14|MYH9
 REACT:R-HSA-2029480	Fcgamma receptor (FCGR) dependent phagocytosis	9.29689081308e-06	0.00199714	MYH2|MYH9|MYO1C|MYO5A
 REACT:R-HSA-3928663	EPHA-mediated growth cone collapse	1.5259103237e-05	0.00300477	MYH11|MYH14|MYH9
 REACT:R-HSA-373755	Semaphorin interactions	0.000123913863471	0.0225237	MYH11|MYH14|MYH9
