 REACT:R-HSA-372790	Signaling by GPCR	0.0	0	ADORA3|ANXA1|CSF2RA|ERBB3|GNAS|GRP|ITGB3|KALRN|OR10G4|OR10G8|OR10G9|OR10H1|OR10T2|OR11A1|OR11L1|OR12D3|OR13F1|OR14A16|OR14I1|OR1A1|OR1A2|OR1C1|OR1D5|OR1E1|OR1E2|OR1J1|OR1J4|OR1K1|OR1L4|OR1M1|OR1N1|OR2B6|OR2G3|OR2G6|OR2T12|OR2T2|OR2T33|OR2T35|OR2W3|OR3A3|OR4B1|OR4C3|OR4D10|OR4K15|OR4K2|OR4L1|OR4M1|OR4N5|OR4S1|OR4X2|OR52E2|OR56A3|OR5A2|OR5AP2|OR5AS1|OR5B12|OR5I1|OR5M9|OR5R1|OR6C4|OR6S1|OR6X1|OR7A10|OR7A5|OR7C1|OR7C2|OR7D2|OR8D1|OR8G1|OR8G5|OR8H1|OR8H3|OR9A4|PPP2R1A|PPP2R1B
 REACT:R-HSA-388396	GPCR downstream signaling	0.0	0	ADORA3|ANXA1|CSF2RA|GNAS|GRP|KALRN|OR10G4|OR10G8|OR10G9|OR10H1|OR10T2|OR11A1|OR11L1|OR12D3|OR13F1|OR14A16|OR14I1|OR1A1|OR1A2|OR1C1|OR1D5|OR1E1|OR1E2|OR1J1|OR1J4|OR1K1|OR1L4|OR1M1|OR1N1|OR2B6|OR2G3|OR2G6|OR2T12|OR2T2|OR2T33|OR2T35|OR2W3|OR3A3|OR4B1|OR4C3|OR4D10|OR4K15|OR4K2|OR4L1|OR4M1|OR4N5|OR4S1|OR4X2|OR52E2|OR56A3|OR5A2|OR5AP2|OR5AS1|OR5B12|OR5I1|OR5M9|OR5R1|OR6C4|OR6S1|OR6X1|OR7A10|OR7A5|OR7C1|OR7C2|OR7D2|OR8D1|OR8G1|OR8G5|OR8H1|OR8H3|OR9A4
 KEGG:hsa04740	Olfactory transduction	6.96820379176e-12	4.59931e-09	CNGB1|OR10G4|OR10G8|OR10G9|OR10H1|OR10T2|OR11A1|OR11L1|OR12D3|OR13F1|OR14A16|OR14I1|OR1A1|OR1A2|OR1C1|OR1D5|OR1E1|OR1E2|OR1J1|OR1J4|OR1K1|OR1L4|OR1M1|OR1N1|OR2B6|OR2G3|OR2G6|OR2T12|OR2T2|OR2T33|OR2W3|OR3A3|OR4B1|OR4C3|OR4D10|OR4K15|OR4K2|OR4L1|OR4M1|OR4N5|OR4S1|OR4X2|OR52E2|OR56A3|OR5A2|OR5AP2|OR5AS1|OR5B12|OR5I1|OR5M9|OR5R1|OR6C4|OR6S1|OR6X1|OR7A10|OR7A5|OR7C1|OR7C2|OR7D2|OR8D1|OR8G1|OR8G5|OR8H1|OR8H3|OR9A4|SLC8A1|SLC8A2|SLC8A3
 REACT:R-HSA-162582	Signal Transduction	7.78554998249e-12	4.59931e-09	ADORA3|ANXA1|APH1A|APH1B|AR|CNGB1|CRABP1|CRABP2|CSF2RA|ERBB3|FABP5|FUZ|GNAS|GRP|ITGB1|ITGB3|KALRN|LRAT|MYH14|MYH9|NR3C1|NUP107|OR10G4|OR10G8|OR10G9|OR10H1|OR10T2|OR11A1|OR11L1|OR12D3|OR13F1|OR14A16|OR14I1|OR1A1|OR1A2|OR1C1|OR1D5|OR1E1|OR1E2|OR1J1|OR1J4|OR1K1|OR1L4|OR1M1|OR1N1|OR2B6|OR2G3|OR2G6|OR2T12|OR2T2|OR2T33|OR2T35|OR2W3|OR3A3|OR4B1|OR4C3|OR4D10|OR4K15|OR4K2|OR4L1|OR4M1|OR4N5|OR4S1|OR4X2|OR52E2|OR56A3|OR5A2|OR5AP2|OR5AS1|OR5B12|OR5I1|OR5M9|OR5R1|OR6C4|OR6S1|OR6X1|OR7A10|OR7A5|OR7C1|OR7C2|OR7D2|OR8D1|OR8G1|OR8G5|OR8H1|OR8H3|OR9A4|PGR|PPP2R1A|PPP2R1B|PRKAB2|RBP1|RBP2|RBP3|RBP4|RDH11|RDH12|RDH13|RDH14|RDH8|RLBP1|RPE65|STAT6
 REACT:R-HSA-381753	Olfactory Signaling Pathway	1.40076839017e-11	6.62003e-09	OR10G4|OR10G8|OR10G9|OR10H1|OR10T2|OR11A1|OR11L1|OR12D3|OR13F1|OR14A16|OR14I1|OR1A1|OR1A2|OR1C1|OR1D5|OR1E1|OR1E2|OR1J1|OR1J4|OR1K1|OR1L4|OR1M1|OR1N1|OR2B6|OR2G3|OR2G6|OR2T12|OR2T2|OR2T33|OR2T35|OR2W3|OR3A3|OR4B1|OR4C3|OR4D10|OR4K15|OR4K2|OR4L1|OR4M1|OR4N5|OR4S1|OR4X2|OR52E2|OR56A3|OR5A2|OR5AP2|OR5AS1|OR5B12|OR5I1|OR5M9|OR5R1|OR6C4|OR6S1|OR6X1|OR7A10|OR7A5|OR7C1|OR7C2|OR7D2|OR8D1|OR8G1|OR8G5|OR8H1|OR8H3|OR9A4
 REACT:R-HSA-2453902	The canonical retinoid cycle in rods (twilight vision)	1.75721437401e-10	6.9205e-08	LRAT|RBP1|RBP3|RBP4|RDH11|RDH12|RDH8|RLBP1|RPE65
 REACT:R-HSA-163560	Hormone-sensitive lipase (HSL)-mediated triacylglycerol hydrolysis	1.59381174925e-09	5.38025e-07	FABP1|FABP2|FABP3|FABP4|FABP5|FABP6|FABP7|FABP9
 KEGG:hsa04530	Tight junction	8.49719849039e-07	0.000250986	CLDN11|ITGB1|MYH13|MYH14|MYH15|MYH2|MYH3|MYH8|MYH9|OCLN|PPP2R1A|PPP2R1B|PRKAB2|TUBA4A|TUBAL3
 REACT:R-HSA-2187338	Visual phototransduction	3.33970131716e-06	0.000876857	CNGB1|LRAT|RBP1|RBP2|RBP3|RBP4|RDH11|RDH12|RDH8|RLBP1|RPE65
 REACT:R-HSA-383280	Nuclear Receptor transcription pathway	4.84722614291e-06	0.0011454	AR|NR0B1|NR2C1|NR3C1|NR3C2|NR4A3|PGR|VDR
 KEGG:hsa_M00415	"Fatty acid biosynthesis elongation endoplasmic reticulum"	8.0413412023e-05	0.0172743	ELOVL1|ELOVL3|ELOVL4|ELOVL7
 REACT:R-HSA-5362517	Signaling by Retinoic Acid	0.000151974084343	0.0284227	CRABP1|CRABP2|FABP5|RDH11|RDH13|RDH14
 KEGG:hsa00240	Pyrimidine metabolism	0.000162190195196	0.0284227	CMPK1|DCK|DUT|POLR3H|RRM1|TK2|TYMS|UCKL1|UPRT
 REACT:R-HSA-1445148	Translocation of GLUT4 to the plasma membrane	0.000168395395977	0.0284227	MYH13|MYH15|MYH2|MYH3|MYH8|MYO1C|PRKAB2
