 KEGG:hsa_M00415	"Fatty acid biosynthesis elongation endoplasmic reticulum"	2.06300543315e-09	2.82034e-06	ELOVL1|ELOVL3|ELOVL4|ELOVL7|TECR
 REACT:R-HSA-75876	Synthesis of very long-chain fatty acyl-CoAs	2.38708197653e-09	2.82034e-06	ELOVL1|ELOVL3|ELOVL4|ELOVL7|TECR|TECRL
 KEGG:hsa00062	Fatty acid elongation	8.17614281834e-08	6.21717e-05	ELOVL1|ELOVL3|ELOVL4|ELOVL7|TECR
 REACT:R-HSA-383280	Nuclear Receptor transcription pathway	1.05241921178e-07	6.21717e-05	AR|NR0B1|NR3C1|NR3C2|NR4A3|PGR
 REACT:R-HSA-75105	Fatty Acyl-CoA Biosynthesis	1.49350080858e-07	7.05828e-05	ELOVL1|ELOVL3|ELOVL4|ELOVL7|TECR|TECRL
 REACT:R-HSA-216083	Integrin cell surface interactions	6.02772708524e-07	0.000237392	ITGB1|ITGB2|ITGB3|ITGB5|ITGB6|ITGB7
 KEGG:hsa05412	Arrhythmogenic right ventricular cardiomyopathy (ARVC)	8.48552507593e-07	0.000286447	ITGB1|ITGB3|ITGB5|ITGB6|ITGB7|SLC8A1
 REACT:R-HSA-75109	Triglyceride Biosynthesis	1.70818477907e-06	0.000504555	ELOVL1|ELOVL3|ELOVL4|ELOVL7|TECR|TECRL
 KEGG:hsa05410	Hypertrophic cardiomyopathy (HCM)	1.97286367309e-06	0.000517986	ITGB1|ITGB3|ITGB5|ITGB6|ITGB7|SLC8A1
 KEGG:hsa05414	Dilated cardiomyopathy	2.97454278975e-06	0.000702884	ITGB1|ITGB3|ITGB5|ITGB6|ITGB7|SLC8A1
 REACT:R-HSA-2129379	Molecules associated with elastic fibres	1.11976380258e-05	0.00240546	ITGB1|ITGB3|ITGB5|ITGB6
 REACT:R-HSA-425561	Sodium/Calcium exchangers	2.50167620869e-05	0.00492622	SLC8A1|SLC8A2|SLC8A3
 REACT:R-HSA-418359	Reduction of cytosolic Ca++ levels	3.17365830299e-05	0.00576873	SLC8A1|SLC8A2|SLC8A3
 KEGG:hsa04512	ECM-receptor interaction	3.44918398603e-05	0.00582173	ITGB1|ITGB3|ITGB5|ITGB6|ITGB7
 REACT:R-HSA-1566948	Elastic fibre formation	3.8378629288e-05	0.00604591	ITGB1|ITGB3|ITGB5|ITGB6
 REACT:R-HSA-3000170	Syndecan interactions	9.74838150701e-05	0.0143971	ITGB1|ITGB3|ITGB5
 REACT:R-HSA-3000178	ECM proteoglycans	0.000128748361439	0.017896	ITGB1|ITGB3|ITGB5|ITGB6
 KEGG:hsa_M00154	Cytochrome c oxidase	0.00017085258348	0.0224291	COX7A1|COX7A2|COX7A2L
 REACT:R-HSA-1251985	Nuclear signaling by ERBB4	0.000193524175499	0.0240683	APH1A|APH1B|PGR
 REACT:R-HSA-418360	Platelet calcium homeostasis	0.000370953805029	0.0438282	SLC8A1|SLC8A2|SLC8A3
 KEGG:hsa04810	Regulation of actin cytoskeleton	0.000391548139754	0.0440585	ITGB1|ITGB2|ITGB3|ITGB5|ITGB6|ITGB7
 KEGG:hsa04260	Cardiac muscle contraction	0.000433124255166	0.0465215	COX7A1|COX7A2|COX7A2L|SLC8A1
