 KEGG:hsa04740	Olfactory transduction	0.0	0	OR10H3|OR10H4|OR10H5|OR10J1|OR10J5|OR11A1|OR11L1|OR12D3|OR14A16|OR14I1|OR1A2|OR1C1|OR1D2|OR1D5|OR1E1|OR1E2|OR1F1|OR1J1|OR1J4|OR1K1|OR1N1|OR1S2|OR2A2|OR2D3|OR2G6|OR2T10|OR2T2|OR2V2|OR4A16|OR4C12|OR4C3|OR4K15|OR4K2|OR4S1|OR52E2|OR52M1|OR52W1|OR5AK2|OR5AS1|OR5B12|OR5D13|OR5D14|OR5H6|OR5M9|OR5R1|OR6S1|OR7D2|OR8D1|OR8G5|OR9A2|OR9A4|SLC8A1|SLC8A2|SLC8A3
 REACT:R-HSA-162582	Signal Transduction	0.0	0	ADORA3|ANXA1|APH1A|APH1B|AR|AVPR2|CRABP1|CRABP2|CSF2RA|FABP5|GAB2|GPR31|GRP|HRH4|KALRN|LRAT|MC1R|MC3R|MC4R|NR3C1|NUP107|OR10H3|OR10H4|OR10H5|OR10J1|OR10J5|OR11A1|OR11L1|OR12D3|OR14A16|OR14I1|OR1A2|OR1C1|OR1D2|OR1D5|OR1E1|OR1E2|OR1F1|OR1J1|OR1J4|OR1K1|OR1N1|OR1S2|OR2A2|OR2D3|OR2G6|OR2T10|OR2T2|OR2T35|OR2V2|OR4A16|OR4C12|OR4C3|OR4K15|OR4K2|OR4S1|OR52E2|OR52M1|OR52W1|OR5AK2|OR5AS1|OR5B12|OR5D13|OR5D14|OR5H6|OR5M9|OR5R1|OR6S1|OR7D2|OR8D1|OR8G5|OR9A2|OR9A4|PGR|PORCN|PPP2R1A|PPP2R1B|PTGER1|PTGER3|RBP1|RBP2|RBP3|RBP4|RDH11|RDH12|RDH13|RDH14|RDH8|RLBP1|SMAD7|TBXA2R|VEGFA
 REACT:R-HSA-372790	Signaling by GPCR	0.0	0	ADORA3|ANXA1|AVPR2|CSF2RA|GAB2|GPR31|GRP|HRH4|KALRN|MC1R|MC3R|MC4R|OR10H3|OR10H4|OR10H5|OR10J1|OR10J5|OR11A1|OR11L1|OR12D3|OR14A16|OR14I1|OR1A2|OR1C1|OR1D2|OR1D5|OR1E1|OR1E2|OR1F1|OR1J1|OR1J4|OR1K1|OR1N1|OR1S2|OR2A2|OR2D3|OR2G6|OR2T10|OR2T2|OR2T35|OR2V2|OR4A16|OR4C12|OR4C3|OR4K15|OR4K2|OR4S1|OR52E2|OR52M1|OR52W1|OR5AK2|OR5AS1|OR5B12|OR5D13|OR5D14|OR5H6|OR5M9|OR5R1|OR6S1|OR7D2|OR8D1|OR8G5|OR9A2|OR9A4|PPP2R1A|PPP2R1B|PTGER1|PTGER3|TBXA2R
 REACT:R-HSA-381753	Olfactory Signaling Pathway	0.0	0	OR10H3|OR10H4|OR10H5|OR10J1|OR10J5|OR11A1|OR11L1|OR12D3|OR14A16|OR14I1|OR1A2|OR1C1|OR1D2|OR1D5|OR1E1|OR1E2|OR1F1|OR1J1|OR1J4|OR1K1|OR1N1|OR1S2|OR2A2|OR2D3|OR2G6|OR2T10|OR2T2|OR2T35|OR2V2|OR4A16|OR4C12|OR4C3|OR4K15|OR4K2|OR4S1|OR52E2|OR52M1|OR52W1|OR5AK2|OR5AS1|OR5B12|OR5D13|OR5D14|OR5H6|OR5M9|OR5R1|OR6S1|OR7D2|OR8D1|OR8G5|OR9A2|OR9A4
 REACT:R-HSA-388396	GPCR downstream signaling	0.0	0	ADORA3|ANXA1|AVPR2|CSF2RA|GAB2|GRP|HRH4|KALRN|MC1R|MC3R|MC4R|OR10H3|OR10H4|OR10H5|OR10J1|OR10J5|OR11A1|OR11L1|OR12D3|OR14A16|OR14I1|OR1A2|OR1C1|OR1D2|OR1D5|OR1E1|OR1E2|OR1F1|OR1J1|OR1J4|OR1K1|OR1N1|OR1S2|OR2A2|OR2D3|OR2G6|OR2T10|OR2T2|OR2T35|OR2V2|OR4A16|OR4C12|OR4C3|OR4K15|OR4K2|OR4S1|OR52E2|OR52M1|OR52W1|OR5AK2|OR5AS1|OR5B12|OR5D13|OR5D14|OR5H6|OR5M9|OR5R1|OR6S1|OR7D2|OR8D1|OR8G5|OR9A2|OR9A4|PTGER1|PTGER3|TBXA2R
 REACT:R-HSA-163560	Hormone-sensitive lipase (HSL)-mediated triacylglycerol hydrolysis	7.28938354122e-10	2.8708e-07	FABP1|FABP2|FABP3|FABP4|FABP5|FABP6|FABP7|FABP9
 REACT:R-HSA-2453902	The canonical retinoid cycle in rods (twilight vision)	2.76835931956e-09	9.34519e-07	LRAT|RBP1|RBP3|RBP4|RDH11|RDH12|RDH8|RLBP1
 REACT:R-HSA-383280	Nuclear Receptor transcription pathway	1.35543355428e-08	4.00361e-06	AR|NR0B1|NR1I2|NR1I3|NR2C1|NR3C1|NR3C2|NR4A3|PGR|VDR
 KEGG:hsa_M00415	"Fatty acid biosynthesis elongation endoplasmic reticulum"	3.91755119455e-08	1.02857e-05	ELOVL1|ELOVL3|ELOVL4|ELOVL5|ELOVL7|TECR
 REACT:R-HSA-75876	Synthesis of very long-chain fatty acyl-CoAs	3.69943417566e-07	8.74176e-05	ELOVL1|ELOVL3|ELOVL4|ELOVL5|ELOVL7|TECR|TECRL
 REACT:R-HSA-556833	Metabolism of lipids and lipoproteins	1.35325399586e-06	0.000290704	ARSA|CDIPT|CYP11B1|ELOVL1|ELOVL3|ELOVL4|ELOVL5|ELOVL7|FABP1|FABP2|FABP3|FABP4|FABP5|FABP6|FABP7|FABP9|GLA|GPCPD1|HSD3B7|NFYC|OSBPL10|OSBPL3|OSBPL5|OSBPL6|OSBPL7|OSBPL8|OSBPL9|PTGR2|SRD5A1|SRD5A2|SRD5A3|TECR|TECRL|TMEM86B
 KEGG:hsa00062	Fatty acid elongation	3.4001822693e-06	0.000669553	ELOVL1|ELOVL3|ELOVL4|ELOVL5|ELOVL7|TECR
 REACT:R-HSA-75105	Fatty Acyl-CoA Biosynthesis	3.77775434467e-05	0.0068668	ELOVL1|ELOVL3|ELOVL4|ELOVL5|ELOVL7|TECR|TECRL
 REACT:R-HSA-2187338	Visual phototransduction	6.25994402101e-05	0.0105659	LRAT|RBP1|RBP2|RBP3|RBP4|RDH11|RDH12|RDH8|RLBP1
 REACT:R-HSA-194068	Bile acid and bile salt metabolism	9.02591861013e-05	0.0133302	FABP6|HSD3B7|OSBPL3|OSBPL6|OSBPL7|OSBPL9
 REACT:R-HSA-5362517	Signaling by Retinoic Acid	9.02591861013e-05	0.0133302	CRABP1|CRABP2|FABP5|RDH11|RDH13|RDH14
 REACT:R-HSA-5621480	Dectin-2 family	0.000126404478522	0.0175702	CLEC10A|CLEC4A|CLEC4C|CLEC4D|CLEC4E
 KEGG:hsa03320	PPAR signaling pathway	0.000241532909072	0.0317079	FABP1|FABP2|FABP3|FABP4|FABP5|FABP6|FABP7
 REACT:R-HSA-192105	Synthesis of bile acids and bile salts	0.000276058430807	0.034333	HSD3B7|OSBPL3|OSBPL6|OSBPL7|OSBPL9
 REACT:R-HSA-6806667	Metabolism of fat-soluble vitamins	0.000294351346063	0.0347776	GC|LRAT|RBP1|RBP2|RBP4|RDH11
 REACT:R-HSA-2453864	Retinoid cycle disease events	0.000399848676439	0.0410801	RBP1|RBP4|RLBP1
 REACT:R-HSA-2474795	Diseases associated with visual transduction	0.000399848676439	0.0410801	RBP1|RBP4|RLBP1
 REACT:R-HSA-391908	Prostanoid ligand receptors	0.000399848676439	0.0410801	PTGER1|PTGER3|TBXA2R
 REACT:R-HSA-75109	Triglyceride Biosynthesis	0.00050003209468	0.0492323	ELOVL1|ELOVL3|ELOVL4|ELOVL5|ELOVL7|TECR|TECRL
