 REACT:R-HSA-373076	Class A/1 (Rhodopsin-like receptors)	1.31271660209e-11	3.10195e-08	AGTR1|ANXA1|AVPR2|GPR132|GPR31|GRP|MC1R|MC3R|MC4R|PTGER1|TBXA2R|TSHR
 REACT:R-HSA-500792	GPCR ligand binding	1.89434912201e-09	2.23817e-06	AGTR1|ANXA1|AVPR2|GPR132|GPR31|GRP|MC1R|MC3R|MC4R|PTGER1|TBXA2R|TSHR
 KEGG:hsa04080	Neuroactive ligand-receptor interaction	5.21819910615e-08	4.1102e-05	AGTR1|AVPR2|MC1R|MC3R|MC4R|NR3C1|PTGER1|TBXA2R|TSHR
 REACT:R-HSA-372790	Signaling by GPCR	1.61401821908e-07	9.53481e-05	AGTR1|ANXA1|AVPR2|GPR132|GPR31|GRP|MC1R|MC3R|MC4R|OR10H5|OR2V2|PPP2R1A|PPP2R1B|PTGER1|TBXA2R|TSHR
 REACT:R-HSA-375276	Peptide ligand-binding receptors	7.910105283e-07	0.000373832	AGTR1|ANXA1|AVPR2|GRP|MC1R|MC3R|MC4R
 REACT:R-HSA-388396	GPCR downstream signaling	1.81757058082e-06	0.00071582	AGTR1|ANXA1|AVPR2|GPR132|GRP|MC1R|MC3R|MC4R|OR10H5|OR2V2|PTGER1|TBXA2R|TSHR
 KEGG:hsa04144	Endocytosis	6.84753568059e-06	0.00231153	ARFGEF1|ARFGEF2|GBF1|PSD|PSD2|PSD3|PSD4
 REACT:R-HSA-416476	G alpha (q) signalling events	1.46006778814e-05	0.00431268	AGTR1|ANXA1|GPR132|GRP|PTGER1|TBXA2R
 REACT:R-HSA-881907	Gastrin-CREB signalling pathway via PKC and MAPK	2.55906888675e-05	0.00671898	AGTR1|ANXA1|GPR132|GRP|PPP2R1A|PPP2R1B|PTGER1|TBXA2R
 REACT:R-HSA-418555	G alpha (s) signalling events	5.12318850086e-05	0.0121061	AVPR2|MC1R|MC3R|MC4R|TSHR
 REACT:R-HSA-113510	E2F mediated regulation of DNA replication	0.000118564667095	0.0254698	ORC3|PPP2R1A|PPP2R1B
 REACT:R-HSA-163767	PP2A-mediated dephosphorylation of key metabolic factors	0.000163692223142	0.0322337	PPP2R1A|PPP2R1B
 REACT:R-HSA-162582	Signal Transduction	0.000226157069987	0.0411084	AGTR1|ANXA1|AVPR2|GPR132|GPR31|GRP|MC1R|MC3R|MC4R|NR3C1|OR10H5|OR2V2|PPP2R1A|PPP2R1B|PTGER1|TBXA2R|TSHR
 REACT:R-HSA-391908	Prostanoid ligand receptors	0.000279615915107	0.0471952	PTGER1|TBXA2R
