 REACT:R-HSA-1445148	Translocation of GLUT4 to the plasma membrane	8.15757700279e-08	0.000192764	MYH13|MYH15|MYH2|MYH3|MYH8|MYO1C|MYO5A
 KEGG:hsa04530	Tight junction	7.68833153364e-07	0.000908376	CD1D|MYH11|MYH13|MYH14|MYH15|MYH2|MYH3|MYH8|MYH9
 REACT:R-HSA-198933	Immunoregulatory interactions between a Lymphoid and a non-Lymphoid cell	1.40039840372e-05	0.0102072	CD1D|CD22|KIR2DL4|SIGLEC12|SIGLEC6|SIGLEC7|SIGLEC8
 REACT:R-HSA-2142688	Synthesis of 5-eicosatetraenoic acids	1.72783074783e-05	0.0102072	PON1|PON2|PON3
 REACT:R-HSA-6794362	Protein-protein interactions at synapses	7.11491694855e-05	0.0336251	LRFN3|LRRTM1|LRRTM2|LRRTM3|LRRTM4
 REACT:R-HSA-5625900	RHO GTPases activate CIT	0.0001351015556	0.0456064	MYH11|MYH14|MYH9
 REACT:R-HSA-5627117	RHO GTPases Activate ROCKs	0.0001351015556	0.0456064	MYH11|MYH14|MYH9
