 REACT:R-HSA-163560	Hormone-sensitive lipase (HSL)-mediated triacylglycerol hydrolysis	3.34743344155e-12	7.90999e-09	FABP2|FABP3|FABP4|FABP5|FABP6|FABP7|FABP9
 KEGG:hsa_M00415	"Fatty acid biosynthesis elongation endoplasmic reticulum"	1.10722402591e-06	0.00130819	ELOVL1|ELOVL3|ELOVL4|ELOVL7
 REACT:R-HSA-216083	Integrin cell surface interactions	4.77899311802e-06	0.00315877	ITGB1|ITGB2|ITGB3|ITGB5|ITGB6|ITGB7
 KEGG:hsa03320	PPAR signaling pathway	6.68381929325e-06	0.00315877	FABP2|FABP3|FABP4|FABP5|FABP6|FABP7
 KEGG:hsa05412	Arrhythmogenic right ventricular cardiomyopathy (ARVC)	6.68381929325e-06	0.00315877	ITGB1|ITGB3|ITGB5|ITGB6|ITGB7|SLC8A1
 REACT:R-HSA-73923	"Lipid digestion mobilization and transport"	8.97435632707e-06	0.0035344	FABP2|FABP3|FABP4|FABP5|FABP6|FABP7|FABP9
 REACT:R-HSA-556833	Metabolism of lipids and lipoproteins	1.29067650805e-05	0.00435696	ELOVL1|ELOVL3|ELOVL4|ELOVL7|FABP2|FABP3|FABP4|FABP5|FABP6|FABP7|FABP9|OSBPL10|OSBPL5|OSBPL8|OSBPL9|PTGR2|TMEM86B
 KEGG:hsa05410	Hypertrophic cardiomyopathy (HCM)	1.52650506189e-05	0.00436718	ITGB1|ITGB3|ITGB5|ITGB6|ITGB7|SLC8A1
 KEGG:hsa00062	Fatty acid elongation	1.84697549118e-05	0.00436718	ELOVL1|ELOVL3|ELOVL4|ELOVL7
 REACT:R-HSA-383280	Nuclear Receptor transcription pathway	1.84814922549e-05	0.00436718	NR3C1|NR3C2|NR4A3|PGR|VDR
 KEGG:hsa05414	Dilated cardiomyopathy	2.27928021894e-05	0.00489631	ITGB1|ITGB3|ITGB5|ITGB6|ITGB7|SLC8A1
 REACT:R-HSA-75876	Synthesis of very long-chain fatty acyl-CoAs	2.94584436599e-05	0.00580086	ELOVL1|ELOVL3|ELOVL4|ELOVL7
 REACT:R-HSA-2129379	Molecules associated with elastic fibres	4.4609912625e-05	0.00810871	ITGB1|ITGB3|ITGB5|ITGB6
 REACT:R-HSA-113510	E2F mediated regulation of DNA replication	6.47914390459e-05	0.0109359	CDC45|ORC3|PPP2R1A|PPP2R1B
 REACT:R-HSA-425561	Sodium/Calcium exchangers	7.10886791433e-05	0.0111988	SLC8A1|SLC8A2|SLC8A3
 REACT:R-HSA-418359	Reduction of cytosolic Ca++ levels	9.00557807277e-05	0.0133001	SLC8A1|SLC8A2|SLC8A3
 REACT:R-HSA-1566948	Elastic fibre formation	0.000150373827935	0.020902	ITGB1|ITGB3|ITGB5|ITGB6
 KEGG:hsa04512	ECM-receptor interaction	0.000183703682994	0.0241162	ITGB1|ITGB3|ITGB5|ITGB6|ITGB7
 REACT:R-HSA-3000170	Syndecan interactions	0.000274271944992	0.0341108	ITGB1|ITGB3|ITGB5
 REACT:R-HSA-418346	Platelet homeostasis	0.000299278129926	0.0353597	PPP2R1A|PPP2R1B|SLC8A1|SLC8A2|SLC8A3
 KEGG:hsa04740	Olfactory transduction	0.000334339164251	0.0376211	OR14A16|OR1J1|OR1N1|OR1S2|OR51A4|OR5AK2|OR5D14|SLC8A1|SLC8A2|SLC8A3
 REACT:R-HSA-1482801	Acyl chain remodelling of PS	0.000367076595395	0.0394274	OSBPL10|OSBPL5|OSBPL8
 REACT:R-HSA-75105	Fatty Acyl-CoA Biosynthesis	0.00040067935993	0.0399964	ELOVL1|ELOVL3|ELOVL4|ELOVL7
 KEGG:hsa04080	Neuroactive ligand-receptor interaction	0.000406226820665	0.0399964	AGTR1|AVPR2|HRH4|MC1R|NR3C1|PRLR|TBXA2R|TRPV1
 KEGG:hsa_M00154	Cytochrome c oxidase	0.000477978078512	0.0448235	COX7A1|COX7A2|COX7A2L
 REACT:R-HSA-3000178	ECM proteoglycans	0.000493190865837	0.0448235	ITGB1|ITGB3|ITGB5|ITGB6
