 REACT:R-HSA-2453902	The canonical retinoid cycle in rods (twilight vision)	0.0	0	LRAT|RBP1|RBP3|RBP4|RDH11|RDH12|RDH8|RLBP1
 REACT:R-HSA-163560	Hormone-sensitive lipase (HSL)-mediated triacylglycerol hydrolysis	1.46337830742e-10	1.72898e-07	FABP2|FABP3|FABP4|FABP5|FABP6|FABP7|FABP9
 REACT:R-HSA-383280	Nuclear Receptor transcription pathway	2.30330643447e-10	1.81424e-07	AR|NR0B1|NR1I3|NR2C1|NR3C1|NR3C2|NR4A3|PGR|VDR
 KEGG:hsa_M00415	"Fatty acid biosynthesis elongation endoplasmic reticulum"	3.6556329186e-08	2.15957e-05	ELOVL1|ELOVL3|ELOVL4|ELOVL7|TECR
 REACT:R-HSA-75876	Synthesis of very long-chain fatty acyl-CoAs	7.4201468081e-08	3.50676e-05	ELOVL1|ELOVL3|ELOVL4|ELOVL7|TECR|TECRL
 REACT:R-HSA-2187338	Visual phototransduction	1.06205622963e-07	4.18273e-05	LRAT|RBP1|RBP2|RBP3|RBP4|RDH11|RDH12|RDH8|RLBP1
 REACT:R-HSA-556833	Metabolism of lipids and lipoproteins	3.22965012178e-07	0.000109024	CYP11B1|ELOVL1|ELOVL3|ELOVL4|ELOVL7|FABP2|FABP3|FABP4|FABP5|FABP6|FABP7|FABP9|HSD3B7|OSBPL5|OSBPL6|OSBPL8|OSBPL9|PTGR2|SRD5A1|TECR|TECRL|TMEM86B
 REACT:R-HSA-5362517	Signaling by Retinoic Acid	1.08978950564e-06	0.000321897	CRABP1|CRABP2|FABP5|RDH11|RDH13|RDH14
 KEGG:hsa00062	Fatty acid elongation	1.3980284288e-06	0.00036706	ELOVL1|ELOVL3|ELOVL4|ELOVL7|TECR
 REACT:R-HSA-75105	Fatty Acyl-CoA Biosynthesis	4.30092854686e-06	0.00101631	ELOVL1|ELOVL3|ELOVL4|ELOVL7|TECR|TECRL
 REACT:R-HSA-216083	Integrin cell surface interactions	1.66563451034e-05	0.00357809	ITGB1|ITGB2|ITGB3|ITGB5|ITGB6|ITGB7
 KEGG:hsa03320	PPAR signaling pathway	2.31721578894e-05	0.00421199	FABP2|FABP3|FABP4|FABP5|FABP6|FABP7
 KEGG:hsa05412	Arrhythmogenic right ventricular cardiomyopathy (ARVC)	2.31721578894e-05	0.00421199	ITGB1|ITGB3|ITGB5|ITGB6|ITGB7|SLC8A1
 REACT:R-HSA-975634	Retinoid metabolism and transport	2.5337595369e-05	0.00427662	LRAT|RBP1|RBP2|RBP4|RDH11
 REACT:R-HSA-5365859	RA biosynthesis pathway	3.0629949918e-05	0.00482524	CRABP1|RDH11|RDH13|RDH14
 REACT:R-HSA-73923	"Lipid digestion mobilization and transport"	3.69877394034e-05	0.00532912	FABP2|FABP3|FABP4|FABP5|FABP6|FABP7|FABP9
 REACT:R-HSA-2453864	Retinoid cycle disease events	4.05941943892e-05	0.00532912	RBP1|RBP4|RLBP1
 REACT:R-HSA-2474795	Diseases associated with visual transduction	4.05941943892e-05	0.00532912	RBP1|RBP4|RLBP1
 REACT:R-HSA-75109	Triglyceride Biosynthesis	4.54272864836e-05	0.00564972	ELOVL1|ELOVL3|ELOVL4|ELOVL7|TECR|TECRL
 KEGG:hsa05410	Hypertrophic cardiomyopathy (HCM)	5.21581875876e-05	0.00616249	ITGB1|ITGB3|ITGB5|ITGB6|ITGB7|SLC8A1
 REACT:R-HSA-6806667	Metabolism of fat-soluble vitamins	6.3250523769e-05	0.00711719	LRAT|RBP1|RBP2|RBP4|RDH11
 KEGG:hsa05414	Dilated cardiomyopathy	7.72648745627e-05	0.00829895	ITGB1|ITGB3|ITGB5|ITGB6|ITGB7|SLC8A1
 REACT:R-HSA-2129379	Molecules associated with elastic fibres	0.000103623211197	0.0106462	ITGB1|ITGB3|ITGB5|ITGB6
 REACT:R-HSA-425561	Sodium/Calcium exchangers	0.000135028084047	0.0132946	SLC8A1|SLC8A2|SLC8A3
 KEGG:hsa00830	Retinol metabolism	0.000168775888803	0.0155282	LRAT|RDH11|RDH12|RDH8|RETSAT
 REACT:R-HSA-418359	Reduction of cytosolic Ca++ levels	0.000170855846885	0.0155282	SLC8A1|SLC8A2|SLC8A3
 REACT:R-HSA-1430728	Metabolism	0.000237717413674	0.0208047	ABCC8|COX7A2L|CYP11B1|ELOVL1|ELOVL3|ELOVL4|ELOVL7|FABP2|FABP3|FABP4|FABP5|FABP6|FABP7|FABP9|HSD3B7|LRAT|NUP107|OSBPL5|OSBPL6|OSBPL8|OSBPL9|PPP2R1A|PPP2R1B|PTGR2|RBP1|RBP2|RBP4|RDH11|SRD5A1|TECR|TECRL|TMEM86B
 REACT:R-HSA-1566948	Elastic fibre formation	0.000344591397916	0.0290811	ITGB1|ITGB3|ITGB5|ITGB6
 REACT:R-HSA-194068	Bile acid and bile salt metabolism	0.000377616076408	0.0307692	FABP6|HSD3B7|OSBPL6|OSBPL9
 KEGG:hsa04512	ECM-receptor interaction	0.000500901761589	0.0393891	ITGB1|ITGB3|ITGB5|ITGB6|ITGB7
 REACT:R-HSA-3000170	Syndecan interactions	0.000516741822789	0.0393891	ITGB1|ITGB3|ITGB5
