 KEGG:hsa04060	Cytokine-cytokine receptor interaction	0.0	0	CD27|CD40|CRLF2|CSF1|CSF2RA|CSF2RB|CX3CL1|EDA2R|EGFR|FAS|FLT1|IFNA1|IFNA10|IFNA13|IFNA14|IFNA16|IFNA17|IFNA2|IFNA21|IFNA4|IFNA5|IFNA6|IFNA7|IFNA8|IFNAR2|IFNB1|IFNE|IFNG|IFNLR1|IFNW1|IL10RA|IL10RB|IL12B|IL12RB1|IL13RA1|IL17B|IL17RA|IL19|IL1A|IL1B|IL1R1|IL1R2|IL1RAP|IL20|IL20RB|IL21R|IL22|IL22RA1|IL22RA2|IL24|IL2RB|IL2RG|IL4R|IL5RA|IL6R|IL6ST|LTBR|OSMR|RELT|TNFRSF10D|TNFRSF11A|TNFRSF11B|TNFRSF14|TNFRSF18|TNFRSF1B|TNFRSF25|TNFRSF4|TNFRSF6B|VEGFA|VEGFC
 KEGG:hsa04151	PI3K-Akt signaling pathway	0.0	0	CD19|CHAD|COMP|CREB3L3|CREB5|CSF1|EFNA1|EFNA2|EFNA3|EFNA4|EGFR|FGF1|FGF10|FGF11|FGF12|FGF13|FGF14|FGF16|FGF17|FGF18|FGF19|FGF2|FGF20|FGF21|FGF22|FGF23|FGF3|FGF4|FGF5|FGF6|FGF7|FGF8|FGF9|FLT1|IFNA1|IFNA10|IFNA13|IFNA14|IFNA16|IFNA17|IFNA2|IFNA21|IFNA4|IFNA5|IFNA6|IFNA7|IFNA8|IFNAR2|IFNB1|IL2RB|IL2RG|IL4R|IL6R|LAMB4|LAMC3|OSMR|PHLPP1|PHLPP2|PIK3AP1|THBS1|THBS2|THBS3|THBS4|TLR2|TLR4|TNXB|VEGFA|VEGFC
 KEGG:hsa04630	Jak-STAT signaling pathway	0.0	0	CRLF2|CSF2RA|CSF2RB|IFNA1|IFNA10|IFNA13|IFNA14|IFNA16|IFNA17|IFNA2|IFNA21|IFNA4|IFNA5|IFNA6|IFNA7|IFNA8|IFNAR2|IFNB1|IFNE|IFNG|IFNLR1|IFNW1|IL10RA|IL10RB|IL12B|IL12RB1|IL13RA1|IL13RA2|IL19|IL20|IL20RB|IL21R|IL22|IL22RA1|IL22RA2|IL24|IL27RA|IL2RB|IL2RG|IL4R|IL5RA|IL6R|IL6ST|OSMR|STAT5A|STAT6
 KEGG:hsa05152	Tuberculosis	0.0	0	ATP6V0A1|CD14|CEBPB|CIITA|CLEC4E|CLEC4M|CLEC7A|FCGR2A|FCGR2B|FCGR2C|FCGR3A|FCGR3B|IFNA1|IFNA10|IFNA13|IFNA14|IFNA16|IFNA17|IFNA2|IFNA21|IFNA4|IFNA5|IFNA6|IFNA7|IFNA8|IFNB1|IFNG|IL10RA|IL10RB|IL12B|IL1A|IL1B|ITGB2|LAMP1|LSP1|MRC1|PLA2R1|PPP3R2|RFXAP|TLR1|TLR2|TLR4|TLR6
 REACT:R-HSA-1280215	Cytokine Signaling in Immune system	0.0	0	BCL6|BTC|CD27|CD4|CD40|CD44|CIITA|CRLF1|CSF1|CSF2RA|CSF2RB|EBI3|EDA2R|EGFR|ERBB3|FCGR1B|FGA|FGB|FGF1|FGF10|FGF16|FGF17|FGF18|FGF19|FGF2|FGF20|FGF22|FGF23|FGF3|FGF4|FGF5|FGF6|FGF7|FGF8|FGF9|FGG|FOXO1|GAB2|GATA3|HBEGF|ICAM1|IFNA1|IFNA10|IFNA13|IFNA14|IFNA16|IFNA17|IFNA2|IFNA21|IFNA4|IFNA5|IFNA6|IFNA7|IFNA8|IFNAR2|IFNB1|IFNG|IFNLR1|IL10RA|IL10RB|IL12B|IL12RB1|IL13RA1|IL13RA2|IL17RA|IL19|IL1A|IL1B|IL1R1|IL1R2|IL1RAP|IL1RL1|IL1RN|IL20|IL20RB|IL22|IL22RA1|IL22RA2|IL24|IL27RA|IL2RB|IL2RG|IL34|IL36A|IL36B|IL4R|IL5RA|IL6R|IL6ST|ITGB2|JUNB|LAT|LGALS9|LTBR|NCAM1|NFKB2|NRG1|NRG2|NRG4|OSMR|PELI3|POM121|SOX2|STAT5A|STAT6|TNFRSF11A|TNFRSF11B|TNFRSF14|TNFRSF18|TNFRSF1B|TNFRSF25|TNFRSF4|TNFRSF6B|TNIP2|TRIM14|TRIM17|USP18|VEGFA
 REACT:R-HSA-1280218	Adaptive Immune System	0.0	0	ANAPC10|AP1M2|BTC|BTLA|BTNL8|CALR|CANX|CD14|CD160|CD19|CD1B|CD1C|CD1D|CD207|CD22|CD28|CD3D|CD3E|CD3G|CD4|CD40|CLEC2B|CLEC2D|CXADR|DCTN4|EGFR|ERBB3|FBXL12|FBXL13|FBXL14|FBXL15|FBXL19|FBXL4|FBXL5|FBXL7|FBXO17|FBXO44|FBXO6|FCGR1B|FCGR2B|FCGR3A|FGF1|FGF10|FGF16|FGF17|FGF18|FGF19|FGF2|FGF20|FGF22|FGF23|FGF3|FGF4|FGF5|FGF6|FGF7|FGF8|FGF9|FOXO1|HBEGF|HERC6|ICAM1|ICAM2|ICAM3|ICAM4|ICOS|ITGB2|KIR2DL1|KIR2DL3|KIR2DL4|KIR2DS1|KIR3DL2|KIR3DS1|KLRB1|KLRC1|KLRC4-KLRK1|KLRD1|KLRF1|KLRG1|LAIR2|LAT|LILRA1|LILRA3|LILRA4|LILRA5|LILRB5|MGRN1|MRC1|NRG1|NRG2|NRG4|PDCD1LG2|PHLPP1|PHLPP2|PIK3AP1|PVR|SELL|SIGLEC1|SIGLEC10|SIGLEC11|SIGLEC12|SIGLEC5|SIGLEC6|SIGLEC7|SIGLEC8|SIGLEC9|SKP2|SLAMF6|SPSB4|STIM1|TLR1|TLR2|TLR4|TLR6|TNFRSF14|TNRC6A|TRPC1
 REACT:R-HSA-168249	Innate Immune System	0.0	0	A1BG|AGA|AGER|AGL|ARSA|ATP6V0A1|ATP6V1E2|B4GALT1|BTC|C1R|C8A|CD14|CD180|CD19|CD28|CD3G|CD4|CD44|CD46|CD47|CD58|CD59|CD68|CEACAM1|CEACAM8|CFP|CHI3L1|CLEC10A|CLEC12A|CLEC4A|CLEC4C|CLEC4D|CLEC4E|CLEC5A|CLEC6A|CLEC7A|COLEC11|CRP|CSF2RA|CSF2RB|CSNK2B|DEFB112|DEFB119|DEGS1|DSN1|EGFR|ERBB3|FAF2|FCAR|FCER1A|FCGR2A|FCGR2C|FCGR3A|FCGR3B|FCN3|FGA|FGB|FGF1|FGF10|FGF16|FGF17|FGF18|FGF19|FGF2|FGF20|FGF22|FGF23|FGF3|FGF4|FGF5|FGF6|FGF7|FGF8|FGF9|FGG|FOXO1|GAA|GAB2|GLA|GUSB|GYG1|HBEGF|HEXB|ICAM2|ICAM3|ICOS|IFNA1|IFNA10|IFNA13|IFNA14|IFNA16|IFNA17|IFNA2|IFNA21|IFNA4|IFNA5|IFNA6|IFNA7|IFNA8|IFNB1|IL1B|IL2RB|IL2RG|IL5RA|ITGB2|ITLN1|KIR2DS4|KIR2DS5|KIR3DS1|KLRC2|KLRC4-KLRK1|KLRD1|LAMP1|LAMTOR1|LAT|LGALS3|LILRA3|LRG1|MASP2|MBL2|MEF2A|MEF2C|MEFV|MGAM|MUC15|MUC7|NCAM1|NEU1|NFAM1|NFASC|NFKB2|NLRC3|NLRP1|NLRP4|NRG1|NRG2|NRG4|OLR1|PELI3|PGLYRP1|PGLYRP2|PGLYRP3|PGLYRP4|PGM1|PHLPP1|PHLPP2|PIK3AP1|PLAUR|POLR3H|PRG2|PRG3|PTX3|REG3A|REG3G|RNF135|RNF216|SELL|SEMG1|SERPINB6|SIGLEC14|SIGLEC15|SIGLEC5|SIGLEC9|SLC2A3|SLC2A5|SLPI|STAT6|STBD1|STK11IP|TLR1|TLR10|TLR2|TLR3|TLR4|TLR5|TLR6|TNFRSF1B|TNIP2|TNRC6A|VAPA|WIPF1
 REACT:R-HSA-168256	Immune System	0.0	0	A1BG|AGA|AGER|AGL|ANAPC10|AP1M2|ARSA|ATP6V0A1|ATP6V1E2|B4GALT1|BCL6|BTC|BTLA|BTNL8|C1R|C8A|CALR|CANX|CD14|CD160|CD180|CD19|CD1B|CD1C|CD1D|CD207|CD22|CD27|CD28|CD3D|CD3E|CD3G|CD4|CD40|CD44|CD46|CD47|CD58|CD59|CD68|CEACAM1|CEACAM8|CFP|CHI3L1|CIITA|CLEC10A|CLEC12A|CLEC2B|CLEC2D|CLEC4A|CLEC4C|CLEC4D|CLEC4E|CLEC5A|CLEC6A|CLEC7A|COLEC11|CRLF1|CRP|CSF1|CSF2RA|CSF2RB|CSNK2B|CXADR|DCTN4|DEFB112|DEFB119|DEGS1|DSN1|EBI3|EDA2R|EGFR|ERBB3|FAF2|FBXL12|FBXL13|FBXL14|FBXL15|FBXL19|FBXL4|FBXL5|FBXL7|FBXO17|FBXO44|FBXO6|FCAR|FCER1A|FCGR1B|FCGR2A|FCGR2B|FCGR2C|FCGR3A|FCGR3B|FCN3|FGA|FGB|FGF1|FGF10|FGF16|FGF17|FGF18|FGF19|FGF2|FGF20|FGF22|FGF23|FGF3|FGF4|FGF5|FGF6|FGF7|FGF8|FGF9|FGG|FOXO1|GAA|GAB2|GATA3|GLA|GUSB|GYG1|HBEGF|HERC6|HEXB|ICAM1|ICAM2|ICAM3|ICAM4|ICOS|IFNA1|IFNA10|IFNA13|IFNA14|IFNA16|IFNA17|IFNA2|IFNA21|IFNA4|IFNA5|IFNA6|IFNA7|IFNA8|IFNAR2|IFNB1|IFNG|IFNLR1|IL10RA|IL10RB|IL12B|IL12RB1|IL13RA1|IL13RA2|IL17RA|IL19|IL1A|IL1B|IL1R1|IL1R2|IL1RAP|IL1RL1|IL1RN|IL20|IL20RB|IL22|IL22RA1|IL22RA2|IL24|IL27RA|IL2RB|IL2RG|IL34|IL36A|IL36B|IL4R|IL5RA|IL6R|IL6ST|ITGB2|ITLN1|JUNB|KIR2DL1|KIR2DL3|KIR2DL4|KIR2DS1|KIR2DS4|KIR2DS5|KIR3DL2|KIR3DS1|KLRB1|KLRC1|KLRC2|KLRC4-KLRK1|KLRD1|KLRF1|KLRG1|LAIR2|LAMP1|LAMTOR1|LAT|LGALS3|LGALS9|LILRA1|LILRA3|LILRA4|LILRA5|LILRB5|LRG1|LTBR|MASP2|MBL2|MEF2A|MEF2C|MEFV|MGAM|MGRN1|MRC1|MUC15|MUC7|NCAM1|NEU1|NFAM1|NFASC|NFKB2|NLRC3|NLRP1|NLRP4|NRG1|NRG2|NRG4|OLR1|OSMR|PDCD1LG2|PELI3|PGLYRP1|PGLYRP2|PGLYRP3|PGLYRP4|PGM1|PHLPP1|PHLPP2|PIK3AP1|PLAUR|POLR3H|POM121|PRG2|PRG3|PTX3|PVR|REG3A|REG3G|RNF135|RNF216|SELL|SEMG1|SERPINB6|SIGLEC1|SIGLEC10|SIGLEC11|SIGLEC12|SIGLEC14|SIGLEC15|SIGLEC5|SIGLEC6|SIGLEC7|SIGLEC8|SIGLEC9|SKP2|SLAMF6|SLC2A3|SLC2A5|SLPI|SOX2|SPSB4|STAT5A|STAT6|STBD1|STIM1|STK11IP|TLR1|TLR10|TLR2|TLR3|TLR4|TLR5|TLR6|TNFRSF11A|TNFRSF11B|TNFRSF14|TNFRSF18|TNFRSF1B|TNFRSF25|TNFRSF4|TNFRSF6B|TNIP2|TNRC6A|TRIM14|TRIM17|TRPC1|USP18|VAPA|VEGFA|WIPF1
 REACT:R-HSA-1839130	Signaling by activated point mutants of FGFR3	0.0	0	FGF1|FGF16|FGF17|FGF18|FGF2|FGF20|FGF23|FGF4|FGF5|FGF8|FGF9
 REACT:R-HSA-190241	FGFR2 ligand binding and activation	0.0	0	FGF1|FGF10|FGF16|FGF17|FGF18|FGF2|FGF20|FGF22|FGF23|FGF3|FGF4|FGF5|FGF6|FGF7|FGF8|FGF9
 REACT:R-HSA-190242	FGFR1 ligand binding and activation	0.0	0	FGF1|FGF10|FGF17|FGF2|FGF20|FGF22|FGF23|FGF3|FGF4|FGF5|FGF6|FGF8|FGF9
 REACT:R-HSA-190322	FGFR4 ligand binding and activation	0.0	0	FGF1|FGF16|FGF17|FGF18|FGF19|FGF2|FGF20|FGF23|FGF4|FGF6|FGF8|FGF9
 REACT:R-HSA-190375	FGFR2c ligand binding and activation	0.0	0	FGF1|FGF16|FGF17|FGF18|FGF2|FGF20|FGF23|FGF4|FGF5|FGF6|FGF8|FGF9
 REACT:R-HSA-198933	Immunoregulatory interactions between a Lymphoid and a non-Lymphoid cell	0.0	0	CD160|CD19|CD1B|CD1C|CD1D|CD22|CD3D|CD3E|CD3G|CD40|CLEC2B|CLEC2D|CXADR|FCGR2B|FCGR3A|ICAM1|ICAM2|ICAM3|ICAM4|ITGB2|KIR2DL1|KIR2DL3|KIR2DL4|KIR2DS1|KIR3DL2|KIR3DS1|KLRB1|KLRC1|KLRC4-KLRK1|KLRD1|KLRF1|KLRG1|LAIR2|LILRA1|LILRA3|LILRA4|LILRA5|LILRB5|PVR|SELL|SIGLEC1|SIGLEC10|SIGLEC11|SIGLEC12|SIGLEC5|SIGLEC6|SIGLEC7|SIGLEC8|SIGLEC9|SLAMF6
 REACT:R-HSA-199418	Negative regulation of the PI3K/AKT network	0.0	0	BTC|CD19|CD28|EGFR|ERBB3|FGF1|FGF10|FGF16|FGF17|FGF18|FGF19|FGF2|FGF20|FGF22|FGF23|FGF3|FGF4|FGF5|FGF6|FGF7|FGF8|FGF9|HBEGF|ICOS|NRG1|NRG2|NRG4|PHLPP1|PHLPP2|PIK3AP1
 REACT:R-HSA-2033514	FGFR3 mutant receptor activation	0.0	0	FGF1|FGF16|FGF17|FGF18|FGF2|FGF20|FGF23|FGF4|FGF5|FGF8|FGF9
 REACT:R-HSA-2033519	Activated point mutants of FGFR2	0.0	0	FGF1|FGF10|FGF16|FGF17|FGF18|FGF2|FGF20|FGF22|FGF23|FGF3|FGF4|FGF5|FGF6|FGF7|FGF8|FGF9
 REACT:R-HSA-2219528	PI3K/AKT Signaling in Cancer	0.0	0	BTC|CD19|CD28|EGFR|ERBB3|FGF1|FGF10|FGF16|FGF17|FGF18|FGF19|FGF2|FGF20|FGF22|FGF23|FGF3|FGF4|FGF5|FGF6|FGF7|FGF8|FGF9|FOXO1|HBEGF|ICOS|NRG1|NRG2|NRG4|PIK3AP1
 REACT:R-HSA-2219530	Constitutive Signaling by Aberrant PI3K in Cancer	0.0	0	BTC|CD19|CD28|EGFR|ERBB3|FGF1|FGF10|FGF16|FGF17|FGF18|FGF19|FGF2|FGF20|FGF22|FGF23|FGF3|FGF4|FGF5|FGF6|FGF7|FGF8|FGF9|HBEGF|ICOS|NRG1|NRG2|NRG4|PIK3AP1
 REACT:R-HSA-5654219	Phospholipase C-mediated cascade: FGFR1	0.0	0	FGF1|FGF10|FGF17|FGF2|FGF20|FGF22|FGF23|FGF3|FGF4|FGF5|FGF6|FGF8|FGF9
 REACT:R-HSA-5654221	Phospholipase C-mediated cascade; FGFR2	0.0	0	FGF1|FGF10|FGF16|FGF17|FGF18|FGF2|FGF20|FGF22|FGF23|FGF3|FGF4|FGF5|FGF6|FGF7|FGF8|FGF9
 REACT:R-HSA-5654228	Phospholipase C-mediated cascade; FGFR4	0.0	0	FGF1|FGF16|FGF17|FGF18|FGF19|FGF2|FGF20|FGF23|FGF4|FGF6|FGF8|FGF9
 REACT:R-HSA-5654695	PI-3K cascade:FGFR2	0.0	0	FGF1|FGF10|FGF16|FGF17|FGF18|FGF2|FGF20|FGF22|FGF23|FGF3|FGF4|FGF5|FGF6|FGF7|FGF8|FGF9
 REACT:R-HSA-5654699	SHC-mediated cascade:FGFR2	0.0	0	FGF1|FGF10|FGF16|FGF17|FGF18|FGF2|FGF20|FGF22|FGF23|FGF3|FGF4|FGF5|FGF6|FGF7|FGF8|FGF9
 REACT:R-HSA-5654700	FRS-mediated FGFR2 signaling	0.0	0	FGF1|FGF10|FGF16|FGF17|FGF18|FGF2|FGF20|FGF22|FGF23|FGF3|FGF4|FGF5|FGF6|FGF7|FGF8|FGF9
 REACT:R-HSA-6811558	"PI5P PP2A and IER3 Regulate PI3K/AKT Signaling"	0.0	0	BTC|CD19|CD28|EGFR|ERBB3|FGF1|FGF10|FGF16|FGF17|FGF18|FGF19|FGF2|FGF20|FGF22|FGF23|FGF3|FGF4|FGF5|FGF6|FGF7|FGF8|FGF9|HBEGF|ICOS|NRG1|NRG2|NRG4|PIK3AP1
 REACT:R-HSA-912694	Regulation of IFNA signaling	0.0	0	IFNA1|IFNA10|IFNA13|IFNA14|IFNA16|IFNA17|IFNA2|IFNA21|IFNA4|IFNA5|IFNA6|IFNA7|IFNA8|IFNAR2|IFNB1|USP18
 KEGG:hsa04650	Natural killer cell mediated cytotoxicity	2.38709052525e-12	2.01453e-10	FAS|FCGR3A|FCGR3B|ICAM1|ICAM2|IFNA1|IFNA10|IFNA13|IFNA14|IFNA16|IFNA17|IFNA2|IFNA21|IFNA4|IFNA5|IFNA6|IFNA7|IFNA8|IFNAR2|IFNB1|IFNG|ITGB2|KIR2DL1|KIR2DL3|KIR2DL4|KIR2DS1|KIR2DS4|KIR2DS5|KIR3DL2|KLRC1|KLRC2|KLRC4-KLRK1|KLRD1|LAT|PPP3R2|TNFRSF10D
 REACT:R-HSA-190239	FGFR3 ligand binding and activation	1.40736311494e-11	1.03925e-09	FGF1|FGF16|FGF17|FGF18|FGF2|FGF20|FGF23|FGF4|FGF5|FGF8|FGF9
 REACT:R-HSA-190372	FGFR3c ligand binding and activation	1.40736311494e-11	1.03925e-09	FGF1|FGF16|FGF17|FGF18|FGF2|FGF20|FGF23|FGF4|FGF5|FGF8|FGF9
 REACT:R-HSA-432047	Passive transport by Aquaporins	1.40736311494e-11	1.03925e-09	AQP1|AQP10|AQP12A|AQP2|AQP3|AQP4|AQP5|AQP6|AQP7|AQP9|MIP
 REACT:R-HSA-5654227	Phospholipase C-mediated cascade; FGFR3	1.40736311494e-11	1.03925e-09	FGF1|FGF16|FGF17|FGF18|FGF2|FGF20|FGF23|FGF4|FGF5|FGF8|FGF9
 KEGG:hsa05162	Measles	1.63091762317e-11	1.16784e-09	BBC3|CD28|CD3D|CD3E|CD3G|CD46|CLEC4M|CSNK2B|FAS|FCGR2B|IFNA1|IFNA10|IFNA13|IFNA14|IFNA16|IFNA17|IFNA2|IFNA21|IFNA4|IFNA5|IFNA6|IFNA7|IFNA8|IFNAR2|IFNB1|IFNG|IL12B|IL1A|IL1B|IL2RB|IL2RG|STAT5A|TLR2|TLR4|TNFRSF10D
 REACT:R-HSA-449147	Signaling by Interleukins	2.01633154617e-11	1.40135e-09	BCL6|BTC|CD4|CRLF1|CSF1|CSF2RA|CSF2RB|EBI3|EGFR|ERBB3|FGA|FGB|FGF1|FGF10|FGF16|FGF17|FGF18|FGF19|FGF2|FGF20|FGF22|FGF23|FGF3|FGF4|FGF5|FGF6|FGF7|FGF8|FGF9|FGG|FOXO1|GAB2|GATA3|HBEGF|ICAM1|IFNLR1|IL10RA|IL10RB|IL12B|IL12RB1|IL13RA1|IL13RA2|IL17RA|IL19|IL1A|IL1B|IL1R1|IL1R2|IL1RAP|IL1RL1|IL1RN|IL20|IL20RB|IL22|IL22RA1|IL22RA2|IL24|IL27RA|IL2RB|IL2RG|IL34|IL36A|IL36B|IL4R|IL5RA|IL6R|IL6ST|ITGB2|JUNB|LAT|LGALS9|NCAM1|NFKB2|NRG1|NRG2|NRG4|OSMR|PELI3|SOX2|STAT5A|STAT6|TNFRSF1B|TNIP2|VEGFA
 KEGG:hsa04514	Cell adhesion molecules (CAMs)	3.89773768816e-11	2.63153e-09	ALCAM|CADM1|CD2|CD22|CD276|CD28|CD4|CD40|CD58|CDH15|CDH2|CDH4|CLDN7|ESAM|ICAM1|ICAM2|ICAM3|ICOS|ITGB2|JAM2|LRRC4|LRRC4C|MAG|NCAM1|NFASC|NLGN4Y|NRXN1|NRXN3|NTNG1|PDCD1LG2|PVR|SELE|SELL|SELP|SIGLEC1|VCAN
 REACT:R-HSA-1839122	Signaling by activated point mutants of FGFR1	4.25808277527e-11	2.79496e-09	FGF1|FGF17|FGF2|FGF20|FGF23|FGF4|FGF5|FGF6|FGF8|FGF9
 REACT:R-HSA-5654696	Downstream signaling of activated FGFR2	5.06363839747e-11	3.23389e-09	FGF1|FGF10|FGF16|FGF17|FGF18|FGF2|FGF20|FGF22|FGF23|FGF3|FGF4|FGF5|FGF6|FGF7|FGF8|FGF9
 KEGG:hsa05218	Melanoma	6.53124221373e-11	4.0614e-09	EGFR|FGF1|FGF10|FGF11|FGF12|FGF13|FGF14|FGF16|FGF17|FGF18|FGF19|FGF2|FGF20|FGF21|FGF22|FGF23|FGF3|FGF4|FGF5|FGF6|FGF7|FGF8|FGF9|MITF
 REACT:R-HSA-428790	Facilitative Na+-independent glucose transporters	8.21902546022e-11	4.97989e-09	FGF21|SLC2A1|SLC2A10|SLC2A11|SLC2A14|SLC2A2|SLC2A3|SLC2A5|SLC2A6|SLC2A8|SLC2A9
 REACT:R-HSA-5654687	Downstream signaling of activated FGFR1	8.45270520244e-11	4.99344e-09	FGF1|FGF10|FGF17|FGF2|FGF20|FGF22|FGF23|FGF3|FGF4|FGF5|FGF6|FGF8|FGF9|FLRT1|FLRT2|FLRT3
 KEGG:hsa04640	Hematopoietic cell lineage	2.12162953872e-10	1.22278e-08	CD14|CD19|CD1B|CD1C|CD1D|CD1E|CD2|CD22|CD3D|CD3E|CD3G|CD4|CD44|CD59|CSF1|CSF2RA|GP1BA|GP1BB|GP5|GP9|IL1A|IL1B|IL1R1|IL1R2|IL4R|IL5RA|IL6R|TFRC
 REACT:R-HSA-5654688	SHC-mediated cascade:FGFR1	2.67066257997e-10	1.46762e-08	FGF1|FGF10|FGF17|FGF2|FGF20|FGF22|FGF23|FGF3|FGF4|FGF5|FGF6|FGF8|FGF9
 REACT:R-HSA-5654689	PI-3K cascade:FGFR1	2.67066257997e-10	1.46762e-08	FGF1|FGF10|FGF17|FGF2|FGF20|FGF22|FGF23|FGF3|FGF4|FGF5|FGF6|FGF8|FGF9
 REACT:R-HSA-1839126	FGFR2 mutant receptor activation	3.16738302253e-10	1.67396e-08	FGF1|FGF10|FGF16|FGF17|FGF18|FGF2|FGF20|FGF22|FGF23|FGF3|FGF4|FGF5|FGF6|FGF7|FGF8|FGF9
 REACT:R-HSA-190373	FGFR1c ligand binding and activation	3.18781334663e-10	1.67396e-08	FGF1|FGF17|FGF2|FGF20|FGF23|FGF4|FGF5|FGF6|FGF8|FGF9
 REACT:R-HSA-1257604	PIP3 activates AKT signaling	4.80973150196e-10	2.47074e-08	BTC|CD19|CD28|EGFR|ERBB3|FGF1|FGF10|FGF16|FGF17|FGF18|FGF19|FGF2|FGF20|FGF22|FGF23|FGF3|FGF4|FGF5|FGF6|FGF7|FGF8|FGF9|FOXO1|HBEGF|ICOS|NRG1|NRG2|NRG4|PHLPP1|PHLPP2|PIK3AP1|TNRC6A
 REACT:R-HSA-5654727	Negative regulation of FGFR2 signaling	5.93757931711e-10	2.98521e-08	FGF1|FGF10|FGF16|FGF17|FGF18|FGF2|FGF20|FGF22|FGF23|FGF3|FGF4|FGF5|FGF6|FGF7|FGF8|FGF9
 REACT:R-HSA-180292	GAB1 signalosome	9.6121466342e-10	4.63541e-08	BTC|CD19|CD28|EGFR|ERBB3|FGF1|FGF10|FGF16|FGF17|FGF18|FGF19|FGF2|FGF20|FGF22|FGF23|FGF3|FGF4|FGF5|FGF6|FGF7|FGF8|FGF9|FOXO1|HBEGF|ICOS|NRG1|NRG2|NRG4|PHLPP1|PHLPP2|PIK3AP1|TNRC6A
 REACT:R-HSA-198203	PI3K/AKT activation	9.6121466342e-10	4.63541e-08	BTC|CD19|CD28|EGFR|ERBB3|FGF1|FGF10|FGF16|FGF17|FGF18|FGF19|FGF2|FGF20|FGF22|FGF23|FGF3|FGF4|FGF5|FGF6|FGF7|FGF8|FGF9|FOXO1|HBEGF|ICOS|NRG1|NRG2|NRG4|PHLPP1|PHLPP2|PIK3AP1|TNRC6A
 REACT:R-HSA-5654693	FRS-mediated FGFR1 signaling	1.32294675215e-09	6.16358e-08	FGF1|FGF10|FGF17|FGF2|FGF20|FGF22|FGF23|FGF3|FGF4|FGF5|FGF6|FGF8|FGF9
 REACT:R-HSA-5658623	FGFRL1 modulation of FGFR1 signaling	1.33026922811e-09	6.16358e-08	FGF10|FGF17|FGF18|FGF2|FGF22|FGF23|FGF3|FGF4|FGF5|FGF8
 REACT:R-HSA-2730905	Role of LAT2/NTAL/LAB on calcium mobilization	1.48795398225e-09	6.76161e-08	BTC|CD19|CD28|EGFR|ERBB3|FGF1|FGF10|FGF16|FGF17|FGF18|FGF19|FGF2|FGF20|FGF22|FGF23|FGF3|FGF4|FGF5|FGF6|FGF7|FGF8|FGF9|FOXO1|GAB2|HBEGF|ICOS|NRG1|NRG2|NRG4|PHLPP1|PHLPP2|PIK3AP1|TNRC6A
 REACT:R-HSA-5654719	SHC-mediated cascade:FGFR4	2.3033359664e-09	1.00792e-07	FGF1|FGF16|FGF17|FGF18|FGF19|FGF2|FGF20|FGF23|FGF4|FGF6|FGF8|FGF9
 REACT:R-HSA-5654720	PI-3K cascade:FGFR4	2.3033359664e-09	1.00792e-07	FGF1|FGF16|FGF17|FGF18|FGF19|FGF2|FGF20|FGF23|FGF4|FGF6|FGF8|FGF9
 KEGG:hsa05224	Breast cancer	5.78168268817e-09	2.48402e-07	DLL4|EGFR|FGF1|FGF10|FGF11|FGF12|FGF13|FGF14|FGF16|FGF17|FGF18|FGF19|FGF2|FGF20|FGF21|FGF22|FGF23|FGF3|FGF4|FGF5|FGF6|FGF7|FGF8|FGF9|HEY1|JAG2|LEF1|NFKB2|SP1|TCF7|TCF7L1|TCF7L2|WNT2
 REACT:R-HSA-5654704	SHC-mediated cascade:FGFR3	8.41440617183e-09	3.48829e-07	FGF1|FGF16|FGF17|FGF18|FGF2|FGF20|FGF23|FGF4|FGF5|FGF8|FGF9
 REACT:R-HSA-5654710	PI-3K cascade:FGFR3	8.41440617183e-09	3.48829e-07	FGF1|FGF16|FGF17|FGF18|FGF2|FGF20|FGF23|FGF4|FGF5|FGF8|FGF9
 REACT:R-HSA-8854691	"Interleukin-19 20 22 24"	8.67030802709e-09	3.5324e-07	IL10RB|IL19|IL20|IL20RB|IL22|IL22RA1|IL22RA2|IL24
 REACT:R-HSA-5654712	FRS-mediated FGFR4 signaling	1.02640594912e-08	4.06052e-07	FGF1|FGF16|FGF17|FGF18|FGF19|FGF2|FGF20|FGF23|FGF4|FGF6|FGF8|FGF9
 REACT:R-HSA-933541	TRAF6 mediated IRF7 activation	1.03102582028e-08	4.06052e-07	IFNA1|IFNA10|IFNA13|IFNA14|IFNA16|IFNA17|IFNA2|IFNA21|IFNA4|IFNA5|IFNA6|IFNA7|IFNA8|IFNB1|RNF135
 KEGG:hsa05320	Autoimmune thyroid disease	1.99106859888e-08	7.71294e-07	CD28|CD40|CGA|FAS|IFNA1|IFNA10|IFNA13|IFNA14|IFNA16|IFNA17|IFNA2|IFNA21|IFNA4|IFNA5|IFNA6|IFNA7|IFNA8|TSHR
 REACT:R-HSA-5655253	Signaling by FGFR2 in disease	3.76525535195e-08	1.43505e-06	FGF1|FGF10|FGF16|FGF17|FGF18|FGF2|FGF20|FGF22|FGF23|FGF3|FGF4|FGF5|FGF6|FGF7|FGF8|FGF9
 REACT:R-HSA-5654706	FRS-mediated FGFR3 signaling	3.85864297181e-08	1.4473e-06	FGF1|FGF16|FGF17|FGF18|FGF2|FGF20|FGF23|FGF4|FGF5|FGF8|FGF9
 KEGG:hsa05144	Malaria	4.75253943977e-08	1.75473e-06	CD40|COMP|GYPB|ICAM1|IFNG|IL1B|ITGB2|KLRB1|KLRC4-KLRK1|SELE|SELP|THBS1|THBS2|THBS3|THBS4|TLR2|TLR4
 REACT:R-HSA-5654736	Signaling by FGFR1	6.69960734667e-08	2.43556e-06	FGF1|FGF10|FGF17|FGF18|FGF2|FGF20|FGF22|FGF23|FGF3|FGF4|FGF5|FGF6|FGF8|FGF9|FLRT1|FLRT2|FLRT3
 REACT:R-HSA-1266738	Developmental Biology	7.62862299997e-08	2.73128e-06	ABLIM1|ALCAM|ARHGAP39|ARHGEF7|BTC|CD72|CDH15|CDH2|CDH4|CDSN|CEBPB|CFC1|CNTN6|CSF2RA|CSF2RB|CSNK2B|DPPA4|DSC2|EFNA1|EFNA2|EFNA3|EFNA4|EGFR|EGR2|EPHA3|ERBB3|FAM120B|FGA|FGB|FGF1|FGF10|FGF16|FGF17|FGF18|FGF19|FGF2|FGF20|FGF22|FGF23|FGF3|FGF4|FGF5|FGF6|FGF7|FGF8|FGF9|FGG|FOXO1|FOXP1|GAB2|GAP43|HBEGF|HNF1A|HNF1B|HOXA2|HOXA4|HOXB1|IL2RB|IL2RG|IL5RA|INSM1|IVL|KRT14|KRT7|KRT82|KRTAP10-1|KRTAP10-12|KRTAP10-2|KRTAP10-3|KRTAP1-1|KRTAP1-3|KRTAP13-1|KRTAP13-2|KRTAP13-4|KRTAP1-5|KRTAP19-5|KRTAP2-1|KRTAP2-4|KRTAP24-1|KRTAP26-1|KRTAP27-1|KRTAP3-3|KRTAP4-1|KRTAP4-3|KRTAP4-6|KRTAP4-7|LAT|LCE2B|LIN28A|MED26|MEF2A|MEF2C|NCAM1|NFASC|NRG1|NRG2|NRG4|NTN3|NTN4|NUMB|PDX1|PLXNA1|PLXNA2|PLXNC1|PLXND1|PSEN2|ROBO1|ROBO2|SALL1|SCN3B|SCN4B|SEMA3E|SLC2A2|SLIT1|SLIT2|SLIT3|SOX2|SPINK9|SPRR3|TCF12|TCF4|TDGF1|TRPC1|TRPC4|UNC5B|UNC5C|VEGFA|ZSCAN10
 KEGG:hsa04145	Phagosome	9.90582178506e-08	3.49365e-06	ATP6V0A1|ATP6V1E2|C1R|CALR|CANX|CD14|CLEC4M|CLEC7A|COLEC11|COLEC12|COMP|FCAR|FCGR2A|FCGR2B|FCGR2C|FCGR3A|FCGR3B|ITGB2|LAMP1|MBL2|MRC1|OLR1|PLA2R1|SFTPD|TFRC|THBS1|THBS2|THBS3|THBS4|TLR2|TLR4|TLR6
 REACT:R-HSA-5655332	Signaling by FGFR3 in disease	1.40714352392e-07	4.81896e-06	FGF1|FGF16|FGF17|FGF18|FGF2|FGF20|FGF23|FGF4|FGF5|FGF8|FGF9
 REACT:R-HSA-8853338	Signaling by FGFR3 point mutants in cancer	1.40714352392e-07	4.81896e-06	FGF1|FGF16|FGF17|FGF18|FGF2|FGF20|FGF23|FGF4|FGF5|FGF8|FGF9
 KEGG:hsa04620	Toll-like receptor signaling pathway	1.51633985479e-07	5.11873e-06	CD14|CD40|IFNA1|IFNA10|IFNA13|IFNA14|IFNA16|IFNA17|IFNA2|IFNA21|IFNA4|IFNA5|IFNA6|IFNA7|IFNA8|IFNAR2|IFNB1|IL12B|IL1B|TLR1|TLR2|TLR3|TLR4|TLR5|TLR6
 REACT:R-HSA-5654716	Downstream signaling of activated FGFR4	1.94047449331e-07	6.45823e-06	FGF1|FGF16|FGF17|FGF18|FGF19|FGF2|FGF20|FGF23|FGF4|FGF6|FGF8|FGF9
 REACT:R-HSA-1638074	Keratan sulfate/keratin metabolism	3.32332767972e-07	1.07576e-05	B3GNT4|B4GALT1|B4GALT2|B4GALT3|B4GALT4|FMOD|HEXA|HEXB|KERA|LUM|OGN|OMD|PRELP
 REACT:R-HSA-5654726	Negative regulation of FGFR1 signaling	3.32332767972e-07	1.07576e-05	FGF1|FGF10|FGF17|FGF2|FGF20|FGF22|FGF23|FGF3|FGF4|FGF5|FGF6|FGF8|FGF9
 REACT:R-HSA-2022857	Keratan sulfate degradation	3.89093387843e-07	1.24247e-05	FMOD|HEXA|HEXB|KERA|LUM|OGN|OMD|PRELP
 REACT:R-HSA-1226099	Signaling by FGFR in disease	5.45358260995e-07	1.71824e-05	FGF1|FGF10|FGF16|FGF17|FGF18|FGF2|FGF20|FGF22|FGF23|FGF3|FGF4|FGF5|FGF6|FGF7|FGF8|FGF9|GAB2|STAT5A
 REACT:R-HSA-109582	Hemostasis	5.74690403266e-07	1.78683e-05	A1BG|AKAP1|APOH|BCAR1|BSG|CABLES2|CD2|CD44|CD47|CD58|CD84|CEACAM1|CEACAM8|CHID1|CLEC1B|CLEC3B|CSF2RA|CSF2RB|CXADR|ESAM|F3|FGA|FGB|FGG|GAB2|GAS6|GATA2|GATA3|GATA6|GNAS|GP1BA|GP1BB|GP5|GP9|GYPB|IFNA1|IFNA10|IFNA13|IFNA14|IFNA16|IFNA17|IFNA2|IFNA21|IFNA4|IFNA5|IFNA6|IFNA7|IFNA8|IFNB1|IL2RB|IL2RG|IL5RA|ITGB2|JAM2|LAT|MAG|NFE2|OLR1|PCDH7|PDPN|PLAUR|PSG11|PSG2|PSG4|PSG5|PSG6|PSG8|SCG3|SELE|SELL|SELP|SERPINB2|SERPINB6|SERPINB8|SERPINC1|SERPINF2|SERPING1|STIM1|THBS1|TNFRSF10D|VEGFA|VEGFC|ZFPM1
 REACT:R-HSA-5654708	Downstream signaling of activated FGFR3	7.19706987007e-07	2.20866e-05	FGF1|FGF16|FGF17|FGF18|FGF2|FGF20|FGF23|FGF4|FGF5|FGF8|FGF9
 KEGG:hsa04015	Rap1 signaling pathway	9.870510701e-07	2.99026e-05	BCAR1|CSF1|EFNA1|EFNA2|EFNA3|EFNA4|EGFR|FGF1|FGF10|FGF11|FGF12|FGF13|FGF14|FGF16|FGF17|FGF18|FGF19|FGF2|FGF20|FGF21|FGF22|FGF23|FGF3|FGF4|FGF5|FGF6|FGF7|FGF8|FGF9|FLT1|GNAS|ITGB2|LAT|RASSF5|THBS1|VEGFA|VEGFC
 REACT:R-HSA-109704	PI3K Cascade	1.09528414693e-06	3.27615e-05	FGF1|FGF10|FGF16|FGF17|FGF18|FGF19|FGF2|FGF20|FGF22|FGF23|FGF3|FGF4|FGF5|FGF6|FGF7|FGF8|FGF9|LAMTOR1|PRKAB1|PRKAB2
 REACT:R-HSA-3781865	Diseases of glycosylation	1.12782338269e-06	3.30551e-05	ADAMTS17|ADAMTSL1|ADAMTSL2|ADAMTSL4|BCAN|BGN|CFP|DCN|FMOD|KERA|LUM|MUC15|MUC7|OGN|OMD|PRELP|THBS1|THBS2|THSD1|THSD7B|VCAN
 REACT:R-HSA-1839124	FGFR1 mutant receptor activation	1.18638269953e-06	3.30551e-05	FGF1|FGF17|FGF2|FGF20|FGF23|FGF4|FGF5|FGF6|FGF8|FGF9|GAB2|STAT5A
 REACT:R-HSA-5654733	Negative regulation of FGFR4 signaling	1.18638269953e-06	3.30551e-05	FGF1|FGF16|FGF17|FGF18|FGF19|FGF2|FGF20|FGF23|FGF4|FGF6|FGF8|FGF9
 REACT:R-HSA-190371	FGFR3b ligand binding and activation	1.20301976059e-06	3.30551e-05	FGF1|FGF17|FGF18|FGF20|FGF8|FGF9
 REACT:R-HSA-3656225	Defective CHST6 causes MCDC1	1.20301976059e-06	3.30551e-05	FMOD|KERA|LUM|OGN|OMD|PRELP
 REACT:R-HSA-3656243	Defective ST3GAL3 causes MCT12 and EIEE15	1.20301976059e-06	3.30551e-05	FMOD|KERA|LUM|OGN|OMD|PRELP
 REACT:R-HSA-3656244	Defective B4GALT1 causes B4GALT1-CDG (CDG-2d)	1.20301976059e-06	3.30551e-05	FMOD|KERA|LUM|OGN|OMD|PRELP
 REACT:R-HSA-2022854	Keratan sulfate biosynthesis	2.80696820754e-06	7.62398e-05	B3GNT4|B4GALT1|B4GALT2|B4GALT3|B4GALT4|FMOD|KERA|LUM|OGN|OMD|PRELP
 KEGG:hsa04622	RIG-I-like receptor signaling pathway	2.94750859609e-06	7.91473e-05	IFNA1|IFNA10|IFNA13|IFNA14|IFNA16|IFNA17|IFNA2|IFNA21|IFNA4|IFNA5|IFNA6|IFNA7|IFNA8|IFNB1|IFNE|IFNW1|IL12B|TBKBP1
 KEGG:hsa04659	Th17 cell differentiation	3.78935412537e-06	0.000100609	CD3D|CD3E|CD3G|CD4|GATA3|IFNG|IL12RB1|IL1B|IL1R1|IL1RAP|IL21R|IL22|IL27RA|IL2RB|IL2RG|IL4R|IL6R|IL6ST|LAT|PPP3R2|RUNX1|STAT5A|STAT6
 REACT:R-HSA-5654732	Negative regulation of FGFR3 signaling	4.21511559223e-06	0.00011067	FGF1|FGF16|FGF17|FGF18|FGF2|FGF20|FGF23|FGF4|FGF5|FGF8|FGF9
 REACT:R-HSA-5686938	Regulation of TLR by endogenous ligand	7.68836239984e-06	0.000199644	CD14|FGA|FGB|FGG|TLR1|TLR2|TLR4|TLR6
 REACT:R-HSA-190236	Signaling by FGFR	7.9382166619e-06	0.000203891	FGF1|FGF10|FGF16|FGF17|FGF18|FGF19|FGF2|FGF20|FGF22|FGF23|FGF3|FGF4|FGF5|FGF6|FGF7|FGF8|FGF9|FLRT1|FLRT2|FLRT3
 REACT:R-HSA-3560782	Diseases associated with glycosaminoglycan metabolism	1.00529273321e-05	0.000255431	BCAN|BGN|DCN|FMOD|KERA|LUM|OGN|OMD|PRELP|VCAN
 KEGG:hsa04380	Osteoclast differentiation	1.02748631247e-05	0.000258293	CSF1|FCGR2A|FCGR2B|FCGR2C|FCGR3A|FCGR3B|GAB2|IFNAR2|IFNB1|IFNG|IL1A|IL1B|IL1R1|JUNB|LILRA1|LILRA3|LILRA4|LILRA5|LILRB5|MITF|NFKB2|PPP3R2|SPI1|TNFRSF11A|TNFRSF11B
 KEGG:hsa04623	Cytosolic DNA-sensing pathway	1.23590174822e-05	0.000307414	IFNA1|IFNA10|IFNA13|IFNA14|IFNA16|IFNA17|IFNA2|IFNA21|IFNA4|IFNA5|IFNA6|IFNA7|IFNA8|IFNB1|IL1B|POLR3H
 REACT:R-HSA-190370	FGFR1b ligand binding and activation	1.37383080366e-05	0.000337991	FGF1|FGF10|FGF2|FGF22|FGF3
 REACT:R-HSA-5655302	Signaling by FGFR1 in disease	1.38743535099e-05	0.000337991	FGF1|FGF17|FGF2|FGF20|FGF23|FGF4|FGF5|FGF6|FGF8|FGF9|GAB2|STAT5A
 REACT:R-HSA-8847993	ERBB2 Activates PTK6 Signaling	1.5770965806e-05	0.000380273	BTC|EGFR|ERBB3|HBEGF|NRG1|NRG2|NRG4
 KEGG:hsa04014	Ras signaling pathway	1.63583507973e-05	0.000390452	CSF1|EFNA1|EFNA2|EFNA3|EFNA4|EGFR|FGF1|FGF10|FGF11|FGF12|FGF13|FGF14|FGF16|FGF17|FGF18|FGF19|FGF2|FGF20|FGF21|FGF22|FGF23|FGF3|FGF4|FGF5|FGF6|FGF7|FGF8|FGF9|FLT1|GAB2|LAT|PLA2G4D|RASSF5|SHOC2|VEGFA|VEGFC
 REACT:R-HSA-6798695	Neutrophil degranulation	1.69624484099e-05	0.000400823	A1BG|AGA|AGL|ARSA|ATP6V0A1|B4GALT1|CD14|CD44|CD47|CD58|CD59|CD68|CEACAM1|CEACAM8|CFP|CHI3L1|CLEC12A|CLEC4C|CLEC4D|CLEC5A|CSNK2B|DEGS1|DSN1|FAF2|FCAR|FCGR2A|FCGR2C|FCGR3B|GAA|GLA|GUSB|GYG1|HEXB|ITGB2|LAMP1|LAMTOR1|LGALS3|LILRA3|LRG1|MGAM|NEU1|NFAM1|NFASC|OLR1|PGLYRP1|PGM1|PLAUR|PRG2|PRG3|PTX3|SELL|SERPINB6|SIGLEC14|SIGLEC5|SIGLEC9|SLC2A3|SLC2A5|SLPI|STBD1|STK11IP|TLR2|TNFRSF1B|VAPA
 REACT:R-HSA-422475	Axon guidance	1.7621176322e-05	0.000412266	ABLIM1|ALCAM|ARHGAP39|ARHGEF7|BTC|CD72|CNTN6|CSF2RA|CSF2RB|CSNK2B|EFNA1|EFNA2|EFNA3|EFNA4|EGFR|EPHA3|ERBB3|FGA|FGB|FGF1|FGF10|FGF16|FGF17|FGF18|FGF19|FGF2|FGF20|FGF22|FGF23|FGF3|FGF4|FGF5|FGF6|FGF7|FGF8|FGF9|FGG|GAB2|GAP43|HBEGF|IL2RB|IL2RG|IL5RA|LAT|NCAM1|NFASC|NRG1|NRG2|NRG4|NTN4|NUMB|PLXNA1|PLXNA2|PLXNC1|PLXND1|PSEN2|ROBO1|ROBO2|SCN3B|SCN4B|SEMA3E|SLIT1|SLIT2|SLIT3|TRPC1|TRPC4|UNC5B|UNC5C|VEGFA
 REACT:R-HSA-202733	Cell surface interactions at the vascular wall	1.97921391312e-05	0.000458518	BSG|CD2|CD44|CD47|CD58|CD84|CEACAM1|CEACAM8|CXADR|ESAM|GAS6|GYPB|ITGB2|JAM2|MAG|OLR1|PSG11|PSG2|PSG4|PSG5|PSG6|PSG8|SELE|SELL|SELP|TNFRSF10D
 REACT:R-HSA-2172127	DAP12 interactions	2.039870431e-05	0.000467982	BTC|CD19|CD28|CLEC5A|CSF2RA|CSF2RB|EGFR|ERBB3|FGA|FGB|FGF1|FGF10|FGF16|FGF17|FGF18|FGF19|FGF2|FGF20|FGF22|FGF23|FGF3|FGF4|FGF5|FGF6|FGF7|FGF8|FGF9|FGG|FOXO1|HBEGF|ICOS|IL2RB|IL2RG|IL5RA|KIR2DS4|KIR2DS5|KIR3DS1|KLRC2|KLRC4-KLRK1|KLRD1|LAT|NCAM1|NRG1|NRG2|NRG4|PHLPP1|PHLPP2|PIK3AP1|SIGLEC14|SIGLEC15|TNRC6A
 KEGG:hsa05168	Herpes simplex infection	2.08857110269e-05	0.000474547	CFP|CSNK2B|FAS|IFNA1|IFNA10|IFNA13|IFNA14|IFNA16|IFNA17|IFNA2|IFNA21|IFNA4|IFNA5|IFNA6|IFNA7|IFNA8|IFNAR2|IFNB1|IFNG|IL12B|IL1B|MCRS1|NXF5|PILRA|POU2F3|SKP2|TAF4B|TAF6|TLR2|TLR3|TNFRSF14
 REACT:R-HSA-1168372	Downstream signaling events of B Cell Receptor (BCR)	2.93722858495e-05	0.000653155	BTC|CD19|CD28|EGFR|ERBB3|FGF1|FGF10|FGF16|FGF17|FGF18|FGF19|FGF2|FGF20|FGF22|FGF23|FGF3|FGF4|FGF5|FGF6|FGF7|FGF8|FGF9|FOXO1|HBEGF|ICOS|NRG1|NRG2|NRG4|PHLPP1|PHLPP2|PIK3AP1|TNRC6A
 REACT:R-HSA-6785631	ERBB2 Regulates Cell Motility	2.94843118243e-05	0.000653155	BTC|EGFR|ERBB3|HBEGF|NRG1|NRG2|NRG4
 REACT:R-HSA-190377	FGFR2b ligand binding and activation	2.95757942529e-05	0.000653155	FGF1|FGF10|FGF2|FGF22|FGF3|FGF7
 REACT:R-HSA-425366	"Transport of glucose and other sugars bile salts and organic acids metal ions and amine compounds"	3.16018025176e-05	0.000691436	BSG|EMB|FGF21|RUNX1|SLC13A3|SLC14A1|SLC14A2|SLC22A6|SLC22A8|SLC2A1|SLC2A10|SLC2A11|SLC2A14|SLC2A2|SLC2A3|SLC2A5|SLC2A6|SLC2A8|SLC2A9|SLC30A8|SLC39A8
 REACT:R-HSA-5654743	Signaling by FGFR4	3.27559233003e-05	0.000710112	FGF1|FGF16|FGF17|FGF18|FGF19|FGF2|FGF20|FGF23|FGF4|FGF6|FGF8|FGF9
 REACT:R-HSA-5260271	Diseases of Immune System	3.58196112598e-05	0.000762538	CD14|NFKB2|TLR1|TLR10|TLR2|TLR3|TLR4|TLR5|TLR6
 REACT:R-HSA-5602358	Diseases associated with the TLR signaling cascade	3.58196112598e-05	0.000762538	CD14|NFKB2|TLR1|TLR10|TLR2|TLR3|TLR4|TLR5|TLR6
 REACT:R-HSA-909733	Interferon alpha/beta signaling	4.19914174883e-05	0.000885944	IFNA1|IFNA10|IFNA13|IFNA14|IFNA16|IFNA17|IFNA2|IFNA21|IFNA4|IFNA5|IFNA6|IFNA7|IFNA8|IFNAR2|IFNB1|USP18
 REACT:R-HSA-168928	RIG-I/MDA5 mediated induction of IFN-alpha/beta pathways	4.40724793951e-05	0.000921622	AGER|IFNA1|IFNA10|IFNA13|IFNA14|IFNA16|IFNA17|IFNA2|IFNA21|IFNA4|IFNA5|IFNA6|IFNA7|IFNA8|IFNB1|NFKB2|RNF135|RNF216
 KEGG:hsa00500	Starch and sucrose metabolism	4.47832787782e-05	0.000928271	AGL|AMY1A|AMY2A|AMY2B|GAA|GYG1|GYG2|MGAM|PGM1|PGM2L1|SI
 KEGG:hsa04360	Axon guidance	4.71906454402e-05	0.000964945	ABLIM1|EFNA1|EFNA2|EFNA3|EFNA4|EPHA3|LRRC4|LRRC4C|NTN3|NTN4|NTNG1|PLXNA1|PLXNA2|PLXNC1|PPP3R2|ROBO1|ROBO2|SEMA3B|SEMA3C|SEMA3E|SEMA3F|SEMA3G|SLIT1|SLIT2|SLIT3|TRPC1|TRPC4|UNC5B|UNC5C
 REACT:R-HSA-1630316	Glycosaminoglycan metabolism	4.75979863686e-05	0.000964945	B3GAT3|B3GNT4|B4GALT1|B4GALT2|B4GALT3|B4GALT4|BCAN|BGN|CD44|DCN|FMOD|GLCE|GUSB|HEXA|HEXB|KERA|LUM|NAGLU|OGN|OMD|PRELP|VCAN|XYLT2
 KEGG:hsa04612	Antigen processing and presentation	4.77776528663e-05	0.000964945	CALR|CANX|CD4|CIITA|IFNG|KIR2DL1|KIR2DL3|KIR2DL4|KIR2DS1|KIR2DS4|KIR2DS5|KIR3DL2|KIR3DL3|KLRC1|KLRC2|KLRD1|RFXAP
 REACT:R-HSA-71387	Metabolism of carbohydrates	5.21370136803e-05	0.00104407	AGL|AMY1A|AMY2A|AMY2B|B3GAT3|B3GNT4|B4GALT1|B4GALT2|B4GALT3|B4GALT4|BCAN|BGN|CD44|DCN|EPM2A|FGF21|FMOD|GAA|GLCE|GUSB|GYG1|GYG2|HEXA|HEXB|KERA|LUM|MGAM|NAGLU|OGN|OMD|PGM1|POM121|PRELP|SI|SLC25A10|SLC2A1|SLC2A14|SLC2A2|SLC2A3|SLC2A5|VCAN|XYLT2
 REACT:R-HSA-1643685	Disease	5.30018713698e-05	0.00105247	ADAMTS17|ADAMTSL1|ADAMTSL2|ADAMTSL4|AP1M2|BCAN|BGN|BTC|CALR|CANX|CAST|CD14|CD19|CD28|CD320|CD4|CFP|CSF2RA|CSF2RB|DCN|DKK1|DKK2|DLL4|EGFR|EPM2A|ERBB3|ERLEC1|FGA|FGB|FGF1|FGF10|FGF16|FGF17|FGF18|FGF19|FGF2|FGF20|FGF22|FGF23|FGF3|FGF4|FGF5|FGF6|FGF7|FGF8|FGF9|FGG|FMOD|FOXO1|GAB2|GYG1|GYG2|HBEGF|HDAC9|HEY1|ICOS|JAG2|KERA|LUM|MAMLD1|MUC15|MUC7|NELFA|NFKB2|NRG1|NRG2|NRG4|OGN|OMD|OS9|PIK3AP1|POM121|PORCN|PRELP|PSEN2|RANGAP1|RPL10L|RPS20|RPS23|SFTPD|STAT5A|TAF4B|TAF6|TCF7L2|THBS1|THBS2|THSD1|THSD7B|TLR1|TLR10|TLR2|TLR3|TLR4|TLR5|TLR6|VCAN
 REACT:R-HSA-983705	Signaling by the B Cell Receptor (BCR)	7.42561961292e-05	0.00146223	BTC|CD19|CD22|CD28|EGFR|ERBB3|FGF1|FGF10|FGF16|FGF17|FGF18|FGF19|FGF2|FGF20|FGF22|FGF23|FGF3|FGF4|FGF5|FGF6|FGF7|FGF8|FGF9|FOXO1|HBEGF|ICOS|NRG1|NRG2|NRG4|PHLPP1|PHLPP2|PIK3AP1|STIM1|TNRC6A|TRPC1
 REACT:R-HSA-1963642	PI3K events in ERBB2 signaling	8.58973164146e-05	0.00167748	BTC|EGFR|ERBB3|HBEGF|NRG1|NRG2|NRG4
 REACT:R-HSA-186797	Signaling by PDGF	0.000116167361104	0.00225003	BCAR1|BTC|CD19|CD28|CSF2RA|CSF2RB|EGFR|ERBB3|FGA|FGB|FGF1|FGF10|FGF16|FGF17|FGF18|FGF19|FGF2|FGF20|FGF22|FGF23|FGF3|FGF4|FGF5|FGF6|FGF7|FGF8|FGF9|FGG|FOXO1|HBEGF|ICOS|IL2RB|IL2RG|IL5RA|LAT|NCAM1|NRG1|NRG2|NRG4|PHLPP1|PHLPP2|PIK3AP1|STAT5A|STAT6|THBS1|THBS2|THBS3|THBS4|TNRC6A
 REACT:R-HSA-5654738	Signaling by FGFR2	0.000122208928744	0.0023478	FGF1|FGF10|FGF16|FGF17|FGF18|FGF2|FGF20|FGF22|FGF23|FGF3|FGF4|FGF5|FGF6|FGF7|FGF8|FGF9
 REACT:R-HSA-5654741	Signaling by FGFR3	0.000130255586456	0.00248221	FGF1|FGF16|FGF17|FGF18|FGF2|FGF20|FGF23|FGF4|FGF5|FGF8|FGF9
 REACT:R-HSA-216083	Integrin cell surface interactions	0.000132911209762	0.00251255	BSG|CD44|CD47|COMP|FGA|FGB|FGG|ICAM1|ICAM2|ICAM3|ICAM4|ITGB2|JAM2|LUM|THBS1
 REACT:R-HSA-5684996	MAPK1/MAPK3 signaling	0.000141159666803	0.0026473	BTC|CSF2RA|CSF2RB|EGFR|ERBB3|FGA|FGB|FGF1|FGF10|FGF16|FGF17|FGF18|FGF19|FGF2|FGF20|FGF22|FGF23|FGF3|FGF4|FGF5|FGF6|FGF7|FGF8|FGF9|FGG|HBEGF|IL2RB|IL2RG|IL5RA|IL6R|IL6ST|LAT|NCAM1|NRG1|NRG2|NRG4
 KEGG:hsa_M00071	"Glycosphingolipid biosynthesis neolacto-series LacCer => nLc4Cer"	0.000152484078584	0.00282853	B4GALT1|B4GALT2|B4GALT3|B4GALT4
 KEGG:hsa04658	Th1 and Th2 cell differentiation	0.000153217230382	0.00282853	CD3D|CD3E|CD3G|CD4|DLL4|GATA3|IFNG|IL12B|IL12RB1|IL2RB|IL2RG|IL4R|JAG2|LAT|PPP3R2|RUNX3|STAT5A|STAT6
 REACT:R-HSA-451927	Interleukin-2 signaling	0.000158176866045	0.00289746	BTC|CSF2RA|CSF2RB|EGFR|ERBB3|FGA|FGB|FGF1|FGF10|FGF16|FGF17|FGF18|FGF19|FGF2|FGF20|FGF22|FGF23|FGF3|FGF4|FGF5|FGF6|FGF7|FGF8|FGF9|FGG|GAB2|HBEGF|IL2RB|IL2RG|IL5RA|LAT|LGALS9|NCAM1|NRG1|NRG2|NRG4|STAT5A
 KEGG:hsa05150	Staphylococcus aureus infection	0.00017675612665	0.00321288	C1R|FCAR|FCGR2A|FCGR2B|FCGR2C|FCGR3A|FCGR3B|FGG|ICAM1|ITGB2|MASP2|MBL2|SELP
 KEGG:hsa05161	Hepatitis B	0.0001892718745	0.00341412	CREB3L3|CREB5|EGR2|EGR3|FAS|IFNA1|IFNA10|IFNA13|IFNA14|IFNA16|IFNA17|IFNA2|IFNA21|IFNA4|IFNA5|IFNA6|IFNA7|IFNA8|IFNB1|STAT5A|STAT6|TLR2|TLR3|TLR4
 KEGG:hsa04010	MAPK signaling pathway	0.000194389554788	0.00347987	CD14|EGFR|ELK4|FAS|FGF1|FGF10|FGF11|FGF12|FGF13|FGF14|FGF16|FGF17|FGF18|FGF19|FGF2|FGF20|FGF21|FGF22|FGF23|FGF3|FGF4|FGF5|FGF6|FGF7|FGF8|FGF9|IL1A|IL1B|IL1R1|IL1R2|MAPT|MEF2C|NFKB2|NTRK2|PLA2G4D|PPP3R2
 KEGG:hsa04610	Complement and coagulation cascades	0.000231718589009	0.00411693	C1R|C8A|CD46|CD59|F3|FGA|FGB|FGG|ITGB2|MASP2|MBL2|PLAUR|SERPINB2|SERPINC1|SERPINF2|SERPING1
 REACT:R-HSA-189085	Digestion of dietary carbohydrate	0.000237772698058	0.00416523	AMY1A|AMY2A|AMY2B|MGAM|SI
 KEGG:hsa05164	Influenza A	0.000237962820825	0.00416523	AGFG1|CIITA|FAS|ICAM1|IFNA1|IFNA10|IFNA13|IFNA14|IFNA16|IFNA17|IFNA2|IFNA21|IFNA4|IFNA5|IFNA6|IFNA7|IFNA8|IFNAR2|IFNB1|IFNG|IL12B|IL1A|IL1B|NXF5|TLR3|TLR4|TNFRSF10D
 REACT:R-HSA-1433557	Signaling by SCF-KIT	0.000245331473311	0.00426263	BTC|CD19|CD28|CSF2RA|CSF2RB|EGFR|ERBB3|FGA|FGB|FGF1|FGF10|FGF16|FGF17|FGF18|FGF19|FGF2|FGF20|FGF22|FGF23|FGF3|FGF4|FGF5|FGF6|FGF7|FGF8|FGF9|FGG|FOXO1|GAB2|HBEGF|ICOS|IL2RB|IL2RG|IL5RA|LAT|NCAM1|NRG1|NRG2|NRG4|PHLPP1|PHLPP2|PIK3AP1|STAT5A|TNRC6A
 REACT:R-HSA-5669034	TNFs bind their physiological receptors	0.000259308767227	0.0044726	CD27|EDA2R|TNFRSF11B|TNFRSF14|TNFRSF18|TNFRSF1B|TNFRSF25|TNFRSF4|TNFRSF6B
 KEGG:hsa05321	Inflammatory bowel disease (IBD)	0.000287863875423	0.00492915	GATA3|IFNG|IL12B|IL12RB1|IL1A|IL1B|IL21R|IL22|IL2RG|IL4R|STAT6|TLR2|TLR4|TLR5
 REACT:R-HSA-2024101	CS/DS degradation	0.000324775075801	0.00552118	BCAN|BGN|DCN|HEXA|HEXB|VCAN
 REACT:R-HSA-186763	Downstream signal transduction	0.000336679026734	0.00568266	BCAR1|BTC|CD19|CD28|CSF2RA|CSF2RB|EGFR|ERBB3|FGA|FGB|FGF1|FGF10|FGF16|FGF17|FGF18|FGF19|FGF2|FGF20|FGF22|FGF23|FGF3|FGF4|FGF5|FGF6|FGF7|FGF8|FGF9|FGG|FOXO1|HBEGF|ICOS|IL2RB|IL2RG|IL5RA|LAT|NCAM1|NRG1|NRG2|NRG4|PHLPP1|PHLPP2|PIK3AP1|STAT5A|STAT6|TNRC6A
 REACT:R-HSA-2586552	Signaling by Leptin	0.000351248170554	0.00588652	BTC|CSF2RA|CSF2RB|EGFR|ERBB3|FGA|FGB|FGF1|FGF10|FGF16|FGF17|FGF18|FGF19|FGF2|FGF20|FGF22|FGF23|FGF3|FGF4|FGF5|FGF6|FGF7|FGF8|FGF9|FGG|HBEGF|IL2RB|IL2RG|IL5RA|LAT|NCAM1|NRG1|NRG2|NRG4|STAT5A
 REACT:R-HSA-445717	Aquaporin-mediated transport	0.000395057233575	0.00647579	AQP1|AQP10|AQP12A|AQP2|AQP3|AQP4|AQP5|AQP6|AQP7|AQP9|GNAS|MIP
 REACT:R-HSA-112412	SOS-mediated signalling	0.00040011240461	0.00647579	BTC|CSF2RA|CSF2RB|EGFR|ERBB3|FGA|FGB|FGF1|FGF10|FGF16|FGF17|FGF18|FGF19|FGF2|FGF20|FGF22|FGF23|FGF3|FGF4|FGF5|FGF6|FGF7|FGF8|FGF9|FGG|HBEGF|IL2RB|IL2RG|IL5RA|LAT|NCAM1|NRG1|NRG2|NRG4
 REACT:R-HSA-179812	GRB2 events in EGFR signaling	0.00040011240461	0.00647579	BTC|CSF2RA|CSF2RB|EGFR|ERBB3|FGA|FGB|FGF1|FGF10|FGF16|FGF17|FGF18|FGF19|FGF2|FGF20|FGF22|FGF23|FGF3|FGF4|FGF5|FGF6|FGF7|FGF8|FGF9|FGG|HBEGF|IL2RB|IL2RG|IL5RA|LAT|NCAM1|NRG1|NRG2|NRG4
 REACT:R-HSA-180336	SHC1 events in EGFR signaling	0.00040011240461	0.00647579	BTC|CSF2RA|CSF2RB|EGFR|ERBB3|FGA|FGB|FGF1|FGF10|FGF16|FGF17|FGF18|FGF19|FGF2|FGF20|FGF22|FGF23|FGF3|FGF4|FGF5|FGF6|FGF7|FGF8|FGF9|FGG|HBEGF|IL2RB|IL2RG|IL5RA|LAT|NCAM1|NRG1|NRG2|NRG4
 REACT:R-HSA-5673001	RAF/MAP kinase cascade	0.00040011240461	0.00647579	BTC|CSF2RA|CSF2RB|EGFR|ERBB3|FGA|FGB|FGF1|FGF10|FGF16|FGF17|FGF18|FGF19|FGF2|FGF20|FGF22|FGF23|FGF3|FGF4|FGF5|FGF6|FGF7|FGF8|FGF9|FGG|HBEGF|IL2RB|IL2RG|IL5RA|LAT|NCAM1|NRG1|NRG2|NRG4
 REACT:R-HSA-912526	Interleukin receptor SHC signaling	0.000407995972816	0.00655847	BTC|CSF2RA|CSF2RB|EGFR|ERBB3|FGA|FGB|FGF1|FGF10|FGF16|FGF17|FGF18|FGF19|FGF2|FGF20|FGF22|FGF23|FGF3|FGF4|FGF5|FGF6|FGF7|FGF8|FGF9|FGG|GAB2|HBEGF|IL2RB|IL2RG|IL5RA|LAT|NCAM1|NRG1|NRG2|NRG4
 REACT:R-HSA-5357572	Lysosomal glycogen catabolism	0.000430636221903	0.00685294	GAA|GYG1|GYG2
 REACT:R-HSA-2424491	DAP12 signaling	0.000432115018926	0.00685294	BTC|CD19|CD28|CSF2RA|CSF2RB|EGFR|ERBB3|FGA|FGB|FGF1|FGF10|FGF16|FGF17|FGF18|FGF19|FGF2|FGF20|FGF22|FGF23|FGF3|FGF4|FGF5|FGF6|FGF7|FGF8|FGF9|FGG|FOXO1|HBEGF|ICOS|IL2RB|IL2RG|IL5RA|KLRC2|KLRC4-KLRK1|KLRD1|LAT|NCAM1|NRG1|NRG2|NRG4|PHLPP1|PHLPP2|PIK3AP1|TNRC6A
 REACT:R-HSA-1250342	PI3K events in ERBB4 signaling	0.000445969637982	0.00702551	BTC|HBEGF|NRG1|NRG2|NRG4
 REACT:R-HSA-163125	Post-translational modification: synthesis of GPI-anchored proteins	0.000469330914526	0.00734456	CNTN3|CNTN4|FCGR3B|GP2|LSAMP|LYPD4|LYPD6B|MDGA1|MDGA2|NTM|NTNG1|OPCML|PLAUR|PSCA|RTN4RL1|SPACA4|TEX101
 REACT:R-HSA-140877	Formation of Fibrin Clot (Clotting Cascade)	0.000487795674854	0.00753373	F3|FGA|FGB|FGG|GP1BA|GP1BB|GP5|GP9|SERPINC1|SERPING1
 REACT:R-HSA-5173214	O-glycosylation of TSR domain-containing proteins	0.000487795674854	0.00753373	ADAMTS17|ADAMTSL1|ADAMTSL2|ADAMTSL4|CFP|POFUT2|THBS1|THBS2|THSD1|THSD7B
 REACT:R-HSA-5218921	VEGFR2 mediated cell proliferation	0.000508422345877	0.00780131	BTC|CSF2RA|CSF2RB|EGFR|ERBB3|FGA|FGB|FGF1|FGF10|FGF16|FGF17|FGF18|FGF19|FGF2|FGF20|FGF22|FGF23|FGF3|FGF4|FGF5|FGF6|FGF7|FGF8|FGF9|FGG|HBEGF|IL2RB|IL2RG|IL5RA|LAT|NCAM1|NRG1|NRG2|NRG4|VEGFA
 REACT:R-HSA-170984	ARMS-mediated activation	0.000539606838416	0.00814229	BTC|CSF2RA|CSF2RB|EGFR|ERBB3|FGA|FGB|FGF1|FGF10|FGF16|FGF17|FGF18|FGF19|FGF2|FGF20|FGF22|FGF23|FGF3|FGF4|FGF5|FGF6|FGF7|FGF8|FGF9|FGG|HBEGF|IL2RB|IL2RG|IL5RA|LAT|NCAM1|NRG1|NRG2|NRG4
 REACT:R-HSA-187706	Signalling to p38 via RIT and RIN	0.000539606838416	0.00814229	BTC|CSF2RA|CSF2RB|EGFR|ERBB3|FGA|FGB|FGF1|FGF10|FGF16|FGF17|FGF18|FGF19|FGF2|FGF20|FGF22|FGF23|FGF3|FGF4|FGF5|FGF6|FGF7|FGF8|FGF9|FGG|HBEGF|IL2RB|IL2RG|IL5RA|LAT|NCAM1|NRG1|NRG2|NRG4
 REACT:R-HSA-5663202	Diseases of signal transduction	0.000540981425953	0.00814229	BTC|CD19|CD28|DKK1|DKK2|DLL4|EGFR|ERBB3|ERLEC1|FGA|FGB|FGF1|FGF10|FGF16|FGF17|FGF18|FGF19|FGF2|FGF20|FGF22|FGF23|FGF3|FGF4|FGF5|FGF6|FGF7|FGF8|FGF9|FGG|FOXO1|GAB2|HBEGF|HDAC9|HEY1|ICOS|JAG2|MAMLD1|NRG1|NRG2|NRG4|OS9|PIK3AP1|PORCN|PSEN2|STAT5A|TCF7L2
 REACT:R-HSA-170968	Frs2-mediated activation	0.0005805871799	0.00868309	BTC|CSF2RA|CSF2RB|EGFR|ERBB3|FGA|FGB|FGF1|FGF10|FGF16|FGF17|FGF18|FGF19|FGF2|FGF20|FGF22|FGF23|FGF3|FGF4|FGF5|FGF6|FGF7|FGF8|FGF9|FGG|HBEGF|IL2RB|IL2RG|IL5RA|LAT|NCAM1|NRG1|NRG2|NRG4
 REACT:R-HSA-5683057	MAPK family signaling cascades	0.000592852872194	0.00881076	BTC|CSF2RA|CSF2RB|EGFR|ERBB3|FGA|FGB|FGF1|FGF10|FGF16|FGF17|FGF18|FGF19|FGF2|FGF20|FGF22|FGF23|FGF3|FGF4|FGF5|FGF6|FGF7|FGF8|FGF9|FGG|FOXO1|HBEGF|IL2RB|IL2RG|IL5RA|IL6R|IL6ST|LAT|NCAM1|NRG1|NRG2|NRG4|TNRC6A
 REACT:R-HSA-512988	"Interleukin-3 5 and GM-CSF signaling"	0.000633573555177	0.00935709	BTC|CSF2RA|CSF2RB|EGFR|ERBB3|FGA|FGB|FGF1|FGF10|FGF16|FGF17|FGF18|FGF19|FGF2|FGF20|FGF22|FGF23|FGF3|FGF4|FGF5|FGF6|FGF7|FGF8|FGF9|FGG|GAB2|HBEGF|IL2RB|IL2RG|IL5RA|LAT|NCAM1|NRG1|NRG2|NRG4|STAT5A
 REACT:R-HSA-169893	Prolonged ERK activation events	0.000670878282115	0.00984649	BTC|CSF2RA|CSF2RB|EGFR|ERBB3|FGA|FGB|FGF1|FGF10|FGF16|FGF17|FGF18|FGF19|FGF2|FGF20|FGF22|FGF23|FGF3|FGF4|FGF5|FGF6|FGF7|FGF8|FGF9|FGG|HBEGF|IL2RB|IL2RG|IL5RA|LAT|NCAM1|NRG1|NRG2|NRG4
 KEGG:hsa05146	Amoebiasis	0.000689402064763	0.00999862	C8A|CD14|CD1D|GNAS|IFNG|IL12B|IL1B|IL1R1|IL1R2|ITGB2|LAMB4|LAMC3|SERPINB13|SERPINB6|SERPINB9|TLR2|TLR4
 KEGG:hsa05200	Pathways in cancer	0.000689705949659	0.00999862	CSF2RA|EGFR|FAS|FGF1|FGF10|FGF11|FGF12|FGF13|FGF14|FGF16|FGF17|FGF18|FGF19|FGF2|FGF20|FGF21|FGF22|FGF23|FGF3|FGF4|FGF5|FGF6|FGF7|FGF8|FGF9|FOXO1|GLI1|GNAS|HHIP|LAMB4|LAMC3|LEF1|MITF|NFKB2|PAX8|RASSF5|RUNX1|SKP2|SLC2A1|SPI1|STAT5A|TCF7|TCF7L1|TCF7L2|TGFA|VEGFA|VEGFC|WNT2
 REACT:R-HSA-6805567	Keratinization	0.000725291186307	0.0104504	CDSN|DSC2|IVL|KRT14|KRT7|KRT82|KRTAP10-1|KRTAP10-12|KRTAP10-2|KRTAP10-3|KRTAP1-1|KRTAP1-3|KRTAP13-1|KRTAP13-2|KRTAP13-4|KRTAP1-5|KRTAP19-5|KRTAP2-1|KRTAP2-4|KRTAP24-1|KRTAP26-1|KRTAP27-1|KRTAP3-3|KRTAP4-1|KRTAP4-3|KRTAP4-6|KRTAP4-7|LCE2B|SPINK9|SPRR3
 KEGG:hsa05332	Graft-versus-host disease	0.000749224194612	0.0107298	CD28|FAS|IFNG|IL1A|IL1B|KIR2DL1|KIR2DL3|KIR3DL2|KLRC1|KLRD1
 REACT:R-HSA-1963640	GRB2 events in ERBB2 signaling	0.000759402263979	0.0107863	BTC|EGFR|HBEGF|NRG1|NRG2|NRG4
 REACT:R-HSA-5602498	MyD88 deficiency (TLR2/4)	0.000766860463584	0.0107863	CD14|TLR1|TLR2|TLR4|TLR6
 REACT:R-HSA-5603041	IRAK4 deficiency (TLR2/4)	0.000766860463584	0.0107863	CD14|TLR1|TLR2|TLR4|TLR6
 REACT:R-HSA-6785807	Interleukin-4 and 13 signaling	0.000853708912521	0.011885	BCL6|FGF2|FOXO1|GATA3|ICAM1|IL12B|IL13RA1|IL13RA2|IL1A|IL1B|IL2RG|IL4R|IL6R|ITGB2|JUNB|SOX2|STAT6|TNFRSF1B|VEGFA
 REACT:R-HSA-1250196	SHC1 events in ERBB2 signaling	0.000856599097466	0.011885	BTC|EGFR|ERBB3|HBEGF|NRG1|NRG2|NRG4
 REACT:R-HSA-6794362	Protein-protein interactions at synapses	0.000860062316482	0.011885	BEGAIN|DLGAP4|GRIA4|LRFN1|LRFN2|LRFN3|LRFN4|LRRTM1|LRRTM2|LRRTM3|LRRTM4|NLGN4Y|NRXN1|NRXN3
 REACT:R-HSA-6783783	Interleukin-10 signaling	0.000876930599619	0.0120476	CSF1|ICAM1|IL10RA|IL10RB|IL12B|IL1A|IL1B|IL1R1|IL1R2|IL1RN|TNFRSF1B
 REACT:R-HSA-167044	Signalling to RAS	0.000889296772137	0.0121469	BTC|CSF2RA|CSF2RB|EGFR|ERBB3|FGA|FGB|FGF1|FGF10|FGF16|FGF17|FGF18|FGF19|FGF2|FGF20|FGF22|FGF23|FGF3|FGF4|FGF5|FGF6|FGF7|FGF8|FGF9|FGG|HBEGF|IL2RB|IL2RG|IL5RA|LAT|NCAM1|NRG1|NRG2|NRG4
 REACT:R-HSA-373752	Netrin-1 signaling	0.00091781122553	0.0124643	ABLIM1|NTN4|ROBO1|SLIT1|SLIT2|SLIT3|TRPC1|TRPC4|UNC5B|UNC5C
 REACT:R-HSA-3595172	Defective CHST3 causes SEDCJD	0.000943174454257	0.0125209	BCAN|BGN|DCN|VCAN
 REACT:R-HSA-3595174	"Defective CHST14 causes EDS musculocontractural type"	0.000943174454257	0.0125209	BCAN|BGN|DCN|VCAN
 REACT:R-HSA-3595177	Defective CHSY1 causes TPBS	0.000943174454257	0.0125209	BCAN|BGN|DCN|VCAN
 REACT:R-HSA-4411364	Binding of TCF/LEF:CTNNB1 to target gene promoters	0.000943174454257	0.0125209	LEF1|TCF7|TCF7L1|TCF7L2
 REACT:R-HSA-375170	CDO in myogenesis	0.00105845966324	0.0138185	CDH15|CDH2|CDH4|MEF2A|MEF2C|NTN3|TCF12|TCF4
 REACT:R-HSA-525793	Myogenesis	0.00105845966324	0.0138185	CDH15|CDH2|CDH4|MEF2A|MEF2C|NTN3|TCF12|TCF4
 REACT:R-HSA-5621480	Dectin-2 family	0.00105845966324	0.0138185	CLEC10A|CLEC4A|CLEC4C|CLEC4D|CLEC4E|CLEC6A|MUC15|MUC7
 KEGG:hsa04512	ECM-receptor interaction	0.00110576264405	0.0143567	CD44|CD47|CHAD|COMP|GP1BA|GP1BB|GP5|GP9|LAMB4|LAMC3|THBS1|THBS2|THBS3|THBS4|TNXB
 KEGG:hsa05340	Primary immunodeficiency	0.00113130687247	0.0146081	CD19|CD3D|CD3E|CD4|CD40|CIITA|ICOS|IL2RG|RFXAP
 REACT:R-HSA-8853659	RET signaling	0.00116331493658	0.0149397	BTC|CSF2RA|CSF2RB|EGFR|ERBB3|FGA|FGB|FGF1|FGF10|FGF16|FGF17|FGF18|FGF19|FGF2|FGF20|FGF22|FGF23|FGF3|FGF4|FGF5|FGF6|FGF7|FGF8|FGF9|FGG|GAB2|HBEGF|IL2RB|IL2RG|IL5RA|LAT|NCAM1|NRG1|NRG2|NRG4
 REACT:R-HSA-177929	Signaling by EGFR	0.00126348593172	0.0161385	ARHGEF7|BTC|CD19|CD28|CSF2RA|CSF2RB|EGFR|ERBB3|FGA|FGB|FGF1|FGF10|FGF16|FGF17|FGF18|FGF19|FGF2|FGF20|FGF22|FGF23|FGF3|FGF4|FGF5|FGF6|FGF7|FGF8|FGF9|FGG|FOXO1|HBEGF|ICOS|IL2RB|IL2RG|IL5RA|LAT|LRIG1|NCAM1|NRG1|NRG2|NRG4|PHLPP1|PHLPP2|PIK3AP1|TNRC6A
 REACT:R-HSA-5083635	Defective B3GALTL causes Peters-plus syndrome (PpS)	0.00139628809583	0.0177389	ADAMTS17|ADAMTSL1|ADAMTSL2|ADAMTSL4|CFP|THBS1|THBS2|THSD1|THSD7B
 REACT:R-HSA-187687	Signalling to ERKs	0.00142403246065	0.0179946	BTC|CSF2RA|CSF2RB|EGFR|ERBB3|FGA|FGB|FGF1|FGF10|FGF16|FGF17|FGF18|FGF19|FGF2|FGF20|FGF22|FGF23|FGF3|FGF4|FGF5|FGF6|FGF7|FGF8|FGF9|FGG|HBEGF|IL2RB|IL2RG|IL5RA|LAT|NCAM1|NRG1|NRG2|NRG4
 REACT:R-HSA-112399	IRS-mediated signalling	0.00146781476768	0.0184492	BTC|CSF2RA|CSF2RB|EGFR|ERBB3|FGA|FGB|FGF1|FGF10|FGF16|FGF17|FGF18|FGF19|FGF2|FGF20|FGF22|FGF23|FGF3|FGF4|FGF5|FGF6|FGF7|FGF8|FGF9|FGG|HBEGF|IL2RB|IL2RG|IL5RA|LAMTOR1|LAT|NCAM1|NRG1|NRG2|NRG4|PRKAB1|PRKAB2
 KEGG:hsa00511	Other glycan degradation	0.00154426937709	0.0193075	AGA|HEXA|HEXB|NEU1|NEU2|NEU3
 REACT:R-HSA-428542	Regulation of Commissural axon pathfinding by Slit and Robo	0.00162519179572	0.0201064	ROBO1|ROBO2|SLIT2
 REACT:R-HSA-428776	Class II GLUTs	0.00162519179572	0.0201064	SLC2A11|SLC2A5|SLC2A9
 KEGG:hsa00052	Galactose metabolism	0.00169963791097	0.0209179	B4GALT1|B4GALT2|GAA|GALM|GLA|MGAM|PGM1|SI
 REACT:R-HSA-1474244	Extracellular matrix organization	0.00176018836817	0.0214398	ASPN|BCAN|BGN|BSG|CAST|CD44|CD47|CEACAM1|CEACAM8|COL8A2|COMP|DCN|EFEMP1|FGA|FGB|FGF2|FGG|FMOD|ICAM1|ICAM2|ICAM3|ICAM4|ITGB2|JAM2|LAMC3|LTBP1|LTBP3|LUM|NCAM1|NRXN1|NTN4|OPTC|P4HB|PCOLCE|THBS1|TNXB|VCAN
 REACT:R-HSA-74751	Insulin receptor signalling cascade	0.00176018836817	0.0214398	BTC|CSF2RA|CSF2RB|EGFR|ERBB3|FGA|FGB|FGF1|FGF10|FGF16|FGF17|FGF18|FGF19|FGF2|FGF20|FGF22|FGF23|FGF3|FGF4|FGF5|FGF6|FGF7|FGF8|FGF9|FGG|HBEGF|IL2RB|IL2RG|IL5RA|LAMTOR1|LAT|NCAM1|NRG1|NRG2|NRG4|PRKAB1|PRKAB2
 REACT:R-HSA-446210	Synthesis of UDP-N-acetyl-glucosamine	0.00177364946517	0.021493	AMDHD2|NAGK|PGM3|RENBP
 REACT:R-HSA-2428924	IGF1R signaling cascade	0.00186829570433	0.0223242	BTC|CSF2RA|CSF2RB|EGFR|ERBB3|FGA|FGB|FGF1|FGF10|FGF16|FGF17|FGF18|FGF19|FGF2|FGF20|FGF22|FGF23|FGF3|FGF4|FGF5|FGF6|FGF7|FGF8|FGF9|FGG|HBEGF|IL2RB|IL2RG|IL5RA|LAMTOR1|LAT|NCAM1|NRG1|NRG2|NRG4|PRKAB1|PRKAB2
 REACT:R-HSA-2428928	IRS-related events triggered by IGF1R	0.00186829570433	0.0223242	BTC|CSF2RA|CSF2RB|EGFR|ERBB3|FGA|FGB|FGF1|FGF10|FGF16|FGF17|FGF18|FGF19|FGF2|FGF20|FGF22|FGF23|FGF3|FGF4|FGF5|FGF6|FGF7|FGF8|FGF9|FGG|HBEGF|IL2RB|IL2RG|IL5RA|LAMTOR1|LAT|NCAM1|NRG1|NRG2|NRG4|PRKAB1|PRKAB2
 REACT:R-HSA-2892247	"POU5F1 (OCT4) SOX2 NANOG activate genes related to proliferation"	0.00188002801947	0.0223242	DPPA4|FGF2|SALL1|SOX2|TDGF1
 REACT:R-HSA-75205	Dissolution of Fibrin Clot	0.00188002801947	0.0223242	PLAUR|SERPINB2|SERPINB6|SERPINB8|SERPINF2
 REACT:R-HSA-1251985	Nuclear signaling by ERBB4	0.00197704311066	0.0233022	BTC|HBEGF|NRG1|NRG2|NRG4|PSEN2|STAT5A
 REACT:R-HSA-2404192	Signaling by Type 1 Insulin-like Growth Factor 1 Receptor (IGF1R)	0.00198211976266	0.0233022	BTC|CSF2RA|CSF2RB|EGFR|ERBB3|FGA|FGB|FGF1|FGF10|FGF16|FGF17|FGF18|FGF19|FGF2|FGF20|FGF22|FGF23|FGF3|FGF4|FGF5|FGF6|FGF7|FGF8|FGF9|FGG|HBEGF|IL2RB|IL2RG|IL5RA|LAMTOR1|LAT|NCAM1|NRG1|NRG2|NRG4|PRKAB1|PRKAB2
 REACT:R-HSA-416700	Other semaphorin interactions	0.00211424541372	0.0247325	CD72|PLXNA1|PLXNA2|PLXNC1|PLXND1|SEMA3E
 REACT:R-HSA-74752	Signaling by Insulin receptor	0.00224789698177	0.0261664	ATP6V0A1|ATP6V1E2|BTC|CSF2RA|CSF2RB|EGFR|ERBB3|FGA|FGB|FGF1|FGF10|FGF16|FGF17|FGF18|FGF19|FGF2|FGF20|FGF22|FGF23|FGF3|FGF4|FGF5|FGF6|FGF7|FGF8|FGF9|FGG|HBEGF|IL2RB|IL2RG|IL5RA|LAMTOR1|LAT|NCAM1|NRG1|NRG2|NRG4|PRKAB1|PRKAB2
 REACT:R-HSA-2871796	FCERI mediated MAPK activation	0.00235957583492	0.0273318	BTC|CSF2RA|CSF2RB|EGFR|ERBB3|FGA|FGB|FGF1|FGF10|FGF16|FGF17|FGF18|FGF19|FGF2|FGF20|FGF22|FGF23|FGF3|FGF4|FGF5|FGF6|FGF7|FGF8|FGF9|FGG|HBEGF|IL2RB|IL2RG|IL5RA|LAT|NCAM1|NRG1|NRG2|NRG4
 REACT:R-HSA-187037	NGF signalling via TRKA from the plasma membrane	0.00243204497758	0.0280338	BTC|CD19|CD28|CSF2RA|CSF2RB|EGFR|ERBB3|FGA|FGB|FGF1|FGF10|FGF16|FGF17|FGF18|FGF19|FGF2|FGF20|FGF22|FGF23|FGF3|FGF4|FGF5|FGF6|FGF7|FGF8|FGF9|FGG|FOXO1|HBEGF|ICOS|IL2RB|IL2RG|IL5RA|LAT|MEF2A|MEF2C|NCAM1|NRG1|NRG2|NRG4|NTRK2|PHLPP1|PHLPP2|PIK3AP1|TNRC6A
 REACT:R-HSA-2454202	Fc epsilon receptor (FCERI) signaling	0.00264872214378	0.0303832	BTC|CD19|CD28|CSF2RA|CSF2RB|EGFR|ERBB3|FCER1A|FGA|FGB|FGF1|FGF10|FGF16|FGF17|FGF18|FGF19|FGF2|FGF20|FGF22|FGF23|FGF3|FGF4|FGF5|FGF6|FGF7|FGF8|FGF9|FGG|FOXO1|GAB2|HBEGF|ICOS|IL2RB|IL2RG|IL5RA|LAT|NCAM1|NRG1|NRG2|NRG4|PHLPP1|PHLPP2|PIK3AP1|TNRC6A
 REACT:R-HSA-1250347	SHC1 events in ERBB4 signaling	0.00274405738545	0.0313247	BTC|HBEGF|NRG1|NRG2|NRG4
 REACT:R-HSA-375165	NCAM signaling for neurite out-growth	0.00318086543097	0.0361365	BTC|CSF2RA|CSF2RB|EGFR|ERBB3|FGA|FGB|FGF1|FGF10|FGF16|FGF17|FGF18|FGF19|FGF2|FGF20|FGF22|FGF23|FGF3|FGF4|FGF5|FGF6|FGF7|FGF8|FGF9|FGG|HBEGF|IL2RB|IL2RG|IL5RA|LAT|NCAM1|NRG1|NRG2|NRG4
 KEGG:hsa00601	Glycosphingolipid biosynthesis - lacto and neolacto series	0.00319816134598	0.0361591	ABO|B3GNT4|B4GALT1|B4GALT2|B4GALT3|B4GALT4|FUT4
 REACT:R-HSA-1306955	GRB7 events in ERBB2 signaling	0.00383425336511	0.0431445	ERBB3|NRG1|NRG2
 REACT:R-HSA-1236394	Signaling by ERBB4	0.00420800425386	0.0469034	BTC|EGFR|ERBB3|HBEGF|NRG1|NRG2|NRG4|PSEN2|STAT5A
 REACT:R-HSA-3769402	Deactivation of the beta-catenin transactivating complex	0.00420800425386	0.0469034	LEF1|PYGO2|SOX17|SOX2|SOX7|SOX9|TCF7|TCF7L1|TCF7L2
