 REACT:R-HSA-156590	Glutathione conjugation	1.2221961877e-06	0.00288805	GSTA4|GSTM3|GSTM5
 KEGG:hsa00480	Glutathione metabolism	3.30433766338e-06	0.0038965	GSTA4|GSTM3|GSTM5
 KEGG:hsa00982	Drug metabolism - cytochrome P450	6.95264298434e-06	0.0038965	GSTA4|GSTM3|GSTM5
 KEGG:hsa00980	Metabolism of xenobiotics by cytochrome P450	8.24481944184e-06	0.0038965	GSTA4|GSTM3|GSTM5
 KEGG:hsa01524	Platinum drug resistance	8.24481944184e-06	0.0038965	GSTA4|GSTM3|GSTM5
 KEGG:hsa05204	Chemical carcinogenesis	1.17122231852e-05	0.00461266	GSTA4|GSTM3|GSTM5
 REACT:R-HSA-156580	Phase II conjugation	2.60798204941e-05	0.0088038	GSTA4|GSTM3|GSTM5
 KEGG:hsa05418	Fluid shear stress and atherosclerosis	6.08274951016e-05	0.0179669	GSTA4|GSTM3|GSTM5
