 REACT:R-HSA-162582	Signal Transduction	8.96128726779e-11	2.11755e-07	AGTR1|ANXA1|APH1A|AR|AVPR2|CCR5|GPR132|GPR31|GRP|ITGB1|ITGB3|KALRN|LRAT|MC1R|MC3R|MC4R|NR3C1|OR10H5|OR1L4|OR1N1|OR1S2|OR2V2|OR3A3|OR51A4|OR5AK2|OR5H6|PGR|PTGER1|RBP3|RDH11|RDH12|RDH13|RDH14|RDH8|RLBP1|TBXA2R
 REACT:R-HSA-2453902	The canonical retinoid cycle in rods (twilight vision)	1.13759179854e-09	1.34406e-06	LRAT|RBP3|RDH11|RDH12|RDH8|RLBP1
 REACT:R-HSA-383280	Nuclear Receptor transcription pathway	5.31249799707e-09	4.18448e-06	AR|NR0B1|NR3C1|NR3C2|NR4A3|PGR|VDR
 REACT:R-HSA-388396	GPCR downstream signaling	7.39063898969e-09	4.36602e-06	AGTR1|ANXA1|AVPR2|CCR5|GPR132|GRP|KALRN|MC1R|MC3R|MC4R|OR10H5|OR1L4|OR1N1|OR1S2|OR2V2|OR3A3|OR51A4|OR5AK2|OR5H6|PTGER1|TBXA2R
 REACT:R-HSA-372790	Signaling by GPCR	3.77744953095e-08	1.78522e-05	AGTR1|ANXA1|AVPR2|CCR5|GPR132|GPR31|GRP|ITGB3|KALRN|MC1R|MC3R|MC4R|OR10H5|OR1L4|OR1N1|OR1S2|OR2V2|OR3A3|OR51A4|OR5AK2|OR5H6|PTGER1|TBXA2R
 REACT:R-HSA-373076	Class A/1 (Rhodopsin-like receptors)	4.89469448306e-08	1.92769e-05	AGTR1|ANXA1|AVPR2|CCR5|GPR132|GPR31|GRP|MC1R|MC3R|MC4R|PTGER1|TBXA2R
 REACT:R-HSA-156590	Glutathione conjugation	1.3318132781e-06	0.000449582	GSTA2|GSTA3|GSTA4|GSTM3|GSTM5
 REACT:R-HSA-500792	GPCR ligand binding	1.95587696172e-06	0.000577717	AGTR1|ANXA1|AVPR2|CCR5|GPR132|GPR31|GRP|MC1R|MC3R|MC4R|PTGER1|TBXA2R
 REACT:R-HSA-375276	Peptide ligand-binding receptors	3.96206970432e-06	0.00104026	AGTR1|ANXA1|AVPR2|CCR5|GRP|MC1R|MC3R|MC4R
 KEGG:hsa00480	Glutathione metabolism	6.90854107233e-06	0.00163249	GSTA2|GSTA3|GSTA4|GSTM3|GSTM5
 REACT:R-HSA-2187338	Visual phototransduction	1.05901772255e-05	0.00227496	LRAT|RBP3|RDH11|RDH12|RDH8|RLBP1
 KEGG:hsa00830	Retinol metabolism	1.73027784316e-05	0.00340721	LRAT|RDH11|RDH12|RDH8|RETSAT
 KEGG:hsa00982	Drug metabolism - cytochrome P450	2.31861803265e-05	0.00421453	GSTA2|GSTA3|GSTA4|GSTM3|GSTM5
 KEGG:hsa00980	Metabolism of xenobiotics by cytochrome P450	3.05197284136e-05	0.00480787	GSTA2|GSTA3|GSTA4|GSTM3|GSTM5
 KEGG:hsa01524	Platinum drug resistance	3.05197284136e-05	0.00480787	GSTA2|GSTA3|GSTA4|GSTM3|GSTM5
 REACT:R-HSA-416476	G alpha (q) signalling events	4.52230076399e-05	0.00667887	AGTR1|ANXA1|GPR132|GRP|KALRN|PTGER1|TBXA2R
 KEGG:hsa05204	Chemical carcinogenesis	5.35723304328e-05	0.00744655	GSTA2|GSTA3|GSTA4|GSTM3|GSTM5
 KEGG:hsa04080	Neuroactive ligand-receptor interaction	6.55078046695e-05	0.00859972	AGTR1|AVPR2|MC1R|MC3R|MC4R|NR3C1|PTGER1|TBXA2R
 KEGG:hsa05418	Fluid shear stress and atherosclerosis	7.30042279209e-05	0.00907942	GSTA2|GSTA3|GSTA4|GSTM3|GSTM5|ITGB3
 REACT:R-HSA-156580	Phase II conjugation	0.000189780251822	0.0220856	GSTA2|GSTA3|GSTA4|GSTM3|GSTM5
 REACT:R-HSA-5365859	RA biosynthesis pathway	0.000196274679013	0.0220856	RDH11|RDH13|RDH14
 KEGG:hsa04740	Olfactory transduction	0.00020652455112	0.0221826	OR10H5|OR1L4|OR1N1|OR1S2|OR2V2|OR3A3|OR51A4|OR5AK2|OR5H6
 KEGG:hsa_M00154	Cytochrome c oxidase	0.000223517986174	0.022964	COX7A1|COX7A2|COX7A2L
 REACT:R-HSA-381753	Olfactory Signaling Pathway	0.000273312490052	0.0269099	OR10H5|OR1L4|OR1N1|OR1S2|OR2V2|OR3A3|OR51A4|OR5AK2|OR5H6
 REACT:R-HSA-2187335	The retinoid cycle in cones (daylight vision)	0.000364595059383	0.0344615	RBP3|RLBP1
 REACT:R-HSA-2129379	Molecules associated with elastic fibres	0.000484208772067	0.0440071	ITGB1|ITGB3|ITGB6
