 KEGG:hsa_M00415	"Fatty acid biosynthesis elongation endoplasmic reticulum"	4.1875187673e-07	0.000989511	ELOVL1|ELOVL3|ELOVL4|ELOVL7
 REACT:R-HSA-216083	Integrin cell surface interactions	1.15088319674e-06	0.00127385	ITGB1|ITGB2|ITGB3|ITGB5|ITGB6|ITGB7
 KEGG:hsa05412	Arrhythmogenic right ventricular cardiomyopathy (ARVC)	1.61725092473e-06	0.00127385	ITGB1|ITGB3|ITGB5|ITGB6|ITGB7|SLC8A1
 KEGG:hsa05410	Hypertrophic cardiomyopathy (HCM)	3.74183343377e-06	0.00190811	ITGB1|ITGB3|ITGB5|ITGB6|ITGB7|SLC8A1
 REACT:R-HSA-2453902	The canonical retinoid cycle in rods (twilight vision)	4.99278720567e-06	0.00190811	LRAT|RBP3|RDH8|RLBP1
 KEGG:hsa05414	Dilated cardiomyopathy	5.62669052739e-06	0.00190811	ITGB1|ITGB3|ITGB5|ITGB6|ITGB7|SLC8A1
 REACT:R-HSA-383280	Nuclear Receptor transcription pathway	5.65244860284e-06	0.00190811	AR|NR3C1|NR3C2|NR4A3|PGR
 KEGG:hsa00062	Fatty acid elongation	7.07859578353e-06	0.00209084	ELOVL1|ELOVL3|ELOVL4|ELOVL7
 REACT:R-HSA-75876	Synthesis of very long-chain fatty acyl-CoAs	1.13274580065e-05	0.00297409	ELOVL1|ELOVL3|ELOVL4|ELOVL7
 REACT:R-HSA-2129379	Molecules associated with elastic fibres	1.72103182403e-05	0.0040668	ITGB1|ITGB3|ITGB5|ITGB6
 REACT:R-HSA-425561	Sodium/Calcium exchangers	3.45817272909e-05	0.00742878	SLC8A1|SLC8A2|SLC8A3
 REACT:R-HSA-418359	Reduction of cytosolic Ca++ levels	4.38538003255e-05	0.00863547	SLC8A1|SLC8A2|SLC8A3
 KEGG:hsa04144	Endocytosis	4.75078823495e-05	0.00863547	ARFGEF1|ARFGEF2|ERBB3|GBF1|PSD|PSD2|PSD3|PSD4
 KEGG:hsa04512	ECM-receptor interaction	5.82100219809e-05	0.00925023	ITGB1|ITGB3|ITGB5|ITGB6|ITGB7
 REACT:R-HSA-1566948	Elastic fibre formation	5.8719164638e-05	0.00925023	ITGB1|ITGB3|ITGB5|ITGB6
 REACT:R-HSA-1236394	Signaling by ERBB4	6.44965851513e-05	0.00952534	APH1A|APH1B|ERBB3|PGR
 REACT:R-HSA-418346	Platelet homeostasis	9.58077866844e-05	0.0133173	PPP2R1A|PPP2R1B|SLC8A1|SLC8A2|SLC8A3
 REACT:R-HSA-3000170	Syndecan interactions	0.0001343907858	0.0176425	ITGB1|ITGB3|ITGB5
 REACT:R-HSA-75105	Fatty Acyl-CoA Biosynthesis	0.000158529848533	0.0197161	ELOVL1|ELOVL3|ELOVL4|ELOVL7
 REACT:R-HSA-3000178	ECM proteoglycans	0.000195772710174	0.0231305	ITGB1|ITGB3|ITGB5|ITGB6
 KEGG:hsa_M00154	Cytochrome c oxidase	0.000235172400353	0.0264625	COX7A1|COX7A2|COX7A2L
 REACT:R-HSA-1251985	Nuclear signaling by ERBB4	0.000266276083393	0.0286005	APH1A|APH1B|PGR
 KEGG:hsa04151	PI3K-Akt signaling pathway	0.000310058211059	0.0318551	ITGB1|ITGB3|ITGB5|ITGB6|ITGB7|PPP2R1A|PPP2R1B|PRLR
 REACT:R-HSA-2187335	The retinoid cycle in cones (daylight vision)	0.000377300818718	0.0371484	RBP3|RLBP1
 REACT:R-HSA-418360	Platelet calcium homeostasis	0.000509226549129	0.0478499	SLC8A1|SLC8A2|SLC8A3
 REACT:R-HSA-163767	PP2A-mediated dephosphorylation of key metabolic factors	0.000526491079233	0.0478499	PPP2R1A|PPP2R1B
