 REACT:R-HSA-162582	Signal Transduction	2.9169999749e-12	6.89287e-09	AGTR1|APH1A|APH1B|AR|GPR132|GPR31|GRP|HRH4|KALRN|LRAT|MC1R|OR10H5|OR10J1|OR10S1|OR1D2|OR1F1|OR1S2|OR2V2|OR5AK2|OR5D14|OR5H6|PTGER1|PTGER3|RBP3|RDH11|RDH12|RDH13|RDH14|RDH8|RLBP1|RPTOR
 REACT:R-HSA-2453902	The canonical retinoid cycle in rods (twilight vision)	6.31776853055e-11	7.46444e-08	LRAT|RBP3|RDH11|RDH12|RDH8|RLBP1
 REACT:R-HSA-388396	GPCR downstream signaling	4.93660445855e-10	3.8884e-07	AGTR1|GPR132|GRP|HRH4|KALRN|MC1R|OR10H5|OR10J1|OR10S1|OR1D2|OR1F1|OR1S2|OR2V2|OR5AK2|OR5D14|OR5H6|PTGER1|PTGER3
 REACT:R-HSA-372790	Signaling by GPCR	5.71968417074e-09	3.3789e-06	AGTR1|GPR132|GPR31|GRP|HRH4|KALRN|MC1R|OR10H5|OR10J1|OR10S1|OR1D2|OR1F1|OR1S2|OR2V2|OR5AK2|OR5D14|OR5H6|PTGER1|PTGER3
 KEGG:hsa04740	Olfactory transduction	6.25933887943e-07	0.000295816	OR10H5|OR10J1|OR10S1|OR1D2|OR1F1|OR1S2|OR2V2|OR5AK2|OR5D14|OR5H6
 REACT:R-HSA-2187338	Visual phototransduction	8.314138773e-07	0.000298195	LRAT|RBP3|RDH11|RDH12|RDH8|RLBP1
 REACT:R-HSA-381753	Olfactory Signaling Pathway	8.83354040138e-07	0.000298195	OR10H5|OR10J1|OR10S1|OR1D2|OR1F1|OR1S2|OR2V2|OR5AK2|OR5D14|OR5H6
 REACT:R-HSA-373076	Class A/1 (Rhodopsin-like receptors)	7.69780277488e-06	0.00227374	AGTR1|GPR132|GPR31|GRP|HRH4|MC1R|PTGER1|PTGER3
 REACT:R-HSA-5365859	RA biosynthesis pathway	5.50687804185e-05	0.0136269	RDH11|RDH13|RDH14
 KEGG:hsa00830	Retinol metabolism	5.76679951823e-05	0.0136269	LRAT|RDH11|RDH12|RDH8
 REACT:R-HSA-500792	GPCR ligand binding	9.04895141477e-05	0.0194388	AGTR1|GPR132|GPR31|GRP|HRH4|MC1R|PTGER1|PTGER3
 REACT:R-HSA-2187335	The retinoid cycle in cones (daylight vision)	0.000155774338941	0.0306746	RBP3|RLBP1
