 KEGG:hsa04740	Olfactory transduction	0.0	0	OR10G3|OR10G4|OR10G8|OR10H1|OR10H3|OR10H4|OR10J1|OR10J5|OR11A1|OR11L1|OR14A16|OR14I1|OR1A2|OR1C1|OR1D2|OR1D5|OR1E1|OR1E2|OR1F1|OR1J1|OR1J4|OR1K1|OR1L4|OR1M1|OR1N1|OR1S2|OR2A2|OR2D3|OR2G6|OR2T2|OR2V2|OR3A3|OR4A16|OR4C12|OR4C3|OR4D10|OR4K15|OR4K2|OR4L1|OR4N5|OR4S1|OR51A4|OR52M1|OR56A3|OR5AK2|OR5AP2|OR5AS1|OR5B12|OR5D13|OR5D14|OR5H6|OR5M9|OR5R1|OR7A10|OR7A5|OR7C1|OR7C2|OR7D2|OR8D1|OR8G1|OR9A2|OR9A4|SLC8A1|SLC8A2|SLC8A3
 REACT:R-HSA-162582	Signal Transduction	0.0	0	ADORA3|AGTR1|APH1B|AR|AVPR2|GPR31|HRH4|ITGB1|ITGB3|KALRN|LRAT|MC1R|MC3R|MC4R|NR3C1|OR10G3|OR10G4|OR10G8|OR10H1|OR10H3|OR10H4|OR10J1|OR10J5|OR11A1|OR11L1|OR14A16|OR14I1|OR1A2|OR1C1|OR1D2|OR1D5|OR1E1|OR1E2|OR1F1|OR1J1|OR1J4|OR1K1|OR1L4|OR1M1|OR1N1|OR1S2|OR2A2|OR2D3|OR2G6|OR2T2|OR2V2|OR3A3|OR4A16|OR4C12|OR4C3|OR4D10|OR4K15|OR4K2|OR4L1|OR4N5|OR4S1|OR51A4|OR52M1|OR56A3|OR5AK2|OR5AP2|OR5AS1|OR5B12|OR5D13|OR5D14|OR5H6|OR5M9|OR5R1|OR7A10|OR7A5|OR7C1|OR7C2|OR7D2|OR8D1|OR8G1|OR9A2|OR9A4|PGR|PTGER1|PTGER3|RBP3|RBP4|RDH11|RDH12|RDH13|RDH14|RDH8|RLBP1|RPE65|TBXA2R
 REACT:R-HSA-372790	Signaling by GPCR	0.0	0	ADORA3|AGTR1|AVPR2|GPR31|HRH4|ITGB3|KALRN|MC1R|MC3R|MC4R|OR10G3|OR10G4|OR10G8|OR10H1|OR10H3|OR10H4|OR10J1|OR10J5|OR11A1|OR11L1|OR14A16|OR14I1|OR1A2|OR1C1|OR1D2|OR1D5|OR1E1|OR1E2|OR1F1|OR1J1|OR1J4|OR1K1|OR1L4|OR1M1|OR1N1|OR1S2|OR2A2|OR2D3|OR2G6|OR2T2|OR2V2|OR3A3|OR4A16|OR4C12|OR4C3|OR4D10|OR4K15|OR4K2|OR4L1|OR4N5|OR4S1|OR51A4|OR52M1|OR56A3|OR5AK2|OR5AP2|OR5AS1|OR5B12|OR5D13|OR5D14|OR5H6|OR5M9|OR5R1|OR7A10|OR7A5|OR7C1|OR7C2|OR7D2|OR8D1|OR8G1|OR9A2|OR9A4|PTGER1|PTGER3|TBXA2R
 REACT:R-HSA-381753	Olfactory Signaling Pathway	0.0	0	OR10G3|OR10G4|OR10G8|OR10H1|OR10H3|OR10H4|OR10J1|OR10J5|OR11A1|OR11L1|OR14A16|OR14I1|OR1A2|OR1C1|OR1D2|OR1D5|OR1E1|OR1E2|OR1F1|OR1J1|OR1J4|OR1K1|OR1L4|OR1M1|OR1N1|OR1S2|OR2A2|OR2D3|OR2G6|OR2T2|OR2V2|OR3A3|OR4A16|OR4C12|OR4C3|OR4D10|OR4K15|OR4K2|OR4L1|OR4N5|OR4S1|OR51A4|OR52M1|OR56A3|OR5AK2|OR5AP2|OR5AS1|OR5B12|OR5D13|OR5D14|OR5H6|OR5M9|OR5R1|OR7A10|OR7A5|OR7C1|OR7C2|OR7D2|OR8D1|OR8G1|OR9A2|OR9A4
 REACT:R-HSA-388396	GPCR downstream signaling	0.0	0	ADORA3|AGTR1|AVPR2|HRH4|KALRN|MC1R|MC3R|MC4R|OR10G3|OR10G4|OR10G8|OR10H1|OR10H3|OR10H4|OR10J1|OR10J5|OR11A1|OR11L1|OR14A16|OR14I1|OR1A2|OR1C1|OR1D2|OR1D5|OR1E1|OR1E2|OR1F1|OR1J1|OR1J4|OR1K1|OR1L4|OR1M1|OR1N1|OR1S2|OR2A2|OR2D3|OR2G6|OR2T2|OR2V2|OR3A3|OR4A16|OR4C12|OR4C3|OR4D10|OR4K15|OR4K2|OR4L1|OR4N5|OR4S1|OR51A4|OR52M1|OR56A3|OR5AK2|OR5AP2|OR5AS1|OR5B12|OR5D13|OR5D14|OR5H6|OR5M9|OR5R1|OR7A10|OR7A5|OR7C1|OR7C2|OR7D2|OR8D1|OR8G1|OR9A2|OR9A4|PTGER1|PTGER3|TBXA2R
 REACT:R-HSA-2453902	The canonical retinoid cycle in rods (twilight vision)	1.00396690961e-10	3.95396e-08	LRAT|RBP3|RBP4|RDH11|RDH12|RDH8|RLBP1|RPE65
 REACT:R-HSA-383280	Nuclear Receptor transcription pathway	1.36486225433e-07	4.60739e-05	AR|NR1I2|NR1I3|NR3C1|NR3C2|NR4A3|PGR|VDR
 KEGG:hsa_M00415	"Fatty acid biosynthesis elongation endoplasmic reticulum"	2.65504689567e-07	7.84234e-05	ELOVL1|ELOVL3|ELOVL4|ELOVL5|ELOVL7
 KEGG:hsa00062	Fatty acid elongation	9.77013104242e-06	0.0025652	ELOVL1|ELOVL3|ELOVL4|ELOVL5|ELOVL7
 REACT:R-HSA-75876	Synthesis of very long-chain fatty acyl-CoAs	1.75612207047e-05	0.00414972	ELOVL1|ELOVL3|ELOVL4|ELOVL5|ELOVL7
 REACT:R-HSA-2187338	Visual phototransduction	2.62903948489e-05	0.00564765	LRAT|RBP3|RBP4|RDH11|RDH12|RDH8|RLBP1|RPE65
 KEGG:hsa04080	Neuroactive ligand-receptor interaction	0.000114775362932	0.021573	ADORA3|AGTR1|AVPR2|HRH4|MC1R|MC3R|MC4R|NR3C1|PTGER1|PTGER3|TBXA2R|TRPV1
 KEGG:hsa00830	Retinol metabolism	0.00011868348741	0.021573	LRAT|RDH11|RDH12|RDH8|RETSAT|RPE65
 REACT:R-HSA-391908	Prostanoid ligand receptors	0.000131722744418	0.0222329	PTGER1|PTGER3|TBXA2R
 REACT:R-HSA-216083	Integrin cell surface interactions	0.000152744580729	0.0240624	ITGB1|ITGB2|ITGB3|ITGB5|ITGB6|ITGB7
 REACT:R-HSA-2046105	Linoleic acid (LA) metabolism	0.000186535925939	0.027549	ELOVL1|ELOVL3|ELOVL5
 KEGG:hsa05412	Arrhythmogenic right ventricular cardiomyopathy (ARVC)	0.000209715150678	0.0291504	ITGB1|ITGB3|ITGB5|ITGB6|ITGB7|SLC8A1
