 REACT:R-HSA-2453902	The canonical retinoid cycle in rods (twilight vision)	0.0	0	LRAT|RBP3|RBP4|RDH11|RDH12|RDH8|RLBP1|RPE65
 REACT:R-HSA-2187338	Visual phototransduction	6.96598054017e-07	0.000823031	LRAT|RBP3|RBP4|RDH11|RDH12|RDH8|RLBP1|RPE65
 KEGG:hsa_M00071	"Glycosphingolipid biosynthesis neolacto-series LacCer => nLc4Cer"	3.76914067535e-06	0.00296883	B4GALT2|B4GALT3|B4GALT4
 KEGG:hsa00830	Retinol metabolism	7.61419259332e-06	0.00449808	LRAT|RDH11|RDH12|RDH8|RETSAT|RPE65
 REACT:R-HSA-216083	Integrin cell surface interactions	9.91429525288e-06	0.0046855	ITGB1|ITGB2|ITGB3|ITGB5|ITGB6|ITGB7
 REACT:R-HSA-2129379	Molecules associated with elastic fibres	7.29411311812e-05	0.0287266	ITGB1|ITGB3|ITGB5|ITGB6
 KEGG:hsa00533	Glycosaminoglycan biosynthesis - keratan sulfate	0.000130789661961	0.0430884	B4GALT2|B4GALT3|B4GALT4
 REACT:R-HSA-975577	N-Glycan antennae elongation	0.000162621976119	0.0430884	B4GALT2|B4GALT3|B4GALT4
 KEGG:hsa05412	Arrhythmogenic right ventricular cardiomyopathy (ARVC)	0.000179413125433	0.0430884	ITGB1|ITGB3|ITGB5|ITGB6|ITGB7
 REACT:R-HSA-156590	Glutathione conjugation	0.000182346004717	0.0430884	GSTA3|GSTA4|GSTM3|GSTM5
