 KEGG:hsa04015	Rap1 signaling pathway	0.0	0	FGF1|FGF10|FGF11|FGF12|FGF13|FGF14|FGF16|FGF17|FGF18|FGF2|FGF20|FGF21|FGF22|FGF23|FGF3|FGF4|FGF5|FGF6|FGF7|FGF8|FGF9|ITGB1|ITGB2|ITGB3|RASSF5|VEGFA
 KEGG:hsa04151	PI3K-Akt signaling pathway	0.0	0	FGF1|FGF10|FGF11|FGF12|FGF13|FGF14|FGF16|FGF17|FGF18|FGF2|FGF20|FGF21|FGF22|FGF23|FGF3|FGF4|FGF5|FGF6|FGF7|FGF8|FGF9|IFNA1|IFNA10|IFNA13|IFNA14|IFNA16|IFNA17|IFNA2|IFNA21|IFNA4|IFNA5|IFNA6|IFNA7|IFNA8|IFNB1|ITGB1|ITGB3|ITGB5|ITGB6|ITGB7|THBS2|VEGFA
 KEGG:hsa04622	RIG-I-like receptor signaling pathway	0.0	0	AZI2|IFNA1|IFNA10|IFNA13|IFNA14|IFNA16|IFNA17|IFNA2|IFNA21|IFNA4|IFNA5|IFNA6|IFNA7|IFNA8|IFNB1|IFNE|IFNW1
 KEGG:hsa04623	Cytosolic DNA-sensing pathway	0.0	0	IFNA1|IFNA10|IFNA13|IFNA14|IFNA16|IFNA17|IFNA2|IFNA21|IFNA4|IFNA5|IFNA6|IFNA7|IFNA8|IFNB1|IL1B
 KEGG:hsa04810	Regulation of actin cytoskeleton	0.0	0	FGF1|FGF10|FGF11|FGF12|FGF13|FGF14|FGF16|FGF17|FGF18|FGF2|FGF20|FGF21|FGF22|FGF23|FGF3|FGF4|FGF5|FGF6|FGF7|FGF8|FGF9|ITGB1|ITGB2|ITGB3|ITGB5|ITGB6|ITGB7
 KEGG:hsa05152	Tuberculosis	0.0	0	CLEC4E|CLEC4M|CLEC7A|IFNA1|IFNA10|IFNA13|IFNA14|IFNA16|IFNA17|IFNA2|IFNA21|IFNA4|IFNA5|IFNA6|IFNA7|IFNA8|IFNB1|IFNG|IL1A|IL1B|ITGB2|MRC1|NFYC|PLA2R1|PPP3R2
 KEGG:hsa05218	Melanoma	0.0	0	FGF1|FGF10|FGF11|FGF12|FGF13|FGF14|FGF16|FGF17|FGF18|FGF2|FGF20|FGF21|FGF22|FGF23|FGF3|FGF4|FGF5|FGF6|FGF7|FGF8|FGF9
 KEGG:hsa05224	Breast cancer	0.0	0	FGF1|FGF10|FGF11|FGF12|FGF13|FGF14|FGF16|FGF17|FGF18|FGF2|FGF20|FGF21|FGF22|FGF23|FGF3|FGF4|FGF5|FGF6|FGF7|FGF8|FGF9|NFKB2
 KEGG:hsa05320	Autoimmune thyroid disease	0.0	0	IFNA1|IFNA10|IFNA13|IFNA14|IFNA16|IFNA17|IFNA2|IFNA21|IFNA4|IFNA5|IFNA6|IFNA7|IFNA8|TSHR
 REACT:R-HSA-109704	PI3K Cascade	0.0	0	FGF1|FGF10|FGF16|FGF17|FGF18|FGF2|FGF20|FGF22|FGF23|FGF3|FGF4|FGF5|FGF6|FGF7|FGF8|FGF9
 REACT:R-HSA-1226099	Signaling by FGFR in disease	0.0	0	FGF1|FGF10|FGF16|FGF17|FGF18|FGF2|FGF20|FGF22|FGF23|FGF3|FGF4|FGF5|FGF6|FGF7|FGF8|FGF9|GAB2
 REACT:R-HSA-168249	Innate Immune System	0.0	0	ARSA|ATP6V1E2|C1R|CD46|CLEC10A|CLEC12A|CLEC4A|CLEC4C|CLEC4D|CLEC4E|CLEC6A|CLEC7A|COLEC11|CSF2RA|DEFB112|DSN1|FAF2|FGF1|FGF10|FGF16|FGF17|FGF18|FGF2|FGF20|FGF22|FGF23|FGF3|FGF4|FGF5|FGF6|FGF7|FGF8|FGF9|GAB2|GLA|ICOS|IFNA1|IFNA10|IFNA13|IFNA14|IFNA16|IFNA17|IFNA2|IFNA21|IFNA4|IFNA5|IFNA6|IFNA7|IFNA8|IFNB1|IL1B|ITGB2|ITGB3|KLRC2|KLRC4-KLRK1|KLRD1|LGALS3|MBL2|NEU1|NFKB2|OLR1|PGLYRP1|PGLYRP2|PRG2|PRG3|PTX3|REG3A|REG3G|SELL|SIGLEC9|SLC2A3|SLC2A5|STBD1|TNIP2
 REACT:R-HSA-168256	Immune System	0.0	0	ANXA1|ARSA|ATP6V1E2|C1R|CALR|CANX|CD1B|CD1C|CD1D|CD207|CD46|CLEC10A|CLEC12A|CLEC2B|CLEC2D|CLEC4A|CLEC4C|CLEC4D|CLEC4E|CLEC6A|CLEC7A|COLEC11|CSF2RA|DEFB112|DSN1|FAF2|FBXO17|FGF1|FGF10|FGF16|FGF17|FGF18|FGF2|FGF20|FGF22|FGF23|FGF3|FGF4|FGF5|FGF6|FGF7|FGF8|FGF9|GAB2|GLA|ICOS|IFNA1|IFNA10|IFNA13|IFNA14|IFNA16|IFNA17|IFNA2|IFNA21|IFNA4|IFNA5|IFNA6|IFNA7|IFNA8|IFNB1|IFNG|IFNLR1|IL1A|IL1B|IL1RN|IL22RA2|IL36A|IL36B|ITGB1|ITGB2|ITGB3|ITGB5|ITGB7|KLRB1|KLRC1|KLRC2|KLRC4-KLRK1|KLRD1|KLRF1|KLRG1|LGALS3|LGALS9|MBL2|MGRN1|MRC1|NEU1|NFKB2|NUP107|OLR1|PGLYRP1|PGLYRP2|PRG2|PRG3|PTX3|REG3A|REG3G|SELL|SIGLEC12|SIGLEC6|SIGLEC7|SIGLEC8|SIGLEC9|SLC2A3|SLC2A5|STBD1|TNIP2|TRPC1|VEGFA
 REACT:R-HSA-1839122	Signaling by activated point mutants of FGFR1	0.0	0	FGF1|FGF17|FGF2|FGF20|FGF23|FGF4|FGF5|FGF6|FGF8|FGF9
 REACT:R-HSA-1839126	FGFR2 mutant receptor activation	0.0	0	FGF1|FGF10|FGF16|FGF17|FGF18|FGF2|FGF20|FGF22|FGF23|FGF3|FGF4|FGF5|FGF6|FGF7|FGF8|FGF9
 REACT:R-HSA-1839130	Signaling by activated point mutants of FGFR3	0.0	0	FGF1|FGF16|FGF17|FGF18|FGF2|FGF20|FGF23|FGF4|FGF5|FGF8|FGF9
 REACT:R-HSA-190239	FGFR3 ligand binding and activation	0.0	0	FGF1|FGF16|FGF17|FGF18|FGF2|FGF20|FGF23|FGF4|FGF5|FGF8|FGF9
 REACT:R-HSA-190241	FGFR2 ligand binding and activation	0.0	0	FGF1|FGF10|FGF16|FGF17|FGF18|FGF2|FGF20|FGF22|FGF23|FGF3|FGF4|FGF5|FGF6|FGF7|FGF8|FGF9
 REACT:R-HSA-190242	FGFR1 ligand binding and activation	0.0	0	FGF1|FGF10|FGF17|FGF2|FGF20|FGF22|FGF23|FGF3|FGF4|FGF5|FGF6|FGF8|FGF9
 REACT:R-HSA-190322	FGFR4 ligand binding and activation	0.0	0	FGF1|FGF16|FGF17|FGF18|FGF2|FGF20|FGF23|FGF4|FGF6|FGF8|FGF9
 REACT:R-HSA-190372	FGFR3c ligand binding and activation	0.0	0	FGF1|FGF16|FGF17|FGF18|FGF2|FGF20|FGF23|FGF4|FGF5|FGF8|FGF9
 REACT:R-HSA-190373	FGFR1c ligand binding and activation	0.0	0	FGF1|FGF17|FGF2|FGF20|FGF23|FGF4|FGF5|FGF6|FGF8|FGF9
 REACT:R-HSA-190375	FGFR2c ligand binding and activation	0.0	0	FGF1|FGF16|FGF17|FGF18|FGF2|FGF20|FGF23|FGF4|FGF5|FGF6|FGF8|FGF9
 REACT:R-HSA-2033514	FGFR3 mutant receptor activation	0.0	0	FGF1|FGF16|FGF17|FGF18|FGF2|FGF20|FGF23|FGF4|FGF5|FGF8|FGF9
 REACT:R-HSA-2033519	Activated point mutants of FGFR2	0.0	0	FGF1|FGF10|FGF16|FGF17|FGF18|FGF2|FGF20|FGF22|FGF23|FGF3|FGF4|FGF5|FGF6|FGF7|FGF8|FGF9
 REACT:R-HSA-2219528	PI3K/AKT Signaling in Cancer	0.0	0	FGF1|FGF10|FGF16|FGF17|FGF18|FGF2|FGF20|FGF22|FGF23|FGF3|FGF4|FGF5|FGF6|FGF7|FGF8|FGF9|ICOS
 REACT:R-HSA-2219530	Constitutive Signaling by Aberrant PI3K in Cancer	0.0	0	FGF1|FGF10|FGF16|FGF17|FGF18|FGF2|FGF20|FGF22|FGF23|FGF3|FGF4|FGF5|FGF6|FGF7|FGF8|FGF9|ICOS
 REACT:R-HSA-428790	Facilitative Na+-independent glucose transporters	0.0	0	FGF21|SLC2A1|SLC2A10|SLC2A11|SLC2A14|SLC2A2|SLC2A3|SLC2A5|SLC2A6|SLC2A8|SLC2A9
 REACT:R-HSA-5654219	Phospholipase C-mediated cascade: FGFR1	0.0	0	FGF1|FGF10|FGF17|FGF2|FGF20|FGF22|FGF23|FGF3|FGF4|FGF5|FGF6|FGF8|FGF9
 REACT:R-HSA-5654221	Phospholipase C-mediated cascade; FGFR2	0.0	0	FGF1|FGF10|FGF16|FGF17|FGF18|FGF2|FGF20|FGF22|FGF23|FGF3|FGF4|FGF5|FGF6|FGF7|FGF8|FGF9
 REACT:R-HSA-5654227	Phospholipase C-mediated cascade; FGFR3	0.0	0	FGF1|FGF16|FGF17|FGF18|FGF2|FGF20|FGF23|FGF4|FGF5|FGF8|FGF9
 REACT:R-HSA-5654687	Downstream signaling of activated FGFR1	0.0	0	FGF1|FGF10|FGF17|FGF2|FGF20|FGF22|FGF23|FGF3|FGF4|FGF5|FGF6|FGF8|FGF9
 REACT:R-HSA-5654688	SHC-mediated cascade:FGFR1	0.0	0	FGF1|FGF10|FGF17|FGF2|FGF20|FGF22|FGF23|FGF3|FGF4|FGF5|FGF6|FGF8|FGF9
 REACT:R-HSA-5654689	PI-3K cascade:FGFR1	0.0	0	FGF1|FGF10|FGF17|FGF2|FGF20|FGF22|FGF23|FGF3|FGF4|FGF5|FGF6|FGF8|FGF9
 REACT:R-HSA-5654693	FRS-mediated FGFR1 signaling	0.0	0	FGF1|FGF10|FGF17|FGF2|FGF20|FGF22|FGF23|FGF3|FGF4|FGF5|FGF6|FGF8|FGF9
 REACT:R-HSA-5654695	PI-3K cascade:FGFR2	0.0	0	FGF1|FGF10|FGF16|FGF17|FGF18|FGF2|FGF20|FGF22|FGF23|FGF3|FGF4|FGF5|FGF6|FGF7|FGF8|FGF9
 REACT:R-HSA-5654696	Downstream signaling of activated FGFR2	0.0	0	FGF1|FGF10|FGF16|FGF17|FGF18|FGF2|FGF20|FGF22|FGF23|FGF3|FGF4|FGF5|FGF6|FGF7|FGF8|FGF9
 REACT:R-HSA-5654699	SHC-mediated cascade:FGFR2	0.0	0	FGF1|FGF10|FGF16|FGF17|FGF18|FGF2|FGF20|FGF22|FGF23|FGF3|FGF4|FGF5|FGF6|FGF7|FGF8|FGF9
 REACT:R-HSA-5654704	SHC-mediated cascade:FGFR3	0.0	0	FGF1|FGF16|FGF17|FGF18|FGF2|FGF20|FGF23|FGF4|FGF5|FGF8|FGF9
 REACT:R-HSA-5654706	FRS-mediated FGFR3 signaling	0.0	0	FGF1|FGF16|FGF17|FGF18|FGF2|FGF20|FGF23|FGF4|FGF5|FGF8|FGF9
 REACT:R-HSA-5654710	PI-3K cascade:FGFR3	0.0	0	FGF1|FGF16|FGF17|FGF18|FGF2|FGF20|FGF23|FGF4|FGF5|FGF8|FGF9
 REACT:R-HSA-5654712	FRS-mediated FGFR4 signaling	0.0	0	FGF1|FGF16|FGF17|FGF18|FGF2|FGF20|FGF23|FGF4|FGF6|FGF8|FGF9
 REACT:R-HSA-5654719	SHC-mediated cascade:FGFR4	0.0	0	FGF1|FGF16|FGF17|FGF18|FGF2|FGF20|FGF23|FGF4|FGF6|FGF8|FGF9
 REACT:R-HSA-5654720	PI-3K cascade:FGFR4	0.0	0	FGF1|FGF16|FGF17|FGF18|FGF2|FGF20|FGF23|FGF4|FGF6|FGF8|FGF9
 REACT:R-HSA-5654726	Negative regulation of FGFR1 signaling	0.0	0	FGF1|FGF10|FGF17|FGF2|FGF20|FGF22|FGF23|FGF3|FGF4|FGF5|FGF6|FGF8|FGF9
 REACT:R-HSA-5654727	Negative regulation of FGFR2 signaling	0.0	0	FGF1|FGF10|FGF16|FGF17|FGF18|FGF2|FGF20|FGF22|FGF23|FGF3|FGF4|FGF5|FGF6|FGF7|FGF8|FGF9
 REACT:R-HSA-5654736	Signaling by FGFR1	0.0	0	FGF1|FGF10|FGF17|FGF18|FGF2|FGF20|FGF22|FGF23|FGF3|FGF4|FGF5|FGF6|FGF8|FGF9
 REACT:R-HSA-5654738	Signaling by FGFR2	0.0	0	FGF1|FGF10|FGF16|FGF17|FGF18|FGF2|FGF20|FGF22|FGF23|FGF3|FGF4|FGF5|FGF6|FGF7|FGF8|FGF9
 REACT:R-HSA-5655253	Signaling by FGFR2 in disease	0.0	0	FGF1|FGF10|FGF16|FGF17|FGF18|FGF2|FGF20|FGF22|FGF23|FGF3|FGF4|FGF5|FGF6|FGF7|FGF8|FGF9
 REACT:R-HSA-5655332	Signaling by FGFR3 in disease	0.0	0	FGF1|FGF16|FGF17|FGF18|FGF2|FGF20|FGF23|FGF4|FGF5|FGF8|FGF9
 REACT:R-HSA-5658623	FGFRL1 modulation of FGFR1 signaling	0.0	0	FGF10|FGF17|FGF18|FGF2|FGF22|FGF23|FGF3|FGF4|FGF5|FGF8
 REACT:R-HSA-6811558	"PI5P PP2A and IER3 Regulate PI3K/AKT Signaling"	0.0	0	FGF1|FGF10|FGF16|FGF17|FGF18|FGF2|FGF20|FGF22|FGF23|FGF3|FGF4|FGF5|FGF6|FGF7|FGF8|FGF9|ICOS
 REACT:R-HSA-8853338	Signaling by FGFR3 point mutants in cancer	0.0	0	FGF1|FGF16|FGF17|FGF18|FGF2|FGF20|FGF23|FGF4|FGF5|FGF8|FGF9
 REACT:R-HSA-933541	TRAF6 mediated IRF7 activation	0.0	0	IFNA1|IFNA10|IFNA13|IFNA14|IFNA16|IFNA17|IFNA2|IFNA21|IFNA4|IFNA5|IFNA6|IFNA7|IFNA8|IFNB1
 REACT:R-HSA-5654228	Phospholipase C-mediated cascade; FGFR4	3.20854454117e-14	1.37851e-12	FGF1|FGF16|FGF17|FGF18|FGF2|FGF20|FGF23|FGF4|FGF6|FGF8|FGF9
 KEGG:hsa04650	Natural killer cell mediated cytotoxicity	2.75390821258e-12	1.16205e-10	IFNA1|IFNA10|IFNA13|IFNA14|IFNA16|IFNA17|IFNA2|IFNA21|IFNA4|IFNA5|IFNA6|IFNA7|IFNA8|IFNB1|IFNG|ITGB2|KLRC1|KLRC2|KLRC4-KLRK1|KLRD1|PPP3R2
 REACT:R-HSA-912694	Regulation of IFNA signaling	3.37108119197e-12	1.39752e-10	IFNA1|IFNA10|IFNA13|IFNA14|IFNA16|IFNA17|IFNA2|IFNA21|IFNA4|IFNA5|IFNA6|IFNA7|IFNA8|IFNB1
 REACT:R-HSA-1280215	Cytokine Signaling in Immune system	3.9270808827e-12	1.58612e-10	ANXA1|CSF2RA|FGF1|FGF10|FGF16|FGF17|FGF18|FGF2|FGF20|FGF22|FGF23|FGF3|FGF4|FGF5|FGF6|FGF7|FGF8|FGF9|GAB2|IFNA1|IFNA10|IFNA13|IFNA14|IFNA16|IFNA17|IFNA2|IFNA21|IFNA4|IFNA5|IFNA6|IFNA7|IFNA8|IFNB1|IFNG|IFNLR1|IL1A|IL1B|IL1RN|IL22RA2|IL36A|IL36B|ITGB1|ITGB2|ITGB3|LGALS9|NFKB2|NUP107|TNIP2|VEGFA
 REACT:R-HSA-5654716	Downstream signaling of activated FGFR4	3.96027655114e-12	1.58612e-10	FGF1|FGF16|FGF17|FGF18|FGF2|FGF20|FGF23|FGF4|FGF6|FGF8|FGF9
 REACT:R-HSA-5654700	FRS-mediated FGFR2 signaling	4.62319071914e-12	1.82077e-10	FGF1|FGF10|FGF16|FGF17|FGF18|FGF2|FGF20|FGF22|FGF23|FGF3|FGF4|FGF5|FGF6|FGF7|FGF8|FGF9
 REACT:R-HSA-5654732	Negative regulation of FGFR3 signaling	5.18651788184e-12	2.00914e-10	FGF1|FGF16|FGF17|FGF18|FGF2|FGF20|FGF23|FGF4|FGF5|FGF8|FGF9
 REACT:R-HSA-5654708	Downstream signaling of activated FGFR3	6.96742663564e-12	2.65549e-10	FGF1|FGF16|FGF17|FGF18|FGF2|FGF20|FGF23|FGF4|FGF5|FGF8|FGF9
 REACT:R-HSA-198933	Immunoregulatory interactions between a Lymphoid and a non-Lymphoid cell	1.73229208755e-11	6.49747e-10	CD1B|CD1C|CD1D|CLEC2B|CLEC2D|ITGB1|ITGB2|ITGB7|KLRB1|KLRC1|KLRC4-KLRK1|KLRD1|KLRF1|KLRG1|SELL|SIGLEC12|SIGLEC6|SIGLEC7|SIGLEC8|SIGLEC9
 REACT:R-HSA-199418	Negative regulation of the PI3K/AKT network	2.58700838529e-11	9.55172e-10	FGF1|FGF10|FGF16|FGF17|FGF18|FGF2|FGF20|FGF22|FGF23|FGF3|FGF4|FGF5|FGF6|FGF7|FGF8|FGF9|ICOS
 REACT:R-HSA-1839124	FGFR1 mutant receptor activation	2.67036392998e-11	9.56071e-10	FGF1|FGF17|FGF2|FGF20|FGF23|FGF4|FGF5|FGF6|FGF8|FGF9|GAB2
 REACT:R-HSA-5654733	Negative regulation of FGFR4 signaling	2.67036392998e-11	9.56071e-10	FGF1|FGF16|FGF17|FGF18|FGF2|FGF20|FGF23|FGF4|FGF6|FGF8|FGF9
 REACT:R-HSA-190236	Signaling by FGFR	1.3380851982e-10	4.71925e-09	FGF1|FGF10|FGF16|FGF17|FGF18|FGF2|FGF20|FGF22|FGF23|FGF3|FGF4|FGF5|FGF6|FGF7|FGF8|FGF9
 KEGG:hsa05162	Measles	1.39700362389e-10	4.85459e-09	CD46|CLEC4M|IFNA1|IFNA10|IFNA13|IFNA14|IFNA16|IFNA17|IFNA2|IFNA21|IFNA4|IFNA5|IFNA6|IFNA7|IFNA8|IFNB1|IFNG|IL1A|IL1B
 KEGG:hsa04630	Jak-STAT signaling pathway	3.34270833235e-10	1.14476e-08	CSF2RA|IFNA1|IFNA10|IFNA13|IFNA14|IFNA16|IFNA17|IFNA2|IFNA21|IFNA4|IFNA5|IFNA6|IFNA7|IFNA8|IFNB1|IFNE|IFNG|IFNLR1|IFNW1|IL22RA2
 REACT:R-HSA-909733	Interferon alpha/beta signaling	3.51194406889e-10	1.18553e-08	IFNA1|IFNA10|IFNA13|IFNA14|IFNA16|IFNA17|IFNA2|IFNA21|IFNA4|IFNA5|IFNA6|IFNA7|IFNA8|IFNB1
 KEGG:hsa04014	Ras signaling pathway	3.57012197583e-10	1.1882e-08	FGF1|FGF10|FGF11|FGF12|FGF13|FGF14|FGF16|FGF17|FGF18|FGF2|FGF20|FGF21|FGF22|FGF23|FGF3|FGF4|FGF5|FGF6|FGF7|FGF8|FGF9|GAB2|RASSF5|VEGFA
 REACT:R-HSA-5655302	Signaling by FGFR1 in disease	4.77125117193e-10	1.5659e-08	FGF1|FGF17|FGF2|FGF20|FGF23|FGF4|FGF5|FGF6|FGF8|FGF9|GAB2
 REACT:R-HSA-168928	RIG-I/MDA5 mediated induction of IFN-alpha/beta pathways	5.55418711023e-10	1.79788e-08	IFNA1|IFNA10|IFNA13|IFNA14|IFNA16|IFNA17|IFNA2|IFNA21|IFNA4|IFNA5|IFNA6|IFNA7|IFNA8|IFNB1|NFKB2
 KEGG:hsa04010	MAPK signaling pathway	7.18839543445e-10	2.29543e-08	FGF1|FGF10|FGF11|FGF12|FGF13|FGF14|FGF16|FGF17|FGF18|FGF2|FGF20|FGF21|FGF22|FGF23|FGF3|FGF4|FGF5|FGF6|FGF7|FGF8|FGF9|IL1A|IL1B|NFKB2|PPP3R2
 REACT:R-HSA-5654741	Signaling by FGFR3	8.82413586645e-10	2.76441e-08	FGF1|FGF16|FGF17|FGF18|FGF2|FGF20|FGF23|FGF4|FGF5|FGF8|FGF9
 REACT:R-HSA-190371	FGFR3b ligand binding and activation	8.89104567747e-10	2.76441e-08	FGF1|FGF17|FGF18|FGF20|FGF8|FGF9
 REACT:R-HSA-5654743	Signaling by FGFR4	1.20756982191e-09	3.70583e-08	FGF1|FGF16|FGF17|FGF18|FGF2|FGF20|FGF23|FGF4|FGF6|FGF8|FGF9
 REACT:R-HSA-2730905	Role of LAT2/NTAL/LAB on calcium mobilization	1.89712745513e-09	5.74732e-08	FGF1|FGF10|FGF16|FGF17|FGF18|FGF2|FGF20|FGF22|FGF23|FGF3|FGF4|FGF5|FGF6|FGF7|FGF8|FGF9|GAB2|ICOS
 REACT:R-HSA-1257604	PIP3 activates AKT signaling	3.14995318718e-09	9.42195e-08	FGF1|FGF10|FGF16|FGF17|FGF18|FGF2|FGF20|FGF22|FGF23|FGF3|FGF4|FGF5|FGF6|FGF7|FGF8|FGF9|ICOS
 REACT:R-HSA-180292	GAB1 signalosome	4.58635662781e-09	1.33797e-07	FGF1|FGF10|FGF16|FGF17|FGF18|FGF2|FGF20|FGF22|FGF23|FGF3|FGF4|FGF5|FGF6|FGF7|FGF8|FGF9|ICOS
 REACT:R-HSA-198203	PI3K/AKT activation	4.58635662781e-09	1.33797e-07	FGF1|FGF10|FGF16|FGF17|FGF18|FGF2|FGF20|FGF22|FGF23|FGF3|FGF4|FGF5|FGF6|FGF7|FGF8|FGF9|ICOS
 KEGG:hsa05160	Hepatitis C	6.5774685698e-09	1.89543e-07	CLDN11|CLDN2|IFNA1|IFNA10|IFNA13|IFNA14|IFNA16|IFNA17|IFNA2|IFNA21|IFNA4|IFNA5|IFNA6|IFNA7|IFNA8|IFNB1|OCLN
 KEGG:hsa04145	Phagosome	1.13830807003e-08	3.24075e-07	ATP6V1E2|C1R|CALR|CANX|CLEC4M|CLEC7A|COLEC11|COLEC12|ITGB1|ITGB2|ITGB3|ITGB5|MBL2|MRC1|OLR1|PLA2R1|SFTPD|THBS2
 KEGG:hsa04620	Toll-like receptor signaling pathway	1.20978924656e-08	3.40325e-07	IFNA1|IFNA10|IFNA13|IFNA14|IFNA16|IFNA17|IFNA2|IFNA21|IFNA4|IFNA5|IFNA6|IFNA7|IFNA8|IFNB1|IL1B
 REACT:R-HSA-1280218	Adaptive Immune System	2.43188896798e-08	6.76065e-07	CALR|CANX|CD1B|CD1C|CD1D|CD207|CLEC2B|CLEC2D|FBXO17|FGF1|FGF10|FGF16|FGF17|FGF18|FGF2|FGF20|FGF22|FGF23|FGF3|FGF4|FGF5|FGF6|FGF7|FGF8|FGF9|ICOS|ITGB1|ITGB2|ITGB5|ITGB7|KLRB1|KLRC1|KLRC4-KLRK1|KLRD1|KLRF1|KLRG1|MGRN1|MRC1|SELL|SIGLEC12|SIGLEC6|SIGLEC7|SIGLEC8|SIGLEC9|TRPC1
 KEGG:hsa05200	Pathways in cancer	2.5164896611e-08	6.91449e-07	AR|CSF2RA|FGF1|FGF10|FGF11|FGF12|FGF13|FGF14|FGF16|FGF17|FGF18|FGF2|FGF20|FGF21|FGF22|FGF23|FGF3|FGF4|FGF5|FGF6|FGF7|FGF8|FGF9|ITGB1|NFKB2|RASSF5|SLC2A1|SPI1|VEGFA
 REACT:R-HSA-190377	FGFR2b ligand binding and activation	2.57000830617e-08	6.98038e-07	FGF1|FGF10|FGF2|FGF22|FGF3|FGF7
 REACT:R-HSA-190370	FGFR1b ligand binding and activation	3.48140213324e-08	9.34836e-07	FGF1|FGF10|FGF2|FGF22|FGF3
 KEGG:hsa04060	Cytokine-cytokine receptor interaction	5.25383581085e-08	1.39492e-06	CSF2RA|IFNA1|IFNA10|IFNA13|IFNA14|IFNA16|IFNA17|IFNA2|IFNA21|IFNA4|IFNA5|IFNA6|IFNA7|IFNA8|IFNB1|IFNE|IFNG|IFNLR1|IFNW1|IL1A|IL1B|IL22RA2|VEGFA
 REACT:R-HSA-425366	"Transport of glucose and other sugars bile salts and organic acids metal ions and amine compounds"	1.03700976029e-07	2.72273e-06	FGF21|SLC14A1|SLC22A6|SLC22A8|SLC2A1|SLC2A10|SLC2A11|SLC2A14|SLC2A2|SLC2A3|SLC2A5|SLC2A6|SLC2A8|SLC2A9
 REACT:R-HSA-449147	Signaling by Interleukins	1.25736452472e-07	3.265e-06	ANXA1|CSF2RA|FGF1|FGF10|FGF16|FGF17|FGF18|FGF2|FGF20|FGF22|FGF23|FGF3|FGF4|FGF5|FGF6|FGF7|FGF8|FGF9|GAB2|IFNLR1|IL1A|IL1B|IL1RN|IL22RA2|IL36A|IL36B|ITGB1|ITGB2|ITGB3|LGALS9|NFKB2|TNIP2|VEGFA
 KEGG:hsa05164	Influenza A	4.14628872569e-07	1.06497e-05	IFNA1|IFNA10|IFNA13|IFNA14|IFNA16|IFNA17|IFNA2|IFNA21|IFNA4|IFNA5|IFNA6|IFNA7|IFNA8|IFNB1|IFNG|IL1A|IL1B
 REACT:R-HSA-451927	Interleukin-2 signaling	2.26697462036e-06	5.76007e-05	CSF2RA|FGF1|FGF10|FGF16|FGF17|FGF18|FGF2|FGF20|FGF22|FGF23|FGF3|FGF4|FGF5|FGF6|FGF7|FGF8|FGF9|GAB2|ITGB3|LGALS9
 REACT:R-HSA-425407	SLC-mediated transmembrane transport	2.34338270488e-06	5.89087e-05	FGF21|NUP107|SLC14A1|SLC22A6|SLC22A8|SLC25A10|SLC28A1|SLC2A1|SLC2A10|SLC2A11|SLC2A14|SLC2A2|SLC2A3|SLC2A5|SLC2A6|SLC2A8|SLC2A9|SLC50A1|SLC8A1|SLC8A2|SLC8A3
 REACT:R-HSA-1168372	Downstream signaling events of B Cell Receptor (BCR)	2.56239149332e-06	6.37361e-05	FGF1|FGF10|FGF16|FGF17|FGF18|FGF2|FGF20|FGF22|FGF23|FGF3|FGF4|FGF5|FGF6|FGF7|FGF8|FGF9|ICOS
 KEGG:hsa05168	Herpes simplex infection	4.93583375516e-06	0.000121493	IFNA1|IFNA10|IFNA13|IFNA14|IFNA16|IFNA17|IFNA2|IFNA21|IFNA4|IFNA5|IFNA6|IFNA7|IFNA8|IFNB1|IFNG|IL1B
 KEGG:hsa05161	Hepatitis B	5.04045663974e-06	0.00012279	IFNA1|IFNA10|IFNA13|IFNA14|IFNA16|IFNA17|IFNA2|IFNA21|IFNA4|IFNA5|IFNA6|IFNA7|IFNA8|IFNB1
 REACT:R-HSA-912526	Interleukin receptor SHC signaling	5.82050542053e-06	0.000140345	CSF2RA|FGF1|FGF10|FGF16|FGF17|FGF18|FGF2|FGF20|FGF22|FGF23|FGF3|FGF4|FGF5|FGF6|FGF7|FGF8|FGF9|GAB2|ITGB3
 KEGG:hsa_M00415	"Fatty acid biosynthesis elongation endoplasmic reticulum"	6.54852752324e-06	0.000156305	ELOVL1|ELOVL3|ELOVL4|ELOVL5|ELOVL7
 REACT:R-HSA-983705	Signaling by the B Cell Receptor (BCR)	6.62706880561e-06	0.000156598	FGF1|FGF10|FGF16|FGF17|FGF18|FGF2|FGF20|FGF22|FGF23|FGF3|FGF4|FGF5|FGF6|FGF7|FGF8|FGF9|ICOS|TRPC1
 REACT:R-HSA-5218921	VEGFR2 mediated cell proliferation	6.89374125296e-06	0.000161286	CSF2RA|FGF1|FGF10|FGF16|FGF17|FGF18|FGF2|FGF20|FGF22|FGF23|FGF3|FGF4|FGF5|FGF6|FGF7|FGF8|FGF9|ITGB3|VEGFA
 KEGG:hsa04621	NOD-like receptor signaling pathway	7.68029540299e-06	0.000177927	IFNA1|IFNA10|IFNA13|IFNA14|IFNA16|IFNA17|IFNA2|IFNA21|IFNA4|IFNA5|IFNA6|IFNA7|IFNA8|IFNB1|IL1B
 REACT:R-HSA-112412	SOS-mediated signalling	1.24866112001e-05	0.000276665	CSF2RA|FGF1|FGF10|FGF16|FGF17|FGF18|FGF2|FGF20|FGF22|FGF23|FGF3|FGF4|FGF5|FGF6|FGF7|FGF8|FGF9|ITGB3
 REACT:R-HSA-179812	GRB2 events in EGFR signaling	1.24866112001e-05	0.000276665	CSF2RA|FGF1|FGF10|FGF16|FGF17|FGF18|FGF2|FGF20|FGF22|FGF23|FGF3|FGF4|FGF5|FGF6|FGF7|FGF8|FGF9|ITGB3
 REACT:R-HSA-180336	SHC1 events in EGFR signaling	1.24866112001e-05	0.000276665	CSF2RA|FGF1|FGF10|FGF16|FGF17|FGF18|FGF2|FGF20|FGF22|FGF23|FGF3|FGF4|FGF5|FGF6|FGF7|FGF8|FGF9|ITGB3
 REACT:R-HSA-5673001	RAF/MAP kinase cascade	1.24866112001e-05	0.000276665	CSF2RA|FGF1|FGF10|FGF16|FGF17|FGF18|FGF2|FGF20|FGF22|FGF23|FGF3|FGF4|FGF5|FGF6|FGF7|FGF8|FGF9|ITGB3
 REACT:R-HSA-5663202	Diseases of signal transduction	1.25277738016e-05	0.000276665	APH1A|APH1B|FGF1|FGF10|FGF16|FGF17|FGF18|FGF2|FGF20|FGF22|FGF23|FGF3|FGF4|FGF5|FGF6|FGF7|FGF8|FGF9|GAB2|ICOS|ITGB3|PORCN|RLBP1
 KEGG:hsa05144	Malaria	1.31038565276e-05	0.000286256	IFNG|IL1B|ITGB2|KLRB1|KLRC4-KLRK1|SELE|SELP|THBS2
 REACT:R-HSA-8853659	RET signaling	1.32043425652e-05	0.000286256	CSF2RA|FGF1|FGF10|FGF16|FGF17|FGF18|FGF2|FGF20|FGF22|FGF23|FGF3|FGF4|FGF5|FGF6|FGF7|FGF8|FGF9|GAB2|ITGB3
 REACT:R-HSA-983231	Factors involved in megakaryocyte development and platelet production	1.37296432859e-05	0.000294938	IFNA1|IFNA10|IFNA13|IFNA14|IFNA16|IFNA17|IFNA2|IFNA21|IFNA4|IFNA5|IFNA6|IFNA7|IFNA8|IFNB1
 REACT:R-HSA-512988	"Interleukin-3 5 and GM-CSF signaling"	1.39132310883e-05	0.000296189	CSF2RA|FGF1|FGF10|FGF16|FGF17|FGF18|FGF2|FGF20|FGF22|FGF23|FGF3|FGF4|FGF5|FGF6|FGF7|FGF8|FGF9|GAB2|ITGB3
 REACT:R-HSA-913531	Interferon Signaling	1.51028631344e-05	0.000318643	IFNA1|IFNA10|IFNA13|IFNA14|IFNA16|IFNA17|IFNA2|IFNA21|IFNA4|IFNA5|IFNA6|IFNA7|IFNA8|IFNB1|IFNG|NUP107
 REACT:R-HSA-170984	ARMS-mediated activation	1.55670615259e-05	0.000322675	CSF2RA|FGF1|FGF10|FGF16|FGF17|FGF18|FGF2|FGF20|FGF22|FGF23|FGF3|FGF4|FGF5|FGF6|FGF7|FGF8|FGF9|ITGB3
 REACT:R-HSA-187706	Signalling to p38 via RIT and RIN	1.55670615259e-05	0.000322675	CSF2RA|FGF1|FGF10|FGF16|FGF17|FGF18|FGF2|FGF20|FGF22|FGF23|FGF3|FGF4|FGF5|FGF6|FGF7|FGF8|FGF9|ITGB3
 REACT:R-HSA-170968	Frs2-mediated activation	1.64363790386e-05	0.000337732	CSF2RA|FGF1|FGF10|FGF16|FGF17|FGF18|FGF2|FGF20|FGF22|FGF23|FGF3|FGF4|FGF5|FGF6|FGF7|FGF8|FGF9|ITGB3
 REACT:R-HSA-5684996	MAPK1/MAPK3 signaling	1.73489005008e-05	0.000353409	CSF2RA|FGF1|FGF10|FGF16|FGF17|FGF18|FGF2|FGF20|FGF22|FGF23|FGF3|FGF4|FGF5|FGF6|FGF7|FGF8|FGF9|ITGB3
 REACT:R-HSA-169893	Prolonged ERK activation events	1.83064751483e-05	0.000369728	CSF2RA|FGF1|FGF10|FGF16|FGF17|FGF18|FGF2|FGF20|FGF22|FGF23|FGF3|FGF4|FGF5|FGF6|FGF7|FGF8|FGF9|ITGB3
 REACT:R-HSA-2586552	Signaling by Leptin	1.93110335676e-05	0.000386712	CSF2RA|FGF1|FGF10|FGF16|FGF17|FGF18|FGF2|FGF20|FGF22|FGF23|FGF3|FGF4|FGF5|FGF6|FGF7|FGF8|FGF9|ITGB3
 REACT:R-HSA-2424491	DAP12 signaling	2.13218845591e-05	0.000423392	CSF2RA|FGF1|FGF10|FGF16|FGF17|FGF18|FGF2|FGF20|FGF22|FGF23|FGF3|FGF4|FGF5|FGF6|FGF7|FGF8|FGF9|ICOS|ITGB3|KLRC2|KLRC4-KLRK1|KLRD1
 REACT:R-HSA-422475	Axon guidance	2.15737994221e-05	0.000424824	APH1A|APH1B|CD72|CSF2RA|FGF1|FGF10|FGF16|FGF17|FGF18|FGF2|FGF20|FGF22|FGF23|FGF3|FGF4|FGF5|FGF6|FGF7|FGF8|FGF9|GAB2|ITGB1|ITGB3|PLXNA1|PLXNA2|PLXND1|TRPC1|TRPC4|VEGFA
 REACT:R-HSA-109582	Hemostasis	2.21640664964e-05	0.00043284	APOH|CLEC1B|CLEC3B|CSF2RA|GAB2|IFNA1|IFNA10|IFNA13|IFNA14|IFNA16|IFNA17|IFNA2|IFNA21|IFNA4|IFNA5|IFNA6|IFNA7|IFNA8|IFNB1|ITGB1|ITGB2|ITGB3|OLR1|SCG3|SELE|SELL|SELP|SERPINB2|SLC8A1|SLC8A2|SLC8A3|VEGFA
 REACT:R-HSA-167044	Signalling to RAS	2.26270013461e-05	0.000438259	CSF2RA|FGF1|FGF10|FGF16|FGF17|FGF18|FGF2|FGF20|FGF22|FGF23|FGF3|FGF4|FGF5|FGF6|FGF7|FGF8|FGF9|ITGB3
 REACT:R-HSA-189200	Hexose transport	2.73991276948e-05	0.000526375	FGF21|NUP107|SLC2A1|SLC2A14|SLC2A2|SLC2A3|SLC2A5|SLC50A1
 REACT:R-HSA-187687	Signalling to ERKs	3.24183795652e-05	0.000617779	CSF2RA|FGF1|FGF10|FGF16|FGF17|FGF18|FGF2|FGF20|FGF22|FGF23|FGF3|FGF4|FGF5|FGF6|FGF7|FGF8|FGF9|ITGB3
 REACT:R-HSA-2172127	DAP12 interactions	3.99978088947e-05	0.000756119	CSF2RA|FGF1|FGF10|FGF16|FGF17|FGF18|FGF2|FGF20|FGF22|FGF23|FGF3|FGF4|FGF5|FGF6|FGF7|FGF8|FGF9|ICOS|ITGB3|KLRC2|KLRC4-KLRK1|KLRD1
 REACT:R-HSA-5621480	Dectin-2 family	4.03795859033e-05	0.000757277	CLEC10A|CLEC4A|CLEC4C|CLEC4D|CLEC4E|CLEC6A
 REACT:R-HSA-428776	Class II GLUTs	4.5984029487e-05	0.000855593	SLC2A11|SLC2A5|SLC2A9
 REACT:R-HSA-2871796	FCERI mediated MAPK activation	4.80883015259e-05	0.000887755	CSF2RA|FGF1|FGF10|FGF16|FGF17|FGF18|FGF2|FGF20|FGF22|FGF23|FGF3|FGF4|FGF5|FGF6|FGF7|FGF8|FGF9|ITGB3
 REACT:R-HSA-416700	Other semaphorin interactions	5.28819155372e-05	0.000968682	CD72|ITGB1|PLXNA1|PLXNA2|PLXND1
 REACT:R-HSA-1643685	Disease	5.82696030851e-05	0.00105916	ABCC8|ADAMTS17|ADAMTSL1|APH1A|APH1B|BCAN|CALR|CANX|CSF2RA|EPM2A|FGF1|FGF10|FGF16|FGF17|FGF18|FGF2|FGF20|FGF22|FGF23|FGF3|FGF4|FGF5|FGF6|FGF7|FGF8|FGF9|GAB2|ICOS|ITGB3|NFKB2|NUP107|PORCN|RLBP1|RPS23|SFTPD|THBS2|THSD7B|VCAN
 REACT:R-HSA-375165	NCAM signaling for neurite out-growth	6.10034563934e-05	0.00110039	CSF2RA|FGF1|FGF10|FGF16|FGF17|FGF18|FGF2|FGF20|FGF22|FGF23|FGF3|FGF4|FGF5|FGF6|FGF7|FGF8|FGF9|ITGB3
 REACT:R-HSA-70153	Glucose transport	7.36491232856e-05	0.00131843	FGF21|NUP107|SLC2A1|SLC2A14|SLC2A2|SLC2A3|SLC50A1
 REACT:R-HSA-1433557	Signaling by SCF-KIT	8.92887156451e-05	0.00158639	CSF2RA|FGF1|FGF10|FGF16|FGF17|FGF18|FGF2|FGF20|FGF22|FGF23|FGF3|FGF4|FGF5|FGF6|FGF7|FGF8|FGF9|GAB2|ICOS|ITGB3
 REACT:R-HSA-5683057	MAPK family signaling cascades	0.00011492895433	0.00202669	CSF2RA|FGF1|FGF10|FGF16|FGF17|FGF18|FGF2|FGF20|FGF22|FGF23|FGF3|FGF4|FGF5|FGF6|FGF7|FGF8|FGF9|ITGB3
 REACT:R-HSA-112399	IRS-mediated signalling	0.000136580082981	0.00239066	CSF2RA|FGF1|FGF10|FGF16|FGF17|FGF18|FGF2|FGF20|FGF22|FGF23|FGF3|FGF4|FGF5|FGF6|FGF7|FGF8|FGF9|ITGB3
 REACT:R-HSA-2453902	The canonical retinoid cycle in rods (twilight vision)	0.000142019222768	0.00246758	LRAT|RBP3|RDH8|RLBP1|RPE65
 REACT:R-HSA-74752	Signaling by Insulin receptor	0.000144532210701	0.00247569	ATP6V1E2|CSF2RA|FGF1|FGF10|FGF16|FGF17|FGF18|FGF2|FGF20|FGF22|FGF23|FGF3|FGF4|FGF5|FGF6|FGF7|FGF8|FGF9|ITGB3
 REACT:R-HSA-383280	Nuclear Receptor transcription pathway	0.000144581362081	0.00247569	AR|NR0B1|NR1I2|NR1I3|NR3C1|NR3C2|NR4A3
 REACT:R-HSA-74751	Insulin receptor signalling cascade	0.000155094998483	0.00263661	CSF2RA|FGF1|FGF10|FGF16|FGF17|FGF18|FGF2|FGF20|FGF22|FGF23|FGF3|FGF4|FGF5|FGF6|FGF7|FGF8|FGF9|ITGB3
 REACT:R-HSA-2428924	IGF1R signaling cascade	0.000161738289461	0.00271055	CSF2RA|FGF1|FGF10|FGF16|FGF17|FGF18|FGF2|FGF20|FGF22|FGF23|FGF3|FGF4|FGF5|FGF6|FGF7|FGF8|FGF9|ITGB3
 REACT:R-HSA-2428928	IRS-related events triggered by IGF1R	0.000161738289461	0.00271055	CSF2RA|FGF1|FGF10|FGF16|FGF17|FGF18|FGF2|FGF20|FGF22|FGF23|FGF3|FGF4|FGF5|FGF6|FGF7|FGF8|FGF9|ITGB3
 REACT:R-HSA-2404192	Signaling by Type 1 Insulin-like Growth Factor 1 Receptor (IGF1R)	0.000168629983985	0.00280615	CSF2RA|FGF1|FGF10|FGF16|FGF17|FGF18|FGF2|FGF20|FGF22|FGF23|FGF3|FGF4|FGF5|FGF6|FGF7|FGF8|FGF9|ITGB3
 REACT:R-HSA-4420097	VEGFA-VEGFR2 Pathway	0.000198368064751	0.00327485	CSF2RA|FGF1|FGF10|FGF16|FGF17|FGF18|FGF2|FGF20|FGF22|FGF23|FGF3|FGF4|FGF5|FGF6|FGF7|FGF8|FGF9|ITGB3|VEGFA
 REACT:R-HSA-881907	Gastrin-CREB signalling pathway via PKC and MAPK	0.000199567730413	0.00327485	ANXA1|CSF2RA|FGF1|FGF10|FGF16|FGF17|FGF18|FGF2|FGF20|FGF22|FGF23|FGF3|FGF4|FGF5|FGF6|FGF7|FGF8|FGF9|GNRH2|GPR132|GRP|ITGB3|PROK2
 KEGG:hsa00062	Fatty acid elongation	0.000216036115204	0.00352064	ELOVL1|ELOVL3|ELOVL4|ELOVL5|ELOVL7
 REACT:R-HSA-194138	Signaling by VEGF	0.0002690667635	0.00435483	CSF2RA|FGF1|FGF10|FGF16|FGF17|FGF18|FGF2|FGF20|FGF22|FGF23|FGF3|FGF4|FGF5|FGF6|FGF7|FGF8|FGF9|ITGB3|VEGFA
 KEGG:hsa04640	Hematopoietic cell lineage	0.000331934131082	0.00533578	CD1B|CD1C|CD1D|CD1E|CSF2RA|IL1A|IL1B|ITGB3|MS4A1
 REACT:R-HSA-75876	Synthesis of very long-chain fatty acyl-CoAs	0.000377920695595	0.00602937	ELOVL1|ELOVL3|ELOVL4|ELOVL5|ELOVL7
 REACT:R-HSA-448706	Interleukin-1 processing	0.000382349657076	0.00602937	IL1A|IL1B|NFKB2
 REACT:R-HSA-186797	Signaling by PDGF	0.000382736071393	0.00602937	CSF2RA|FGF1|FGF10|FGF16|FGF17|FGF18|FGF2|FGF20|FGF22|FGF23|FGF3|FGF4|FGF5|FGF6|FGF7|FGF8|FGF9|ICOS|ITGB3|THBS2
 REACT:R-HSA-2454202	Fc epsilon receptor (FCERI) signaling	0.00040970708877	0.00641151	CSF2RA|FGF1|FGF10|FGF16|FGF17|FGF18|FGF2|FGF20|FGF22|FGF23|FGF3|FGF4|FGF5|FGF6|FGF7|FGF8|FGF9|GAB2|ICOS|ITGB3
 KEGG:hsa04514	Cell adhesion molecules (CAMs)	0.000423240915558	0.00657973	CLDN11|CLDN2|ICOS|ITGB1|ITGB2|ITGB7|OCLN|SELE|SELL|SELP|VCAN
 REACT:R-HSA-186763	Downstream signal transduction	0.000446641217122	0.00689813	CSF2RA|FGF1|FGF10|FGF16|FGF17|FGF18|FGF2|FGF20|FGF22|FGF23|FGF3|FGF4|FGF5|FGF6|FGF7|FGF8|FGF9|ICOS|ITGB3
 REACT:R-HSA-168268	Virus Assembly and Release	0.000517106705483	0.00788338	CALR|CANX
 REACT:R-HSA-168316	Assembly of Viral Components at the Budding Site	0.000517106705483	0.00788338	CALR|CANX
 REACT:R-HSA-196836	Vitamin C (ascorbate) metabolism	0.000601467514184	0.00911069	SLC23A1|SLC2A1|SLC2A3
 REACT:R-HSA-177929	Signaling by EGFR	0.000672439039356	0.0101208	CSF2RA|FGF1|FGF10|FGF16|FGF17|FGF18|FGF2|FGF20|FGF22|FGF23|FGF3|FGF4|FGF5|FGF6|FGF7|FGF8|FGF9|ICOS|ITGB3
 REACT:R-HSA-382551	Transmembrane transport of small molecules	0.000752970270241	0.0112612	ABCC8|ANO7|ATP6V1E2|AZGP1|CLCN1|CLCN2|FGF21|NUP107|SLC14A1|SLC22A6|SLC22A8|SLC25A10|SLC28A1|SLC2A1|SLC2A10|SLC2A11|SLC2A14|SLC2A2|SLC2A3|SLC2A5|SLC2A6|SLC2A8|SLC2A9|SLC50A1|SLC8A1|SLC8A2|SLC8A3|TRPC1|TRPC4
 REACT:R-HSA-3000170	Syndecan interactions	0.000956654085757	0.0142174	FGF2|ITGB1|ITGB3|ITGB5
 REACT:R-HSA-2046105	Linoleic acid (LA) metabolism	0.00124592781195	0.0184008	ELOVL1|ELOVL3|ELOVL5
 REACT:R-HSA-187037	NGF signalling via TRKA from the plasma membrane	0.00138829666734	0.020327	CSF2RA|FGF1|FGF10|FGF16|FGF17|FGF18|FGF2|FGF20|FGF22|FGF23|FGF3|FGF4|FGF5|FGF6|FGF7|FGF8|FGF9|ICOS|ITGB3
 REACT:R-HSA-1482801	Acyl chain remodelling of PS	0.0013935580234	0.020327	OSBPL10|OSBPL5|OSBPL8|PLA2R1
 REACT:R-HSA-3000178	ECM proteoglycans	0.00181097196872	0.0261964	BCAN|ITGB1|ITGB3|ITGB5|ITGB6|VCAN
 KEGG:hsa04612	Antigen processing and presentation	0.00181811873192	0.0261964	CALR|CANX|IFNG|KLRC1|KLRC2|KLRD1|NFYC
 KEGG:hsa05332	Graft-versus-host disease	0.00226471367095	0.0324334	IFNG|IL1A|IL1B|KLRC1|KLRD1
 KEGG:hsa04380	Osteoclast differentiation	0.00274100459091	0.039018	GAB2|IFNB1|IFNG|IL1A|IL1B|ITGB3|NFKB2|PPP3R2|SPI1
 REACT:R-HSA-425561	Sodium/Calcium exchangers	0.00282274002412	0.0399409	SLC8A1|SLC8A2|SLC8A3
 REACT:R-HSA-166520	Signalling by NGF	0.00299013555678	0.0420577	APH1A|APH1B|CSF2RA|FGF1|FGF10|FGF16|FGF17|FGF18|FGF2|FGF20|FGF22|FGF23|FGF3|FGF4|FGF5|FGF6|FGF7|FGF8|FGF9|ICOS|ITGB3
 REACT:R-HSA-418359	Reduction of cytosolic Ca++ levels	0.00353254172251	0.0493929	SLC8A1|SLC8A2|SLC8A3
