 REACT:R-HSA-194138	Signaling by VEGF	0.0	0	AXL|BCAR1|EGFR|ERBB2|ERBB3|ERBB4|FGFR1|FGFR2|FGFR3|FLT1|KDR|KIT|MET|PTK2|PTK2B|RET|TEK
 KEGG:hsa05230	Central carbon metabolism in cancer	1.10876863246e-11	8.60787e-09	EGFR|ERBB2|FGFR1|FGFR2|FGFR3|FLT3|KIT|MET|NTRK1|NTRK3|RET
 REACT:R-HSA-449147	Signaling by Interleukins	1.13867804075e-11	8.60787e-09	EGFR|ERBB2|ERBB3|ERBB4|FGFR1|FGFR2|FGFR3|FLT3|IRAK1|IRAK3|IRAK4|KIT|MAP3K7|MET|PTK2|PTK2B|RET|TEK
 REACT:R-HSA-2219530	Constitutive Signaling by Aberrant PI3K in Cancer	1.75552905546e-11	8.60787e-09	EGFR|ERBB2|ERBB3|ERBB4|FGFR1|FGFR2|FGFR3|KIT|MET
 REACT:R-HSA-4420097	VEGFA-VEGFR2 Pathway	1.92061921922e-11	8.60787e-09	AXL|BCAR1|EGFR|ERBB2|ERBB3|ERBB4|FGFR1|FGFR2|FGFR3|KDR|KIT|MET|PTK2|PTK2B|RET|TEK
 REACT:R-HSA-170968	Frs2-mediated activation	2.38956632259e-11	8.60787e-09	EGFR|ERBB2|ERBB3|ERBB4|FGFR1|FGFR2|FGFR3|KIT|MET|NTRK1|PTK2|RET|TEK
 REACT:R-HSA-170984	ARMS-mediated activation	3.15604209433e-11	8.60787e-09	EGFR|ERBB2|ERBB3|ERBB4|FGFR1|FGFR2|FGFR3|KIT|MET|NTRK1|PTK2|RET|TEK
 REACT:R-HSA-187706	Signalling to p38 via RIT and RIN	3.15604209433e-11	8.60787e-09	EGFR|ERBB2|ERBB3|ERBB4|FGFR1|FGFR2|FGFR3|KIT|MET|NTRK1|PTK2|RET|TEK
 REACT:R-HSA-451927	Interleukin-2 signaling	3.6459835151e-11	8.60787e-09	EGFR|ERBB2|ERBB3|ERBB4|FGFR1|FGFR2|FGFR3|KIT|MET|PTK2|PTK2B|RET|TEK
 REACT:R-HSA-169893	Prolonged ERK activation events	3.74636988099e-11	8.60787e-09	EGFR|ERBB2|ERBB3|ERBB4|FGFR1|FGFR2|FGFR3|KIT|MET|NTRK1|PTK2|RET|TEK
 REACT:R-HSA-167044	Signalling to RAS	4.00705024717e-11	8.60787e-09	EGFR|ERBB2|ERBB3|ERBB4|FGFR1|FGFR2|FGFR3|KIT|MET|NTRK1|PTK2|RET|TEK
 REACT:R-HSA-5218921	VEGFR2 mediated cell proliferation	4.44616565787e-11	8.75524e-09	EGFR|ERBB2|ERBB3|ERBB4|FGFR1|FGFR2|FGFR3|KDR|KIT|MET|PTK2|RET|TEK
 REACT:R-HSA-422475	Axon guidance	4.87847540143e-11	8.86757e-09	EGFR|EPHA3|ERBB2|ERBB3|ERBB4|FES|FGFR1|FGFR2|FGFR3|KALRN|KDR|KIT|LIMK2|MET|PTK2|RET|TEK
 REACT:R-HSA-166520	Signalling by NGF	7.40073557992e-11	1.19694e-08	EGFR|ERBB2|ERBB3|ERBB4|FGFR1|FGFR2|FGFR3|IRAK1|KALRN|KIT|MET|NTRK1|NTRK2|PTK2|RET|TEK
 REACT:R-HSA-187687	Signalling to ERKs	7.5980222114e-11	1.19694e-08	EGFR|ERBB2|ERBB3|ERBB4|FGFR1|FGFR2|FGFR3|KIT|MET|NTRK1|PTK2|RET|TEK
 REACT:R-HSA-6811558	"PI5P PP2A and IER3 Regulate PI3K/AKT Signaling"	8.56276161088e-11	1.26461e-08	EGFR|ERBB2|ERBB3|ERBB4|FGFR1|FGFR2|FGFR3|KIT|MET
 REACT:R-HSA-1280215	Cytokine Signaling in Immune system	1.12503784067e-10	1.50741e-08	EGFR|ERBB2|ERBB3|ERBB4|FGFR1|FGFR2|FGFR3|FLT3|IRAK1|IRAK3|IRAK4|ISG20|KIT|MAP3K7|MET|PTK2|PTK2B|RET|TEK
 REACT:R-HSA-2219528	PI3K/AKT Signaling in Cancer	1.14826148589e-10	1.50741e-08	EGFR|ERBB2|ERBB3|ERBB4|FGFR1|FGFR2|FGFR3|KIT|MET
 REACT:R-HSA-198203	PI3K/AKT activation	1.47264866968e-10	1.83151e-08	EGFR|ERBB2|ERBB3|ERBB4|FGFR1|FGFR2|FGFR3|KIT|MET|NTRK1
 REACT:R-HSA-5683057	MAPK family signaling cascades	1.72937553167e-10	2.04326e-08	EGFR|ERBB2|ERBB3|ERBB4|FGFR1|FGFR2|FGFR3|KALRN|KIT|MET|PTK2|RET|TEK
 REACT:R-HSA-199418	Negative regulation of the PI3K/AKT network	2.01936245503e-10	2.27226e-08	EGFR|ERBB2|ERBB3|ERBB4|FGFR1|FGFR2|FGFR3|KIT|MET
 REACT:R-HSA-112412	SOS-mediated signalling	3.83441944862e-10	3.62429e-08	EGFR|ERBB2|ERBB3|ERBB4|FGFR1|FGFR2|FGFR3|KIT|MET|PTK2|RET|TEK
 REACT:R-HSA-179812	GRB2 events in EGFR signaling	3.83441944862e-10	3.62429e-08	EGFR|ERBB2|ERBB3|ERBB4|FGFR1|FGFR2|FGFR3|KIT|MET|PTK2|RET|TEK
 REACT:R-HSA-180336	SHC1 events in EGFR signaling	3.83441944862e-10	3.62429e-08	EGFR|ERBB2|ERBB3|ERBB4|FGFR1|FGFR2|FGFR3|KIT|MET|PTK2|RET|TEK
 REACT:R-HSA-5673001	RAF/MAP kinase cascade	3.83441944862e-10	3.62429e-08	EGFR|ERBB2|ERBB3|ERBB4|FGFR1|FGFR2|FGFR3|KIT|MET|PTK2|RET|TEK
 REACT:R-HSA-5684996	MAPK1/MAPK3 signaling	4.84182582916e-10	4.40047e-08	EGFR|ERBB2|ERBB3|ERBB4|FGFR1|FGFR2|FGFR3|KIT|MET|PTK2|RET|TEK
 REACT:R-HSA-2586552	Signaling by Leptin	5.30285815259e-10	4.55032e-08	EGFR|ERBB2|ERBB3|ERBB4|FGFR1|FGFR2|FGFR3|KIT|MET|PTK2|RET|TEK
 REACT:R-HSA-187037	NGF signalling via TRKA from the plasma membrane	5.39183142578e-10	4.55032e-08	EGFR|ERBB2|ERBB3|ERBB4|FGFR1|FGFR2|FGFR3|KIT|MET|NTRK1|NTRK2|PTK2|RET|TEK
 REACT:R-HSA-912526	Interleukin receptor SHC signaling	5.63280977417e-10	4.58977e-08	EGFR|ERBB2|ERBB3|ERBB4|FGFR1|FGFR2|FGFR3|KIT|MET|PTK2|RET|TEK
 REACT:R-HSA-8853659	RET signaling	1.10880959969e-09	8.34219e-08	EGFR|ERBB2|ERBB3|ERBB4|FGFR1|FGFR2|FGFR3|KIT|MET|PTK2|RET|TEK
 REACT:R-HSA-1433557	Signaling by SCF-KIT	1.11808351466e-09	8.34219e-08	EGFR|ERBB2|ERBB3|ERBB4|FES|FGFR1|FGFR2|FGFR3|KIT|MET|PTK2|RET|TEK
 REACT:R-HSA-2871796	FCERI mediated MAPK activation	1.16501142067e-09	8.34219e-08	EGFR|ERBB2|ERBB3|ERBB4|FGFR1|FGFR2|FGFR3|KIT|MET|PTK2|RET|TEK
 REACT:R-HSA-512988	"Interleukin-3 5 and GM-CSF signaling"	1.16501142067e-09	8.34219e-08	EGFR|ERBB2|ERBB3|ERBB4|FGFR1|FGFR2|FGFR3|KIT|MET|PTK2|RET|TEK
 KEGG:hsa01521	EGFR tyrosine kinase inhibitor resistance	1.37136901834e-09	9.53101e-08	AXL|EGFR|ERBB2|ERBB3|FGFR2|FGFR3|KDR|MET
 REACT:R-HSA-375165	NCAM signaling for neurite out-growth	1.41405809284e-09	9.54691e-08	EGFR|ERBB2|ERBB3|ERBB4|FGFR1|FGFR2|FGFR3|KIT|MET|PTK2|RET|TEK
 REACT:R-HSA-186763	Downstream signal transduction	1.93860960618e-09	1.27248e-07	BCAR1|EGFR|ERBB2|ERBB3|ERBB4|FGFR1|FGFR2|FGFR3|KIT|MET|PTK2|RET|TEK
 REACT:R-HSA-1257604	PIP3 activates AKT signaling	2.54587761983e-09	1.62592e-07	EGFR|ERBB2|ERBB3|ERBB4|FGFR1|FGFR2|FGFR3|KIT|MET
 REACT:R-HSA-112399	IRS-mediated signalling	2.92906277011e-09	1.82141e-07	EGFR|ERBB2|ERBB3|ERBB4|FGFR1|FGFR2|FGFR3|KIT|MET|PTK2|RET|TEK
 REACT:R-HSA-180292	GAB1 signalosome	3.16610115902e-09	1.91263e-07	EGFR|ERBB2|ERBB3|ERBB4|FGFR1|FGFR2|FGFR3|KIT|MET
 REACT:R-HSA-74751	Insulin receptor signalling cascade	3.27542237777e-09	1.91263e-07	EGFR|ERBB2|ERBB3|ERBB4|FGFR1|FGFR2|FGFR3|KIT|MET|PTK2|RET|TEK
 REACT:R-HSA-2428924	IGF1R signaling cascade	3.39950578798e-09	1.91263e-07	EGFR|ERBB2|ERBB3|ERBB4|FGFR1|FGFR2|FGFR3|KIT|MET|PTK2|RET|TEK
 REACT:R-HSA-2428928	IRS-related events triggered by IGF1R	3.39950578798e-09	1.91263e-07	EGFR|ERBB2|ERBB3|ERBB4|FGFR1|FGFR2|FGFR3|KIT|MET|PTK2|RET|TEK
 REACT:R-HSA-2404192	Signaling by Type 1 Insulin-like Growth Factor 1 Receptor (IGF1R)	3.53088669414e-09	1.94035e-07	EGFR|ERBB2|ERBB3|ERBB4|FGFR1|FGFR2|FGFR3|KIT|MET|PTK2|RET|TEK
 REACT:R-HSA-186797	Signaling by PDGF	4.26866364478e-09	2.29247e-07	BCAR1|EGFR|ERBB2|ERBB3|ERBB4|FGFR1|FGFR2|FGFR3|KIT|MET|PTK2|RET|TEK
 REACT:R-HSA-2454202	Fc epsilon receptor (FCERI) signaling	4.57509696794e-09	2.40243e-07	EGFR|ERBB2|ERBB3|ERBB4|FGFR1|FGFR2|FGFR3|KIT|MAP3K7|MET|PTK2|RET|TEK
 REACT:R-HSA-2730905	Role of LAT2/NTAL/LAB on calcium mobilization	5.76091918614e-09	2.95936e-07	EGFR|ERBB2|ERBB3|ERBB4|FGFR1|FGFR2|FGFR3|KIT|MET
 REACT:R-HSA-74752	Signaling by Insulin receptor	8.12851841392e-09	4.08674e-07	EGFR|ERBB2|ERBB3|ERBB4|FGFR1|FGFR2|FGFR3|KIT|MET|PTK2|RET|TEK
 REACT:R-HSA-1168372	Downstream signaling events of B Cell Receptor (BCR)	9.12573117073e-09	4.49252e-07	EGFR|ERBB2|ERBB3|ERBB4|FGFR1|FGFR2|FGFR3|KIT|MAP3K7|MET
 KEGG:hsa04144	Endocytosis	1.00930018787e-08	4.8673e-07	EGFR|ERBB3|ERBB4|FGFR2|FGFR3|FLT1|KDR|KIT|MET|NTRK1|RET
 KEGG:hsa04015	Rap1 signaling pathway	1.68486086194e-08	7.96265e-07	BCAR1|EGFR|FGFR1|FGFR2|FGFR3|FLT1|KDR|KIT|MET|TEK
 REACT:R-HSA-2424491	DAP12 signaling	2.49143030651e-08	1.15436e-06	EGFR|ERBB2|ERBB3|ERBB4|FGFR1|FGFR2|FGFR3|KIT|MET|PTK2|RET|TEK
 REACT:R-HSA-881907	Gastrin-CREB signalling pathway via PKC and MAPK	3.04606965207e-08	1.3842e-06	EGFR|ERBB2|ERBB3|ERBB4|FGFR1|FGFR2|FGFR3|KALRN|KIT|MET|PTK2|RET|TEK
 REACT:R-HSA-177929	Signaling by EGFR	3.1868126249e-08	1.42084e-06	EGFR|ERBB2|ERBB3|ERBB4|FGFR1|FGFR2|FGFR3|KIT|MET|PTK2|RET|TEK
 KEGG:hsa04014	Ras signaling pathway	3.53358330374e-08	1.54627e-06	EGFR|FGFR1|FGFR2|FGFR3|FLT1|KDR|KIT|MET|TEK|ZAP70
 REACT:R-HSA-2172127	DAP12 interactions	3.93305481516e-08	1.68978e-06	EGFR|ERBB2|ERBB3|ERBB4|FGFR1|FGFR2|FGFR3|KIT|MET|PTK2|RET|TEK
 REACT:R-HSA-983705	Signaling by the B Cell Receptor (BCR)	4.70956982301e-08	1.98727e-06	EGFR|ERBB2|ERBB3|ERBB4|FGFR1|FGFR2|FGFR3|KIT|MAP3K7|MET
 REACT:R-HSA-8847993	ERBB2 Activates PTK6 Signaling	2.1311050824e-07	8.83474e-06	EGFR|ERBB2|ERBB3|ERBB4
 REACT:R-HSA-6785631	ERBB2 Regulates Cell Motility	2.97360429391e-07	1.21149e-05	EGFR|ERBB2|ERBB3|ERBB4
 REACT:R-HSA-1963642	PI3K events in ERBB2 signaling	5.37279015611e-07	2.15185e-05	EGFR|ERBB2|ERBB3|ERBB4
 KEGG:hsa05200	Pathways in cancer	7.08624848023e-07	2.7908e-05	EGFR|ERBB2|FGFR1|FGFR2|FGFR3|FLT3|KIT|MET|NTRK1|PTK2|RET
 REACT:R-HSA-1266738	Developmental Biology	1.27507032599e-06	4.93933e-05	EGFR|EPHA3|ERBB2|ERBB3|ERBB4|FES|FGFR1|FGFR2|FGFR3|KALRN|KDR|KIT|LIMK2|MET|PTK2|RET|TEK
 KEGG:hsa04151	PI3K-Akt signaling pathway	1.53782041179e-06	5.86108e-05	EGFR|FGFR1|FGFR2|FGFR3|FLT1|KDR|KIT|MET|PTK2|TEK
 REACT:R-HSA-1250196	SHC1 events in ERBB2 signaling	2.11859144417e-06	7.9464e-05	EGFR|ERBB2|ERBB3|ERBB4
 KEGG:hsa05205	Proteoglycans in cancer	2.20678240426e-06	8.14785e-05	EGFR|ERBB2|ERBB3|ERBB4|FGFR1|KDR|MET|PTK2
 REACT:R-HSA-162582	Signal Transduction	4.18227505894e-06	0.000152042	AXL|BCAR1|EGFR|ERBB2|ERBB3|ERBB4|FES|FGFR1|FGFR2|FGFR3|FLT1|IRAK1|KALRN|KDR|KIT|LIMK2|MAP3K7|MET|NTRK1|NTRK2|PTK2|PTK2B|RET|ROR2|RYK|TEK
 REACT:R-HSA-8863795	Downregulation of ERBB2 signaling	7.73794936204e-06	0.000277042	EGFR|ERBB2|ERBB3|ERBB4
 REACT:R-HSA-8848021	Signaling by PTK6	9.62069317445e-06	0.000339309	BCAR1|EGFR|ERBB2|ERBB3|ERBB4
 KEGG:hsa04722	Neurotrophin signaling pathway	1.13558336249e-05	0.000394615	IRAK1|IRAK3|IRAK4|NTRK1|NTRK2|NTRK3
 KEGG:hsa04520	Adherens junction	1.37141568339e-05	0.00046966	EGFR|ERBB2|FGFR1|MAP3K7|MET
 REACT:R-HSA-168249	Innate Immune System	1.64538593989e-05	0.000555435	EGFR|ERBB2|ERBB3|ERBB4|FGFR1|FGFR2|FGFR3|IRAK1|IRAK3|IRAK4|KIT|MAP3K7|MET|PTK2|RET|TEK|TREX1
 KEGG:hsa04510	Focal adhesion	2.1180321758e-05	0.000704917	BCAR1|EGFR|ERBB2|FLT1|KDR|MET|PTK2
 REACT:R-HSA-5663202	Diseases of signal transduction	2.4603737971e-05	0.000807481	EGFR|ERBB2|ERBB3|ERBB4|FGFR1|FGFR2|FGFR3|KIT|MET
 KEGG:hsa04810	Regulation of actin cytoskeleton	3.18225228532e-05	0.00103009	BCAR1|EGFR|FGFR1|FGFR2|FGFR3|LIMK2|PTK2
 KEGG:hsa04012	ErbB signaling pathway	3.26231895553e-05	0.00104174	EGFR|ERBB2|ERBB3|ERBB4|PTK2
 KEGG:hsa_M00686	Toll-like receptor signaling	3.31616422939e-05	0.00104481	IRAK1|IRAK4|MAP3K7
 REACT:R-HSA-1963640	GRB2 events in ERBB2 signaling	4.06903591826e-05	0.00124872	EGFR|ERBB2|ERBB4
 REACT:R-HSA-8866910	TFAP2 (AP-2) family regulates transcription of growth factors and their receptors	4.06903591826e-05	0.00124872	EGFR|ERBB2|KIT
 REACT:R-HSA-446652	Interleukin-1 signaling	4.37938374585e-05	0.00132673	IRAK1|IRAK3|IRAK4|MAP3K7
 REACT:R-HSA-2682334	EPH-Ephrin signaling	5.27170142767e-05	0.00157684	EPHA3|KALRN|KDR|LIMK2|PTK2
 REACT:R-HSA-1227986	Signaling by ERBB2	6.10259445081e-05	0.00180255	EGFR|ERBB2|ERBB3|ERBB4
 REACT:R-HSA-168256	Immune System	8.23777538165e-05	0.00240319	EGFR|ERBB2|ERBB3|ERBB4|FGFR1|FGFR2|FGFR3|FLT3|IRAK1|IRAK3|IRAK4|ISG20|KIT|MAP3K7|MET|PTK2|PTK2B|RET|TEK|TREX1|ZAP70
 KEGG:hsa04360	Axon guidance	9.97219253828e-05	0.00287369	EPHA3|FES|LIMK2|MET|PTK2|RYK
 KEGG:hsa04010	MAPK signaling pathway	0.000102449360017	0.00291672	EGFR|FGFR1|FGFR2|FGFR3|MAP3K7|NTRK1|NTRK2
 REACT:R-HSA-1251932	PLCG1 events in ERBB2 signaling	0.000108876925898	0.00302678	EGFR|ERBB2
 REACT:R-HSA-194306	Neurophilin interactions with VEGF and VEGFR	0.000108876925898	0.00302678	FLT1|KDR
 KEGG:hsa_M00414	Bloom's syndrome complex	0.00018096064821	0.0048592	TOP3A|TOP3B
 REACT:R-HSA-1306955	GRB7 events in ERBB2 signaling	0.00018096064821	0.0048592	ERBB2|ERBB3
 REACT:R-HSA-187024	NGF-independant TRKA activation	0.00018096064821	0.0048592	NTRK1|NTRK2
 REACT:R-HSA-73848	Pyrimidine metabolism	0.000183262562095	0.00486572	DCK|DUT|TK2
 REACT:R-HSA-373755	Semaphorin interactions	0.00020382819181	0.00533739	ERBB2|FES|LIMK2|MET
 REACT:R-HSA-400685	Sema4D in semaphorin signaling	0.000205545025092	0.00533739	ERBB2|LIMK2|MET
 REACT:R-HSA-187015	Activation of TRKA receptors	0.000270691909844	0.00695266	NTRK1|NTRK2
 REACT:R-HSA-3928663	EPHA-mediated growth cone collapse	0.00041166399068	0.0104598	EPHA3|KDR|PTK2
 REACT:R-HSA-194313	VEGF ligand-receptor interactions	0.000502507722129	0.0124992	FLT1|KDR
 REACT:R-HSA-195399	VEGF binds to VEGFR leading to receptor dimerization	0.000502507722129	0.0124992	FLT1|KDR
 KEGG:hsa05215	Prostate cancer	0.000524577767932	0.0129123	EGFR|ERBB2|FGFR1|FGFR2
 REACT:R-HSA-1280218	Adaptive Immune System	0.000592823311342	0.0144417	EGFR|ERBB2|ERBB3|ERBB4|FGFR1|FGFR2|FGFR3|KIT|MAP3K7|MET|ZAP70
 REACT:R-HSA-8864260	Transcriptional regulation by the AP-2 (TFAP2) family of transcription factors	0.00066742767226	0.0160932	EGFR|ERBB2|KIT
 KEGG:hsa04064	NF-kappa B signaling pathway	0.000702936997705	0.0166209	IRAK1|IRAK4|MAP3K7|ZAP70
 KEGG:hsa05219	Bladder cancer	0.000717939408001	0.0166209	EGFR|ERBB2|FGFR3
 REACT:R-HSA-166058	MyD88:Mal cascade initiated on plasma membrane	0.000731518103522	0.0166209	IRAK1|IRAK3|IRAK4|MAP3K7
 REACT:R-HSA-168179	Toll Like Receptor TLR1:TLR2 Cascade	0.000731518103522	0.0166209	IRAK1|IRAK3|IRAK4|MAP3K7
 REACT:R-HSA-168188	Toll Like Receptor TLR6:TLR2 Cascade	0.000731518103522	0.0166209	IRAK1|IRAK3|IRAK4|MAP3K7
 REACT:R-HSA-181438	Toll Like Receptor 2 (TLR2) Cascade	0.000731518103522	0.0166209	IRAK1|IRAK3|IRAK4|MAP3K7
 REACT:R-HSA-3928662	EPHB-mediated forward signaling	0.0007708253148	0.0173472	KALRN|LIMK2|PTK2
 REACT:R-HSA-15869	Metabolism of nucleotides	0.000791134776284	0.0176363	DCK|DGUOK|DUT|TK2
 REACT:R-HSA-1236394	Signaling by ERBB4	0.000826129474821	0.0182443	EGFR|ERBB3|ERBB4
 KEGG:hsa04066	HIF-1 signaling pathway	0.00092054784457	0.0201412	EGFR|ERBB2|FLT1|TEK
 REACT:R-HSA-73614	Pyrimidine salvage reactions	0.000978928687033	0.0212221	DCK|TK2
 KEGG:hsa05202	Transcriptional misregulation in cancer	0.00100386047838	0.0215647	FLT1|FLT3|MET|NTRK1|PTK2
 KEGG:hsa04060	Cytokine-cytokine receptor interaction	0.00101738675422	0.0216584	EGFR|FLT1|FLT3|KDR|KIT|MET
 KEGG:hsa00240	Pyrimidine metabolism	0.00102692244482	0.0216662	DCK|DUT|TK2|UPRT
 KEGG:hsa04020	Calcium signaling pathway	0.00105504316354	0.0220625	EGFR|ERBB2|ERBB3|ERBB4|PTK2B
 REACT:R-HSA-975110	TRAF6 mediated IRF7 activation in TLR7/8 or 9 signaling	0.00117147816242	0.0242825	IRAK1|IRAK4
 REACT:R-HSA-1358803	Downregulation of ERBB2:ERBB3 signaling	0.00138066117429	0.0278846	ERBB2|ERBB3
 REACT:R-HSA-391160	Signal regulatory protein (SIRP) family interactions	0.00138066117429	0.0278846	PTK2|PTK2B
 REACT:R-HSA-74217	Purine salvage	0.00138066117429	0.0278846	DCK|DGUOK
 REACT:R-HSA-166054	Activated TLR4 signalling	0.00149125748373	0.0298631	IRAK1|IRAK3|IRAK4|MAP3K7
 KEGG:hsa05223	Non-small cell lung cancer	0.0019738565181	0.0391952	ALK|EGFR|ERBB2
 REACT:R-HSA-166016	Toll Like Receptor 4 (TLR4) Cascade	0.00208536207212	0.0410643	IRAK1|IRAK3|IRAK4|MAP3K7
 REACT:R-HSA-372708	p130Cas linkage to MAPK signaling for integrins	0.00210660218477	0.0411397	BCAR1|PTK2
 REACT:R-HSA-1226099	Signaling by FGFR in disease	0.00250220229394	0.0484648	FGFR1|FGFR2|FGFR3
