 KEGG:hsa_M00415	"Fatty acid biosynthesis elongation endoplasmic reticulum"	3.90625560232e-07	0.0008181	ELOVL1|ELOVL3|ELOVL4|ELOVL7
 KEGG:hsa04151	PI3K-Akt signaling pathway	8.0519972101e-07	0.0008181	IL2RB|IL2RG|IL4R|ITGB1|ITGB3|ITGB5|ITGB6|ITGB7|PPP2R1A|PPP2R1B|PRLR
 REACT:R-HSA-216083	Integrin cell surface interactions	1.03863752521e-06	0.0008181	ITGB1|ITGB2|ITGB3|ITGB5|ITGB6|ITGB7
 KEGG:hsa05412	Arrhythmogenic right ventricular cardiomyopathy (ARVC)	1.45992392475e-06	0.00086245	ITGB1|ITGB3|ITGB5|ITGB6|ITGB7|SLC8A1
 KEGG:hsa05410	Hypertrophic cardiomyopathy (HCM)	3.3805309021e-06	0.00153318	ITGB1|ITGB3|ITGB5|ITGB6|ITGB7|SLC8A1
 KEGG:hsa05414	Dilated cardiomyopathy	5.08564480051e-06	0.00153318	ITGB1|ITGB3|ITGB5|ITGB6|ITGB7|SLC8A1
 KEGG:hsa04144	Endocytosis	5.112363202e-06	0.00153318	ARFGEF1|ARFGEF2|GBF1|IL2RB|IL2RG|PSD|PSD2|PSD3|PSD4
 REACT:R-HSA-383280	Nuclear Receptor transcription pathway	5.19061475368e-06	0.00153318	AR|NR3C1|NR3C2|NR4A3|PGR
 KEGG:hsa00062	Fatty acid elongation	6.60830620269e-06	0.00156154	ELOVL1|ELOVL3|ELOVL4|ELOVL7
 REACT:R-HSA-1251985	Nuclear signaling by ERBB4	6.60830620269e-06	0.00156154	APH1A|APH1B|PGR|PSEN2
 REACT:R-HSA-75876	Synthesis of very long-chain fatty acyl-CoAs	1.05770275437e-05	0.00227214	ELOVL1|ELOVL3|ELOVL4|ELOVL7
 KEGG:hsa04630	Jak-STAT signaling pathway	1.1839772746e-05	0.00233145	CSF2RA|IL21R|IL22RA2|IL2RB|IL2RG|IL4R|PRLR
 REACT:R-HSA-193692	Regulated proteolysis of p75NTR	1.39290537232e-05	0.00253187	APH1A|APH1B|PSEN2
 REACT:R-HSA-2129379	Molecules associated with elastic fibres	1.60734736196e-05	0.00271297	ITGB1|ITGB3|ITGB5|ITGB6
 REACT:R-HSA-1980148	Signaling by NOTCH3	1.90843154995e-05	0.00281851	APH1A|APH1B|PSEN2
 REACT:R-HSA-1980150	Signaling by NOTCH4	1.90843154995e-05	0.00281851	APH1A|APH1B|PSEN2
 REACT:R-HSA-425561	Sodium/Calcium exchangers	3.28446479897e-05	0.00456541	SLC8A1|SLC8A2|SLC8A3
 REACT:R-HSA-418359	Reduction of cytosolic Ca++ levels	4.16536654022e-05	0.0054682	SLC8A1|SLC8A2|SLC8A3
 REACT:R-HSA-449147	Signaling by Interleukins	5.13509957314e-05	0.00589482	ANXA1|CSF2RA|IL22RA2|IL2RB|IL2RG|IL4R|ITGB1|ITGB2|ITGB3|PPP2R1A|PPP2R1B
 REACT:R-HSA-205043	NRIF signals cell death from the nucleus	5.18820509352e-05	0.00589482	APH1A|APH1B|PSEN2
 KEGG:hsa04512	ECM-receptor interaction	5.35723304328e-05	0.00589482	ITGB1|ITGB3|ITGB5|ITGB6|ITGB7
 REACT:R-HSA-1566948	Elastic fibre formation	5.48819399701e-05	0.00589482	ITGB1|ITGB3|ITGB5|ITGB6
 REACT:R-HSA-1236394	Signaling by ERBB4	6.02859389156e-05	0.00619372	APH1A|APH1B|PGR|PSEN2
 KEGG:hsa_M00682	Notch signaling	6.36279528602e-05	0.0062647	APH1A|APH1B|PSEN2
 REACT:R-HSA-422475	Axon guidance	7.42752802642e-05	0.00682805	APH1A|APH1B|CSF2RA|IL2RB|IL2RG|ITGB1|ITGB3|PPP2R1A|PPP2R1B|PSEN2|TRPC4
 REACT:R-HSA-1280215	Cytokine Signaling in Immune system	7.51287651379e-05	0.00682805	ANXA1|CSF2RA|IL22RA2|IL2RB|IL2RG|IL4R|ITGB1|ITGB2|ITGB3|NUP107|PPP2R1A|PPP2R1B|PRLR
 REACT:R-HSA-418346	Platelet homeostasis	8.82311689818e-05	0.00772186	PPP2R1A|PPP2R1B|SLC8A1|SLC8A2|SLC8A3
 REACT:R-HSA-3000170	Syndecan interactions	0.00012769784436	0.0107768	ITGB1|ITGB3|ITGB5
 REACT:R-HSA-75105	Fatty Acyl-CoA Biosynthesis	0.000148292009076	0.0116931	ELOVL1|ELOVL3|ELOVL4|ELOVL7
 REACT:R-HSA-2979096	NOTCH2 Activation and Transmission of Signal to the Nucleus	0.000148451923771	0.0116931	APH1A|APH1B|PSEN2
 REACT:R-HSA-3000178	ECM proteoglycans	0.00018316734535	0.0139621	ITGB1|ITGB3|ITGB5|ITGB6
 KEGG:hsa05010	Alzheimer's disease	0.000202807385943	0.0149761	APH1A|APH1B|COX7A1|COX7A2|COX7A2L|PSEN2
 KEGG:hsa_M00154	Cytochrome c oxidase	0.000223517986174	0.0160052	COX7A1|COX7A2|COX7A2L
 REACT:R-HSA-6785807	Interleukin-4 and 13 signaling	0.000255185090249	0.0177354	ANXA1|IL2RG|IL4R|ITGB1|ITGB2
 REACT:R-HSA-109582	Hemostasis	0.000278779216946	0.0188216	CSF2RA|IL2RB|IL2RG|ITGB1|ITGB2|ITGB3|PPP2R1A|PPP2R1B|SLC8A1|SLC8A2|SLC8A3
 KEGG:hsa04060	Cytokine-cytokine receptor interaction	0.000375626134276	0.0246557	CSF2RA|IL21R|IL22RA2|IL2RB|IL2RG|IL4R|PRLR
 REACT:R-HSA-2122948	Activated NOTCH1 Transmits Signal to the Nucleus	0.000438905375712	0.0280306	APH1A|APH1B|PSEN2
 REACT:R-HSA-418360	Platelet calcium homeostasis	0.000484208772067	0.0301101	SLC8A1|SLC8A2|SLC8A3
 REACT:R-HSA-163767	PP2A-mediated dephosphorylation of key metabolic factors	0.000508790546326	0.0308275	PPP2R1A|PPP2R1B
 REACT:R-HSA-166520	Signalling by NGF	0.000555040361863	0.032789	APH1A|APH1B|CSF2RA|IL2RB|IL2RG|ITGB3|PPP2R1A|PPP2R1B|PSEN2
 REACT:R-HSA-1980145	Signaling by NOTCH2	0.000583571894577	0.0336337	APH1A|APH1B|PSEN2
 KEGG:hsa04260	Cardiac muscle contraction	0.000611795426557	0.0343679	COX7A1|COX7A2|COX7A2L|SLC8A1
 REACT:R-HSA-113510	E2F mediated regulation of DNA replication	0.000637779460801	0.0343679	ORC3|PPP2R1A|PPP2R1B
 KEGG:hsa04810	Regulation of actin cytoskeleton	0.000639944440657	0.0343679	ITGB1|ITGB2|ITGB3|ITGB5|ITGB6|ITGB7
 REACT:R-HSA-75109	Triglyceride Biosynthesis	0.000705680251265	0.0370561	ELOVL1|ELOVL3|ELOVL4|ELOVL7
