 KEGG:hsa04740	Olfactory transduction	0.0	0	CNGB1|OR10G3|OR10G4|OR10G8|OR10G9|OR10H1|OR10H4|OR10J3|OR10T2|OR11A1|OR11L1|OR12D3|OR13F1|OR14A16|OR14I1|OR14J1|OR1A1|OR1A2|OR1C1|OR1D5|OR1E1|OR1E2|OR1J1|OR1J4|OR1K1|OR1L1|OR1L4|OR1M1|OR1N1|OR2A12|OR2A14|OR2B6|OR2G3|OR2G6|OR2S2|OR2T10|OR2T12|OR2T2|OR2T33|OR2W3|OR3A3|OR4B1|OR4C3|OR4D1|OR4D10|OR4D9|OR4F17|OR4K15|OR4K2|OR4L1|OR4M1|OR4N5|OR4S1|OR4X2|OR52E2|OR56A3|OR5A2|OR5AP2|OR5AS1|OR5B12|OR5D13|OR5I1|OR5M9|OR5R1|OR6C3|OR6C4|OR6C6|OR6C70|OR6S1|OR6V1|OR6X1|OR7A10|OR7A5|OR7C1|OR7C2|OR7D2|OR7D4|OR8D1|OR8G1|OR8G5|OR8H1|OR8H3|OR9A4|SLC8A1|SLC8A2|SLC8A3
 REACT:R-HSA-162582	Signal Transduction	0.0	0	ADORA3|ANXA1|APH1A|APH1B|AR|ARHGAP17|B4GALT1|CNGB1|CRABP1|CRABP2|CSF2RA|FABP5|FGFR1|FGFR2|FUZ|GNAS|GRP|ITGB1|ITGB3|KALRN|LRAT|MAP3K7|MYH11|MYH14|MYH9|MYO7A|NR3C1|NUP107|OR10G3|OR10G4|OR10G8|OR10G9|OR10H1|OR10H4|OR10J3|OR10T2|OR11A1|OR11L1|OR12D3|OR13F1|OR14A16|OR14I1|OR14J1|OR1A1|OR1A2|OR1C1|OR1D5|OR1E1|OR1E2|OR1J1|OR1J4|OR1K1|OR1L1|OR1L4|OR1M1|OR1N1|OR2A12|OR2A14|OR2B6|OR2G3|OR2G6|OR2S2|OR2T10|OR2T12|OR2T2|OR2T33|OR2T35|OR2W3|OR3A3|OR4B1|OR4C3|OR4D1|OR4D10|OR4D9|OR4F17|OR4K15|OR4K2|OR4L1|OR4M1|OR4N5|OR4S1|OR4X2|OR52E2|OR56A3|OR5A2|OR5AP2|OR5AS1|OR5B12|OR5D13|OR5I1|OR5M9|OR5R1|OR6C3|OR6C4|OR6C6|OR6C70|OR6S1|OR6V1|OR6X1|OR7A10|OR7A5|OR7C1|OR7C2|OR7D2|OR7D4|OR8D1|OR8G1|OR8G5|OR8H1|OR8H3|OR9A4|PGR|PRKAB1|PRKAB2|RBP1|RBP2|RBP3|RBP4|RDH11|RDH12|RDH13|RDH14|RDH8|RLBP1|RPE65|STAT6
 REACT:R-HSA-2453902	The canonical retinoid cycle in rods (twilight vision)	0.0	0	LRAT|MYO7A|RBP1|RBP3|RBP4|RDH11|RDH12|RDH8|RLBP1|RPE65
 REACT:R-HSA-372790	Signaling by GPCR	0.0	0	ADORA3|ANXA1|CSF2RA|FGFR1|FGFR2|GNAS|GRP|ITGB3|KALRN|OR10G3|OR10G4|OR10G8|OR10G9|OR10H1|OR10H4|OR10J3|OR10T2|OR11A1|OR11L1|OR12D3|OR13F1|OR14A16|OR14I1|OR14J1|OR1A1|OR1A2|OR1C1|OR1D5|OR1E1|OR1E2|OR1J1|OR1J4|OR1K1|OR1L1|OR1L4|OR1M1|OR1N1|OR2A12|OR2A14|OR2B6|OR2G3|OR2G6|OR2S2|OR2T10|OR2T12|OR2T2|OR2T33|OR2T35|OR2W3|OR3A3|OR4B1|OR4C3|OR4D1|OR4D10|OR4D9|OR4F17|OR4K15|OR4K2|OR4L1|OR4M1|OR4N5|OR4S1|OR4X2|OR52E2|OR56A3|OR5A2|OR5AP2|OR5AS1|OR5B12|OR5D13|OR5I1|OR5M9|OR5R1|OR6C3|OR6C4|OR6C6|OR6C70|OR6S1|OR6V1|OR6X1|OR7A10|OR7A5|OR7C1|OR7C2|OR7D2|OR7D4|OR8D1|OR8G1|OR8G5|OR8H1|OR8H3|OR9A4
 REACT:R-HSA-381753	Olfactory Signaling Pathway	0.0	0	OR10G3|OR10G4|OR10G8|OR10G9|OR10H1|OR10H4|OR10J3|OR10T2|OR11A1|OR11L1|OR12D3|OR13F1|OR14A16|OR14I1|OR14J1|OR1A1|OR1A2|OR1C1|OR1D5|OR1E1|OR1E2|OR1J1|OR1J4|OR1K1|OR1L1|OR1L4|OR1M1|OR1N1|OR2A12|OR2A14|OR2B6|OR2G3|OR2G6|OR2S2|OR2T10|OR2T12|OR2T2|OR2T33|OR2T35|OR2W3|OR3A3|OR4B1|OR4C3|OR4D1|OR4D10|OR4D9|OR4F17|OR4K15|OR4K2|OR4L1|OR4M1|OR4N5|OR4S1|OR4X2|OR52E2|OR56A3|OR5A2|OR5AP2|OR5AS1|OR5B12|OR5D13|OR5I1|OR5M9|OR5R1|OR6C3|OR6C4|OR6C6|OR6C70|OR6S1|OR6V1|OR6X1|OR7A10|OR7A5|OR7C1|OR7C2|OR7D2|OR7D4|OR8D1|OR8G1|OR8G5|OR8H1|OR8H3|OR9A4
 REACT:R-HSA-388396	GPCR downstream signaling	0.0	0	ADORA3|ANXA1|CSF2RA|GNAS|GRP|KALRN|OR10G3|OR10G4|OR10G8|OR10G9|OR10H1|OR10H4|OR10J3|OR10T2|OR11A1|OR11L1|OR12D3|OR13F1|OR14A16|OR14I1|OR14J1|OR1A1|OR1A2|OR1C1|OR1D5|OR1E1|OR1E2|OR1J1|OR1J4|OR1K1|OR1L1|OR1L4|OR1M1|OR1N1|OR2A12|OR2A14|OR2B6|OR2G3|OR2G6|OR2S2|OR2T10|OR2T12|OR2T2|OR2T33|OR2T35|OR2W3|OR3A3|OR4B1|OR4C3|OR4D1|OR4D10|OR4D9|OR4F17|OR4K15|OR4K2|OR4L1|OR4M1|OR4N5|OR4S1|OR4X2|OR52E2|OR56A3|OR5A2|OR5AP2|OR5AS1|OR5B12|OR5D13|OR5I1|OR5M9|OR5R1|OR6C3|OR6C4|OR6C6|OR6C70|OR6S1|OR6V1|OR6X1|OR7A10|OR7A5|OR7C1|OR7C2|OR7D2|OR7D4|OR8D1|OR8G1|OR8G5|OR8H1|OR8H3|OR9A4
 KEGG:hsa04530	Tight junction	9.24481599052e-08	3.12079e-05	ARHGAP17|CLDN11|CLDN2|ITGB1|MYH11|MYH13|MYH14|MYH15|MYH2|MYH3|MYH8|MYH9|OCLN|PRKAB1|PRKAB2|TUBA4A|TUBAL3
 REACT:R-HSA-2187338	Visual phototransduction	1.20748909693e-06	0.000356662	CNGB1|LRAT|MYO7A|RBP1|RBP2|RBP3|RBP4|RDH11|RDH12|RDH8|RLBP1|RPE65
 REACT:R-HSA-163560	Hormone-sensitive lipase (HSL)-mediated triacylglycerol hydrolysis	2.36451464286e-06	0.000620816	FABP2|FABP3|FABP4|FABP5|FABP7|FABP9
 KEGG:hsa_M00415	"Fatty acid biosynthesis elongation endoplasmic reticulum"	4.27825909888e-06	0.00101095	ELOVL1|ELOVL3|ELOVL4|ELOVL5|ELOVL7
 REACT:R-HSA-1445148	Translocation of GLUT4 to the plasma membrane	5.03582089029e-06	0.00108179	MYH13|MYH15|MYH2|MYH3|MYH8|MYO1C|MYO5A|PRKAB1|PRKAB2
 REACT:R-HSA-383280	Nuclear Receptor transcription pathway	9.44893093724e-06	0.00186065	AR|NR0B1|NR2C1|NR3C1|NR3C2|NR4A3|PGR|VDR
 KEGG:hsa00062	Fatty acid elongation	0.000143857341763	0.0261488	ELOVL1|ELOVL3|ELOVL4|ELOVL5|ELOVL7
 REACT:R-HSA-5362517	Signaling by Retinoic Acid	0.000248785060604	0.039832	CRABP1|CRABP2|FABP5|RDH11|RDH13|RDH14
 REACT:R-HSA-75876	Synthesis of very long-chain fatty acyl-CoAs	0.000252848233051	0.039832	ELOVL1|ELOVL3|ELOVL4|ELOVL5|ELOVL7
 KEGG:hsa00240	Pyrimidine metabolism	0.000318917596688	0.0458244	CMPK1|DCK|DUT|POLR3H|RRM1|TK2|TYMS|UCKL1|UPRT
 KEGG:hsa05410	Hypertrophic cardiomyopathy (HCM)	0.000329671892871	0.0458244	ITGB1|ITGB3|ITGB5|ITGB6|ITGB7|PRKAB1|PRKAB2|SLC8A1
