 KEGG:hsa04740	Olfactory transduction	0.0	0	OR10G4|OR10G7|OR10G8|OR10G9|OR10H1|OR10H3|OR10H4|OR10H5|OR10J1|OR10J5|OR10T2|OR11A1|OR11L1|OR12D3|OR14A16|OR14I1|OR1A1|OR1A2|OR1C1|OR1D2|OR1D5|OR1E1|OR1E2|OR1F1|OR1J1|OR1J4|OR1K1|OR1L4|OR1M1|OR1N1|OR1S2|OR2A12|OR2A14|OR2A2|OR2B6|OR2D3|OR2G3|OR2G6|OR2T10|OR2T12|OR2T2|OR2T33|OR2V2|OR2W3|OR3A3|OR4A16|OR4B1|OR4C12|OR4C3|OR4K15|OR4K2|OR4L1|OR4N5|OR4S1|OR4X2|OR52E2|OR52M1|OR52W1|OR56A3|OR5AK2|OR5AP2|OR5AS1|OR5B12|OR5D13|OR5D14|OR5H6|OR5I1|OR5M9|OR5R1|OR6C4|OR6C6|OR6S1|OR7A10|OR7A5|OR7C1|OR7C2|OR7D2|OR7D4|OR8D1|OR8G1|OR8H1|OR9A2|OR9A4|SLC8A1|SLC8A2|SLC8A3
 REACT:R-HSA-162582	Signal Transduction	0.0	0	ADORA3|ANXA1|APH1B|AR|AVPR2|CRABP1|CRABP2|CSF2RA|FABP5|GPR31|GRP|HRH4|ITGB1|ITGB3|KALRN|LRAT|MC1R|MC3R|MC4R|NR3C1|NUP107|OR10G4|OR10G7|OR10G8|OR10G9|OR10H1|OR10H3|OR10H4|OR10H5|OR10J1|OR10J5|OR10T2|OR11A1|OR11L1|OR12D3|OR14A16|OR14I1|OR1A1|OR1A2|OR1C1|OR1D2|OR1D5|OR1E1|OR1E2|OR1F1|OR1J1|OR1J4|OR1K1|OR1L4|OR1M1|OR1N1|OR1S2|OR2A12|OR2A14|OR2A2|OR2B6|OR2D3|OR2G3|OR2G6|OR2T10|OR2T12|OR2T2|OR2T33|OR2T35|OR2V2|OR2W3|OR3A3|OR4A16|OR4B1|OR4C12|OR4C3|OR4K15|OR4K2|OR4L1|OR4N5|OR4S1|OR4X2|OR52E2|OR52M1|OR52W1|OR56A3|OR5AK2|OR5AP2|OR5AS1|OR5B12|OR5D13|OR5D14|OR5H6|OR5I1|OR5M9|OR5R1|OR6C4|OR6C6|OR6S1|OR7A10|OR7A5|OR7C1|OR7C2|OR7D2|OR7D4|OR8D1|OR8G1|OR8H1|OR9A2|OR9A4|PGR|PPP2R1A|PPP2R1B|PTGER1|PTGER3|RBP1|RBP2|RBP3|RBP4|RDH11|RDH12|RDH13|RDH14|RDH8|RLBP1|RPE65|TBXA2R
 REACT:R-HSA-372790	Signaling by GPCR	0.0	0	ADORA3|ANXA1|AVPR2|CSF2RA|GPR31|GRP|HRH4|ITGB3|KALRN|MC1R|MC3R|MC4R|OR10G4|OR10G7|OR10G8|OR10G9|OR10H1|OR10H3|OR10H4|OR10H5|OR10J1|OR10J5|OR10T2|OR11A1|OR11L1|OR12D3|OR14A16|OR14I1|OR1A1|OR1A2|OR1C1|OR1D2|OR1D5|OR1E1|OR1E2|OR1F1|OR1J1|OR1J4|OR1K1|OR1L4|OR1M1|OR1N1|OR1S2|OR2A12|OR2A14|OR2A2|OR2B6|OR2D3|OR2G3|OR2G6|OR2T10|OR2T12|OR2T2|OR2T33|OR2T35|OR2V2|OR2W3|OR3A3|OR4A16|OR4B1|OR4C12|OR4C3|OR4K15|OR4K2|OR4L1|OR4N5|OR4S1|OR4X2|OR52E2|OR52M1|OR52W1|OR56A3|OR5AK2|OR5AP2|OR5AS1|OR5B12|OR5D13|OR5D14|OR5H6|OR5I1|OR5M9|OR5R1|OR6C4|OR6C6|OR6S1|OR7A10|OR7A5|OR7C1|OR7C2|OR7D2|OR7D4|OR8D1|OR8G1|OR8H1|OR9A2|OR9A4|PPP2R1A|PPP2R1B|PTGER1|PTGER3|TBXA2R
 REACT:R-HSA-381753	Olfactory Signaling Pathway	0.0	0	OR10G4|OR10G7|OR10G8|OR10G9|OR10H1|OR10H3|OR10H4|OR10H5|OR10J1|OR10J5|OR10T2|OR11A1|OR11L1|OR12D3|OR14A16|OR14I1|OR1A1|OR1A2|OR1C1|OR1D2|OR1D5|OR1E1|OR1E2|OR1F1|OR1J1|OR1J4|OR1K1|OR1L4|OR1M1|OR1N1|OR1S2|OR2A12|OR2A14|OR2A2|OR2B6|OR2D3|OR2G3|OR2G6|OR2T10|OR2T12|OR2T2|OR2T33|OR2T35|OR2V2|OR2W3|OR3A3|OR4A16|OR4B1|OR4C12|OR4C3|OR4K15|OR4K2|OR4L1|OR4N5|OR4S1|OR4X2|OR52E2|OR52M1|OR52W1|OR56A3|OR5AK2|OR5AP2|OR5AS1|OR5B12|OR5D13|OR5D14|OR5H6|OR5I1|OR5M9|OR5R1|OR6C4|OR6C6|OR6S1|OR7A10|OR7A5|OR7C1|OR7C2|OR7D2|OR7D4|OR8D1|OR8G1|OR8H1|OR9A2|OR9A4
 REACT:R-HSA-388396	GPCR downstream signaling	0.0	0	ADORA3|ANXA1|AVPR2|CSF2RA|GRP|HRH4|KALRN|MC1R|MC3R|MC4R|OR10G4|OR10G7|OR10G8|OR10G9|OR10H1|OR10H3|OR10H4|OR10H5|OR10J1|OR10J5|OR10T2|OR11A1|OR11L1|OR12D3|OR14A16|OR14I1|OR1A1|OR1A2|OR1C1|OR1D2|OR1D5|OR1E1|OR1E2|OR1F1|OR1J1|OR1J4|OR1K1|OR1L4|OR1M1|OR1N1|OR1S2|OR2A12|OR2A14|OR2A2|OR2B6|OR2D3|OR2G3|OR2G6|OR2T10|OR2T12|OR2T2|OR2T33|OR2T35|OR2V2|OR2W3|OR3A3|OR4A16|OR4B1|OR4C12|OR4C3|OR4K15|OR4K2|OR4L1|OR4N5|OR4S1|OR4X2|OR52E2|OR52M1|OR52W1|OR56A3|OR5AK2|OR5AP2|OR5AS1|OR5B12|OR5D13|OR5D14|OR5H6|OR5I1|OR5M9|OR5R1|OR6C4|OR6C6|OR6S1|OR7A10|OR7A5|OR7C1|OR7C2|OR7D2|OR7D4|OR8D1|OR8G1|OR8H1|OR9A2|OR9A4|PTGER1|PTGER3|TBXA2R
 REACT:R-HSA-2453902	The canonical retinoid cycle in rods (twilight vision)	3.36242145238e-11	1.32423e-08	LRAT|RBP1|RBP3|RBP4|RDH11|RDH12|RDH8|RLBP1|RPE65
 REACT:R-HSA-163560	Hormone-sensitive lipase (HSL)-mediated triacylglycerol hydrolysis	6.53575304987e-10	2.20628e-07	FABP1|FABP2|FABP3|FABP4|FABP5|FABP6|FABP7|FABP9
 REACT:R-HSA-383280	Nuclear Receptor transcription pathway	1.17404767019e-08	3.46784e-06	AR|NR0B1|NR1I2|NR1I3|NR2C1|NR3C1|NR3C2|NR4A3|PGR|VDR
 KEGG:hsa_M00415	"Fatty acid biosynthesis elongation endoplasmic reticulum"	1.59445298398e-06	0.000418632	ELOVL1|ELOVL3|ELOVL4|ELOVL5|ELOVL7
 REACT:R-HSA-2187338	Visual phototransduction	8.41890129721e-06	0.00198939	LRAT|RBP1|RBP2|RBP3|RBP4|RDH11|RDH12|RDH8|RLBP1|RPE65
 KEGG:hsa00062	Fatty acid elongation	5.56974591928e-05	0.0119648	ELOVL1|ELOVL3|ELOVL4|ELOVL5|ELOVL7
 REACT:R-HSA-5362517	Signaling by Retinoic Acid	8.3059285676e-05	0.0163558	CRABP1|CRABP2|FABP5|RDH11|RDH13|RDH14
 REACT:R-HSA-75876	Synthesis of very long-chain fatty acyl-CoAs	9.88267734185e-05	0.0179637	ELOVL1|ELOVL3|ELOVL4|ELOVL5|ELOVL7
 KEGG:hsa03320	PPAR signaling pathway	0.0002202716206	0.0371787	FABP1|FABP2|FABP3|FABP4|FABP5|FABP6|FABP7
 REACT:R-HSA-6806667	Metabolism of fat-soluble vitamins	0.00027146689956	0.0427651	GC|LRAT|RBP1|RBP2|RBP4|RDH11
