 REACT:R-HSA-2453902	The canonical retinoid cycle in rods (twilight vision)	0.0	0	LRAT|RBP1|RBP3|RBP4|RDH11|RDH12|RDH8|RLBP1|RPE65
 KEGG:hsa_M00415	"Fatty acid biosynthesis elongation endoplasmic reticulum"	2.75252867721e-07	0.000325211	ELOVL1|ELOVL3|ELOVL4|ELOVL5|ELOVL7
 KEGG:hsa04740	Olfactory transduction	5.4249105208e-07	0.000427302	OR10H3|OR10J1|OR11L1|OR1E2|OR1F1|OR1J1|OR1N1|OR1S2|OR2A2|OR2W3|OR4A16|OR4K2|OR4X2|OR52M1|OR5B12|OR5R1|OR7D2|OR8G1|SLC8A3
 REACT:R-HSA-2129379	Molecules associated with elastic fibres	1.53788327273e-06	0.000908505	ITGB1|ITGB3|ITGB5|ITGB6|LTBP1|LTBP3
 REACT:R-HSA-383280	Nuclear Receptor transcription pathway	2.28882504527e-06	0.0010817	NR0B1|NR1I2|NR1I3|NR2C1|NR4A3|PGR|VDR
 REACT:R-HSA-2187338	Visual phototransduction	3.25195923589e-06	0.00128073	LRAT|RBP1|RBP3|RBP4|RDH11|RDH12|RDH8|RLBP1|RPE65
 REACT:R-HSA-381753	Olfactory Signaling Pathway	4.07404412561e-06	0.00137528	OR10H3|OR10J1|OR11L1|OR1E2|OR1F1|OR1J1|OR1N1|OR1S2|OR2A2|OR2W3|OR4A16|OR4K2|OR4X2|OR52M1|OR5B12|OR5R1|OR7D2|OR8G1
 REACT:R-HSA-1566948	Elastic fibre formation	9.83182317227e-06	0.00265708	ITGB1|ITGB3|ITGB5|ITGB6|LTBP1|LTBP3
 KEGG:hsa00062	Fatty acid elongation	1.01200640826e-05	0.00265708	ELOVL1|ELOVL3|ELOVL4|ELOVL5|ELOVL7
 KEGG:hsa04145	Phagosome	1.48894860126e-05	0.00351839	CLEC4M|CLEC7A|COLEC12|ITGB1|ITGB2|ITGB3|ITGB5|MBL2|SFTPD|TLR4
 REACT:R-HSA-75876	Synthesis of very long-chain fatty acyl-CoAs	1.81862599323e-05	0.00390674	ELOVL1|ELOVL3|ELOVL4|ELOVL5|ELOVL7
 REACT:R-HSA-3000178	ECM proteoglycans	5.86875677517e-05	0.0115566	BCAN|ITGB1|ITGB3|ITGB5|ITGB6|VCAN
 KEGG:hsa00830	Retinol metabolism	0.000123497667674	0.019257	LRAT|RDH11|RDH12|RDH8|RETSAT|RPE65
 REACT:R-HSA-2453864	Retinoid cycle disease events	0.000134575808772	0.019257	RBP1|RBP4|RLBP1
 REACT:R-HSA-2474795	Diseases associated with visual transduction	0.000134575808772	0.019257	RBP1|RBP4|RLBP1
 REACT:R-HSA-391908	Prostanoid ligand receptors	0.000134575808772	0.019257	PTGER1|PTGER3|TBXA2R
 REACT:R-HSA-5365859	RA biosynthesis pathway	0.000147051063859	0.019257	CRABP1|RDH11|RDH13|RDH14
 REACT:R-HSA-194068	Bile acid and bile salt metabolism	0.000154178100482	0.019257	FABP6|OSBPL3|OSBPL6|OSBPL7|OSBPL9
 REACT:R-HSA-216083	Integrin cell surface interactions	0.00015890557122	0.019257	ITGB1|ITGB2|ITGB3|ITGB5|ITGB6|ITGB7
 REACT:R-HSA-388396	GPCR downstream signaling	0.000162987948272	0.019257	ADORA3|AVPR2|HRH4|KALRN|MC3R|OR10H3|OR10J1|OR11L1|OR1E2|OR1F1|OR1J1|OR1N1|OR1S2|OR2A2|OR2W3|OR4A16|OR4K2|OR4X2|OR52M1|OR5B12|OR5R1|OR7D2|OR8G1|PTGER1|PTGER3|TBXA2R
 REACT:R-HSA-2046105	Linoleic acid (LA) metabolism	0.000190563845731	0.021443	ELOVL1|ELOVL3|ELOVL5
 KEGG:hsa05412	Arrhythmogenic right ventricular cardiomyopathy (ARVC)	0.000218110434034	0.023427	ITGB1|ITGB3|ITGB5|ITGB6|ITGB7|TCF7
 KEGG:hsa04514	Cell adhesion molecules (CAMs)	0.00031952012017	0.0328272	CLDN11|CLDN2|CLDN7|ITGB1|ITGB2|ITGB7|OCLN|VCAN
 REACT:R-HSA-6806667	Metabolism of fat-soluble vitamins	0.000417572558807	0.0411135	GC|LRAT|RBP1|RBP4|RDH11
 REACT:R-HSA-75105	Fatty Acyl-CoA Biosynthesis	0.000455792376694	0.0430815	ELOVL1|ELOVL3|ELOVL4|ELOVL5|ELOVL7
