 KEGG:hsa04530	Tight junction	0.0	0	MYH11|MYH13|MYH14|MYH15|MYH2|MYH3|MYH8|MYH9
 REACT:R-HSA-1445148	Translocation of GLUT4 to the plasma membrane	0.0	0	MYH13|MYH15|MYH2|MYH3|MYH8|MYO1C|MYO5A
 REACT:R-HSA-199991	Membrane Trafficking	1.32584166312e-07	0.000104432	MYH13|MYH15|MYH2|MYH3|MYH8|MYO1C|MYO5A|MYO6
 REACT:R-HSA-5653656	Vesicle-mediated transport	2.32090738739e-07	0.000137108	MYH13|MYH15|MYH2|MYH3|MYH8|MYO1C|MYO5A|MYO6
 REACT:R-HSA-5625900	RHO GTPases activate CIT	9.45158971644e-07	0.000372235	MYH11|MYH14|MYH9
 REACT:R-HSA-5627117	RHO GTPases Activate ROCKs	9.45158971644e-07	0.000372235	MYH11|MYH14|MYH9
 REACT:R-HSA-2029482	Regulation of actin dynamics for phagocytic cup formation	1.16764597935e-06	0.000394164	MYH2|MYH9|MYO1C|MYO5A
 REACT:R-HSA-5627123	RHO GTPases activate PAKs	2.45110657704e-06	0.000723996	MYH11|MYH14|MYH9
 REACT:R-HSA-416572	Sema4D induced cell migration and growth-cone collapse	2.79930144298e-06	0.000734972	MYH11|MYH14|MYH9
 REACT:R-HSA-2029480	Fcgamma receptor (FCGR) dependent phagocytosis	3.98465758e-06	0.000867171	MYH2|MYH9|MYO1C|MYO5A
 REACT:R-HSA-400685	Sema4D in semaphorin signaling	4.03676932337e-06	0.000867171	MYH11|MYH14|MYH9
 REACT:R-HSA-3928663	EPHA-mediated growth cone collapse	8.21744473234e-06	0.00161815	MYH11|MYH14|MYH9
 REACT:R-HSA-373755	Semaphorin interactions	6.71726004182e-05	0.0122099	MYH11|MYH14|MYH9
 REACT:R-HSA-5625740	RHO GTPases activate PKNs	0.000170855848216	0.0286685	MYH11|MYH14|MYH9
 REACT:R-HSA-2682334	EPH-Ephrin signaling	0.000181983555403	0.0286685	MYH11|MYH14|MYH9
