 KEGG:hsa_M00415	"Fatty acid biosynthesis elongation endoplasmic reticulum"	4.88997000669e-08	0.00011555	ELOVL1|ELOVL3|ELOVL4|ELOVL7
 KEGG:hsa04740	Olfactory transduction	2.67788234143e-07	0.000259829	OR10G3|OR10H5|OR3A3|OR4A16|OR4D10|OR8D1|OR9A2|SLC8A1|SLC8A2|SLC8A3
 REACT:R-HSA-373076	Class A/1 (Rhodopsin-like receptors)	3.29872194893e-07	0.000259829	ANXA1|AVPR2|CCR2|CCR5|CX3CR1|GPR31|GRP|HRH4|PTGER1
 REACT:R-HSA-372790	Signaling by GPCR	4.47840742268e-07	0.000264562	ANXA1|AVPR2|CCR2|CCR5|CX3CR1|GPR31|GRP|HRH4|OR10G3|OR10H5|OR3A3|OR4A16|OR4D10|OR8D1|OR9A2|PTGER1
 REACT:R-HSA-388396	GPCR downstream signaling	5.8143574333e-07	0.000274787	ANXA1|AVPR2|CCR2|CCR5|GRP|HRH4|OR10G3|OR10H5|OR3A3|OR4A16|OR4D10|OR8D1|OR9A2|PTGER1
 KEGG:hsa00062	Fatty acid elongation	8.43232119796e-07	0.000332093	ELOVL1|ELOVL3|ELOVL4|ELOVL7
 REACT:R-HSA-75876	Synthesis of very long-chain fatty acyl-CoAs	1.35610406671e-06	0.000457782	ELOVL1|ELOVL3|ELOVL4|ELOVL7
 REACT:R-HSA-500792	GPCR ligand binding	5.71500717572e-06	0.00168807	ANXA1|AVPR2|CCR2|CCR5|CX3CR1|GPR31|GRP|HRH4|PTGER1
 REACT:R-HSA-425561	Sodium/Calcium exchangers	7.07147805823e-06	0.00185666	SLC8A1|SLC8A2|SLC8A3
 REACT:R-HSA-418359	Reduction of cytosolic Ca++ levels	8.98140207861e-06	0.00212231	SLC8A1|SLC8A2|SLC8A3
 REACT:R-HSA-375276	Peptide ligand-binding receptors	1.84737817566e-05	0.0039012	ANXA1|AVPR2|CCR2|CCR5|CX3CR1|GRP
 REACT:R-HSA-75105	Fatty Acyl-CoA Biosynthesis	1.98114335038e-05	0.0039012	ELOVL1|ELOVL3|ELOVL4|ELOVL7
 REACT:R-HSA-162582	Signal Transduction	3.7737507088e-05	0.00685952	ANXA1|APH1B|AVPR2|CCR2|CCR5|CX3CR1|GPR31|GRP|HRH4|NR3C1|OR10G3|OR10H5|OR3A3|OR4A16|OR4D10|OR8D1|OR9A2|PTGER1|RBP1
 KEGG:hsa_M00154	Cytochrome c oxidase	4.89168271085e-05	0.00825646	COX7A1|COX7A2|COX7A2L
 KEGG:hsa04260	Cardiac muscle contraction	8.48831863224e-05	0.0133719	COX7A1|COX7A2|COX7A2L|SLC8A1
 REACT:R-HSA-75109	Triglyceride Biosynthesis	9.83716300319e-05	0.0145283	ELOVL1|ELOVL3|ELOVL4|ELOVL7
 REACT:R-HSA-418360	Platelet calcium homeostasis	0.000107073904761	0.0148833	SLC8A1|SLC8A2|SLC8A3
 REACT:R-HSA-381753	Olfactory Signaling Pathway	0.000262679649597	0.034484	OR10G3|OR10H5|OR3A3|OR4A16|OR4D10|OR8D1|OR9A2
 REACT:R-HSA-2046105	Linoleic acid (LA) metabolism	0.000392808124839	0.0469961	ELOVL1|ELOVL3
 REACT:R-HSA-380108	Chemokine receptors bind chemokines	0.000397766412137	0.0469961	CCR2|CCR5|CX3CR1
