 REACT:R-HSA-372790	Signaling by GPCR	0.0	0	ADORA3|AGTR1|ANXA1|AVPR2|CCR2|CCR5|CSF2RA|CX3CR1|GNB4|GPR132|GPR31|GRP|HRH4|KALRN|MC1R|MC3R|MC4R|OR10G3|OR10G4|OR10G7|OR10G8|OR10G9|OR10H1|OR10H3|OR10H4|OR10H5|OR10J1|OR10J3|OR10J5|OR10S1|OR10T2|OR11A1|OR11L1|OR12D3|OR14A16|OR14I1|OR14J1|OR1A1|OR1A2|OR1C1|OR1D2|OR1D5|OR1E1|OR1E2|OR1F1|OR1J1|OR1J4|OR1K1|OR1L1|OR1L4|OR1M1|OR1N1|OR1S2|OR2A12|OR2A14|OR2A2|OR2B6|OR2D3|OR2G3|OR2G6|OR2S2|OR2T10|OR2T12|OR2T2|OR2T33|OR2T35|OR2V2|OR2W3|OR3A3|OR4A16|OR4B1|OR4C12|OR4C3|OR4D1|OR4D10|OR4D9|OR4F17|OR4K15|OR4K2|OR4K5|OR4L1|OR4M1|OR4N5|OR4S1|OR4X2|OR52E2|OR52M1|OR52W1|OR56A3|OR5A2|OR5AK2|OR5AP2|OR5AS1|OR5B12|OR5D13|OR5D14|OR5H6|OR5I1|OR5M9|OR5R1|OR6C3|OR6C4|OR6C6|OR6C70|OR6S1|OR6V1|OR6X1|OR7A10|OR7A5|OR7C1|OR7C2|OR7D2|OR7D4|OR8D1|OR8G1|OR8G5|OR8H1|OR9A2|OR9A4|PPP2R1A|PPP2R1B|PTGER1|PTGER3|TBXA2R
 REACT:R-HSA-388396	GPCR downstream signaling	2.46025422257e-12	2.90679e-09	ADORA3|AGTR1|ANXA1|AVPR2|CCR2|CCR5|CSF2RA|GNB4|GPR132|GRP|HRH4|KALRN|MC1R|MC3R|MC4R|OR10G3|OR10G4|OR10G7|OR10G8|OR10G9|OR10H1|OR10H3|OR10H4|OR10H5|OR10J1|OR10J3|OR10J5|OR10S1|OR10T2|OR11A1|OR11L1|OR12D3|OR14A16|OR14I1|OR14J1|OR1A1|OR1A2|OR1C1|OR1D2|OR1D5|OR1E1|OR1E2|OR1F1|OR1J1|OR1J4|OR1K1|OR1L1|OR1L4|OR1M1|OR1N1|OR1S2|OR2A12|OR2A14|OR2A2|OR2B6|OR2D3|OR2G3|OR2G6|OR2S2|OR2T10|OR2T12|OR2T2|OR2T33|OR2T35|OR2V2|OR2W3|OR3A3|OR4A16|OR4B1|OR4C12|OR4C3|OR4D1|OR4D10|OR4D9|OR4F17|OR4K15|OR4K2|OR4K5|OR4L1|OR4M1|OR4N5|OR4S1|OR4X2|OR52E2|OR52M1|OR52W1|OR56A3|OR5A2|OR5AK2|OR5AP2|OR5AS1|OR5B12|OR5D13|OR5D14|OR5H6|OR5I1|OR5M9|OR5R1|OR6C3|OR6C4|OR6C6|OR6C70|OR6S1|OR6V1|OR6X1|OR7A10|OR7A5|OR7C1|OR7C2|OR7D2|OR7D4|OR8D1|OR8G1|OR8G5|OR8H1|OR9A2|OR9A4|PTGER1|PTGER3|TBXA2R
 KEGG:hsa04740	Olfactory transduction	8.94750940006e-12	6.7613e-09	OR10G3|OR10G4|OR10G7|OR10G8|OR10G9|OR10H1|OR10H3|OR10H4|OR10H5|OR10J1|OR10J3|OR10J5|OR10S1|OR10T2|OR11A1|OR11L1|OR12D3|OR14A16|OR14I1|OR14J1|OR1A1|OR1A2|OR1C1|OR1D2|OR1D5|OR1E1|OR1E2|OR1F1|OR1J1|OR1J4|OR1K1|OR1L1|OR1L4|OR1M1|OR1N1|OR1S2|OR2A12|OR2A14|OR2A2|OR2B6|OR2D3|OR2G3|OR2G6|OR2S2|OR2T10|OR2T12|OR2T2|OR2T33|OR2V2|OR2W3|OR3A3|OR4A16|OR4B1|OR4C12|OR4C3|OR4D1|OR4D10|OR4D9|OR4F17|OR4K15|OR4K2|OR4K5|OR4L1|OR4M1|OR4N5|OR4S1|OR4X2|OR52E2|OR52M1|OR52W1|OR56A3|OR5A2|OR5AK2|OR5AP2|OR5AS1|OR5B12|OR5D13|OR5D14|OR5H6|OR5I1|OR5M9|OR5R1|OR6C3|OR6C4|OR6C6|OR6C70|OR6S1|OR6V1|OR6X1|OR7A10|OR7A5|OR7C1|OR7C2|OR7D2|OR7D4|OR8D1|OR8G1|OR8G5|OR8H1|OR9A2|OR9A4|SLC8A1|SLC8A2|SLC8A3
 REACT:R-HSA-162582	Signal Transduction	1.14452891609e-11	6.7613e-09	ADORA3|AGTR1|ANXA1|APH1A|APH1B|AR|AVPR2|BTRC|CCR2|CCR5|CRABP1|CRABP2|CSF2RA|CX3CR1|FABP5|GNB4|GPR132|GPR31|GRP|HRH4|KALRN|LRAT|MC1R|MC3R|MC4R|NR3C1|NUP107|NUP43|OR10G3|OR10G4|OR10G7|OR10G8|OR10G9|OR10H1|OR10H3|OR10H4|OR10H5|OR10J1|OR10J3|OR10J5|OR10S1|OR10T2|OR11A1|OR11L1|OR12D3|OR14A16|OR14I1|OR14J1|OR1A1|OR1A2|OR1C1|OR1D2|OR1D5|OR1E1|OR1E2|OR1F1|OR1J1|OR1J4|OR1K1|OR1L1|OR1L4|OR1M1|OR1N1|OR1S2|OR2A12|OR2A14|OR2A2|OR2B6|OR2D3|OR2G3|OR2G6|OR2S2|OR2T10|OR2T12|OR2T2|OR2T33|OR2T35|OR2V2|OR2W3|OR3A3|OR4A16|OR4B1|OR4C12|OR4C3|OR4D1|OR4D10|OR4D9|OR4F17|OR4K15|OR4K2|OR4K5|OR4L1|OR4M1|OR4N5|OR4S1|OR4X2|OR52E2|OR52M1|OR52W1|OR56A3|OR5A2|OR5AK2|OR5AP2|OR5AS1|OR5B12|OR5D13|OR5D14|OR5H6|OR5I1|OR5M9|OR5R1|OR6C3|OR6C4|OR6C6|OR6C70|OR6S1|OR6V1|OR6X1|OR7A10|OR7A5|OR7C1|OR7C2|OR7D2|OR7D4|OR8D1|OR8G1|OR8G5|OR8H1|OR9A2|OR9A4|PAFAH1B1|PGR|PIK3AP1|PPP2R1A|PPP2R1B|PSEN2|PTGER1|PTGER3|RBBP5|RBP1|RBP2|RBP3|RBP4|RDH11|RDH12|RDH13|RDH14|RDH8|RLBP1|RPTOR|TBXA2R|TLE4
 REACT:R-HSA-381753	Olfactory Signaling Pathway	1.43460798796e-11	6.77996e-09	OR10G3|OR10G4|OR10G7|OR10G8|OR10G9|OR10H1|OR10H3|OR10H4|OR10H5|OR10J1|OR10J3|OR10J5|OR10S1|OR10T2|OR11A1|OR11L1|OR12D3|OR14A16|OR14I1|OR14J1|OR1A1|OR1A2|OR1C1|OR1D2|OR1D5|OR1E1|OR1E2|OR1F1|OR1J1|OR1J4|OR1K1|OR1L1|OR1L4|OR1M1|OR1N1|OR1S2|OR2A12|OR2A14|OR2A2|OR2B6|OR2D3|OR2G3|OR2G6|OR2S2|OR2T10|OR2T12|OR2T2|OR2T33|OR2T35|OR2V2|OR2W3|OR3A3|OR4A16|OR4B1|OR4C12|OR4C3|OR4D1|OR4D10|OR4D9|OR4F17|OR4K15|OR4K2|OR4K5|OR4L1|OR4M1|OR4N5|OR4S1|OR4X2|OR52E2|OR52M1|OR52W1|OR56A3|OR5A2|OR5AK2|OR5AP2|OR5AS1|OR5B12|OR5D13|OR5D14|OR5H6|OR5I1|OR5M9|OR5R1|OR6C3|OR6C4|OR6C6|OR6C70|OR6S1|OR6V1|OR6X1|OR7A10|OR7A5|OR7C1|OR7C2|OR7D2|OR7D4|OR8D1|OR8G1|OR8G5|OR8H1|OR9A2|OR9A4
 REACT:R-HSA-163560	Hormone-sensitive lipase (HSL)-mediated triacylglycerol hydrolysis	3.17265724803e-09	1.2495e-06	FABP1|FABP2|FABP3|FABP4|FABP5|FABP6|FABP7|FABP9
 REACT:R-HSA-2453902	The canonical retinoid cycle in rods (twilight vision)	1.16627825175e-08	3.93702e-06	LRAT|RBP1|RBP3|RBP4|RDH11|RDH12|RDH8|RLBP1
 REACT:R-HSA-383280	Nuclear Receptor transcription pathway	7.59914646764e-08	2.2446e-05	AR|NR0B1|NR1I2|NR1I3|NR2C1|NR3C1|NR3C2|NR4A3|PGR|VDR
 KEGG:hsa_M00415	"Fatty acid biosynthesis elongation endoplasmic reticulum"	4.19231551851e-06	0.00110072	ELOVL1|ELOVL3|ELOVL4|ELOVL7|TECR
 REACT:R-HSA-75876	Synthesis of very long-chain fatty acyl-CoAs	1.95130427395e-05	0.00461093	ELOVL1|ELOVL3|ELOVL4|ELOVL7|TECR|TECRL
 KEGG:hsa00062	Fatty acid elongation	0.000141089585558	0.0303086	ELOVL1|ELOVL3|ELOVL4|ELOVL7|TECR
 REACT:R-HSA-194068	Bile acid and bile salt metabolism	0.000243285090582	0.0418827	FABP6|HSD3B7|OSBPL3|OSBPL6|OSBPL7|OSBPL9
 REACT:R-HSA-5362517	Signaling by Retinoic Acid	0.000243285090582	0.0418827	CRABP1|CRABP2|FABP5|RDH11|RDH13|RDH14
 REACT:R-HSA-2187338	Visual phototransduction	0.000248141219257	0.0418827	LRAT|RBP1|RBP2|RBP3|RBP4|RDH11|RDH12|RDH8|RLBP1
