 REACT:R-HSA-2565942	Regulation of PLK1 Activity at G2/M Transition	5.88526199574e-06	0.0108117	BTRC|FBXW11|NEDD1|PAFAH1B1|PPP2R1A
 REACT:R-HSA-69275	G2/M Transition	1.28970026351e-05	0.0108117	BTRC|FBXW11|NEDD1|PAFAH1B1|PPP2R1A|PPP2R1B
 REACT:R-HSA-453274	Mitotic G2-G2/M phases	1.37262879211e-05	0.0108117	BTRC|FBXW11|NEDD1|PAFAH1B1|PPP2R1A|PPP2R1B
 REACT:R-HSA-450294	MAP kinase activation in TLR cascade	3.46504369603e-05	0.0193201	BTRC|FBXW11|PPP2R1A|PPP2R1B
 KEGG:hsa04390	Hippo signaling pathway	7.91818836287e-05	0.0193201	BTRC|FBXW11|LLGL2|PPP2R1A|PPP2R1B
 KEGG:hsa_M00380	SCF-BTRC complex	8.3102218738e-05	0.0193201	BTRC|FBXW11
 REACT:R-HSA-69278	"Cell Cycle Mitotic"	9.27295260581e-05	0.0193201	BTRC|FBXW11|FZR1|NEDD1|NUP43|PAFAH1B1|PPP2R1A|PPP2R1B
 REACT:R-HSA-195253	Degradation of beta-catenin by the destruction complex	9.63473023621e-05	0.0193201	BTRC|PPP2R1A|PPP2R1B|TLE4
 REACT:R-HSA-168142	Toll Like Receptor 10 (TLR10) Cascade	0.000100955367738	0.0193201	BTRC|FBXW11|PPP2R1A|PPP2R1B
 REACT:R-HSA-168176	Toll Like Receptor 5 (TLR5) Cascade	0.000100955367738	0.0193201	BTRC|FBXW11|PPP2R1A|PPP2R1B
 REACT:R-HSA-975871	MyD88 cascade initiated on plasma membrane	0.000100955367738	0.0193201	BTRC|FBXW11|PPP2R1A|PPP2R1B
 REACT:R-HSA-975138	TRAF6 mediated induction of NFkB and MAP kinases upon TLR7/8 or 9 activation	0.000137826798213	0.0193201	BTRC|FBXW11|PPP2R1A|PPP2R1B
 REACT:R-HSA-168181	Toll Like Receptor 7/8 (TLR7/8) Cascade	0.000149945377665	0.0193201	BTRC|FBXW11|PPP2R1A|PPP2R1B
 REACT:R-HSA-975155	MyD88 dependent cascade initiated on endosome	0.000149945377665	0.0193201	BTRC|FBXW11|PPP2R1A|PPP2R1B
 REACT:R-HSA-166058	MyD88:Mal cascade initiated on plasma membrane	0.000162817845281	0.0193201	BTRC|FBXW11|PPP2R1A|PPP2R1B
 REACT:R-HSA-168179	Toll Like Receptor TLR1:TLR2 Cascade	0.000162817845281	0.0193201	BTRC|FBXW11|PPP2R1A|PPP2R1B
 REACT:R-HSA-168188	Toll Like Receptor TLR6:TLR2 Cascade	0.000162817845281	0.0193201	BTRC|FBXW11|PPP2R1A|PPP2R1B
 REACT:R-HSA-181438	Toll Like Receptor 2 (TLR2) Cascade	0.000162817845281	0.0193201	BTRC|FBXW11|PPP2R1A|PPP2R1B
 REACT:R-HSA-163767	PP2A-mediated dephosphorylation of key metabolic factors	0.000173872907957	0.0193201	PPP2R1A|PPP2R1B
 REACT:R-HSA-168138	Toll Like Receptor 9 (TLR9) Cascade	0.000176471899201	0.0193201	BTRC|FBXW11|PPP2R1A|PPP2R1B
 REACT:R-HSA-166166	MyD88-independent TLR3/TLR4 cascade	0.000190935614817	0.0193201	BTRC|FBXW11|PPP2R1A|PPP2R1B
 REACT:R-HSA-168164	Toll Like Receptor 3 (TLR3) Cascade	0.000190935614817	0.0193201	BTRC|FBXW11|PPP2R1A|PPP2R1B
 REACT:R-HSA-937061	TRIF-mediated TLR3/TLR4 signaling	0.000190935614817	0.0193201	BTRC|FBXW11|PPP2R1A|PPP2R1B
 REACT:R-HSA-156590	Glutathione conjugation	0.000196225814269	0.0193201	GSTA4|GSTM3|GSTM5
 REACT:R-HSA-2500257	Resolution of Sister Chromatid Cohesion	0.000222405072738	0.0210217	NUP43|PAFAH1B1|PPP2R1A|PPP2R1B
 REACT:R-HSA-3769402	Deactivation of the beta-catenin transactivating complex	0.00026286135398	0.0238901	BTRC|RBBP5|TLE4
 REACT:R-HSA-68877	Mitotic Prometaphase	0.000296318806658	0.0259334	NUP43|PAFAH1B1|PPP2R1A|PPP2R1B
 REACT:R-HSA-166054	Activated TLR4 signalling	0.000339231822656	0.0277956	BTRC|FBXW11|PPP2R1A|PPP2R1B
 REACT:R-HSA-1640170	Cell Cycle	0.000341122534343	0.0277956	BTRC|FBXW11|FZR1|NEDD1|NUP43|PAFAH1B1|PPP2R1A|PPP2R1B
 REACT:R-HSA-5663220	RHO GTPases Activate Formins	0.000362281522452	0.0282441	NUP43|PAFAH1B1|PPP2R1A|PPP2R1B
 REACT:R-HSA-2465910	MASTL Facilitates Mitotic Progression	0.000370532548798	0.0282441	PPP2R1A|PPP2R1B
 REACT:R-HSA-195721	Signaling by Wnt	0.00038459820428	0.0284002	BTRC|GNB4|PPP2R1A|PPP2R1B|RBBP5|TLE4
 KEGG:hsa04114	Oocyte meiosis	0.000451835055123	0.0323541	BTRC|FBXW11|PPP2R1A|PPP2R1B
 REACT:R-HSA-166016	Toll Like Receptor 4 (TLR4) Cascade	0.000480084633669	0.0333659	BTRC|FBXW11|PPP2R1A|PPP2R1B
 KEGG:hsa00480	Glutathione metabolism	0.00051680902129	0.034892	GSTA4|GSTM3|GSTM5
 REACT:R-HSA-201681	TCF dependent signaling in response to WNT	0.000599347009452	0.0393405	BTRC|PPP2R1A|PPP2R1B|RBBP5|TLE4
 REACT:R-HSA-113501	Inhibition of replication initiation of damaged DNA by RB1/E2F1	0.000638720489823	0.0397183	PPP2R1A|PPP2R1B
 REACT:R-HSA-202670	ERKs are inactivated	0.000638720489823	0.0397183	PPP2R1A|PPP2R1B
 REACT:R-HSA-4839735	"AXIN mutants destabilize the destruction complex activating WNT signaling"	0.000743804312995	0.0399457	PPP2R1A|PPP2R1B
 REACT:R-HSA-4839744	truncated APC mutants destabilize the destruction complex	0.000743804312995	0.0399457	PPP2R1A|PPP2R1B
 REACT:R-HSA-4839748	AMER1 mutants destabilize the destruction complex	0.000743804312995	0.0399457	PPP2R1A|PPP2R1B
 REACT:R-HSA-5467337	APC truncation mutants have impaired AXIN binding	0.000743804312995	0.0399457	PPP2R1A|PPP2R1B
 REACT:R-HSA-5467340	AXIN missense mutants destabilize the destruction complex	0.000743804312995	0.0399457	PPP2R1A|PPP2R1B
 REACT:R-HSA-5467348	Truncations of AMER1 destabilize the destruction complex	0.000743804312995	0.0399457	PPP2R1A|PPP2R1B
 REACT:R-HSA-4839743	phosphorylation site mutants of CTNNB1 are not targeted to the proteasome by the destruction complex	0.000856658641676	0.0404857	PPP2R1A|PPP2R1B
 REACT:R-HSA-5339716	Misspliced GSK3beta mutants stabilize beta-catenin	0.000856658641676	0.0404857	PPP2R1A|PPP2R1B
 REACT:R-HSA-5358747	S33 mutants of beta-catenin aren't phosphorylated	0.000856658641676	0.0404857	PPP2R1A|PPP2R1B
 REACT:R-HSA-5358749	S37 mutants of beta-catenin aren't phosphorylated	0.000856658641676	0.0404857	PPP2R1A|PPP2R1B
 REACT:R-HSA-5358751	S45 mutants of beta-catenin aren't phosphorylated	0.000856658641676	0.0404857	PPP2R1A|PPP2R1B
 REACT:R-HSA-5358752	T41 mutants of beta-catenin aren't phosphorylated	0.000856658641676	0.0404857	PPP2R1A|PPP2R1B
 REACT:R-HSA-5684264	MAP3K8 (TPL2)-dependent MAPK1/3 activation	0.000977239643289	0.0452394	BTRC|FBXW11
 REACT:R-HSA-168898	Toll-Like Receptors Cascades	0.000995533843266	0.0452394	BTRC|FBXW11|PPP2R1A|PPP2R1B
 KEGG:hsa00982	Drug metabolism - cytochrome P450	0.00105938665087	0.0472327	GSTA4|GSTM3|GSTM5
 REACT:R-HSA-196299	Beta-catenin phosphorylation cascade	0.00110550371132	0.0474965	PPP2R1A|PPP2R1B
 REACT:R-HSA-432142	Platelet sensitization by LDL	0.00110550371132	0.0474965	PPP2R1A|PPP2R1B
 REACT:R-HSA-380259	Loss of Nlp from mitotic centrosomes	0.00119868527782	0.0488361	NEDD1|PAFAH1B1|PPP2R1A
 REACT:R-HSA-380284	Loss of proteins required for interphase microtubule organization from the centrosome	0.00119868527782	0.0488361	NEDD1|PAFAH1B1|PPP2R1A
 REACT:R-HSA-388841	Costimulation by the CD28 family	0.00119868527782	0.0488361	CD3E|PPP2R1A|PPP2R1B
 KEGG:hsa00980	Metabolism of xenobiotics by cytochrome P450	0.0012475605957	0.0491331	GSTA4|GSTM3|GSTM5
 KEGG:hsa01524	Platinum drug resistance	0.0012475605957	0.0491331	GSTA4|GSTM3|GSTM5
