 REACT:R-HSA-2453902	The canonical retinoid cycle in rods (twilight vision)	0.0	0	LRAT|RBP1|RBP3|RBP4|RDH11|RDH12|RDH8|RLBP1
 REACT:R-HSA-383280	Nuclear Receptor transcription pathway	4.28632018767e-10	5.06429e-07	AR|NR0B1|NR1I3|NR3C1|NR3C2|NR4A3|PGR|VDR
 KEGG:hsa_M00415	"Fatty acid biosynthesis elongation endoplasmic reticulum"	6.88351953215e-09	5.42192e-06	ELOVL1|ELOVL3|ELOVL4|ELOVL7|TECR
 REACT:R-HSA-75876	Synthesis of very long-chain fatty acyl-CoAs	1.01219438386e-08	5.97954e-06	ELOVL1|ELOVL3|ELOVL4|ELOVL7|TECR|TECRL
 REACT:R-HSA-2187338	Visual phototransduction	1.0738980849e-07	5.07524e-05	LRAT|RBP1|RBP3|RBP4|RDH11|RDH12|RDH8|RLBP1
 KEGG:hsa00062	Fatty acid elongation	2.69719688251e-07	0.000106225	ELOVL1|ELOVL3|ELOVL4|ELOVL7|TECR
 REACT:R-HSA-75105	Fatty Acyl-CoA Biosynthesis	6.17668580394e-07	0.000208507	ELOVL1|ELOVL3|ELOVL4|ELOVL7|TECR|TECRL
 REACT:R-HSA-75109	Triglyceride Biosynthesis	6.8701243503e-06	0.00202926	ELOVL1|ELOVL3|ELOVL4|ELOVL7|TECR|TECRL
 REACT:R-HSA-556833	Metabolism of lipids and lipoproteins	1.14198301229e-05	0.00299834	CYP11B1|ELOVL1|ELOVL3|ELOVL4|ELOVL7|OSBPL3|OSBPL5|OSBPL6|OSBPL8|OSBPL9|PTGR2|SRD5A1|SRD5A2|TECR|TECRL|TMEM86B
 REACT:R-HSA-2453864	Retinoid cycle disease events	1.5138553191e-05	0.00325204	RBP1|RBP4|RLBP1
 REACT:R-HSA-2474795	Diseases associated with visual transduction	1.5138553191e-05	0.00325204	RBP1|RBP4|RLBP1
 KEGG:hsa00830	Retinol metabolism	3.50803346177e-05	0.0069079	LRAT|RDH11|RDH12|RDH8|RETSAT
 REACT:R-HSA-425561	Sodium/Calcium exchangers	5.06956376687e-05	0.00921491	SLC8A1|SLC8A2|SLC8A3
 REACT:R-HSA-418359	Reduction of cytosolic Ca++ levels	6.42549397208e-05	0.0108453	SLC8A1|SLC8A2|SLC8A3
 REACT:R-HSA-975634	Retinoid metabolism and transport	0.000116430555874	0.0183417	LRAT|RBP1|RBP4|RDH11
 REACT:R-HSA-6806667	Metabolism of fat-soluble vitamins	0.000241532528278	0.0356713	LRAT|RBP1|RBP4|RDH11
 REACT:R-HSA-5365859	RA biosynthesis pathway	0.000301194445344	0.041866	RDH11|RDH13|RDH14
 KEGG:hsa_M00154	Cytochrome c oxidase	0.000342802078329	0.0450023	COX7A1|COX7A2|COX7A2L
 REACT:R-HSA-1251985	Nuclear signaling by ERBB4	0.000387940972675	0.0482476	APH1A|APH1B|PGR
