 REACT:R-HSA-198933	Immunoregulatory interactions between a Lymphoid and a non-Lymphoid cell	4.7856489549e-08	0.000113085	CD19|CD22|FCGR2B|FCGR3A|ICAM1|ICAM3|ICAM4|KIR2DL1|KIR2DS1|LILRA1|LILRA3|SIGLEC1
 REACT:R-HSA-3656225	Defective CHST6 causes MCDC1	6.36696696921e-07	0.000376129	FMOD|OGN|OMD|PRELP
 REACT:R-HSA-3656243	Defective ST3GAL3 causes MCT12 and EIEE15	6.36696696921e-07	0.000376129	FMOD|OGN|OMD|PRELP
 REACT:R-HSA-3656244	Defective B4GALT1 causes B4GALT1-CDG (CDG-2d)	6.36696696921e-07	0.000376129	FMOD|OGN|OMD|PRELP
 REACT:R-HSA-1280218	Adaptive Immune System	8.85634787062e-07	0.00037977	BTLA|BTRC|CD19|CD22|CD4|FBXL13|FBXL4|FBXL5|FBXW11|FCGR1B|FCGR2B|FCGR3A|FZR1|ICAM1|ICAM3|ICAM4|KIR2DL1|KIR2DS1|LILRA1|LILRA3|NRG1|PPP2R1A|PPP2R1B|SEC31A|SIGLEC1|SKP2|TLR2
 KEGG:hsa04514	Cell adhesion molecules (CAMs)	9.64291347549e-07	0.00037977	CD2|CD22|CD276|CD4|CD58|ESAM|ICAM1|ICAM3|LRRC4|MAG|SIGLEC1
 REACT:R-HSA-2022857	Keratan sulfate degradation	8.59942506015e-06	0.00290292	FMOD|OGN|OMD|PRELP
 REACT:R-HSA-3560782	Diseases associated with glycosaminoglycan metabolism	1.15645492715e-05	0.00318248	DCN|FMOD|OGN|OMD|PRELP
 REACT:R-HSA-168256	Immune System	1.21211808107e-05	0.00318248	BTLA|BTRC|CCR2|CCR5|CD19|CD22|CD4|CD58|DEFB119|FBXL13|FBXL4|FBXL5|FBXW11|FCAR|FCGR1B|FCGR2A|FCGR2B|FCGR2C|FCGR3A|FGA|FZR1|ICAM1|ICAM3|ICAM4|IL1R2|IL1RAP|IL1RL1|IL34|ITLN1|KIR2DL1|KIR2DS1|KIR2DS4|KIR2DS5|LILRA1|LILRA3|MEF2C|NRG1|NUP43|PPP2R1A|PPP2R1B|SEC31A|SIGLEC1|SKP2|STK11IP|TLR10|TLR2
 KEGG:hsa05150	Staphylococcus aureus infection	4.4079754691e-05	0.010416	FCAR|FCGR2A|FCGR2B|FCGR2C|FCGR3A|ICAM1
 KEGG:hsa04640	Hematopoietic cell lineage	0.000137522504881	0.0295423	CD19|CD2|CD22|CD4|GP1BB|GP9|IL1R2
 REACT:R-HSA-2465910	MASTL Facilitates Mitotic Progression	0.000182563972866	0.0359499	ENSA|PPP2R1A|PPP2R1B
 REACT:R-HSA-202733	Cell surface interactions at the vascular wall	0.000276098545167	0.0483797	BSG|CD2|CD58|CD84|ESAM|MAG|PSG11|PSG8
 KEGG:hsa04612	Antigen processing and presentation	0.000291491315254	0.0483797	CD4|KIR2DL1|KIR2DS1|KIR2DS4|KIR2DS5|KIR3DL3
 REACT:R-HSA-2022854	Keratan sulfate biosynthesis	0.000307107611684	0.0483797	FMOD|OGN|OMD|PRELP
 REACT:R-HSA-375170	CDO in myogenesis	0.000352998206993	0.0490668	MEF2C|NTN3|TCF12|TCF4
 REACT:R-HSA-525793	Myogenesis	0.000352998206993	0.0490668	MEF2C|NTN3|TCF12|TCF4
