 KEGG:hsa05230	Central carbon metabolism in cancer	0.0	0	EGFR|ERBB2|FGFR1|FGFR2|FGFR3|FLT3|KIT|MET|NTRK1|NTRK3|RET
 REACT:R-HSA-194138	Signaling by VEGF	0.0	0	AXL|BCAR1|EGFR|ERBB2|ERBB3|ERBB4|FGFR1|FGFR2|FGFR3|FLT1|KDR|KIT|MET|PTK2|PTK2B|RET|TEK
 REACT:R-HSA-4420097	VEGFA-VEGFR2 Pathway	0.0	0	AXL|BCAR1|EGFR|ERBB2|ERBB3|ERBB4|FGFR1|FGFR2|FGFR3|KDR|KIT|MET|PTK2|PTK2B|RET|TEK
 REACT:R-HSA-2219530	Constitutive Signaling by Aberrant PI3K in Cancer	7.069234087e-12	4.17615e-09	EGFR|ERBB2|ERBB3|ERBB4|FGFR1|FGFR2|FGFR3|KIT|MET
 REACT:R-HSA-449147	Signaling by Interleukins	1.01575414746e-11	4.80045e-09	EGFR|ERBB2|ERBB3|ERBB4|FGFR1|FGFR2|FGFR3|FLT3|IRAK1|IRAK3|IRAK4|KIT|MAP3K7|MET|PTK2|PTK2B|RET|TEK
 REACT:R-HSA-170968	Frs2-mediated activation	1.09553588423e-10	3.17451e-08	EGFR|ERBB2|ERBB3|ERBB4|FGFR1|FGFR2|FGFR3|KIT|MET|NTRK1|PTK2|RET|TEK
 REACT:R-HSA-170984	ARMS-mediated activation	1.11055054042e-10	3.17451e-08	EGFR|ERBB2|ERBB3|ERBB4|FGFR1|FGFR2|FGFR3|KIT|MET|NTRK1|PTK2|RET|TEK
 REACT:R-HSA-187706	Signalling to p38 via RIT and RIN	1.11055054042e-10	3.17451e-08	EGFR|ERBB2|ERBB3|ERBB4|FGFR1|FGFR2|FGFR3|KIT|MET|NTRK1|PTK2|RET|TEK
 REACT:R-HSA-1280215	Cytokine Signaling in Immune system	1.27002852679e-10	3.17451e-08	EGFR|ERBB2|ERBB3|ERBB4|FGFR1|FGFR2|FGFR3|FLT3|IRAK1|IRAK3|IRAK4|ISG20|KIT|MAP3K7|MET|OAS2|PTK2|PTK2B|RET|TEK
 REACT:R-HSA-169893	Prolonged ERK activation events	1.3434231505e-10	3.17451e-08	EGFR|ERBB2|ERBB3|ERBB4|FGFR1|FGFR2|FGFR3|KIT|MET|NTRK1|PTK2|RET|TEK
 REACT:R-HSA-167044	Signalling to RAS	1.53770551847e-10	3.30327e-08	EGFR|ERBB2|ERBB3|ERBB4|FGFR1|FGFR2|FGFR3|KIT|MET|NTRK1|PTK2|RET|TEK
 REACT:R-HSA-5218921	VEGFR2 mediated cell proliferation	1.78148940044e-10	3.50805e-08	EGFR|ERBB2|ERBB3|ERBB4|FGFR1|FGFR2|FGFR3|KDR|KIT|MET|PTK2|RET|TEK
 REACT:R-HSA-451927	Interleukin-2 signaling	2.18081996906e-10	3.96406e-08	EGFR|ERBB2|ERBB3|ERBB4|FGFR1|FGFR2|FGFR3|KIT|MET|PTK2|PTK2B|RET|TEK
 REACT:R-HSA-187687	Signalling to ERKs	2.56918153418e-10	4.09092e-08	EGFR|ERBB2|ERBB3|ERBB4|FGFR1|FGFR2|FGFR3|KIT|MET|NTRK1|PTK2|RET|TEK
 REACT:R-HSA-6811558	"PI5P PP2A and IER3 Regulate PI3K/AKT Signaling"	2.59685717374e-10	4.09092e-08	EGFR|ERBB2|ERBB3|ERBB4|FGFR1|FGFR2|FGFR3|KIT|MET
 REACT:R-HSA-2219528	PI3K/AKT Signaling in Cancer	3.4849323427e-10	5.14681e-08	EGFR|ERBB2|ERBB3|ERBB4|FGFR1|FGFR2|FGFR3|KIT|MET
 REACT:R-HSA-422475	Axon guidance	4.05867672804e-10	5.60503e-08	EGFR|EPHA3|ERBB2|ERBB3|ERBB4|FES|FGFR1|FGFR2|FGFR3|KALRN|KDR|KIT|LIMK2|MET|PTK2|RET|TEK
 REACT:R-HSA-198203	PI3K/AKT activation	4.26959467781e-10	5.60503e-08	EGFR|ERBB2|ERBB3|ERBB4|FGFR1|FGFR2|FGFR3|KIT|MET|NTRK1
 REACT:R-HSA-166520	Signalling by NGF	4.68499239403e-10	5.82665e-08	EGFR|ERBB2|ERBB3|ERBB4|FGFR1|FGFR2|FGFR3|IRAK1|KALRN|KIT|MET|NTRK1|NTRK2|PTK2|RET|TEK
 REACT:R-HSA-199418	Negative regulation of the PI3K/AKT network	5.64346014365e-10	6.66775e-08	EGFR|ERBB2|ERBB3|ERBB4|FGFR1|FGFR2|FGFR3|KIT|MET
 REACT:R-HSA-5683057	MAPK family signaling cascades	8.09789679757e-10	9.11206e-08	EGFR|ERBB2|ERBB3|ERBB4|FGFR1|FGFR2|FGFR3|KALRN|KIT|MET|PTK2|RET|TEK
 REACT:R-HSA-112412	SOS-mediated signalling	1.49501067082e-09	1.41308e-07	EGFR|ERBB2|ERBB3|ERBB4|FGFR1|FGFR2|FGFR3|KIT|MET|PTK2|RET|TEK
 REACT:R-HSA-179812	GRB2 events in EGFR signaling	1.49501067082e-09	1.41308e-07	EGFR|ERBB2|ERBB3|ERBB4|FGFR1|FGFR2|FGFR3|KIT|MET|PTK2|RET|TEK
 REACT:R-HSA-180336	SHC1 events in EGFR signaling	1.49501067082e-09	1.41308e-07	EGFR|ERBB2|ERBB3|ERBB4|FGFR1|FGFR2|FGFR3|KIT|MET|PTK2|RET|TEK
 REACT:R-HSA-5673001	RAF/MAP kinase cascade	1.49501067082e-09	1.41308e-07	EGFR|ERBB2|ERBB3|ERBB4|FGFR1|FGFR2|FGFR3|KIT|MET|PTK2|RET|TEK
 REACT:R-HSA-5684996	MAPK1/MAPK3 signaling	1.95355454036e-09	1.77548e-07	EGFR|ERBB2|ERBB3|ERBB4|FGFR1|FGFR2|FGFR3|KIT|MET|PTK2|RET|TEK
 REACT:R-HSA-2586552	Signaling by Leptin	2.13659079318e-09	1.86991e-07	EGFR|ERBB2|ERBB3|ERBB4|FGFR1|FGFR2|FGFR3|KIT|MET|PTK2|RET|TEK
 REACT:R-HSA-912526	Interleukin receptor SHC signaling	2.31247454519e-09	1.95156e-07	EGFR|ERBB2|ERBB3|ERBB4|FGFR1|FGFR2|FGFR3|KIT|MET|PTK2|RET|TEK
 REACT:R-HSA-187037	NGF signalling via TRKA from the plasma membrane	2.74688161106e-09	2.23823e-07	EGFR|ERBB2|ERBB3|ERBB4|FGFR1|FGFR2|FGFR3|KIT|MET|NTRK1|NTRK2|PTK2|RET|TEK
 KEGG:hsa01521	EGFR tyrosine kinase inhibitor resistance	3.51398898868e-09	2.76785e-07	AXL|EGFR|ERBB2|ERBB3|FGFR2|FGFR3|KDR|MET
 REACT:R-HSA-8853659	RET signaling	4.47735082343e-09	3.35346e-07	EGFR|ERBB2|ERBB3|ERBB4|FGFR1|FGFR2|FGFR3|KIT|MET|PTK2|RET|TEK
 REACT:R-HSA-2871796	FCERI mediated MAPK activation	4.68320082714e-09	3.35346e-07	EGFR|ERBB2|ERBB3|ERBB4|FGFR1|FGFR2|FGFR3|KIT|MET|PTK2|RET|TEK
 REACT:R-HSA-512988	"Interleukin-3 5 and GM-CSF signaling"	4.68320082714e-09	3.35346e-07	EGFR|ERBB2|ERBB3|ERBB4|FGFR1|FGFR2|FGFR3|KIT|MET|PTK2|RET|TEK
 REACT:R-HSA-1433557	Signaling by SCF-KIT	5.14392595186e-09	3.57503e-07	EGFR|ERBB2|ERBB3|ERBB4|FES|FGFR1|FGFR2|FGFR3|KIT|MET|PTK2|RET|TEK
 REACT:R-HSA-375165	NCAM signaling for neurite out-growth	5.7384242913e-09	3.87426e-07	EGFR|ERBB2|ERBB3|ERBB4|FGFR1|FGFR2|FGFR3|KIT|MET|PTK2|RET|TEK
 REACT:R-HSA-1257604	PIP3 activates AKT signaling	7.28943327921e-09	4.7847e-07	EGFR|ERBB2|ERBB3|ERBB4|FGFR1|FGFR2|FGFR3|KIT|MET
 REACT:R-HSA-186763	Downstream signal transduction	8.71587191309e-09	5.56638e-07	BCAR1|EGFR|ERBB2|ERBB3|ERBB4|FGFR1|FGFR2|FGFR3|KIT|MET|PTK2|RET|TEK
 REACT:R-HSA-180292	GAB1 signalosome	9.00472441057e-09	5.59952e-07	EGFR|ERBB2|ERBB3|ERBB4|FGFR1|FGFR2|FGFR3|KIT|MET
 REACT:R-HSA-112399	IRS-mediated signalling	1.17044353098e-08	7.09169e-07	EGFR|ERBB2|ERBB3|ERBB4|FGFR1|FGFR2|FGFR3|KIT|MET|PTK2|RET|TEK
 REACT:R-HSA-74751	Insulin receptor signalling cascade	1.31001227643e-08	7.65035e-07	EGFR|ERBB2|ERBB3|ERBB4|FGFR1|FGFR2|FGFR3|KIT|MET|PTK2|RET|TEK
 REACT:R-HSA-2428924	IGF1R signaling cascade	1.35977438198e-08	7.65035e-07	EGFR|ERBB2|ERBB3|ERBB4|FGFR1|FGFR2|FGFR3|KIT|MET|PTK2|RET|TEK
 REACT:R-HSA-2428928	IRS-related events triggered by IGF1R	1.35977438198e-08	7.65035e-07	EGFR|ERBB2|ERBB3|ERBB4|FGFR1|FGFR2|FGFR3|KIT|MET|PTK2|RET|TEK
 REACT:R-HSA-2404192	Signaling by Type 1 Insulin-like Growth Factor 1 Receptor (IGF1R)	1.41185632074e-08	7.75864e-07	EGFR|ERBB2|ERBB3|ERBB4|FGFR1|FGFR2|FGFR3|KIT|MET|PTK2|RET|TEK
 REACT:R-HSA-2730905	Role of LAT2/NTAL/LAB on calcium mobilization	1.6385595103e-08	8.79981e-07	EGFR|ERBB2|ERBB3|ERBB4|FGFR1|FGFR2|FGFR3|KIT|MET
 REACT:R-HSA-15869	Metabolism of nucleotides	1.83346335891e-08	9.62772e-07	AK5|CMPK1|DCK|DGUOK|DUT|RRM1|TK2|TYMS
 REACT:R-HSA-186797	Signaling by PDGF	1.9132441853e-08	9.82825e-07	BCAR1|EGFR|ERBB2|ERBB3|ERBB4|FGFR1|FGFR2|FGFR3|KIT|MET|PTK2|RET|TEK
 REACT:R-HSA-2454202	Fc epsilon receptor (FCERI) signaling	2.04027559292e-08	1.02578e-06	EGFR|ERBB2|ERBB3|ERBB4|FGFR1|FGFR2|FGFR3|KIT|MAP3K7|MET|PTK2|RET|TEK
 REACT:R-HSA-1168372	Downstream signaling events of B Cell Receptor (BCR)	2.89380349683e-08	1.4246e-06	EGFR|ERBB2|ERBB3|ERBB4|FGFR1|FGFR2|FGFR3|KIT|MAP3K7|MET
 KEGG:hsa00240	Pyrimidine metabolism	3.18722489512e-08	1.52146e-06	CMPK1|DCK|DUT|RRM1|TK2|TYMS|UCKL1|UPRT
 REACT:R-HSA-74752	Signaling by Insulin receptor	3.21933473213e-08	1.52146e-06	EGFR|ERBB2|ERBB3|ERBB4|FGFR1|FGFR2|FGFR3|KIT|MET|PTK2|RET|TEK
 KEGG:hsa04144	Endocytosis	3.57700824516e-08	1.65735e-06	EGFR|ERBB3|ERBB4|FGFR2|FGFR3|FLT1|KDR|KIT|MET|NTRK1|RET
 KEGG:hsa04015	Rap1 signaling pathway	5.30787463981e-08	2.41202e-06	BCAR1|EGFR|FGFR1|FGFR2|FGFR3|FLT1|KDR|KIT|MET|TEK
 REACT:R-HSA-2424491	DAP12 signaling	9.70237475917e-08	4.32579e-06	EGFR|ERBB2|ERBB3|ERBB4|FGFR1|FGFR2|FGFR3|KIT|MET|PTK2|RET|TEK
 KEGG:hsa04014	Ras signaling pathway	1.10482187843e-07	4.83462e-06	EGFR|FGFR1|FGFR2|FGFR3|FLT1|KDR|KIT|MET|TEK|ZAP70
 REACT:R-HSA-177929	Signaling by EGFR	1.23605086277e-07	5.31052e-06	EGFR|ERBB2|ERBB3|ERBB4|FGFR1|FGFR2|FGFR3|KIT|MET|PTK2|RET|TEK
 REACT:R-HSA-881907	Gastrin-CREB signalling pathway via PKC and MAPK	1.31602917453e-07	5.55317e-06	EGFR|ERBB2|ERBB3|ERBB4|FGFR1|FGFR2|FGFR3|KALRN|KIT|MET|PTK2|RET|TEK
 REACT:R-HSA-983705	Signaling by the B Cell Receptor (BCR)	1.46797809353e-07	6.08567e-06	EGFR|ERBB2|ERBB3|ERBB4|FGFR1|FGFR2|FGFR3|KIT|MAP3K7|MET
 REACT:R-HSA-2172127	DAP12 interactions	1.52032066714e-07	6.194e-06	EGFR|ERBB2|ERBB3|ERBB4|FGFR1|FGFR2|FGFR3|KIT|MET|PTK2|RET|TEK
 REACT:R-HSA-8847993	ERBB2 Activates PTK6 Signaling	3.3857461279e-07	1.35602e-05	EGFR|ERBB2|ERBB3|ERBB4
 REACT:R-HSA-6785631	ERBB2 Regulates Cell Motility	4.72287955078e-07	1.86003e-05	EGFR|ERBB2|ERBB3|ERBB4
 REACT:R-HSA-1963642	PI3K events in ERBB2 signaling	8.52574216781e-07	3.30268e-05	EGFR|ERBB2|ERBB3|ERBB4
 KEGG:hsa05200	Pathways in cancer	2.34999798954e-06	8.95652e-05	EGFR|ERBB2|FGFR1|FGFR2|FGFR3|FLT3|KIT|MET|NTRK1|PTK2|RET
 REACT:R-HSA-1250196	SHC1 events in ERBB2 signaling	3.35363058612e-06	0.000125788	EGFR|ERBB2|ERBB3|ERBB4
 KEGG:hsa04151	PI3K-Akt signaling pathway	4.5565776019e-06	0.000168237	EGFR|FGFR1|FGFR2|FGFR3|FLT1|KDR|KIT|MET|PTK2|TEK
 KEGG:hsa05205	Proteoglycans in cancer	5.3363152015e-06	0.000193996	EGFR|ERBB2|ERBB3|ERBB4|FGFR1|KDR|MET|PTK2
 REACT:R-HSA-73848	Pyrimidine metabolism	6.75626795377e-06	0.000241895	DCK|DUT|TK2|TYMS
 REACT:R-HSA-1266738	Developmental Biology	7.41618592437e-06	0.000261559	EGFR|EPHA3|ERBB2|ERBB3|ERBB4|FES|FGFR1|FGFR2|FGFR3|KALRN|KDR|KIT|LIMK2|MET|PTK2|RET|TEK
 REACT:R-HSA-8863795	Downregulation of ERBB2 signaling	1.22083705426e-05	0.000424241	EGFR|ERBB2|ERBB3|ERBB4
 REACT:R-HSA-8848021	Signaling by PTK6	1.68868894403e-05	0.000578315	BCAR1|EGFR|ERBB2|ERBB3|ERBB4
 KEGG:hsa04722	Neurotrophin signaling pathway	2.20680579978e-05	0.000744955	IRAK1|IRAK3|IRAK4|NTRK1|NTRK2|NTRK3
 KEGG:hsa04520	Adherens junction	2.40203576879e-05	0.000799438	EGFR|ERBB2|FGFR1|MAP3K7|MET
 KEGG:hsa04510	Focal adhesion	4.50808419949e-05	0.00147953	BCAR1|EGFR|ERBB2|FLT1|KDR|MET|PTK2
 KEGG:hsa_M00686	Toll-like receptor signaling	4.66816550901e-05	0.00151108	IRAK1|IRAK4|MAP3K7
 REACT:R-HSA-162582	Signal Transduction	5.51525717518e-05	0.00175714	AXL|BCAR1|EGFR|ERBB2|ERBB3|ERBB4|FES|FGFR1|FGFR2|FGFR3|FLT1|IRAK1|KALRN|KDR|KIT|LIMK2|MAP3K7|MET|NTRK1|NTRK2|PTK2|PTK2B|RET|ROR2|RYK|TEK
 KEGG:hsa04012	ErbB signaling pathway	5.6797532594e-05	0.00175714	EGFR|ERBB2|ERBB3|ERBB4|PTK2
 REACT:R-HSA-1963640	GRB2 events in ERBB2 signaling	5.72575971385e-05	0.00175714	EGFR|ERBB2|ERBB4
 REACT:R-HSA-8866910	TFAP2 (AP-2) family regulates transcription of growth factors and their receptors	5.72575971385e-05	0.00175714	EGFR|ERBB2|KIT
 REACT:R-HSA-5663202	Diseases of signal transduction	6.283395234e-05	0.00190355	EGFR|ERBB2|ERBB3|ERBB4|FGFR1|FGFR2|FGFR3|KIT|MET
 KEGG:hsa04810	Regulation of actin cytoskeleton	6.73364935627e-05	0.00201413	BCAR1|EGFR|FGFR1|FGFR2|FGFR3|LIMK2|PTK2
 REACT:R-HSA-446652	Interleukin-1 signaling	6.86401073717e-05	0.00202746	IRAK1|IRAK3|IRAK4|MAP3K7
 REACT:R-HSA-168249	Innate Immune System	8.51775925262e-05	0.00248487	EGFR|ERBB2|ERBB3|ERBB4|FGFR1|FGFR2|FGFR3|IRAK1|IRAK3|IRAK4|KIT|MAP3K7|MET|PTK2|RET|TEK|TREX1
 REACT:R-HSA-2682334	EPH-Ephrin signaling	9.14282758302e-05	0.0026347	EPHA3|KALRN|KDR|LIMK2|PTK2
 REACT:R-HSA-1227986	Signaling by ERBB2	9.54913862653e-05	0.00271863	EGFR|ERBB2|ERBB3|ERBB4
 REACT:R-HSA-1251932	PLCG1 events in ERBB2 signaling	0.000136779122023	0.00380246	EGFR|ERBB2
 REACT:R-HSA-194306	Neurophilin interactions with VEGF and VEGFR	0.000136779122023	0.00380246	FLT1|KDR
 REACT:R-HSA-168256	Immune System	0.000183509447937	0.00504224	EGFR|ERBB2|ERBB3|ERBB4|FGFR1|FGFR2|FGFR3|FLT3|IRAK1|IRAK3|IRAK4|ISG20|KIT|MAP3K7|MET|OAS2|PTK2|PTK2B|RET|TEK|TREX1|ZAP70
 KEGG:hsa04360	Axon guidance	0.000189072314015	0.00513538	EPHA3|FES|LIMK2|MET|PTK2|RYK
 KEGG:hsa04010	MAPK signaling pathway	0.000212631483195	0.00570964	EGFR|FGFR1|FGFR2|FGFR3|MAP3K7|NTRK1|NTRK2
 KEGG:hsa_M00414	Bloom's syndrome complex	0.000227257335072	0.00585669	TOP3A|TOP3B
 REACT:R-HSA-1306955	GRB7 events in ERBB2 signaling	0.000227257335072	0.00585669	ERBB2|ERBB3
 REACT:R-HSA-187024	NGF-independant TRKA activation	0.000227257335072	0.00585669	NTRK1|NTRK2
 REACT:R-HSA-499943	Synthesis and interconversion of nucleotide di- and triphosphates	0.000228021598148	0.00585669	AK5|CMPK1|RRM1
 REACT:R-HSA-400685	Sema4D in semaphorin signaling	0.000288004709752	0.0073178	ERBB2|LIMK2|MET
 REACT:R-HSA-373755	Semaphorin interactions	0.000316594442125	0.00795865	ERBB2|FES|LIMK2|MET
 REACT:R-HSA-187015	Activation of TRKA receptors	0.000339827840632	0.00836472	NTRK1|NTRK2
 REACT:R-HSA-500753	Pyrimidine biosynthesis	0.000339827840632	0.00836472	DUT|TYMS
 REACT:R-HSA-3928663	EPHA-mediated growth cone collapse	0.000575258081927	0.0140138	EPHA3|KDR|PTK2
 REACT:R-HSA-194313	VEGF ligand-receptor interactions	0.000630415107782	0.0150472	FLT1|KDR
 REACT:R-HSA-195399	VEGF binds to VEGFR leading to receptor dimerization	0.000630415107782	0.0150472	FLT1|KDR
 KEGG:hsa05215	Prostate cancer	0.000808490608782	0.0191046	EGFR|ERBB2|FGFR1|FGFR2
 REACT:R-HSA-8864260	Transcriptional regulation by the AP-2 (TFAP2) family of transcription factors	0.000930510678973	0.0217703	EGFR|ERBB2|KIT
 KEGG:hsa05219	Bladder cancer	0.00100054830825	0.0231794	EGFR|ERBB2|FGFR3
 REACT:R-HSA-3928662	EPHB-mediated forward signaling	0.00107383961985	0.0245456	KALRN|LIMK2|PTK2
 KEGG:hsa04064	NF-kappa B signaling pathway	0.00108029527742	0.0245456	IRAK1|IRAK4|MAP3K7|ZAP70
 REACT:R-HSA-166058	MyD88:Mal cascade initiated on plasma membrane	0.00112376195497	0.0245875	IRAK1|IRAK3|IRAK4|MAP3K7
 REACT:R-HSA-168179	Toll Like Receptor TLR1:TLR2 Cascade	0.00112376195497	0.0245875	IRAK1|IRAK3|IRAK4|MAP3K7
 REACT:R-HSA-168188	Toll Like Receptor TLR6:TLR2 Cascade	0.00112376195497	0.0245875	IRAK1|IRAK3|IRAK4|MAP3K7
 REACT:R-HSA-181438	Toll Like Receptor 2 (TLR2) Cascade	0.00112376195497	0.0245875	IRAK1|IRAK3|IRAK4|MAP3K7
 REACT:R-HSA-1236394	Signaling by ERBB4	0.0011504422551	0.0249403	EGFR|ERBB3|ERBB4
 REACT:R-HSA-73614	Pyrimidine salvage reactions	0.00122683434523	0.0263546	DCK|TK2
 KEGG:hsa04066	HIF-1 signaling pathway	0.00141070311923	0.0300315	EGFR|ERBB2|FLT1|TEK
 REACT:R-HSA-975110	TRAF6 mediated IRF7 activation in TLR7/8 or 9 signaling	0.00146764024187	0.0309646	IRAK1|IRAK4
 REACT:R-HSA-1280218	Adaptive Immune System	0.0016037397014	0.0335366	EGFR|ERBB2|ERBB3|ERBB4|FGFR1|FGFR2|FGFR3|KIT|MAP3K7|MET|ZAP70
 KEGG:hsa05202	Transcriptional misregulation in cancer	0.00167996543522	0.0348224	FLT1|FLT3|MET|NTRK1|PTK2
 REACT:R-HSA-1358803	Downregulation of ERBB2:ERBB3 signaling	0.00172911213475	0.0349222	ERBB2|ERBB3
 REACT:R-HSA-391160	Signal regulatory protein (SIRP) family interactions	0.00172911213475	0.0349222	PTK2|PTK2B
 REACT:R-HSA-74217	Purine salvage	0.00172911213475	0.0349222	DCK|DGUOK
 KEGG:hsa04020	Calcium signaling pathway	0.00176413093795	0.0353275	EGFR|ERBB2|ERBB3|ERBB4|PTK2B
 KEGG:hsa04060	Cytokine-cytokine receptor interaction	0.00185058158821	0.0367473	EGFR|FLT1|FLT3|KDR|KIT|MET
 REACT:R-HSA-166054	Activated TLR4 signalling	0.00227234886806	0.0447463	IRAK1|IRAK3|IRAK4|MAP3K7
