 REACT:R-HSA-2453902	The canonical retinoid cycle in rods (twilight vision)	7.81424369656e-10	1.84651e-06	LRAT|RBP3|RDH11|RDH12|RDH8|RLBP1
 REACT:R-HSA-162582	Signal Transduction	4.37842524459e-08	5.17311e-05	AGTR1|ANXA1|APH1A|APH1B|AR|AVPR2|CCR2|CCR5|CX3CR1|GPR132|GPR31|GRP|KALRN|LRAT|OR10H5|OR10J1|OR10J5|OR10S1|OR1L1|OR2S2|OR4K5|OR5H6|PTGER1|PTGER3|RBP3|RDH11|RDH12|RDH13|RDH14|RDH8|RLBP1
 REACT:R-HSA-383280	Nuclear Receptor transcription pathway	1.32009322362e-07	0.000103979	AR|NR0B1|NR1I3|NR3C2|NR4A3|VDR
 REACT:R-HSA-373076	Class A/1 (Rhodopsin-like receptors)	2.58199401415e-07	0.000152531	AGTR1|ANXA1|AVPR2|CCR2|CCR5|CX3CR1|GPR132|GPR31|GRP|PTGER1|PTGER3
 REACT:R-HSA-388396	GPCR downstream signaling	5.07637094915e-07	0.000239909	AGTR1|ANXA1|AVPR2|CCR2|CCR5|GPR132|GRP|KALRN|OR10H5|OR10J1|OR10J5|OR10S1|OR1L1|OR2S2|OR4K5|OR5H6|PTGER1|PTGER3
 REACT:R-HSA-372790	Signaling by GPCR	1.49341041555e-06	0.000588155	AGTR1|ANXA1|AVPR2|CCR2|CCR5|CX3CR1|GPR132|GPR31|GRP|KALRN|OR10H5|OR10J1|OR10J5|OR10S1|OR1L1|OR2S2|OR4K5|OR5H6|PTGER1|PTGER3
 REACT:R-HSA-500792	GPCR ligand binding	7.43132739334e-06	0.00228816	AGTR1|ANXA1|AVPR2|CCR2|CCR5|CX3CR1|GPR132|GPR31|GRP|PTGER1|PTGER3
 REACT:R-HSA-2187338	Visual phototransduction	7.74661964076e-06	0.00228816	LRAT|RBP3|RDH11|RDH12|RDH8|RLBP1
 KEGG:hsa00830	Retinol metabolism	1.33074370225e-05	0.00349394	LRAT|RDH11|RDH12|RDH8|RETSAT
 REACT:R-HSA-193048	Androgen biosynthesis	1.62515141973e-05	0.00384023	SRD5A1|SRD5A2|SRD5A3
 REACT:R-HSA-375276	Peptide ligand-binding receptors	2.78026277859e-05	0.00597251	AGTR1|ANXA1|AVPR2|CCR2|CCR5|CX3CR1|GRP
 KEGG:hsa04740	Olfactory transduction	0.000135646689952	0.0267111	OR10H5|OR10J1|OR10J5|OR10S1|OR1L1|OR2S2|OR4K5|OR5H6|SLC8A1
 REACT:R-HSA-5365859	RA biosynthesis pathway	0.000167529772679	0.0304518	RDH11|RDH13|RDH14
 REACT:R-HSA-416476	G alpha (q) signalling events	0.000282471107011	0.0476771	AGTR1|ANXA1|GPR132|GRP|KALRN|PTGER1
