 KEGG:hsa04620	Toll-like receptor signaling pathway	0.0	0	IFNA1|IFNA10|IFNA13|IFNA14|IFNA16|IFNA17|IFNA2|IFNA21|IFNA4|IFNA5|IFNA6|IFNA7|IFNA8|IFNB1|TLR4
 KEGG:hsa04622	RIG-I-like receptor signaling pathway	0.0	0	IFNA1|IFNA10|IFNA13|IFNA14|IFNA16|IFNA17|IFNA2|IFNA21|IFNA4|IFNA5|IFNA6|IFNA7|IFNA8|IFNB1|IFNE|IFNW1
 KEGG:hsa04623	Cytosolic DNA-sensing pathway	0.0	0	IFNA1|IFNA10|IFNA13|IFNA14|IFNA16|IFNA17|IFNA2|IFNA21|IFNA4|IFNA5|IFNA6|IFNA7|IFNA8|IFNB1
 KEGG:hsa04630	Jak-STAT signaling pathway	0.0	0	CSF2RB|IFNA1|IFNA10|IFNA13|IFNA14|IFNA16|IFNA17|IFNA2|IFNA21|IFNA4|IFNA5|IFNA6|IFNA7|IFNA8|IFNB1|IFNE|IFNW1|IL22RA2|IL2RG|IL6R
 KEGG:hsa05152	Tuberculosis	0.0	0	CLEC4M|IFNA1|IFNA10|IFNA13|IFNA14|IFNA16|IFNA17|IFNA2|IFNA21|IFNA4|IFNA5|IFNA6|IFNA7|IFNA8|IFNB1|MRC1|PLA2R1|PPP3R2|TLR4
 KEGG:hsa05160	Hepatitis C	0.0	0	CLDN7|IFNA1|IFNA10|IFNA13|IFNA14|IFNA16|IFNA17|IFNA2|IFNA21|IFNA4|IFNA5|IFNA6|IFNA7|IFNA8|IFNB1|PPP2R1A|PPP2R1B
 KEGG:hsa05162	Measles	0.0	0	CD28|CD46|CLEC4M|IFNA1|IFNA10|IFNA13|IFNA14|IFNA16|IFNA17|IFNA2|IFNA21|IFNA4|IFNA5|IFNA6|IFNA7|IFNA8|IFNB1|IL2RG|TLR4
 KEGG:hsa05320	Autoimmune thyroid disease	0.0	0	CD28|CGA|IFNA1|IFNA10|IFNA13|IFNA14|IFNA16|IFNA17|IFNA2|IFNA21|IFNA4|IFNA5|IFNA6|IFNA7|IFNA8
 REACT:R-HSA-168928	RIG-I/MDA5 mediated induction of IFN-alpha/beta pathways	0.0	0	IFNA1|IFNA10|IFNA13|IFNA14|IFNA16|IFNA17|IFNA2|IFNA21|IFNA4|IFNA5|IFNA6|IFNA7|IFNA8|IFNB1
 REACT:R-HSA-425366	"Transport of glucose and other sugars bile salts and organic acids metal ions and amine compounds"	0.0	0	SLC13A3|SLC14A1|SLC14A2|SLC22A6|SLC22A8|SLC2A1|SLC2A10|SLC2A11|SLC2A14|SLC2A2|SLC2A3|SLC2A5|SLC2A6|SLC2A8|SLC2A9|SLC30A8|SLC39A8
 REACT:R-HSA-428790	Facilitative Na+-independent glucose transporters	0.0	0	SLC2A1|SLC2A10|SLC2A11|SLC2A14|SLC2A2|SLC2A3|SLC2A5|SLC2A6|SLC2A8|SLC2A9
 REACT:R-HSA-909733	Interferon alpha/beta signaling	0.0	0	IFNA1|IFNA10|IFNA13|IFNA14|IFNA16|IFNA17|IFNA2|IFNA21|IFNA4|IFNA5|IFNA6|IFNA7|IFNA8|IFNB1
 REACT:R-HSA-912694	Regulation of IFNA signaling	0.0	0	IFNA1|IFNA10|IFNA13|IFNA14|IFNA16|IFNA17|IFNA2|IFNA21|IFNA4|IFNA5|IFNA6|IFNA7|IFNA8|IFNB1
 REACT:R-HSA-933541	TRAF6 mediated IRF7 activation	0.0	0	IFNA1|IFNA10|IFNA13|IFNA14|IFNA16|IFNA17|IFNA2|IFNA21|IFNA4|IFNA5|IFNA6|IFNA7|IFNA8|IFNB1
 REACT:R-HSA-163560	Hormone-sensitive lipase (HSL)-mediated triacylglycerol hydrolysis	3.31696892175e-11	5.22533e-09	FABP1|FABP2|FABP3|FABP4|FABP5|FABP6|FABP7|FABP9
 KEGG:hsa04650	Natural killer cell mediated cytotoxicity	3.7993053148e-11	5.6111e-09	IFNA1|IFNA10|IFNA13|IFNA14|IFNA16|IFNA17|IFNA2|IFNA21|IFNA4|IFNA5|IFNA6|IFNA7|IFNA8|IFNB1|PPP3R2
 KEGG:hsa04060	Cytokine-cytokine receptor interaction	5.11830577921e-11	7.11445e-09	CSF2RB|IFNA1|IFNA10|IFNA13|IFNA14|IFNA16|IFNA17|IFNA2|IFNA21|IFNA4|IFNA5|IFNA6|IFNA7|IFNA8|IFNB1|IFNE|IFNW1|IL22RA2|IL2RG|IL6R
 KEGG:hsa05161	Hepatitis B	1.60846669317e-10	2.11156e-08	IFNA1|IFNA10|IFNA13|IFNA14|IFNA16|IFNA17|IFNA2|IFNA21|IFNA4|IFNA5|IFNA6|IFNA7|IFNA8|IFNB1|TLR4
 KEGG:hsa04151	PI3K-Akt signaling pathway	6.25353657746e-10	7.77742e-08	IFNA1|IFNA10|IFNA13|IFNA14|IFNA16|IFNA17|IFNA2|IFNA21|IFNA4|IFNA5|IFNA6|IFNA7|IFNA8|IFNB1|IL2RG|IL6R|PPP2R1A|PPP2R1B|THBS1|THBS2|TLR4
 KEGG:hsa04621	NOD-like receptor signaling pathway	1.67329250456e-09	1.977e-07	IFNA1|IFNA10|IFNA13|IFNA14|IFNA16|IFNA17|IFNA2|IFNA21|IFNA4|IFNA5|IFNA6|IFNA7|IFNA8|IFNB1|TLR4
 KEGG:hsa05164	Influenza A	2.14751183503e-09	2.41646e-07	IFNA1|IFNA10|IFNA13|IFNA14|IFNA16|IFNA17|IFNA2|IFNA21|IFNA4|IFNA5|IFNA6|IFNA7|IFNA8|IFNB1|TLR4
 REACT:R-HSA-983231	Factors involved in megakaryocyte development and platelet production	5.33623167875e-09	5.7316e-07	IFNA1|IFNA10|IFNA13|IFNA14|IFNA16|IFNA17|IFNA2|IFNA21|IFNA4|IFNA5|IFNA6|IFNA7|IFNA8|IFNB1
 REACT:R-HSA-109582	Hemostasis	3.34843970329e-08	3.44016e-06	APOH|CEACAM1|CEACAM8|CSF2RB|GP1BA|IFNA1|IFNA10|IFNA13|IFNA14|IFNA16|IFNA17|IFNA2|IFNA21|IFNA4|IFNA5|IFNA6|IFNA7|IFNA8|IFNB1|IL2RG|PPP2R1A|PPP2R1B|PSG2|PSG4|PSG5|THBS1
 KEGG:hsa05168	Herpes simplex infection	4.3849499809e-08	4.31735e-06	IFNA1|IFNA10|IFNA13|IFNA14|IFNA16|IFNA17|IFNA2|IFNA21|IFNA4|IFNA5|IFNA6|IFNA7|IFNA8|IFNB1
 REACT:R-HSA-425407	SLC-mediated transmembrane transport	5.31100348145e-08	5.01996e-06	SLC13A3|SLC14A1|SLC14A2|SLC22A6|SLC22A8|SLC2A1|SLC2A10|SLC2A11|SLC2A14|SLC2A2|SLC2A3|SLC2A5|SLC2A6|SLC2A8|SLC2A9|SLC30A8|SLC39A8
 REACT:R-HSA-913531	Interferon Signaling	1.31888325483e-07	1.19866e-05	IFNA1|IFNA10|IFNA13|IFNA14|IFNA16|IFNA17|IFNA2|IFNA21|IFNA4|IFNA5|IFNA6|IFNA7|IFNA8|IFNB1
 REACT:R-HSA-168249	Innate Immune System	3.2451386367e-07	2.8401e-05	ATP6V1E2|C1R|CD28|CD4|CD46|CD59|CEACAM1|CEACAM8|COLEC11|CRP|CSF2RB|DEFB112|DSN1|FABP5|GLA|GUSB|ICOS|IFNA1|IFNA10|IFNA13|IFNA14|IFNA16|IFNA17|IFNA2|IFNA21|IFNA4|IFNA5|IFNA6|IFNA7|IFNA8|IFNB1|IL2RG|PPP2R1A|PPP2R1B|SLC2A3|SLC2A5|TLR4
 REACT:R-HSA-73923	"Lipid digestion mobilization and transport"	1.13827716719e-06	9.60625e-05	APOA2|FABP1|FABP2|FABP3|FABP4|FABP5|FABP6|FABP7|FABP9|P4HB
 KEGG:hsa03320	PPAR signaling pathway	2.19600404039e-06	0.000178936	APOA2|FABP1|FABP2|FABP3|FABP4|FABP5|FABP6|FABP7
 REACT:R-HSA-428776	Class II GLUTs	6.6976232147e-06	0.000527549	SLC2A11|SLC2A5|SLC2A9
 REACT:R-HSA-382551	Transmembrane transport of small molecules	5.28934513504e-05	0.00403185	AQP1|ATP6V1E2|CLCN1|SLC13A3|SLC14A1|SLC14A2|SLC22A6|SLC22A8|SLC2A1|SLC2A10|SLC2A11|SLC2A14|SLC2A2|SLC2A3|SLC2A5|SLC2A6|SLC2A8|SLC2A9|SLC30A8|SLC39A8|TRPV1
 REACT:R-HSA-5083635	Defective B3GALTL causes Peters-plus syndrome (PpS)	7.39632821634e-05	0.00546173	ADAMTS17|ADAMTSL1|THBS1|THBS2|THSD7B
 REACT:R-HSA-196836	Vitamin C (ascorbate) metabolism	9.0512025039e-05	0.00637244	SLC23A1|SLC2A1|SLC2A3
 KEGG:hsa04145	Phagosome	9.16897784561e-05	0.00637244	ATP6V1E2|C1R|CLEC4M|COLEC11|MRC1|PLA2R1|THBS1|THBS2|TLR4
 REACT:R-HSA-5173214	O-glycosylation of TSR domain-containing proteins	9.58332375142e-05	0.0064499	ADAMTS17|ADAMTSL1|THBS1|THBS2|THSD7B
 REACT:R-HSA-1280215	Cytokine Signaling in Immune system	9.82633468458e-05	0.0064499	CD4|CSF2RB|IFNA1|IFNA10|IFNA13|IFNA14|IFNA16|IFNA17|IFNA2|IFNA21|IFNA4|IFNA5|IFNA6|IFNA7|IFNA8|IFNB1|IL1RN|IL22RA2|IL2RG|IL6R|PPP2R1A|PPP2R1B
 REACT:R-HSA-168256	Immune System	0.000404650574394	0.025843	ATP6V1E2|C1R|CD28|CD4|CD46|CD59|CEACAM1|CEACAM8|COLEC11|CRP|CSF2RB|DEFB112|DSN1|FABP5|GLA|GUSB|ICOS|IFNA1|IFNA10|IFNA13|IFNA14|IFNA16|IFNA17|IFNA2|IFNA21|IFNA4|IFNA5|IFNA6|IFNA7|IFNA8|IFNB1|IL1RN|IL22RA2|IL2RG|IL6R|MRC1|PPP2R1A|PPP2R1B|PVR|SLC2A3|SLC2A5|TLR4
 REACT:R-HSA-166658	Complement cascade	0.000455792376694	0.0276163	C1R|CD46|CD59|COLEC11|CRP
 REACT:R-HSA-189200	Hexose transport	0.000455792376694	0.0276163	SLC2A1|SLC2A14|SLC2A2|SLC2A3|SLC2A5
 REACT:R-HSA-113510	E2F mediated regulation of DNA replication	0.000695316162677	0.0410758	CDC45|ORC3|PPP2R1A|PPP2R1B
 REACT:R-HSA-3906995	Diseases associated with O-glycosylation of proteins	0.00074317941718	0.0428325	ADAMTS17|ADAMTSL1|THBS1|THBS2|THSD7B
