 KEGG:hsa05230	Central carbon metabolism in cancer	0.0	0	EGFR|ERBB2|FGFR1|FGFR2|FGFR3|FLT3|KIT|MET|NTRK1|NTRK3|RET
 REACT:R-HSA-1280215	Cytokine Signaling in Immune system	0.0	0	EGFR|ERBB2|ERBB3|ERBB4|FGFR1|FGFR2|FGFR3|FLT3|IL4R|IRAK1|IRAK3|IRAK4|KIT|MAP3K7|MET|PTK2|PTK2B|RET|TEK
 REACT:R-HSA-166520	Signalling by NGF	0.0	0	EGFR|ERBB2|ERBB3|ERBB4|FGFR1|FGFR2|FGFR3|IRAK1|KALRN|KIT|MET|NTRK1|NTRK2|PTK2|RET|TEK
 REACT:R-HSA-167044	Signalling to RAS	0.0	0	EGFR|ERBB2|ERBB3|ERBB4|FGFR1|FGFR2|FGFR3|KIT|MET|NTRK1|PTK2|RET|TEK
 REACT:R-HSA-170968	Frs2-mediated activation	0.0	0	EGFR|ERBB2|ERBB3|ERBB4|FGFR1|FGFR2|FGFR3|KIT|MET|NTRK1|PTK2|RET|TEK
 REACT:R-HSA-194138	Signaling by VEGF	0.0	0	AXL|BCAR1|EGFR|ERBB2|ERBB3|ERBB4|FGFR1|FGFR2|FGFR3|FLT1|KDR|KIT|MET|PTK2|PTK2B|RET|TEK
 REACT:R-HSA-422475	Axon guidance	0.0	0	EGFR|EPHA3|ERBB2|ERBB3|ERBB4|FES|FGFR1|FGFR2|FGFR3|KALRN|KDR|KIT|LIMK2|MET|PTK2|RET|TEK
 REACT:R-HSA-449147	Signaling by Interleukins	0.0	0	EGFR|ERBB2|ERBB3|ERBB4|FGFR1|FGFR2|FGFR3|FLT3|IL4R|IRAK1|IRAK3|IRAK4|KIT|MAP3K7|MET|PTK2|PTK2B|RET|TEK
 REACT:R-HSA-451927	Interleukin-2 signaling	0.0	0	EGFR|ERBB2|ERBB3|ERBB4|FGFR1|FGFR2|FGFR3|KIT|MET|PTK2|PTK2B|RET|TEK
 REACT:R-HSA-6811558	"PI5P PP2A and IER3 Regulate PI3K/AKT Signaling"	0.0	0	EGFR|ERBB2|ERBB3|ERBB4|FGFR1|FGFR2|FGFR3|KIT|MET
 REACT:R-HSA-5218921	VEGFR2 mediated cell proliferation	1.33126842883e-12	2.85981e-10	EGFR|ERBB2|ERBB3|ERBB4|FGFR1|FGFR2|FGFR3|KDR|KIT|MET|PTK2|RET|TEK
 REACT:R-HSA-2219530	Constitutive Signaling by Aberrant PI3K in Cancer	1.46216372343e-12	2.87924e-10	EGFR|ERBB2|ERBB3|ERBB4|FGFR1|FGFR2|FGFR3|KIT|MET
 REACT:R-HSA-169893	Prolonged ERK activation events	3.44935191521e-12	6.26986e-10	EGFR|ERBB2|ERBB3|ERBB4|FGFR1|FGFR2|FGFR3|KIT|MET|NTRK1|PTK2|RET|TEK
 REACT:R-HSA-170984	ARMS-mediated activation	4.46576109425e-12	7.03506e-10	EGFR|ERBB2|ERBB3|ERBB4|FGFR1|FGFR2|FGFR3|KIT|MET|NTRK1|PTK2|RET|TEK
 REACT:R-HSA-187706	Signalling to p38 via RIT and RIN	4.46576109425e-12	7.03506e-10	EGFR|ERBB2|ERBB3|ERBB4|FGFR1|FGFR2|FGFR3|KIT|MET|NTRK1|PTK2|RET|TEK
 REACT:R-HSA-4420097	VEGFA-VEGFR2 Pathway	5.08015851608e-12	7.50276e-10	AXL|BCAR1|EGFR|ERBB2|ERBB3|ERBB4|FGFR1|FGFR2|FGFR3|KDR|KIT|MET|PTK2|PTK2B|RET|TEK
 REACT:R-HSA-5683057	MAPK family signaling cascades	1.05143671547e-11	1.4615e-09	EGFR|ERBB2|ERBB3|ERBB4|FGFR1|FGFR2|FGFR3|KALRN|KIT|MET|PTK2|RET|TEK
 REACT:R-HSA-2219528	PI3K/AKT Signaling in Cancer	1.39808165045e-11	1.83537e-09	EGFR|ERBB2|ERBB3|ERBB4|FGFR1|FGFR2|FGFR3|KIT|MET
 REACT:R-HSA-2428924	IGF1R signaling cascade	2.06537009717e-11	2.26086e-09	EGFR|ERBB2|ERBB3|ERBB4|FGFR1|FGFR2|FGFR3|KIT|MET|PTK2|RET|RPTOR|TEK
 REACT:R-HSA-2428928	IRS-related events triggered by IGF1R	2.06537009717e-11	2.26086e-09	EGFR|ERBB2|ERBB3|ERBB4|FGFR1|FGFR2|FGFR3|KIT|MET|PTK2|RET|RPTOR|TEK
 REACT:R-HSA-187687	Signalling to ERKs	2.15581996699e-11	2.26086e-09	EGFR|ERBB2|ERBB3|ERBB4|FGFR1|FGFR2|FGFR3|KIT|MET|NTRK1|PTK2|RET|TEK
 REACT:R-HSA-74751	Insulin receptor signalling cascade	2.16833218047e-11	2.26086e-09	EGFR|ERBB2|ERBB3|ERBB4|FGFR1|FGFR2|FGFR3|KIT|MET|PTK2|RET|RPTOR|TEK
 REACT:R-HSA-2404192	Signaling by Type 1 Insulin-like Growth Factor 1 Receptor (IGF1R)	2.20058415934e-11	2.26086e-09	EGFR|ERBB2|ERBB3|ERBB4|FGFR1|FGFR2|FGFR3|KIT|MET|PTK2|RET|RPTOR|TEK
 REACT:R-HSA-198203	PI3K/AKT activation	2.8537172625e-11	2.76424e-09	EGFR|ERBB2|ERBB3|ERBB4|FGFR1|FGFR2|FGFR3|KIT|MET|NTRK1
 REACT:R-HSA-112399	IRS-mediated signalling	2.92450508255e-11	2.76424e-09	EGFR|ERBB2|ERBB3|ERBB4|FGFR1|FGFR2|FGFR3|KIT|MET|PTK2|RET|RPTOR|TEK
 REACT:R-HSA-199418	Negative regulation of the PI3K/AKT network	4.17029744071e-11	3.79016e-09	EGFR|ERBB2|ERBB3|ERBB4|FGFR1|FGFR2|FGFR3|KIT|MET
 REACT:R-HSA-187037	NGF signalling via TRKA from the plasma membrane	4.87272444616e-11	4.26454e-09	EGFR|ERBB2|ERBB3|ERBB4|FGFR1|FGFR2|FGFR3|KIT|MET|NTRK1|NTRK2|PTK2|RET|TEK
 REACT:R-HSA-912526	Interleukin receptor SHC signaling	6.30551166836e-11	4.55167e-09	EGFR|ERBB2|ERBB3|ERBB4|FGFR1|FGFR2|FGFR3|KIT|MET|PTK2|RET|TEK
 REACT:R-HSA-5684996	MAPK1/MAPK3 signaling	6.31946717178e-11	4.55167e-09	EGFR|ERBB2|ERBB3|ERBB4|FGFR1|FGFR2|FGFR3|KIT|MET|PTK2|RET|TEK
 REACT:R-HSA-74752	Signaling by Insulin receptor	6.39578390249e-11	4.55167e-09	EGFR|ERBB2|ERBB3|ERBB4|FGFR1|FGFR2|FGFR3|KIT|MET|PTK2|RET|RPTOR|TEK
 REACT:R-HSA-112412	SOS-mediated signalling	6.54916121334e-11	4.55167e-09	EGFR|ERBB2|ERBB3|ERBB4|FGFR1|FGFR2|FGFR3|KIT|MET|PTK2|RET|TEK
 REACT:R-HSA-179812	GRB2 events in EGFR signaling	6.54916121334e-11	4.55167e-09	EGFR|ERBB2|ERBB3|ERBB4|FGFR1|FGFR2|FGFR3|KIT|MET|PTK2|RET|TEK
 REACT:R-HSA-180336	SHC1 events in EGFR signaling	6.54916121334e-11	4.55167e-09	EGFR|ERBB2|ERBB3|ERBB4|FGFR1|FGFR2|FGFR3|KIT|MET|PTK2|RET|TEK
 REACT:R-HSA-5673001	RAF/MAP kinase cascade	6.54916121334e-11	4.55167e-09	EGFR|ERBB2|ERBB3|ERBB4|FGFR1|FGFR2|FGFR3|KIT|MET|PTK2|RET|TEK
 REACT:R-HSA-2586552	Signaling by Leptin	8.14246448044e-11	5.49733e-09	EGFR|ERBB2|ERBB3|ERBB4|FGFR1|FGFR2|FGFR3|KIT|MET|PTK2|RET|TEK
 REACT:R-HSA-1433557	Signaling by SCF-KIT	1.24539489832e-10	8.17463e-09	EGFR|ERBB2|ERBB3|ERBB4|FES|FGFR1|FGFR2|FGFR3|KIT|MET|PTK2|RET|TEK
 REACT:R-HSA-8853659	RET signaling	1.56546775543e-10	9.99784e-09	EGFR|ERBB2|ERBB3|ERBB4|FGFR1|FGFR2|FGFR3|KIT|MET|PTK2|RET|TEK
 REACT:R-HSA-2871796	FCERI mediated MAPK activation	1.69871117173e-10	1.02924e-08	EGFR|ERBB2|ERBB3|ERBB4|FGFR1|FGFR2|FGFR3|KIT|MET|PTK2|RET|TEK
 REACT:R-HSA-512988	"Interleukin-3 5 and GM-CSF signaling"	1.69871117173e-10	1.02924e-08	EGFR|ERBB2|ERBB3|ERBB4|FGFR1|FGFR2|FGFR3|KIT|MET|PTK2|RET|TEK
 REACT:R-HSA-375165	NCAM signaling for neurite out-growth	1.97324823148e-10	1.1657e-08	EGFR|ERBB2|ERBB3|ERBB4|FGFR1|FGFR2|FGFR3|KIT|MET|PTK2|RET|TEK
 REACT:R-HSA-186763	Downstream signal transduction	2.47216025429e-10	1.42481e-08	BCAR1|EGFR|ERBB2|ERBB3|ERBB4|FGFR1|FGFR2|FGFR3|KIT|MET|PTK2|RET|TEK
 KEGG:hsa01521	EGFR tyrosine kinase inhibitor resistance	3.65445451678e-10	2.05607e-08	AXL|EGFR|ERBB2|ERBB3|FGFR2|FGFR3|KDR|MET
 REACT:R-HSA-186797	Signaling by PDGF	5.14133291496e-10	2.82534e-08	BCAR1|EGFR|ERBB2|ERBB3|ERBB4|FGFR1|FGFR2|FGFR3|KIT|MET|PTK2|RET|TEK
 REACT:R-HSA-2454202	Fc epsilon receptor (FCERI) signaling	5.79206682616e-10	3.1106e-08	EGFR|ERBB2|ERBB3|ERBB4|FGFR1|FGFR2|FGFR3|KIT|MAP3K7|MET|PTK2|RET|TEK
 REACT:R-HSA-1257604	PIP3 activates AKT signaling	6.04275851579e-10	3.17312e-08	EGFR|ERBB2|ERBB3|ERBB4|FGFR1|FGFR2|FGFR3|KIT|MET
 REACT:R-HSA-180292	GAB1 signalosome	7.59140972306e-10	3.89967e-08	EGFR|ERBB2|ERBB3|ERBB4|FGFR1|FGFR2|FGFR3|KIT|MET
 REACT:R-HSA-2730905	Role of LAT2/NTAL/LAB on calcium mobilization	1.38914046932e-09	6.98413e-08	EGFR|ERBB2|ERBB3|ERBB4|FGFR1|FGFR2|FGFR3|KIT|MET
 KEGG:hsa04144	Endocytosis	1.7656386353e-09	8.69209e-08	EGFR|ERBB3|ERBB4|FGFR2|FGFR3|FLT1|KDR|KIT|MET|NTRK1|RET
 REACT:R-HSA-1168372	Downstream signaling events of B Cell Receptor (BCR)	1.8763032239e-09	9.04838e-08	EGFR|ERBB2|ERBB3|ERBB4|FGFR1|FGFR2|FGFR3|KIT|MAP3K7|MET
 KEGG:hsa04151	PI3K-Akt signaling pathway	2.33686692219e-09	1.1044e-07	EGFR|FGFR1|FGFR2|FGFR3|FLT1|IL4R|KDR|KIT|MET|PTK2|RPTOR|TEK
 KEGG:hsa04015	Rap1 signaling pathway	3.50703688312e-09	1.62493e-07	BCAR1|EGFR|FGFR1|FGFR2|FGFR3|FLT1|KDR|KIT|MET|TEK
 REACT:R-HSA-2424491	DAP12 signaling	3.81907427904e-09	1.73548e-07	EGFR|ERBB2|ERBB3|ERBB4|FGFR1|FGFR2|FGFR3|KIT|MET|PTK2|RET|TEK
 REACT:R-HSA-881907	Gastrin-CREB signalling pathway via PKC and MAPK	3.99478394808e-09	1.78107e-07	EGFR|ERBB2|ERBB3|ERBB4|FGFR1|FGFR2|FGFR3|KALRN|KIT|MET|PTK2|RET|TEK
 REACT:R-HSA-177929	Signaling by EGFR	4.90308460499e-09	2.14555e-07	EGFR|ERBB2|ERBB3|ERBB4|FGFR1|FGFR2|FGFR3|KIT|MET|PTK2|RET|TEK
 REACT:R-HSA-2172127	DAP12 interactions	6.09444084088e-09	2.61839e-07	EGFR|ERBB2|ERBB3|ERBB4|FGFR1|FGFR2|FGFR3|KIT|MET|PTK2|RET|TEK
 KEGG:hsa04014	Ras signaling pathway	7.43049644036e-09	3.1354e-07	EGFR|FGFR1|FGFR2|FGFR3|FLT1|KDR|KIT|MET|TEK|ZAP70
 REACT:R-HSA-983705	Signaling by the B Cell Receptor (BCR)	9.9385619734e-09	4.12014e-07	EGFR|ERBB2|ERBB3|ERBB4|FGFR1|FGFR2|FGFR3|KIT|MAP3K7|MET
 REACT:R-HSA-162582	Signal Transduction	1.34904486471e-08	5.49619e-07	AXL|BCAR1|EGFR|ERBB2|ERBB3|ERBB4|FES|FGFR1|FGFR2|FGFR3|FLT1|IRAK1|KALRN|KDR|KIT|LIMK2|MAP3K7|MET|NTRK1|NTRK2|PTK2|PTK2B|RET|ROR2|RPTOR|RYK|TEK
 REACT:R-HSA-1266738	Developmental Biology	1.02186802242e-07	4.09267e-06	EGFR|EPHA3|ERBB2|ERBB3|ERBB4|FES|FGFR1|FGFR2|FGFR3|KALRN|KDR|KIT|LIMK2|MET|PTK2|RET|TEK
 REACT:R-HSA-8847993	ERBB2 Activates PTK6 Signaling	1.14690909436e-07	4.51691e-06	EGFR|ERBB2|ERBB3|ERBB4
 KEGG:hsa05200	Pathways in cancer	1.35265201928e-07	5.23986e-06	EGFR|ERBB2|FGFR1|FGFR2|FGFR3|FLT3|KIT|MET|NTRK1|PTK2|RET
 REACT:R-HSA-6785631	ERBB2 Regulates Cell Motility	1.60099936197e-07	6.10187e-06	EGFR|ERBB2|ERBB3|ERBB4
 REACT:R-HSA-168249	Innate Immune System	2.67498820428e-07	1.00333e-05	EGFR|ERBB2|ERBB3|ERBB4|FGFR1|FGFR2|FGFR3|IRAK1|IRAK3|IRAK4|KIT|MAP3K7|MET|PGLYRP3|PGLYRP4|PTK2|RET|TEK
 REACT:R-HSA-1963642	PI3K events in ERBB2 signaling	2.89578781287e-07	1.06918e-05	EGFR|ERBB2|ERBB3|ERBB4
 KEGG:hsa05205	Proteoglycans in cancer	6.62073637692e-07	2.40689e-05	EGFR|ERBB2|ERBB3|ERBB4|FGFR1|KDR|MET|PTK2
 REACT:R-HSA-168256	Immune System	1.03775335281e-06	3.71547e-05	EGFR|ERBB2|ERBB3|ERBB4|FGFR1|FGFR2|FGFR3|FLT3|IL4R|IRAK1|IRAK3|IRAK4|KIT|MAP3K7|MET|PGLYRP3|PGLYRP4|PTK2|PTK2B|RET|TEK|ZAP70
 REACT:R-HSA-1250196	SHC1 events in ERBB2 signaling	1.14520274352e-06	4.03898e-05	EGFR|ERBB2|ERBB3|ERBB4
 REACT:R-HSA-8863795	Downregulation of ERBB2 signaling	4.19897559523e-06	0.000145914	EGFR|ERBB2|ERBB3|ERBB4
 REACT:R-HSA-8848021	Signaling by PTK6	4.50948830688e-06	0.000154434	BCAR1|EGFR|ERBB2|ERBB3|ERBB4
 KEGG:hsa04722	Neurotrophin signaling pathway	4.61925832718e-06	0.000155933	IRAK1|IRAK3|IRAK4|NTRK1|NTRK2|NTRK3
 KEGG:hsa04060	Cytokine-cytokine receptor interaction	5.59778084186e-06	0.000186304	EGFR|FLT1|FLT3|IL21R|IL4R|KDR|KIT|MET
 KEGG:hsa04520	Adherens junction	6.44437275532e-06	0.000211501	EGFR|ERBB2|FGFR1|MAP3K7|MET
 REACT:R-HSA-5663202	Diseases of signal transduction	6.74654941024e-06	0.000218385	EGFR|ERBB2|ERBB3|ERBB4|FGFR1|FGFR2|FGFR3|KIT|MET
 KEGG:hsa04510	Focal adhesion	7.56382626244e-06	0.000241531	BCAR1|EGFR|ERBB2|FLT1|KDR|MET|PTK2
 KEGG:hsa04810	Regulation of actin cytoskeleton	1.14425108431e-05	0.000360515	BCAR1|EGFR|FGFR1|FGFR2|FGFR3|LIMK2|PTK2
 KEGG:hsa04012	ErbB signaling pathway	1.54377949376e-05	0.000479994	EGFR|ERBB2|ERBB3|ERBB4|PTK2
 KEGG:hsa_M00686	Toll-like receptor signaling	2.0993952935e-05	0.000644269	IRAK1|IRAK4|MAP3K7
 REACT:R-HSA-446652	Interleukin-1 signaling	2.39486292067e-05	0.000725521	IRAK1|IRAK3|IRAK4|MAP3K7
 REACT:R-HSA-2682334	EPH-Ephrin signaling	2.50591407509e-05	0.000749554	EPHA3|KALRN|KDR|LIMK2|PTK2
 REACT:R-HSA-1963640	GRB2 events in ERBB2 signaling	2.57719103587e-05	0.00075184	EGFR|ERBB2|ERBB4
 REACT:R-HSA-8866910	TFAP2 (AP-2) family regulates transcription of growth factors and their receptors	2.57719103587e-05	0.00075184	EGFR|ERBB2|KIT
 REACT:R-HSA-1227986	Signaling by ERBB2	3.34362716566e-05	0.000963535	EGFR|ERBB2|ERBB3|ERBB4
 KEGG:hsa04010	MAPK signaling pathway	3.76819588194e-05	0.0010728	EGFR|FGFR1|FGFR2|FGFR3|MAP3K7|NTRK1|NTRK2
 KEGG:hsa04360	Axon guidance	4.17517255353e-05	0.00117452	EPHA3|FES|LIMK2|MET|PTK2|RYK
 REACT:R-HSA-1251932	PLCG1 events in ERBB2 signaling	8.03226829218e-05	0.00220701	EGFR|ERBB2
 REACT:R-HSA-194306	Neurophilin interactions with VEGF and VEGFR	8.03226829218e-05	0.00220701	FLT1|KDR
 REACT:R-HSA-373755	Semaphorin interactions	0.000112647166526	0.0030596	ERBB2|FES|LIMK2|MET
 REACT:R-HSA-400685	Sema4D in semaphorin signaling	0.000130834137007	0.00350657	ERBB2|LIMK2|MET
 REACT:R-HSA-1306955	GRB7 events in ERBB2 signaling	0.000133555459915	0.00350657	ERBB2|ERBB3
 REACT:R-HSA-187024	NGF-independant TRKA activation	0.000133555459915	0.00350657	NTRK1|NTRK2
 REACT:R-HSA-1280218	Adaptive Immune System	0.000143760771597	0.00373304	EGFR|ERBB2|ERBB3|ERBB4|FGFR1|FGFR2|FGFR3|KIT|MAP3K7|MET|ZAP70
 REACT:R-HSA-187015	Activation of TRKA receptors	0.00019986088768	0.00512674	NTRK1|NTRK2
 REACT:R-HSA-109704	PI3K Cascade	0.000201771667267	0.00512674	FGFR1|FGFR2|FGFR3|RPTOR
 REACT:R-HSA-3928663	EPHA-mediated growth cone collapse	0.000262861354429	0.00660789	EPHA3|KDR|PTK2
 KEGG:hsa05215	Prostate cancer	0.000292558337345	0.007277	EGFR|ERBB2|FGFR1|FGFR2
 REACT:R-HSA-194313	VEGF ligand-receptor interactions	0.00037131725338	0.00904559	FLT1|KDR
 REACT:R-HSA-195399	VEGF binds to VEGFR leading to receptor dimerization	0.00037131725338	0.00904559	FLT1|KDR
 KEGG:hsa04064	NF-kappa B signaling pathway	0.000393340981873	0.00948433	IRAK1|IRAK4|MAP3K7|ZAP70
 REACT:R-HSA-166058	MyD88:Mal cascade initiated on plasma membrane	0.000409529207204	0.00948743	IRAK1|IRAK3|IRAK4|MAP3K7
 REACT:R-HSA-168179	Toll Like Receptor TLR1:TLR2 Cascade	0.000409529207204	0.00948743	IRAK1|IRAK3|IRAK4|MAP3K7
 REACT:R-HSA-168188	Toll Like Receptor TLR6:TLR2 Cascade	0.000409529207204	0.00948743	IRAK1|IRAK3|IRAK4|MAP3K7
 REACT:R-HSA-181438	Toll Like Receptor 2 (TLR2) Cascade	0.000409529207204	0.00948743	IRAK1|IRAK3|IRAK4|MAP3K7
 REACT:R-HSA-8864260	Transcriptional regulation by the AP-2 (TFAP2) family of transcription factors	0.000427326415701	0.00980361	EGFR|ERBB2|KIT
 KEGG:hsa05219	Bladder cancer	0.000459873487457	0.0104489	EGFR|ERBB2|FGFR3
 REACT:R-HSA-3928662	EPHB-mediated forward signaling	0.000493971091215	0.0110918	KALRN|LIMK2|PTK2
 KEGG:hsa05202	Transcriptional misregulation in cancer	0.000497557682117	0.0110918	FLT1|FLT3|MET|NTRK1|PTK2
 KEGG:hsa04066	HIF-1 signaling pathway	0.000516829443246	0.0114137	EGFR|ERBB2|FLT1|TEK
 KEGG:hsa04020	Calcium signaling pathway	0.000523443864127	0.0114528	EGFR|ERBB2|ERBB3|ERBB4|PTK2B
 REACT:R-HSA-1236394	Signaling by ERBB4	0.000529649548954	0.0114822	EGFR|ERBB3|ERBB4
 KEGG:hsa05206	MicroRNAs in cancer	0.000765705089547	0.0164487	EGFR|ERBB2|ERBB3|FGFR3|MET|RPTOR
 REACT:R-HSA-372790	Signaling by GPCR	0.000815808352917	0.0173672	EGFR|ERBB2|ERBB3|ERBB4|FGFR1|FGFR2|FGFR3|KALRN|KIT|MET|PTK2|RET|TEK
 REACT:R-HSA-166054	Activated TLR4 signalling	0.000842836437663	0.0177823	IRAK1|IRAK3|IRAK4|MAP3K7
 REACT:R-HSA-975110	TRAF6 mediated IRF7 activation in TLR7/8 or 9 signaling	0.00086703182071	0.0181309	IRAK1|IRAK4
 REACT:R-HSA-1643685	Disease	0.000968638375949	0.020078	EGFR|ERBB2|ERBB3|ERBB4|FGFR1|FGFR2|FGFR3|IRAK4|KIT|MET
 REACT:R-HSA-1358803	Downregulation of ERBB2:ERBB3 signaling	0.00102226221222	0.0208242	ERBB2|ERBB3
 REACT:R-HSA-391160	Signal regulatory protein (SIRP) family interactions	0.00102226221222	0.0208242	PTK2|PTK2B
 REACT:R-HSA-166016	Toll Like Receptor 4 (TLR4) Cascade	0.00118477699199	0.0239284	IRAK1|IRAK3|IRAK4|MAP3K7
 KEGG:hsa05223	Non-small cell lung cancer	0.00127400780986	0.0255125	ALK|EGFR|ERBB2
 REACT:R-HSA-372708	p130Cas linkage to MAPK signaling for integrins	0.00156163731673	0.0310097	BCAR1|PTK2
 REACT:R-HSA-1226099	Signaling by FGFR in disease	0.00161863023094	0.0318735	FGFR1|FGFR2|FGFR3
 KEGG:hsa05224	Breast cancer	0.00193767825644	0.0378408	EGFR|ERBB2|FGFR1|KIT
 KEGG:hsa05218	Melanoma	0.00210284774062	0.0407297	EGFR|FGFR1|MET
 REACT:R-HSA-450321	JNK (c-Jun kinases) phosphorylation and activation mediated by activated human TAK1	0.00220967515683	0.0424509	IRAK1|MAP3K7
 KEGG:hsa05140	Leishmaniasis	0.00237525569676	0.0452639	IRAK1|IRAK4|MAP3K7
 REACT:R-HSA-168898	Toll-Like Receptors Cascades	0.00241662834055	0.0455747	IRAK1|IRAK3|IRAK4|MAP3K7
 REACT:R-HSA-450302	activated TAK1 mediates p38 MAPK activation	0.00244942533269	0.0455747	IRAK1|MAP3K7
 REACT:R-HSA-8874081	MET activates PTK2 signaling	0.00244942533269	0.0455747	MET|PTK2
 REACT:R-HSA-445144	Signal transduction by L1	0.00270089943817	0.0498611	EGFR|FGFR1
