 REACT:R-HSA-15869	Metabolism of nucleotides	1.98258448214e-07	0.000378449	AK5|CMPK1|DCK|DGUOK|DUT|RRM1|TK2
 KEGG:hsa00240	Pyrimidine metabolism	3.2031204289e-07	0.000378449	CMPK1|DCK|DUT|RRM1|TK2|UCKL1|UPRT
 KEGG:hsa_M00071	"Glycosphingolipid biosynthesis neolacto-series LacCer => nLc4Cer"	7.98230880283e-07	0.00062874	B4GALT2|B4GALT3|B4GALT4
 KEGG:hsa01100	Metabolic pathways	3.7341198158e-06	0.00220593	AK5|B3GNT4|B4GALT2|B4GALT3|B4GALT4|CMPK1|DCK|DGUOK|DUT|GALT|HSD3B7|NAGK|NAGLU|NDUFA10|RRM1|TK2|UCKL1|UPRT
 KEGG:hsa00601	Glycosphingolipid biosynthesis - lacto and neolacto series	5.41991453806e-06	0.00248225	B3GNT4|B4GALT2|B4GALT3|B4GALT4
 REACT:R-HSA-2022854	Keratan sulfate biosynthesis	6.30278161462e-06	0.00248225	B3GNT4|B4GALT2|B4GALT3|B4GALT4
 REACT:R-HSA-1638074	Keratan sulfate/keratin metabolism	1.23935127868e-05	0.0041837	B3GNT4|B4GALT2|B4GALT3|B4GALT4
 REACT:R-HSA-1630316	Glycosaminoglycan metabolism	1.61519763054e-05	0.00477089	B3GNT4|B4GALT2|B4GALT3|B4GALT4|BCAN|NAGLU
 KEGG:hsa00533	Glycosaminoglycan biosynthesis - keratan sulfate	2.82531241991e-05	0.00741801	B4GALT2|B4GALT3|B4GALT4
 REACT:R-HSA-975577	N-Glycan antennae elongation	3.5206860953e-05	0.00831938	B4GALT2|B4GALT3|B4GALT4
 KEGG:hsa04659	Th17 cell differentiation	0.000102402055943	0.0219978	IL21R|IL2RB|IL2RG|IL4R|PPP3R2
 REACT:R-HSA-499943	Synthesis and interconversion of nucleotide di- and triphosphates	0.000172527556767	0.0306287	AK5|CMPK1|RRM1
 KEGG:hsa_M00414	Bloom's syndrome complex	0.000188314224137	0.0306287	TOP3A|TOP3B
 REACT:R-HSA-73848	Pyrimidine metabolism	0.000194426967813	0.0306287	DCK|DUT|TK2
 REACT:R-HSA-975576	N-glycan antennae elongation in the medial/trans-Golgi	0.000194426967813	0.0306287	B4GALT2|B4GALT3|B4GALT4
 REACT:R-HSA-71387	Metabolism of carbohydrates	0.000291890190458	0.0431085	B3GNT4|B4GALT2|B4GALT3|B4GALT4|BCAN|GALT|NAGLU
