 KEGG:hsa04740	Olfactory transduction	0.0	0	OR10H3|OR10H5|OR10J1|OR10J5|OR11L1|OR12D3|OR14A16|OR1A2|OR1C1|OR1D2|OR1D5|OR1E1|OR1E2|OR1F1|OR1J1|OR1J4|OR1N1|OR1S2|OR2A2|OR2D3|OR2T10|OR2T2|OR4C12|OR4C3|OR4K15|OR4K2|OR4S1|OR52W1|OR5AK2|OR5AS1|OR5B12|OR5D13|OR5D14|OR5H6|OR5M9|OR7D2|OR8D1|OR9A4|SLC8A1|SLC8A2|SLC8A3
 REACT:R-HSA-162582	Signal Transduction	0.0	0	ADORA3|ANXA1|APH1A|APH1B|AR|AVPR2|CRABP1|CRABP2|CSF2RA|FABP5|FGA|GPR31|GRP|HRH4|KALRN|LRAT|MC1R|MC3R|MC4R|NR3C1|NUP107|OR10H3|OR10H5|OR10J1|OR10J5|OR11L1|OR12D3|OR14A16|OR1A2|OR1C1|OR1D2|OR1D5|OR1E1|OR1E2|OR1F1|OR1J1|OR1J4|OR1N1|OR1S2|OR2A2|OR2D3|OR2T10|OR2T2|OR4C12|OR4C3|OR4K15|OR4K2|OR4S1|OR52W1|OR5AK2|OR5AS1|OR5B12|OR5D13|OR5D14|OR5H6|OR5M9|OR7D2|OR8D1|OR9A4|PGR|PPP2R1A|PPP2R1B|PTGER1|PTGER3|RBP1|RBP2|RBP3|RBP4|RDH11|RDH12|RDH13|RDH14|RDH8|RLBP1|TBXA2R
 REACT:R-HSA-372790	Signaling by GPCR	0.0	0	ADORA3|ANXA1|AVPR2|CSF2RA|FGA|GPR31|GRP|HRH4|KALRN|MC1R|MC3R|MC4R|OR10H3|OR10H5|OR10J1|OR10J5|OR11L1|OR12D3|OR14A16|OR1A2|OR1C1|OR1D2|OR1D5|OR1E1|OR1E2|OR1F1|OR1J1|OR1J4|OR1N1|OR1S2|OR2A2|OR2D3|OR2T10|OR2T2|OR4C12|OR4C3|OR4K15|OR4K2|OR4S1|OR52W1|OR5AK2|OR5AS1|OR5B12|OR5D13|OR5D14|OR5H6|OR5M9|OR7D2|OR8D1|OR9A4|PPP2R1A|PPP2R1B|PTGER1|PTGER3|TBXA2R
 REACT:R-HSA-388396	GPCR downstream signaling	0.0	0	ADORA3|ANXA1|AVPR2|CSF2RA|GRP|HRH4|KALRN|MC1R|MC3R|MC4R|OR10H3|OR10H5|OR10J1|OR10J5|OR11L1|OR12D3|OR14A16|OR1A2|OR1C1|OR1D2|OR1D5|OR1E1|OR1E2|OR1F1|OR1J1|OR1J4|OR1N1|OR1S2|OR2A2|OR2D3|OR2T10|OR2T2|OR4C12|OR4C3|OR4K15|OR4K2|OR4S1|OR52W1|OR5AK2|OR5AS1|OR5B12|OR5D13|OR5D14|OR5H6|OR5M9|OR7D2|OR8D1|OR9A4|PTGER1|PTGER3|TBXA2R
 REACT:R-HSA-381753	Olfactory Signaling Pathway	4.45599113164e-12	2.1059e-09	OR10H3|OR10H5|OR10J1|OR10J5|OR11L1|OR12D3|OR14A16|OR1A2|OR1C1|OR1D2|OR1D5|OR1E1|OR1E2|OR1F1|OR1J1|OR1J4|OR1N1|OR1S2|OR2A2|OR2D3|OR2T10|OR2T2|OR4C12|OR4C3|OR4K15|OR4K2|OR4S1|OR52W1|OR5AK2|OR5AS1|OR5B12|OR5D13|OR5D14|OR5H6|OR5M9|OR7D2|OR8D1|OR9A4
 REACT:R-HSA-163560	Hormone-sensitive lipase (HSL)-mediated triacylglycerol hydrolysis	3.48012729745e-11	1.37059e-08	FABP1|FABP2|FABP3|FABP4|FABP5|FABP6|FABP7|FABP9
 REACT:R-HSA-2453902	The canonical retinoid cycle in rods (twilight vision)	8.57663939868e-11	2.89523e-08	LRAT|RBP1|RBP3|RBP4|RDH11|RDH12|RDH8|RLBP1
 REACT:R-HSA-383280	Nuclear Receptor transcription pathway	2.70925504253e-10	8.00246e-08	AR|NR0B1|NR1I2|NR1I3|NR2C1|NR3C1|NR3C2|NR4A3|PGR|VDR
 REACT:R-HSA-556833	Metabolism of lipids and lipoproteins	4.4411101463e-08	1.16604e-05	CDIPT|CYP11B1|ELOVL1|ELOVL3|ELOVL4|ELOVL7|FABP1|FABP2|FABP3|FABP4|FABP5|FABP6|FABP7|FABP9|HSD3B7|OSBPL10|OSBPL3|OSBPL5|OSBPL6|OSBPL7|OSBPL8|OSBPL9|PTGR2|SRD5A1|SRD5A2|SRD5A3|TECR|TECRL|TMEM86B
 KEGG:hsa_M00415	"Fatty acid biosynthesis elongation endoplasmic reticulum"	2.37899686284e-07	5.62157e-05	ELOVL1|ELOVL3|ELOVL4|ELOVL7|TECR
 REACT:R-HSA-75876	Synthesis of very long-chain fatty acyl-CoAs	6.82485169601e-07	0.00014661	ELOVL1|ELOVL3|ELOVL4|ELOVL7|TECR|TECRL
 REACT:R-HSA-2187338	Visual phototransduction	2.55273172833e-06	0.000502675	LRAT|RBP1|RBP2|RBP3|RBP4|RDH11|RDH12|RDH8|RLBP1
 KEGG:hsa00062	Fatty acid elongation	8.77694167301e-06	0.00150751	ELOVL1|ELOVL3|ELOVL4|ELOVL7|TECR
 REACT:R-HSA-194068	Bile acid and bile salt metabolism	9.56944330288e-06	0.00150751	FABP6|HSD3B7|OSBPL3|OSBPL6|OSBPL7|OSBPL9
 REACT:R-HSA-5362517	Signaling by Retinoic Acid	9.56944330288e-06	0.00150751	CRABP1|CRABP2|FABP5|RDH11|RDH13|RDH14
 KEGG:hsa03320	PPAR signaling pathway	1.95456048908e-05	0.00288664	FABP1|FABP2|FABP3|FABP4|FABP5|FABP6|FABP7
 REACT:R-HSA-75105	Fatty Acyl-CoA Biosynthesis	3.65022594448e-05	0.00507381	ELOVL1|ELOVL3|ELOVL4|ELOVL7|TECR|TECRL
 REACT:R-HSA-192105	Synthesis of bile acids and bile salts	4.22570535338e-05	0.00554741	HSD3B7|OSBPL3|OSBPL6|OSBPL7|OSBPL9
 REACT:R-HSA-73923	"Lipid digestion mobilization and transport"	5.72636976254e-05	0.0071218	FABP1|FABP2|FABP3|FABP4|FABP5|FABP6|FABP7|FABP9
 KEGG:hsa04080	Neuroactive ligand-receptor interaction	9.2891026611e-05	0.0109751	ADORA3|AVPR2|HRH4|MC1R|MC3R|MC4R|NR3C1|PRLR|PTGER1|PTGER3|TBXA2R|TRPV1
 REACT:R-HSA-2453864	Retinoid cycle disease events	0.000123401811037	0.0126782	RBP1|RBP4|RLBP1
 REACT:R-HSA-2474795	Diseases associated with visual transduction	0.000123401811037	0.0126782	RBP1|RBP4|RLBP1
 REACT:R-HSA-391908	Prostanoid ligand receptors	0.000123401811037	0.0126782	PTGER1|PTGER3|TBXA2R
 REACT:R-HSA-5365859	RA biosynthesis pathway	0.000131360429667	0.0129335	CRABP1|RDH11|RDH13|RDH14
 REACT:R-HSA-975634	Retinoid metabolism and transport	0.000150231429375	0.0141999	LRAT|RBP1|RBP2|RBP4|RDH11
 REACT:R-HSA-193048	Androgen biosynthesis	0.000238284925686	0.0216564	SRD5A1|SRD5A2|SRD5A3
 REACT:R-HSA-75109	Triglyceride Biosynthesis	0.000354802254591	0.0305791	ELOVL1|ELOVL3|ELOVL4|ELOVL7|TECR|TECRL
 REACT:R-HSA-6806667	Metabolism of fat-soluble vitamins	0.000365060353489	0.0305791	LRAT|RBP1|RBP2|RBP4|RDH11
 REACT:R-HSA-373076	Class A/1 (Rhodopsin-like receptors)	0.000375283268336	0.0305791	ADORA3|ANXA1|AVPR2|GPR31|GRP|HRH4|MC1R|MC3R|MC4R|PTGER1|PTGER3|TBXA2R
 REACT:R-HSA-425561	Sodium/Calcium exchangers	0.000406028682535	0.0319815	SLC8A1|SLC8A2|SLC8A3
 REACT:R-HSA-196071	Metabolism of steroid hormones	0.000491852411576	0.0374918	CYP11B1|SRD5A1|SRD5A2|SRD5A3
 REACT:R-HSA-418359	Reduction of cytosolic Ca++ levels	0.000512370323919	0.0378353	SLC8A1|SLC8A2|SLC8A3
 REACT:R-HSA-391903	Eicosanoid ligand-binding receptors	0.00063502069023	0.0454713	PTGER1|PTGER3|TBXA2R
