 REACT:R-HSA-2453902	The canonical retinoid cycle in rods (twilight vision)	0.0	0	LRAT|RBP1|RBP3|RBP4|RDH11|RDH12|RDH8|RLBP1|RPE65
 KEGG:hsa_M00415	"Fatty acid biosynthesis elongation endoplasmic reticulum"	1.31121981051e-08	1.40033e-05	ELOVL1|ELOVL3|ELOVL4|ELOVL5|ELOVL7
 REACT:R-HSA-2187338	Visual phototransduction	1.77782627508e-08	1.40033e-05	LRAT|RBP1|RBP3|RBP4|RDH11|RDH12|RDH8|RLBP1|RPE65
 KEGG:hsa00062	Fatty acid elongation	5.09317316766e-07	0.000300879	ELOVL1|ELOVL3|ELOVL4|ELOVL5|ELOVL7
 REACT:R-HSA-75876	Synthesis of very long-chain fatty acyl-CoAs	9.27801561468e-07	0.000365526	ELOVL1|ELOVL3|ELOVL4|ELOVL5|ELOVL7
 REACT:R-HSA-383280	Nuclear Receptor transcription pathway	9.28124750499e-07	0.000365526	NR0B1|NR1I2|NR1I3|NR4A3|PGR|VDR
 KEGG:hsa00830	Retinol metabolism	3.95874574499e-06	0.00133636	LRAT|RDH11|RDH12|RDH8|RETSAT|RPE65
 REACT:R-HSA-216083	Integrin cell surface interactions	5.16487366009e-06	0.00152557	ITGB1|ITGB2|ITGB3|ITGB5|ITGB6|ITGB7
 REACT:R-HSA-5365859	RA biosynthesis pathway	1.37634537913e-05	0.00361367	CRABP1|RDH11|RDH13|RDH14
 REACT:R-HSA-2453864	Retinoid cycle disease events	2.21379046754e-05	0.00433395	RBP1|RBP4|RLBP1
 REACT:R-HSA-2474795	Diseases associated with visual transduction	2.21379046754e-05	0.00433395	RBP1|RBP4|RLBP1
 REACT:R-HSA-391908	Prostanoid ligand receptors	2.21379046754e-05	0.00433395	PTGER1|PTGER3|TBXA2R
 REACT:R-HSA-6806667	Metabolism of fat-soluble vitamins	2.38431214741e-05	0.00433395	GC|LRAT|RBP1|RBP4|RDH11
 REACT:R-HSA-75105	Fatty Acyl-CoA Biosynthesis	2.61423711503e-05	0.00441246	ELOVL1|ELOVL3|ELOVL4|ELOVL5|ELOVL7
 REACT:R-HSA-2046105	Linoleic acid (LA) metabolism	3.14763454627e-05	0.00495857	ELOVL1|ELOVL3|ELOVL5
 REACT:R-HSA-2129379	Molecules associated with elastic fibres	4.70005124907e-05	0.00694139	ITGB1|ITGB3|ITGB5|ITGB6
 REACT:R-HSA-192105	Synthesis of bile acids and bile salts	6.82494483002e-05	0.00948667	OSBPL3|OSBPL6|OSBPL7|OSBPL9
 KEGG:hsa05412	Arrhythmogenic right ventricular cardiomyopathy (ARVC)	0.000105517923856	0.0131158	ITGB1|ITGB3|ITGB5|ITGB6|ITGB7
 REACT:R-HSA-2046104	alpha-linolenic (omega3) and linoleic (omega6) acid metabolism	0.000116560423155	0.0131158	ELOVL1|ELOVL3|ELOVL5
 REACT:R-HSA-2046106	alpha-linolenic acid (ALA) metabolism	0.000116560423155	0.0131158	ELOVL1|ELOVL3|ELOVL5
 REACT:R-HSA-391903	Eicosanoid ligand-binding receptors	0.000116560423155	0.0131158	PTGER1|PTGER3|TBXA2R
 REACT:R-HSA-1566948	Elastic fibre formation	0.000158312622495	0.0170042	ITGB1|ITGB3|ITGB5|ITGB6
 REACT:R-HSA-194068	Bile acid and bile salt metabolism	0.000173686559427	0.0171009	OSBPL3|OSBPL6|OSBPL7|OSBPL9
 REACT:R-HSA-5362517	Signaling by Retinoic Acid	0.000173686559427	0.0171009	CRABP1|RDH11|RDH13|RDH14
 REACT:R-HSA-75109	Triglyceride Biosynthesis	0.000184571117466	0.017115	ELOVL1|ELOVL3|ELOVL4|ELOVL5|ELOVL7
 REACT:R-HSA-975634	Retinoid metabolism and transport	0.000190110472969	0.017115	LRAT|RBP1|RBP4|RDH11
 KEGG:hsa04512	ECM-receptor interaction	0.000195558365585	0.017115	ITGB1|ITGB3|ITGB5|ITGB6|ITGB7
 KEGG:hsa05410	Hypertrophic cardiomyopathy (HCM)	0.000207037789052	0.0174725	ITGB1|ITGB3|ITGB5|ITGB6|ITGB7
 REACT:R-HSA-162582	Signal Transduction	0.000225141631163	0.0183452	AVPR2|CRABP1|HRH4|ITGB1|ITGB3|KALRN|LRAT|MC3R|OR11L1|OR1E2|OR1F1|OR1N1|OR1S2|OR4C12|OR5AK2|OR7D2|OR8G1|PGR|PTGER1|PTGER3|RBP1|RBP3|RBP4|RDH11|RDH12|RDH13|RDH14|RDH8|RLBP1|RPE65|TBXA2R
 REACT:R-HSA-3000170	Syndecan interactions	0.000285229298152	0.0218831	ITGB1|ITGB3|ITGB5
 KEGG:hsa05414	Dilated cardiomyopathy	0.000287082977886	0.0218831	ITGB1|ITGB3|ITGB5|ITGB6|ITGB7
 KEGG:hsa04514	Cell adhesion molecules (CAMs)	0.000341874001586	0.0252453	CLDN11|CLDN2|ITGB1|ITGB2|ITGB7|OCLN
 KEGG:hsa04740	Olfactory transduction	0.000372889644211	0.0265276	OR11L1|OR1E2|OR1F1|OR1N1|OR1S2|OR4C12|OR5AK2|OR7D2|OR8G1|SLC8A3
 REACT:R-HSA-1482801	Acyl chain remodelling of PS	0.000381692374913	0.0265276	OSBPL10|OSBPL5|OSBPL8
 KEGG:hsa_M00154	Cytochrome c oxidase	0.000496945655329	0.0335509	COX7A1|COX7A2|COX7A2L
 REACT:R-HSA-3000178	ECM proteoglycans	0.000518696713501	0.0340467	ITGB1|ITGB3|ITGB5|ITGB6
 REACT:R-HSA-2187335	The retinoid cycle in cones (daylight vision)	0.000626006950062	0.0399798	RBP3|RLBP1
 REACT:R-HSA-556833	Metabolism of lipids and lipoproteins	0.000732452707288	0.045547	CDIPT|ELOVL1|ELOVL3|ELOVL4|ELOVL5|ELOVL7|OSBPL10|OSBPL3|OSBPL5|OSBPL6|OSBPL7|OSBPL8|OSBPL9|SRD5A2
 REACT:R-HSA-388396	GPCR downstream signaling	0.000763906457931	0.0462849	AVPR2|HRH4|KALRN|MC3R|OR11L1|OR1E2|OR1F1|OR1N1|OR1S2|OR4C12|OR5AK2|OR7D2|OR8G1|PTGER1|PTGER3|TBXA2R
