 KEGG:hsa05230	Central carbon metabolism in cancer	0.0	0	EGFR|ERBB2|FGFR1|FGFR2|FGFR3|FLT3|KIT|MET|NTRK1|NTRK3|RET
 REACT:R-HSA-162582	Signal Transduction	1.49015910722e-10	1.7405e-07	ANXA1|APH1A|APH1B|AR|AXL|EGFR|ERBB2|ERBB3|ERBB4|FES|FGFR1|FGFR2|FGFR3|FLT1|GRP|IL2RB|IRAK1|KALRN|KDR|KIT|LIMK2|MAP3K7|MET|MYH11|MYO7A|NR3C1|NTRK1|NTRK2|NUP107|OR11L1|OR13F1|OR1E2|OR1M1|OR1N1|OR3A3|OR4D10|OR7A5|OR7C2|OR8D1|PTGER3|PTK2|PTK2B|RDH11|RDH12|RDH13|RDH14|RET|ROR2|RYK|TEK
 REACT:R-HSA-449147	Signaling by Interleukins	2.20969353926e-10	1.7405e-07	ANXA1|EGFR|ERBB2|ERBB3|ERBB4|FGFR1|FGFR2|FGFR3|FLT3|IL22RA2|IL2RB|IL4R|IRAK1|IRAK3|IRAK4|KIT|MAP3K7|MET|PTK2|PTK2B|RET|TEK
 REACT:R-HSA-194138	Signaling by VEGF	2.04032846174e-09	1.19386e-06	AXL|EGFR|ERBB2|ERBB3|ERBB4|FGFR1|FGFR2|FGFR3|FLT1|IL2RB|KDR|KIT|MET|PTK2|PTK2B|RET|TEK
 REACT:R-HSA-2219530	Constitutive Signaling by Aberrant PI3K in Cancer	2.72484912411e-09	1.19386e-06	EGFR|ERBB2|ERBB3|ERBB4|FGFR1|FGFR2|FGFR3|KIT|MET
 REACT:R-HSA-422475	Axon guidance	3.0313935806e-09	1.19386e-06	APH1A|APH1B|EGFR|EPHA3|ERBB2|ERBB3|ERBB4|FES|FGFR1|FGFR2|FGFR3|IL2RB|KALRN|KDR|KIT|LIMK2|MET|MYH11|PTK2|RET|TEK
 REACT:R-HSA-1280215	Cytokine Signaling in Immune system	7.96258392555e-09	2.68794e-06	ANXA1|EGFR|ERBB2|ERBB3|ERBB4|FGFR1|FGFR2|FGFR3|FLT3|IL22RA2|IL2RB|IL4R|IRAK1|IRAK3|IRAK4|KIT|MAP3K7|MET|NUP107|PRLR|PTK2|PTK2B|RET|TEK
 REACT:R-HSA-166520	Signalling by NGF	9.83341330585e-09	2.87122e-06	APH1A|APH1B|EGFR|ERBB2|ERBB3|ERBB4|FGFR1|FGFR2|FGFR3|IL2RB|IRAK1|KALRN|KIT|MET|NTRK1|NTRK2|PTK2|RET|TEK
 REACT:R-HSA-4420097	VEGFA-VEGFR2 Pathway	1.0935679029e-08	2.87122e-06	AXL|EGFR|ERBB2|ERBB3|ERBB4|FGFR1|FGFR2|FGFR3|IL2RB|KDR|KIT|MET|PTK2|PTK2B|RET|TEK
 REACT:R-HSA-170984	ARMS-mediated activation	1.54911812267e-08	3.208e-06	EGFR|ERBB2|ERBB3|ERBB4|FGFR1|FGFR2|FGFR3|IL2RB|KIT|MET|NTRK1|PTK2|RET|TEK
 REACT:R-HSA-187706	Signalling to p38 via RIT and RIN	1.54911812267e-08	3.208e-06	EGFR|ERBB2|ERBB3|ERBB4|FGFR1|FGFR2|FGFR3|IL2RB|KIT|MET|NTRK1|PTK2|RET|TEK
 REACT:R-HSA-170968	Frs2-mediated activation	1.62911663049e-08	3.208e-06	EGFR|ERBB2|ERBB3|ERBB4|FGFR1|FGFR2|FGFR3|IL2RB|KIT|MET|NTRK1|PTK2|RET|TEK
 REACT:R-HSA-169893	Prolonged ERK activation events	1.80375515635e-08	3.27867e-06	EGFR|ERBB2|ERBB3|ERBB4|FGFR1|FGFR2|FGFR3|IL2RB|KIT|MET|NTRK1|PTK2|RET|TEK
 REACT:R-HSA-167044	Signalling to RAS	2.20124786177e-08	3.71539e-06	EGFR|ERBB2|ERBB3|ERBB4|FGFR1|FGFR2|FGFR3|IL2RB|KIT|MET|NTRK1|PTK2|RET|TEK
 REACT:R-HSA-5218921	VEGFR2 mediated cell proliferation	2.42921771587e-08	3.82683e-06	EGFR|ERBB2|ERBB3|ERBB4|FGFR1|FGFR2|FGFR3|IL2RB|KDR|KIT|MET|PTK2|RET|TEK
 REACT:R-HSA-451927	Interleukin-2 signaling	2.94890729613e-08	4.30552e-06	EGFR|ERBB2|ERBB3|ERBB4|FGFR1|FGFR2|FGFR3|IL2RB|KIT|MET|PTK2|PTK2B|RET|TEK
 REACT:R-HSA-187687	Signalling to ERKs	3.09749593752e-08	4.30552e-06	EGFR|ERBB2|ERBB3|ERBB4|FGFR1|FGFR2|FGFR3|IL2RB|KIT|MET|NTRK1|PTK2|RET|TEK
 REACT:R-HSA-6811558	"PI5P PP2A and IER3 Regulate PI3K/AKT Signaling"	3.78186416627e-08	4.96475e-06	EGFR|ERBB2|ERBB3|ERBB4|FGFR1|FGFR2|FGFR3|KIT|MET
 REACT:R-HSA-2219528	PI3K/AKT Signaling in Cancer	5.10194863024e-08	6.34521e-06	EGFR|ERBB2|ERBB3|ERBB4|FGFR1|FGFR2|FGFR3|KIT|MET
 REACT:R-HSA-199418	Negative regulation of the PI3K/AKT network	7.48121445904e-08	8.83905e-06	EGFR|ERBB2|ERBB3|ERBB4|FGFR1|FGFR2|FGFR3|KIT|MET
 REACT:R-HSA-198203	PI3K/AKT activation	9.58802632844e-08	9.53105e-06	EGFR|ERBB2|ERBB3|ERBB4|FGFR1|FGFR2|FGFR3|KIT|MET|NTRK1
 REACT:R-HSA-112412	SOS-mediated signalling	1.04415139091e-07	9.53105e-06	EGFR|ERBB2|ERBB3|ERBB4|FGFR1|FGFR2|FGFR3|IL2RB|KIT|MET|PTK2|RET|TEK
 REACT:R-HSA-179812	GRB2 events in EGFR signaling	1.04415139091e-07	9.53105e-06	EGFR|ERBB2|ERBB3|ERBB4|FGFR1|FGFR2|FGFR3|IL2RB|KIT|MET|PTK2|RET|TEK
 REACT:R-HSA-180336	SHC1 events in EGFR signaling	1.04415139091e-07	9.53105e-06	EGFR|ERBB2|ERBB3|ERBB4|FGFR1|FGFR2|FGFR3|IL2RB|KIT|MET|PTK2|RET|TEK
 REACT:R-HSA-5673001	RAF/MAP kinase cascade	1.04415139091e-07	9.53105e-06	EGFR|ERBB2|ERBB3|ERBB4|FGFR1|FGFR2|FGFR3|IL2RB|KIT|MET|PTK2|RET|TEK
 REACT:R-HSA-5683057	MAPK family signaling cascades	1.04869787743e-07	9.53105e-06	EGFR|ERBB2|ERBB3|ERBB4|FGFR1|FGFR2|FGFR3|IL2RB|KALRN|KIT|MET|PTK2|RET|TEK
 REACT:R-HSA-5684996	MAPK1/MAPK3 signaling	1.38403019934e-07	1.21128e-05	EGFR|ERBB2|ERBB3|ERBB4|FGFR1|FGFR2|FGFR3|IL2RB|KIT|MET|PTK2|RET|TEK
 REACT:R-HSA-2586552	Signaling by Leptin	1.517797944e-07	1.28091e-05	EGFR|ERBB2|ERBB3|ERBB4|FGFR1|FGFR2|FGFR3|IL2RB|KIT|MET|PTK2|RET|TEK
 REACT:R-HSA-912526	Interleukin receptor SHC signaling	1.66280591518e-07	1.3549e-05	EGFR|ERBB2|ERBB3|ERBB4|FGFR1|FGFR2|FGFR3|IL2RB|KIT|MET|PTK2|RET|TEK
 KEGG:hsa01521	EGFR tyrosine kinase inhibitor resistance	2.65785305653e-07	2.0935e-05	AXL|EGFR|ERBB2|ERBB3|FGFR2|FGFR3|KDR|MET
 REACT:R-HSA-8853659	RET signaling	3.21546951842e-07	2.40233e-05	EGFR|ERBB2|ERBB3|ERBB4|FGFR1|FGFR2|FGFR3|IL2RB|KIT|MET|PTK2|RET|TEK
 REACT:R-HSA-2871796	FCERI mediated MAPK activation	3.35492849279e-07	2.40233e-05	EGFR|ERBB2|ERBB3|ERBB4|FGFR1|FGFR2|FGFR3|IL2RB|KIT|MET|PTK2|RET|TEK
 REACT:R-HSA-512988	"Interleukin-3 5 and GM-CSF signaling"	3.35492849279e-07	2.40233e-05	EGFR|ERBB2|ERBB3|ERBB4|FGFR1|FGFR2|FGFR3|IL2RB|KIT|MET|PTK2|RET|TEK
 REACT:R-HSA-375165	NCAM signaling for neurite out-growth	4.13567346924e-07	2.87429e-05	EGFR|ERBB2|ERBB3|ERBB4|FGFR1|FGFR2|FGFR3|IL2RB|KIT|MET|PTK2|RET|TEK
 REACT:R-HSA-187037	NGF signalling via TRKA from the plasma membrane	6.0638011401e-07	4.09393e-05	EGFR|ERBB2|ERBB3|ERBB4|FGFR1|FGFR2|FGFR3|IL2RB|KIT|MET|NTRK1|NTRK2|PTK2|RET|TEK
 REACT:R-HSA-881907	Gastrin-CREB signalling pathway via PKC and MAPK	6.30346557173e-07	4.13752e-05	ANXA1|EGFR|ERBB2|ERBB3|ERBB4|FGFR1|FGFR2|FGFR3|GRP|IL2RB|KALRN|KIT|MET|PTK2|RET|TEK
 REACT:R-HSA-1433557	Signaling by SCF-KIT	6.54941200273e-07	4.18277e-05	EGFR|ERBB2|ERBB3|ERBB4|FES|FGFR1|FGFR2|FGFR3|IL2RB|KIT|MET|PTK2|RET|TEK
 REACT:R-HSA-112399	IRS-mediated signalling	8.47598516152e-07	5.27072e-05	EGFR|ERBB2|ERBB3|ERBB4|FGFR1|FGFR2|FGFR3|IL2RB|KIT|MET|PTK2|RET|TEK
 REACT:R-HSA-1257604	PIP3 activates AKT signaling	8.71517079282e-07	5.2805e-05	EGFR|ERBB2|ERBB3|ERBB4|FGFR1|FGFR2|FGFR3|KIT|MET
 REACT:R-HSA-74751	Insulin receptor signalling cascade	9.5038162029e-07	5.55325e-05	EGFR|ERBB2|ERBB3|ERBB4|FGFR1|FGFR2|FGFR3|IL2RB|KIT|MET|PTK2|RET|TEK
 REACT:R-HSA-2428924	IGF1R signaling cascade	9.87035265521e-07	5.55325e-05	EGFR|ERBB2|ERBB3|ERBB4|FGFR1|FGFR2|FGFR3|IL2RB|KIT|MET|PTK2|RET|TEK
 REACT:R-HSA-2428928	IRS-related events triggered by IGF1R	9.87035265521e-07	5.55325e-05	EGFR|ERBB2|ERBB3|ERBB4|FGFR1|FGFR2|FGFR3|IL2RB|KIT|MET|PTK2|RET|TEK
 REACT:R-HSA-2404192	Signaling by Type 1 Insulin-like Growth Factor 1 Receptor (IGF1R)	1.02495202048e-06	5.63247e-05	EGFR|ERBB2|ERBB3|ERBB4|FGFR1|FGFR2|FGFR3|IL2RB|KIT|MET|PTK2|RET|TEK
 REACT:R-HSA-180292	GAB1 signalosome	1.06465623662e-06	5.71769e-05	EGFR|ERBB2|ERBB3|ERBB4|FGFR1|FGFR2|FGFR3|KIT|MET
 REACT:R-HSA-2682334	EPH-Ephrin signaling	1.11130205105e-06	5.83557e-05	APH1A|APH1B|EPHA3|KALRN|KDR|LIMK2|MYH11|PTK2
 KEGG:hsa04144	Endocytosis	1.4813304452e-06	7.60953e-05	EGFR|ERBB3|ERBB4|FGFR2|FGFR3|FLT1|IL2RB|KDR|KIT|MET|NTRK1|RET
 REACT:R-HSA-2730905	Role of LAT2/NTAL/LAB on calcium mobilization	1.88216564323e-06	9.46289e-05	EGFR|ERBB2|ERBB3|ERBB4|FGFR1|FGFR2|FGFR3|KIT|MET
 REACT:R-HSA-74752	Signaling by Insulin receptor	2.34355968087e-06	0.000114834	EGFR|ERBB2|ERBB3|ERBB4|FGFR1|FGFR2|FGFR3|IL2RB|KIT|MET|PTK2|RET|TEK
 KEGG:hsa04020	Calcium signaling pathway	2.38124113405e-06	0.000114834	EGFR|ERBB2|ERBB3|ERBB4|PPP3R2|PTGER3|PTK2B|SLC8A1|SLC8A2|SLC8A3
 REACT:R-HSA-2454202	Fc epsilon receptor (FCERI) signaling	2.55452715059e-06	0.000120727	EGFR|ERBB2|ERBB3|ERBB4|FGFR1|FGFR2|FGFR3|IL2RB|KIT|MAP3K7|MET|PTK2|RET|TEK
 KEGG:hsa_M00415	"Fatty acid biosynthesis elongation endoplasmic reticulum"	2.9868221556e-06	0.000135728	ELOVL1|ELOVL3|ELOVL4|ELOVL7
 REACT:R-HSA-8847993	ERBB2 Activates PTK6 Signaling	2.9868221556e-06	0.000135728	EGFR|ERBB2|ERBB3|ERBB4
 REACT:R-HSA-6785631	ERBB2 Regulates Cell Motility	4.15499348172e-06	0.00018525	EGFR|ERBB2|ERBB3|ERBB4
 KEGG:hsa04151	PI3K-Akt signaling pathway	4.40280935876e-06	0.000192664	EGFR|FGFR1|FGFR2|FGFR3|FLT1|IL2RB|IL4R|KDR|KIT|MET|PRLR|PTK2|TEK
 REACT:R-HSA-1168372	Downstream signaling events of B Cell Receptor (BCR)	5.08793878284e-06	0.000218596	EGFR|ERBB2|ERBB3|ERBB4|FGFR1|FGFR2|FGFR3|KIT|MAP3K7|MET
 REACT:R-HSA-186763	Downstream signal transduction	6.22036316555e-06	0.000262477	EGFR|ERBB2|ERBB3|ERBB4|FGFR1|FGFR2|FGFR3|IL2RB|KIT|MET|PTK2|RET|TEK
 REACT:R-HSA-2424491	DAP12 signaling	7.0299755579e-06	0.000291436	EGFR|ERBB2|ERBB3|ERBB4|FGFR1|FGFR2|FGFR3|IL2RB|KIT|MET|PTK2|RET|TEK
 REACT:R-HSA-372790	Signaling by GPCR	7.45315629658e-06	0.000298742	ANXA1|EGFR|ERBB2|ERBB3|ERBB4|FGFR1|FGFR2|FGFR3|GRP|IL2RB|KALRN|KIT|MET|OR11L1|OR13F1|OR1E2|OR1M1|OR1N1|OR3A3|OR4D10|OR7A5|OR7C2|OR8D1|PTGER3|PTK2|RET|TEK
 REACT:R-HSA-1963642	PI3K events in ERBB2 signaling	7.45908020383e-06	0.000298742	EGFR|ERBB2|ERBB3|ERBB4
 REACT:R-HSA-177929	Signaling by EGFR	8.9336499306e-06	0.000351837	EGFR|ERBB2|ERBB3|ERBB4|FGFR1|FGFR2|FGFR3|IL2RB|KIT|MET|PTK2|RET|TEK
 REACT:R-HSA-2172127	DAP12 interactions	1.09590261668e-05	0.000424528	EGFR|ERBB2|ERBB3|ERBB4|FGFR1|FGFR2|FGFR3|IL2RB|KIT|MET|PTK2|RET|TEK
 REACT:R-HSA-186797	Signaling by PDGF	1.26438486678e-05	0.000481894	EGFR|ERBB2|ERBB3|ERBB4|FGFR1|FGFR2|FGFR3|IL2RB|KIT|MET|PTK2|RET|TEK
 KEGG:hsa04060	Cytokine-cytokine receptor interaction	1.36911971729e-05	0.000513529	EGFR|FLT1|FLT3|IL21R|IL22RA2|IL2RB|IL4R|KDR|KIT|MET|PRLR
 KEGG:hsa04014	Ras signaling pathway	1.76648819017e-05	0.000652221	EGFR|FGFR1|FGFR2|FGFR3|FLT1|KDR|KIT|MET|TEK|ZAP70
 KEGG:hsa05200	Pathways in cancer	2.13153573586e-05	0.000774895	AR|EGFR|ERBB2|FGFR1|FGFR2|FGFR3|FLT3|KIT|MET|NTRK1|PTGER3|PTK2|RET
 REACT:R-HSA-983705	Signaling by the B Cell Receptor (BCR)	2.29612676845e-05	0.000822083	EGFR|ERBB2|ERBB3|ERBB4|FGFR1|FGFR2|FGFR3|KIT|MAP3K7|MET
 REACT:R-HSA-1236394	Signaling by ERBB4	2.63637755393e-05	0.000929815	APH1A|APH1B|EGFR|ERBB3|ERBB4
 REACT:R-HSA-1250196	SHC1 events in ERBB2 signaling	2.88581162027e-05	0.00100282	EGFR|ERBB2|ERBB3|ERBB4
 KEGG:hsa04740	Olfactory transduction	3.75413264144e-05	0.00128565	OR11L1|OR13F1|OR1E2|OR1M1|OR1N1|OR3A3|OR4D10|OR7A5|OR7C2|OR8D1|SLC8A1|SLC8A2|SLC8A3
 KEGG:hsa00062	Fatty acid elongation	4.89633893577e-05	0.00165286	ELOVL1|ELOVL3|ELOVL4|ELOVL7
 KEGG:hsa04015	Rap1 signaling pathway	5.88913988592e-05	0.00196001	EGFR|FGFR1|FGFR2|FGFR3|FLT1|KDR|KIT|MET|TEK
 REACT:R-HSA-400685	Sema4D in semaphorin signaling	6.70726675491e-05	0.00220129	ERBB2|LIMK2|MET|MYH11
 REACT:R-HSA-75876	Synthesis of very long-chain fatty acyl-CoAs	7.77565465757e-05	0.00251697	ELOVL1|ELOVL3|ELOVL4|ELOVL7
 REACT:R-HSA-8863795	Downregulation of ERBB2 signaling	0.000102762315667	0.00328145	EGFR|ERBB2|ERBB3|ERBB4
 REACT:R-HSA-425561	Sodium/Calcium exchangers	0.000148384623761	0.0046751	SLC8A1|SLC8A2|SLC8A3
 REACT:R-HSA-1266738	Developmental Biology	0.00015545218089	0.00483334	APH1A|APH1B|EGFR|EPHA3|ERBB2|ERBB3|ERBB4|FES|FGFR1|FGFR2|FGFR3|IL2RB|KALRN|KDR|KIT|LIMK2|MET|MYH11|PTK2|RET|TEK
 REACT:R-HSA-3928663	EPHA-mediated growth cone collapse	0.000169545421108	0.00520306	EPHA3|KDR|MYH11|PTK2
 REACT:R-HSA-418359	Reduction of cytosolic Ca++ levels	0.000187719932126	0.00568695	SLC8A1|SLC8A2|SLC8A3
 REACT:R-HSA-8848021	Signaling by PTK6	0.000226144504109	0.0067643	EGFR|ERBB2|ERBB3|ERBB4|NR3C1
 KEGG:hsa_M00686	Toll-like receptor signaling	0.000233242450845	0.00685064	IRAK1|IRAK4|MAP3K7
 REACT:R-HSA-5663202	Diseases of signal transduction	0.000234829474168	0.00685064	APH1A|APH1B|EGFR|ERBB2|ERBB3|ERBB4|FGFR1|FGFR2|FGFR3|KIT|MET
 REACT:R-HSA-373755	Semaphorin interactions	0.000242506712504	0.00698833	ERBB2|FES|LIMK2|MET|MYH11
 KEGG:hsa05205	Proteoglycans in cancer	0.000273971798788	0.00779994	EGFR|ERBB2|ERBB3|ERBB4|FGFR1|KDR|MET|PTK2
 REACT:R-HSA-1963640	GRB2 events in ERBB2 signaling	0.000285346285222	0.00793263	EGFR|ERBB2|ERBB4
 REACT:R-HSA-8866910	TFAP2 (AP-2) family regulates transcription of growth factors and their receptors	0.000285346285222	0.00793263	EGFR|ERBB2|KIT
 KEGG:hsa04520	Adherens junction	0.000317125428462	0.00871357	EGFR|ERBB2|FGFR1|MAP3K7|MET
 REACT:R-HSA-1251932	PLCG1 events in ERBB2 signaling	0.00040314125292	0.0108253	EGFR|ERBB2
 REACT:R-HSA-194306	Neurophilin interactions with VEGF and VEGFR	0.00040314125292	0.0108253	FLT1|KDR
 KEGG:hsa04722	Neurotrophin signaling pathway	0.000451507343819	0.0119878	IRAK1|IRAK3|IRAK4|NTRK1|NTRK2|NTRK3
 REACT:R-HSA-446652	Interleukin-1 signaling	0.00055296177793	0.0145183	IRAK1|IRAK3|IRAK4|MAP3K7
 KEGG:hsa04360	Axon guidance	0.000612131700195	0.0158952	EPHA3|FES|LIMK2|MET|PPP3R2|PTK2|RYK
 REACT:R-HSA-1306955	GRB7 events in ERBB2 signaling	0.000668272362642	0.0169799	ERBB2|ERBB3
 REACT:R-HSA-187024	NGF-independant TRKA activation	0.000668272362642	0.0169799	NTRK1|NTRK2
 KEGG:hsa05202	Transcriptional misregulation in cancer	0.000700024315209	0.0175974	FLT1|FLT3|IL2RB|MET|NR4A3|NTRK1|PTK2
 KEGG:hsa04012	ErbB signaling pathway	0.00072062096498	0.0179245	EGFR|ERBB2|ERBB3|ERBB4|PTK2
 KEGG:hsa05215	Prostate cancer	0.000759607303882	0.0185365	AR|EGFR|ERBB2|FGFR1|FGFR2
 REACT:R-HSA-1227986	Signaling by ERBB2	0.000760913048089	0.0185365	EGFR|ERBB2|ERBB3|ERBB4
 REACT:R-HSA-383280	Nuclear Receptor transcription pathway	0.000820475084438	0.0197835	AR|NR3C1|NR3C2|NR4A3
 REACT:R-HSA-2453902	The canonical retinoid cycle in rods (twilight vision)	0.000865255329451	0.0202435	MYO7A|RDH11|RDH12
 REACT:R-HSA-389977	Post-chaperonin tubulin folding pathway	0.000865255329451	0.0202435	TUBA4A|TUBAL3|TUBB1
 REACT:R-HSA-5365859	RA biosynthesis pathway	0.000865255329451	0.0202435	RDH11|RDH13|RDH14
 KEGG:hsa_M00154	Cytochrome c oxidase	0.000982950231576	0.0225506	COX7A1|COX7A2|COX7A2L
 REACT:R-HSA-416572	Sema4D induced cell migration and growth-cone collapse	0.000982950231576	0.0225506	ERBB2|LIMK2|MYH11
 REACT:R-HSA-187015	Activation of TRKA receptors	0.000996996733631	0.0226529	NTRK1|NTRK2
 REACT:R-HSA-75105	Fatty Acyl-CoA Biosynthesis	0.00101884660581	0.0229289	ELOVL1|ELOVL3|ELOVL4|ELOVL7
 REACT:R-HSA-1251985	Nuclear signaling by ERBB4	0.00111031207501	0.0247516	APH1A|APH1B|ERBB4
 KEGG:hsa04010	MAPK signaling pathway	0.00123090527125	0.0271835	EGFR|FGFR1|FGFR2|FGFR3|MAP3K7|NTRK1|NTRK2|PPP3R2
 REACT:R-HSA-389960	Formation of tubulin folding intermediates by CCT/TriC	0.00124763541942	0.0272978	TUBA4A|TUBAL3|TUBB1
 REACT:R-HSA-194313	VEGF ligand-receptor interactions	0.00184103828727	0.0395488	FLT1|KDR
 REACT:R-HSA-195399	VEGF binds to VEGFR leading to receptor dimerization	0.00184103828727	0.0395488	FLT1|KDR
 KEGG:hsa04659	Th17 cell differentiation	0.00191941002826	0.040861	IL21R|IL2RB|IL4R|PPP3R2|ZAP70
 REACT:R-HSA-418360	Platelet calcium homeostasis	0.00209335794378	0.0441661	SLC8A1|SLC8A2|SLC8A3
