 KEGG:hsa04740	Olfactory transduction	0.0	0	CNGB1|OR10G3|OR10G4|OR10G8|OR10G9|OR10H1|OR10H4|OR10J3|OR10T2|OR11A1|OR11L1|OR12D3|OR13F1|OR14A16|OR14I1|OR14J1|OR1A1|OR1A2|OR1C1|OR1D5|OR1E1|OR1E2|OR1J1|OR1J4|OR1K1|OR1L1|OR1L4|OR1M1|OR1N1|OR2A12|OR2A14|OR2B6|OR2G3|OR2G6|OR2S2|OR2T10|OR2T12|OR2T2|OR2T33|OR2W3|OR3A3|OR4B1|OR4C3|OR4D1|OR4D10|OR4D9|OR4F17|OR4K15|OR4K2|OR4L1|OR4M1|OR4N5|OR4S1|OR4X2|OR52E2|OR56A3|OR5A2|OR5AP2|OR5AS1|OR5B12|OR5D13|OR5I1|OR5M9|OR5R1|OR6C3|OR6C4|OR6C6|OR6C70|OR6S1|OR6V1|OR6X1|OR7A10|OR7A5|OR7C1|OR7C2|OR7D2|OR7D4|OR8D1|OR8G1|OR8G5|OR8H1|OR8H3|OR9A4
 REACT:R-HSA-162582	Signal Transduction	0.0	0	ADORA3|ARHGAP17|B4GALT1|CNGB1|FGFR1|FGFR2|FGFR3|FUZ|GNAS|IRAK1|MAP3K7|MYH11|MYH14|MYH9|MYO7A|OR10G3|OR10G4|OR10G8|OR10G9|OR10H1|OR10H4|OR10J3|OR10T2|OR11A1|OR11L1|OR12D3|OR13F1|OR14A16|OR14I1|OR14J1|OR1A1|OR1A2|OR1C1|OR1D5|OR1E1|OR1E2|OR1J1|OR1J4|OR1K1|OR1L1|OR1L4|OR1M1|OR1N1|OR2A12|OR2A14|OR2B6|OR2G3|OR2G6|OR2S2|OR2T10|OR2T12|OR2T2|OR2T33|OR2T35|OR2W3|OR3A3|OR4B1|OR4C3|OR4D1|OR4D10|OR4D9|OR4F17|OR4K15|OR4K2|OR4L1|OR4M1|OR4N5|OR4S1|OR4X2|OR52E2|OR56A3|OR5A2|OR5AP2|OR5AS1|OR5B12|OR5D13|OR5I1|OR5M9|OR5R1|OR6C3|OR6C4|OR6C6|OR6C70|OR6S1|OR6V1|OR6X1|OR7A10|OR7A5|OR7C1|OR7C2|OR7D2|OR7D4|OR8D1|OR8G1|OR8G5|OR8H1|OR8H3|OR9A4|PRKAB1|PRKAB2|RDH11|RDH12|RDH13|RDH14|RDH8|STAT6
 REACT:R-HSA-372790	Signaling by GPCR	0.0	0	ADORA3|FGFR1|FGFR2|FGFR3|GNAS|OR10G3|OR10G4|OR10G8|OR10G9|OR10H1|OR10H4|OR10J3|OR10T2|OR11A1|OR11L1|OR12D3|OR13F1|OR14A16|OR14I1|OR14J1|OR1A1|OR1A2|OR1C1|OR1D5|OR1E1|OR1E2|OR1J1|OR1J4|OR1K1|OR1L1|OR1L4|OR1M1|OR1N1|OR2A12|OR2A14|OR2B6|OR2G3|OR2G6|OR2S2|OR2T10|OR2T12|OR2T2|OR2T33|OR2T35|OR2W3|OR3A3|OR4B1|OR4C3|OR4D1|OR4D10|OR4D9|OR4F17|OR4K15|OR4K2|OR4L1|OR4M1|OR4N5|OR4S1|OR4X2|OR52E2|OR56A3|OR5A2|OR5AP2|OR5AS1|OR5B12|OR5D13|OR5I1|OR5M9|OR5R1|OR6C3|OR6C4|OR6C6|OR6C70|OR6S1|OR6V1|OR6X1|OR7A10|OR7A5|OR7C1|OR7C2|OR7D2|OR7D4|OR8D1|OR8G1|OR8G5|OR8H1|OR8H3|OR9A4
 REACT:R-HSA-381753	Olfactory Signaling Pathway	0.0	0	OR10G3|OR10G4|OR10G8|OR10G9|OR10H1|OR10H4|OR10J3|OR10T2|OR11A1|OR11L1|OR12D3|OR13F1|OR14A16|OR14I1|OR14J1|OR1A1|OR1A2|OR1C1|OR1D5|OR1E1|OR1E2|OR1J1|OR1J4|OR1K1|OR1L1|OR1L4|OR1M1|OR1N1|OR2A12|OR2A14|OR2B6|OR2G3|OR2G6|OR2S2|OR2T10|OR2T12|OR2T2|OR2T33|OR2T35|OR2W3|OR3A3|OR4B1|OR4C3|OR4D1|OR4D10|OR4D9|OR4F17|OR4K15|OR4K2|OR4L1|OR4M1|OR4N5|OR4S1|OR4X2|OR52E2|OR56A3|OR5A2|OR5AP2|OR5AS1|OR5B12|OR5D13|OR5I1|OR5M9|OR5R1|OR6C3|OR6C4|OR6C6|OR6C70|OR6S1|OR6V1|OR6X1|OR7A10|OR7A5|OR7C1|OR7C2|OR7D2|OR7D4|OR8D1|OR8G1|OR8G5|OR8H1|OR8H3|OR9A4
 REACT:R-HSA-388396	GPCR downstream signaling	0.0	0	ADORA3|GNAS|OR10G3|OR10G4|OR10G8|OR10G9|OR10H1|OR10H4|OR10J3|OR10T2|OR11A1|OR11L1|OR12D3|OR13F1|OR14A16|OR14I1|OR14J1|OR1A1|OR1A2|OR1C1|OR1D5|OR1E1|OR1E2|OR1J1|OR1J4|OR1K1|OR1L1|OR1L4|OR1M1|OR1N1|OR2A12|OR2A14|OR2B6|OR2G3|OR2G6|OR2S2|OR2T10|OR2T12|OR2T2|OR2T33|OR2T35|OR2W3|OR3A3|OR4B1|OR4C3|OR4D1|OR4D10|OR4D9|OR4F17|OR4K15|OR4K2|OR4L1|OR4M1|OR4N5|OR4S1|OR4X2|OR52E2|OR56A3|OR5A2|OR5AP2|OR5AS1|OR5B12|OR5D13|OR5I1|OR5M9|OR5R1|OR6C3|OR6C4|OR6C6|OR6C70|OR6S1|OR6V1|OR6X1|OR7A10|OR7A5|OR7C1|OR7C2|OR7D2|OR7D4|OR8D1|OR8G1|OR8G5|OR8H1|OR8H3|OR9A4
 REACT:R-HSA-1445148	Translocation of GLUT4 to the plasma membrane	1.44827068349e-06	0.000570377	MYH13|MYH15|MYH2|MYH3|MYH8|MYO1C|MYO5A|PRKAB1|PRKAB2
 KEGG:hsa04530	Tight junction	2.21047678339e-06	0.000746194	ARHGAP17|MYH11|MYH13|MYH14|MYH15|MYH2|MYH3|MYH8|MYH9|PRKAB1|PRKAB2|RUNX1|TUBA4A|TUBAL3
 KEGG:hsa00240	Pyrimidine metabolism	0.000102398138116	0.0302459	CMPK1|DCK|DUT|POLR3H|RRM1|TK2|TYMS|UCKL1|UPRT
 REACT:R-HSA-1834941	STING mediated induction of host immune responses	0.000154949458267	0.0406828	NLRC3|NLRP4|STAT6|TREX1
