 REACT:R-HSA-1839126	FGFR2 mutant receptor activation	0.0	0	FGF1|FGF10|FGF16|FGF17|FGF18|FGF2|FGF20|FGF22|FGF23|FGF3|FGF4|FGF5|FGF6|FGF7|FGF8|FGF9
 REACT:R-HSA-190241	FGFR2 ligand binding and activation	0.0	0	FGF1|FGF10|FGF16|FGF17|FGF18|FGF2|FGF20|FGF22|FGF23|FGF3|FGF4|FGF5|FGF6|FGF7|FGF8|FGF9
 REACT:R-HSA-190242	FGFR1 ligand binding and activation	0.0	0	FGF1|FGF10|FGF17|FGF2|FGF20|FGF22|FGF23|FGF3|FGF4|FGF5|FGF6|FGF8|FGF9
 REACT:R-HSA-190322	FGFR4 ligand binding and activation	0.0	0	FGF1|FGF16|FGF17|FGF18|FGF19|FGF2|FGF20|FGF23|FGF4|FGF6|FGF8|FGF9
 REACT:R-HSA-2033519	Activated point mutants of FGFR2	0.0	0	FGF1|FGF10|FGF16|FGF17|FGF18|FGF2|FGF20|FGF22|FGF23|FGF3|FGF4|FGF5|FGF6|FGF7|FGF8|FGF9
 REACT:R-HSA-2219528	PI3K/AKT Signaling in Cancer	0.0	0	CD28|FGF1|FGF10|FGF16|FGF17|FGF18|FGF19|FGF2|FGF20|FGF22|FGF23|FGF3|FGF4|FGF5|FGF6|FGF7|FGF8|FGF9|HBEGF|NRG1|NRG4|PIK3AP1
 REACT:R-HSA-5654219	Phospholipase C-mediated cascade: FGFR1	0.0	0	FGF1|FGF10|FGF17|FGF2|FGF20|FGF22|FGF23|FGF3|FGF4|FGF5|FGF6|FGF8|FGF9
 REACT:R-HSA-5654221	Phospholipase C-mediated cascade; FGFR2	0.0	0	FGF1|FGF10|FGF16|FGF17|FGF18|FGF2|FGF20|FGF22|FGF23|FGF3|FGF4|FGF5|FGF6|FGF7|FGF8|FGF9
 REACT:R-HSA-5654687	Downstream signaling of activated FGFR1	0.0	0	FGF1|FGF10|FGF17|FGF2|FGF20|FGF22|FGF23|FGF3|FGF4|FGF5|FGF6|FGF8|FGF9|FLRT1|FLRT2|FLRT3
 REACT:R-HSA-5654693	FRS-mediated FGFR1 signaling	0.0	0	FGF1|FGF10|FGF17|FGF2|FGF20|FGF22|FGF23|FGF3|FGF4|FGF5|FGF6|FGF8|FGF9
 REACT:R-HSA-5654695	PI-3K cascade:FGFR2	0.0	0	FGF1|FGF10|FGF16|FGF17|FGF18|FGF2|FGF20|FGF22|FGF23|FGF3|FGF4|FGF5|FGF6|FGF7|FGF8|FGF9
 REACT:R-HSA-5654699	SHC-mediated cascade:FGFR2	0.0	0	FGF1|FGF10|FGF16|FGF17|FGF18|FGF2|FGF20|FGF22|FGF23|FGF3|FGF4|FGF5|FGF6|FGF7|FGF8|FGF9
 REACT:R-HSA-5654712	FRS-mediated FGFR4 signaling	0.0	0	FGF1|FGF16|FGF17|FGF18|FGF19|FGF2|FGF20|FGF23|FGF4|FGF6|FGF8|FGF9
 REACT:R-HSA-5654719	SHC-mediated cascade:FGFR4	0.0	0	FGF1|FGF16|FGF17|FGF18|FGF19|FGF2|FGF20|FGF23|FGF4|FGF6|FGF8|FGF9
 REACT:R-HSA-5654720	PI-3K cascade:FGFR4	0.0	0	FGF1|FGF16|FGF17|FGF18|FGF19|FGF2|FGF20|FGF23|FGF4|FGF6|FGF8|FGF9
 REACT:R-HSA-6811558	"PI5P PP2A and IER3 Regulate PI3K/AKT Signaling"	0.0	0	CD28|FGF1|FGF10|FGF16|FGF17|FGF18|FGF19|FGF2|FGF20|FGF22|FGF23|FGF3|FGF4|FGF5|FGF6|FGF7|FGF8|FGF9|HBEGF|NRG1|NRG4|PIK3AP1
 REACT:R-HSA-1839122	Signaling by activated point mutants of FGFR1	2.91766610871e-13	4.05556e-11	FGF1|FGF17|FGF2|FGF20|FGF23|FGF4|FGF5|FGF6|FGF8|FGF9
 REACT:R-HSA-5654704	SHC-mediated cascade:FGFR3	1.09134923321e-12	1.35729e-10	FGF1|FGF16|FGF17|FGF18|FGF2|FGF20|FGF23|FGF4|FGF5|FGF8|FGF9
 REACT:R-HSA-5654710	PI-3K cascade:FGFR3	1.09134923321e-12	1.35729e-10	FGF1|FGF16|FGF17|FGF18|FGF2|FGF20|FGF23|FGF4|FGF5|FGF8|FGF9
 KEGG:hsa05218	Melanoma	1.88382642818e-12	2.22574e-10	FGF1|FGF10|FGF11|FGF12|FGF13|FGF14|FGF16|FGF17|FGF18|FGF19|FGF2|FGF20|FGF21|FGF22|FGF23|FGF3|FGF4|FGF5|FGF6|FGF7|FGF8|FGF9
 REACT:R-HSA-5655253	Signaling by FGFR2 in disease	3.50786066861e-12	3.90222e-10	FGF1|FGF10|FGF16|FGF17|FGF18|FGF2|FGF20|FGF22|FGF23|FGF3|FGF4|FGF5|FGF6|FGF7|FGF8|FGF9
 REACT:R-HSA-5654688	SHC-mediated cascade:FGFR1	3.79818398955e-12	3.90222e-10	FGF1|FGF10|FGF17|FGF2|FGF20|FGF22|FGF23|FGF3|FGF4|FGF5|FGF6|FGF8|FGF9
 REACT:R-HSA-5654689	PI-3K cascade:FGFR1	3.79818398955e-12	3.90222e-10	FGF1|FGF10|FGF17|FGF2|FGF20|FGF22|FGF23|FGF3|FGF4|FGF5|FGF6|FGF8|FGF9
 REACT:R-HSA-1839130	Signaling by activated point mutants of FGFR3	5.09603470533e-12	4.77863e-10	FGF1|FGF16|FGF17|FGF18|FGF2|FGF20|FGF23|FGF4|FGF5|FGF8|FGF9
 REACT:R-HSA-2033514	FGFR3 mutant receptor activation	5.09603470533e-12	4.77863e-10	FGF1|FGF16|FGF17|FGF18|FGF2|FGF20|FGF23|FGF4|FGF5|FGF8|FGF9
 REACT:R-HSA-190373	FGFR1c ligand binding and activation	5.25790522232e-12	4.77863e-10	FGF1|FGF17|FGF2|FGF20|FGF23|FGF4|FGF5|FGF6|FGF8|FGF9
 REACT:R-HSA-5654228	Phospholipase C-mediated cascade; FGFR4	6.96798174715e-12	6.09827e-10	FGF1|FGF16|FGF17|FGF18|FGF19|FGF2|FGF20|FGF23|FGF4|FGF6|FGF8|FGF9
 REACT:R-HSA-2219530	Constitutive Signaling by Aberrant PI3K in Cancer	7.61324336906e-12	6.42503e-10	CD28|FGF1|FGF10|FGF16|FGF17|FGF18|FGF19|FGF2|FGF20|FGF22|FGF23|FGF3|FGF4|FGF5|FGF6|FGF7|FGF8|FGF9|HBEGF|NRG1|NRG4|PIK3AP1
 REACT:R-HSA-168256	Immune System	1.05485620239e-11	7.24196e-10	AGL|AP1M2|ATP6V0A1|C8A|CALR|CANX|CD180|CD207|CD28|CD3D|CD44|CD46|CD68|CFP|CLEC12A|CLEC2B|CLEC2D|CLEC4A|CLEC4C|CLEC4E|CLEC5A|CLEC6A|CLEC7A|CSF1|CSF2RA|CSF2RB|CSNK2B|DEFB119|DEGS1|DSN1|FBXO17|FBXO6|FCER1A|FCGR1B|FCGR2A|FCGR2B|FCGR2C|FCGR3A|FGF1|FGF10|FGF16|FGF17|FGF18|FGF19|FGF2|FGF20|FGF22|FGF23|FGF3|FGF4|FGF5|FGF6|FGF7|FGF8|FGF9|GAA|GYG1|HBEGF|HERC6|HEXB|ICAM3|ICAM4|IFNAR2|IFNG|IFNLR1|IL12B|IL13RA2|IL19|IL1A|IL1B|IL1RN|IL20|IL22|IL22RA1|IL36A|IL36B|IL5RA|ITGB2|KIR2DL4|KIR2DS1|KIR2DS4|KIR2DS5|KLRB1|KLRC1|KLRC2|KLRC4-KLRK1|KLRD1|KLRF1|KLRG1|LAIR2|LAMP1|LAMTOR1|LGALS3|LGALS9|LILRA3|LRG1|MEF2C|MGAM|MYH2|MYH9|MYO1C|MYO5A|NEU1|NFKB2|NLRC3|NRG1|NRG4|OLR1|OSMR|PIK3AP1|PLAUR|POLR3H|POM121|PRG2|PRG3|PTX3|RNF135|SIGLEC10|SIGLEC11|SIGLEC15|SIGLEC6|SIGLEC7|SKP2|SLPI|SOX2|SPSB4|STAT5A|STBD1|TLR2|TLR5|TNFRSF1B|TNRC6A|TRIM14|TRIM17|TRPC1|USP18|VAPA|VEGFA
 REACT:R-HSA-5654706	FRS-mediated FGFR3 signaling	1.07241993064e-11	7.24196e-10	FGF1|FGF16|FGF17|FGF18|FGF2|FGF20|FGF23|FGF4|FGF5|FGF8|FGF9
 REACT:R-HSA-5654700	FRS-mediated FGFR2 signaling	1.10630393735e-11	7.24196e-10	FGF1|FGF10|FGF16|FGF17|FGF18|FGF2|FGF20|FGF22|FGF23|FGF3|FGF4|FGF5|FGF6|FGF7|FGF8|FGF9
 REACT:R-HSA-190375	FGFR2c ligand binding and activation	1.18816068095e-11	7.24196e-10	FGF1|FGF16|FGF17|FGF18|FGF2|FGF20|FGF23|FGF4|FGF5|FGF6|FGF8|FGF9
 REACT:R-HSA-190239	FGFR3 ligand binding and activation	1.18881571254e-11	7.24196e-10	FGF1|FGF16|FGF17|FGF18|FGF2|FGF20|FGF23|FGF4|FGF5|FGF8|FGF9
 REACT:R-HSA-190372	FGFR3c ligand binding and activation	1.18881571254e-11	7.24196e-10	FGF1|FGF16|FGF17|FGF18|FGF2|FGF20|FGF23|FGF4|FGF5|FGF8|FGF9
 REACT:R-HSA-5654227	Phospholipase C-mediated cascade; FGFR3	1.18881571254e-11	7.24196e-10	FGF1|FGF16|FGF17|FGF18|FGF2|FGF20|FGF23|FGF4|FGF5|FGF8|FGF9
 KEGG:hsa05224	Breast cancer	1.22736265595e-11	7.24196e-10	DLL4|FGF1|FGF10|FGF11|FGF12|FGF13|FGF14|FGF16|FGF17|FGF18|FGF19|FGF2|FGF20|FGF21|FGF22|FGF23|FGF3|FGF4|FGF5|FGF6|FGF7|FGF8|FGF9|JAG2|LEF1|NFKB2|SP1|TCF7|TCF7L1
 REACT:R-HSA-109704	PI3K Cascade	1.22823973214e-11	7.24196e-10	FGF1|FGF10|FGF16|FGF17|FGF18|FGF19|FGF2|FGF20|FGF22|FGF23|FGF3|FGF4|FGF5|FGF6|FGF7|FGF8|FGF9|LAMTOR1|PRKAB1
 REACT:R-HSA-5654696	Downstream signaling of activated FGFR2	1.23462351453e-11	7.24196e-10	FGF1|FGF10|FGF16|FGF17|FGF18|FGF2|FGF20|FGF22|FGF23|FGF3|FGF4|FGF5|FGF6|FGF7|FGF8|FGF9
 REACT:R-HSA-5654736	Signaling by FGFR1	1.25014443242e-11	7.24196e-10	FGF1|FGF10|FGF17|FGF18|FGF2|FGF20|FGF22|FGF23|FGF3|FGF4|FGF5|FGF6|FGF8|FGF9|FLRT1|FLRT2|FLRT3
 REACT:R-HSA-432047	Passive transport by Aquaporins	1.25653931704e-11	7.24196e-10	AQP1|AQP10|AQP12A|AQP2|AQP3|AQP4|AQP5|AQP6|AQP7|AQP9
 REACT:R-HSA-5658623	FGFRL1 modulation of FGFR1 signaling	1.25653931704e-11	7.24196e-10	FGF10|FGF17|FGF18|FGF2|FGF22|FGF23|FGF3|FGF4|FGF5|FGF8
 REACT:R-HSA-5654727	Negative regulation of FGFR2 signaling	1.57925894584e-11	8.78577e-10	FGF1|FGF10|FGF16|FGF17|FGF18|FGF2|FGF20|FGF22|FGF23|FGF3|FGF4|FGF5|FGF6|FGF7|FGF8|FGF9
 REACT:R-HSA-1226099	Signaling by FGFR in disease	1.59876556438e-11	8.78577e-10	FGF1|FGF10|FGF16|FGF17|FGF18|FGF2|FGF20|FGF22|FGF23|FGF3|FGF4|FGF5|FGF6|FGF7|FGF8|FGF9|STAT5A
 REACT:R-HSA-199418	Negative regulation of the PI3K/AKT network	1.97323268836e-11	1.05972e-09	CD28|FGF1|FGF10|FGF16|FGF17|FGF18|FGF19|FGF2|FGF20|FGF22|FGF23|FGF3|FGF4|FGF5|FGF6|FGF7|FGF8|FGF9|HBEGF|NRG1|NRG4|PIK3AP1
 REACT:R-HSA-5654726	Negative regulation of FGFR1 signaling	2.81736856067e-11	1.47943e-09	FGF1|FGF10|FGF17|FGF2|FGF20|FGF22|FGF23|FGF3|FGF4|FGF5|FGF6|FGF8|FGF9
 REACT:R-HSA-5654716	Downstream signaling of activated FGFR4	3.04092306891e-11	1.55485e-09	FGF1|FGF16|FGF17|FGF18|FGF19|FGF2|FGF20|FGF23|FGF4|FGF6|FGF8|FGF9
 REACT:R-HSA-5655332	Signaling by FGFR3 in disease	3.15839576714e-11	1.55485e-09	FGF1|FGF16|FGF17|FGF18|FGF2|FGF20|FGF23|FGF4|FGF5|FGF8|FGF9
 REACT:R-HSA-8853338	Signaling by FGFR3 point mutants in cancer	3.15839576714e-11	1.55485e-09	FGF1|FGF16|FGF17|FGF18|FGF2|FGF20|FGF23|FGF4|FGF5|FGF8|FGF9
 REACT:R-HSA-190236	Signaling by FGFR	3.88697962705e-11	1.87448e-09	FGF1|FGF10|FGF16|FGF17|FGF18|FGF19|FGF2|FGF20|FGF22|FGF23|FGF3|FGF4|FGF5|FGF6|FGF7|FGF8|FGF9|FLRT1|FLRT2|FLRT3
 REACT:R-HSA-1257604	PIP3 activates AKT signaling	5.90918425303e-11	2.79268e-09	CD28|FGF1|FGF10|FGF16|FGF17|FGF18|FGF19|FGF2|FGF20|FGF22|FGF23|FGF3|FGF4|FGF5|FGF6|FGF7|FGF8|FGF9|HBEGF|NRG1|NRG4|PIK3AP1|TNRC6A
 REACT:R-HSA-180292	GAB1 signalosome	1.07511111125e-10	4.88555e-09	CD28|FGF1|FGF10|FGF16|FGF17|FGF18|FGF19|FGF2|FGF20|FGF22|FGF23|FGF3|FGF4|FGF5|FGF6|FGF7|FGF8|FGF9|HBEGF|NRG1|NRG4|PIK3AP1|TNRC6A
 REACT:R-HSA-198203	PI3K/AKT activation	1.07511111125e-10	4.88555e-09	CD28|FGF1|FGF10|FGF16|FGF17|FGF18|FGF19|FGF2|FGF20|FGF22|FGF23|FGF3|FGF4|FGF5|FGF6|FGF7|FGF8|FGF9|HBEGF|NRG1|NRG4|PIK3AP1|TNRC6A
 REACT:R-HSA-5654733	Negative regulation of FGFR4 signaling	2.33537522654e-10	1.04122e-08	FGF1|FGF16|FGF17|FGF18|FGF19|FGF2|FGF20|FGF23|FGF4|FGF6|FGF8|FGF9
 REACT:R-HSA-5654708	Downstream signaling of activated FGFR3	2.68849165153e-10	1.17646e-08	FGF1|FGF16|FGF17|FGF18|FGF2|FGF20|FGF23|FGF4|FGF5|FGF8|FGF9
 REACT:R-HSA-2730905	Role of LAT2/NTAL/LAB on calcium mobilization	3.92437415897e-10	1.68605e-08	CD28|FGF1|FGF10|FGF16|FGF17|FGF18|FGF19|FGF2|FGF20|FGF22|FGF23|FGF3|FGF4|FGF5|FGF6|FGF7|FGF8|FGF9|HBEGF|NRG1|NRG4|PIK3AP1|TNRC6A
 REACT:R-HSA-168249	Innate Immune System	6.31604546442e-10	2.66515e-08	AGL|ATP6V0A1|C8A|CD180|CD28|CD44|CD46|CD68|CFP|CLEC12A|CLEC4A|CLEC4C|CLEC4E|CLEC5A|CLEC6A|CLEC7A|CSF2RA|CSF2RB|CSNK2B|DEFB119|DEGS1|DSN1|FCER1A|FCGR2A|FCGR2C|FCGR3A|FGF1|FGF10|FGF16|FGF17|FGF18|FGF19|FGF2|FGF20|FGF22|FGF23|FGF3|FGF4|FGF5|FGF6|FGF7|FGF8|FGF9|GAA|GYG1|HBEGF|HEXB|ICAM3|IL1B|IL5RA|ITGB2|KIR2DS4|KIR2DS5|KLRC2|KLRC4-KLRK1|KLRD1|LAMP1|LAMTOR1|LGALS3|LILRA3|LRG1|MEF2C|MGAM|MYH2|MYH9|MYO1C|MYO5A|NEU1|NFKB2|NLRC3|NRG1|NRG4|OLR1|PIK3AP1|PLAUR|POLR3H|PRG2|PRG3|PTX3|RNF135|SIGLEC15|SLPI|STBD1|TLR2|TLR5|TNFRSF1B|TNRC6A|VAPA
 KEGG:hsa04151	PI3K-Akt signaling pathway	9.56378420902e-10	3.96478e-08	CHAD|COMP|CREB3L3|CSF1|EFNA1|EFNA2|FGF1|FGF10|FGF11|FGF12|FGF13|FGF14|FGF16|FGF17|FGF18|FGF19|FGF2|FGF20|FGF21|FGF22|FGF23|FGF3|FGF4|FGF5|FGF6|FGF7|FGF8|FGF9|IFNAR2|LAMB4|OSMR|PIK3AP1|THBS2|THBS4|TLR2|TNXB|VEGFA
 REACT:R-HSA-198933	Immunoregulatory interactions between a Lymphoid and a non-Lymphoid cell	1.08991149439e-09	4.44045e-08	CD3D|CLEC2B|CLEC2D|FCGR2B|FCGR3A|ICAM3|ICAM4|ITGB2|KIR2DL4|KIR2DS1|KLRB1|KLRC1|KLRC4-KLRK1|KLRD1|KLRF1|KLRG1|LAIR2|LILRA3|SIGLEC10|SIGLEC11|SIGLEC6|SIGLEC7
 REACT:R-HSA-5654732	Negative regulation of FGFR3 signaling	1.75846615047e-09	7.04281e-08	FGF1|FGF16|FGF17|FGF18|FGF2|FGF20|FGF23|FGF4|FGF5|FGF8|FGF9
 REACT:R-HSA-1839124	FGFR1 mutant receptor activation	4.04051614389e-09	1.59129e-07	FGF1|FGF17|FGF2|FGF20|FGF23|FGF4|FGF5|FGF6|FGF8|FGF9|STAT5A
 KEGG:hsa04015	Rap1 signaling pathway	5.25704402232e-09	2.0155e-07	CSF1|EFNA1|EFNA2|FGF1|FGF10|FGF11|FGF12|FGF13|FGF14|FGF16|FGF17|FGF18|FGF19|FGF2|FGF20|FGF21|FGF22|FGF23|FGF3|FGF4|FGF5|FGF6|FGF7|FGF8|FGF9|ITGB2|VEGFA
 REACT:R-HSA-5654738	Signaling by FGFR2	5.28822818868e-09	2.0155e-07	FGF1|FGF10|FGF16|FGF17|FGF18|FGF2|FGF20|FGF22|FGF23|FGF3|FGF4|FGF5|FGF6|FGF7|FGF8|FGF9
 KEGG:hsa04014	Ras signaling pathway	6.94884771946e-09	2.60637e-07	CSF1|EFNA1|EFNA2|FGF1|FGF10|FGF11|FGF12|FGF13|FGF14|FGF16|FGF17|FGF18|FGF19|FGF2|FGF20|FGF21|FGF22|FGF23|FGF3|FGF4|FGF5|FGF6|FGF7|FGF8|FGF9|PLA2G4D|SHOC2|VEGFA
 REACT:R-HSA-5654743	Signaling by FGFR4	9.69442670584e-09	3.57936e-07	FGF1|FGF16|FGF17|FGF18|FGF19|FGF2|FGF20|FGF23|FGF4|FGF6|FGF8|FGF9
 REACT:R-HSA-190371	FGFR3b ligand binding and activation	1.2494304702e-08	4.54216e-07	FGF1|FGF17|FGF18|FGF20|FGF8|FGF9
 KEGG:hsa04810	Regulation of actin cytoskeleton	2.73775642157e-08	9.802e-07	ARHGEF7|FGF1|FGF10|FGF11|FGF12|FGF13|FGF14|FGF16|FGF17|FGF18|FGF19|FGF2|FGF20|FGF21|FGF22|FGF23|FGF3|FGF4|FGF5|FGF6|FGF7|FGF8|FGF9|ITGB2|MYH14|MYH9
 REACT:R-HSA-5655302	Signaling by FGFR1 in disease	4.60123862345e-08	1.6228e-06	FGF1|FGF17|FGF2|FGF20|FGF23|FGF4|FGF5|FGF6|FGF8|FGF9|STAT5A
 REACT:R-HSA-5654741	Signaling by FGFR3	8.29444013473e-08	2.88232e-06	FGF1|FGF16|FGF17|FGF18|FGF2|FGF20|FGF23|FGF4|FGF5|FGF8|FGF9
 REACT:R-HSA-449147	Signaling by Interleukins	8.44549440382e-08	2.89228e-06	CSF1|CSF2RA|CSF2RB|FGF1|FGF10|FGF16|FGF17|FGF18|FGF19|FGF2|FGF20|FGF22|FGF23|FGF3|FGF4|FGF5|FGF6|FGF7|FGF8|FGF9|HBEGF|IFNLR1|IL12B|IL13RA2|IL19|IL1A|IL1B|IL1RN|IL20|IL22|IL22RA1|IL36A|IL36B|IL5RA|ITGB2|LGALS9|NFKB2|NRG1|NRG4|OSMR|SOX2|STAT5A|TNFRSF1B|VEGFA
 REACT:R-HSA-190370	FGFR1b ligand binding and activation	3.07856438675e-07	1.03924e-05	FGF1|FGF10|FGF2|FGF22|FGF3
 KEGG:hsa04010	MAPK signaling pathway	3.16908180698e-07	1.05472e-05	FGF1|FGF10|FGF11|FGF12|FGF13|FGF14|FGF16|FGF17|FGF18|FGF19|FGF2|FGF20|FGF21|FGF22|FGF23|FGF3|FGF4|FGF5|FGF6|FGF7|FGF8|FGF9|IL1A|IL1B|MEF2C|NFKB2|PLA2G4D
 REACT:R-HSA-190377	FGFR2b ligand binding and activation	3.42172349233e-07	1.12299e-05	FGF1|FGF10|FGF2|FGF22|FGF3|FGF7
 REACT:R-HSA-1168372	Downstream signaling events of B Cell Receptor (BCR)	4.31179093652e-07	1.39572e-05	CD28|FGF1|FGF10|FGF16|FGF17|FGF18|FGF19|FGF2|FGF20|FGF22|FGF23|FGF3|FGF4|FGF5|FGF6|FGF7|FGF8|FGF9|HBEGF|NRG1|NRG4|PIK3AP1|TNRC6A
 REACT:R-HSA-1280218	Adaptive Immune System	4.58100766321e-07	1.46283e-05	AP1M2|CALR|CANX|CD207|CD28|CD3D|CLEC2B|CLEC2D|FBXO17|FBXO6|FCGR1B|FCGR2B|FCGR3A|FGF1|FGF10|FGF16|FGF17|FGF18|FGF19|FGF2|FGF20|FGF22|FGF23|FGF3|FGF4|FGF5|FGF6|FGF7|FGF8|FGF9|HBEGF|HERC6|ICAM3|ICAM4|ITGB2|KIR2DL4|KIR2DS1|KLRB1|KLRC1|KLRC4-KLRK1|KLRD1|KLRF1|KLRG1|LAIR2|LILRA3|NRG1|NRG4|PIK3AP1|SIGLEC10|SIGLEC11|SIGLEC6|SIGLEC7|SKP2|SPSB4|TLR2|TNRC6A|TRPC1
 REACT:R-HSA-2172127	DAP12 interactions	9.08828092783e-07	2.86341e-05	CD28|CLEC5A|CSF2RA|CSF2RB|FGF1|FGF10|FGF16|FGF17|FGF18|FGF19|FGF2|FGF20|FGF22|FGF23|FGF3|FGF4|FGF5|FGF6|FGF7|FGF8|FGF9|HBEGF|IL5RA|KIR2DS4|KIR2DS5|KLRC2|KLRC4-KLRK1|KLRD1|NRG1|NRG4|PIK3AP1|SIGLEC15|TNRC6A
 REACT:R-HSA-2022857	Keratan sulfate degradation	1.41749269011e-06	4.40728e-05	FMOD|HEXA|HEXB|OGN|OMD|PRELP
 REACT:R-HSA-445717	Aquaporin-mediated transport	1.48047411097e-06	4.54333e-05	AQP1|AQP10|AQP12A|AQP2|AQP3|AQP4|AQP5|AQP6|AQP7|AQP9|MYO5B
 REACT:R-HSA-1643685	Disease	2.28047378092e-06	6.90867e-05	ADAMTSL2|ADAMTSL4|AP1M2|BGN|CALR|CANX|CD28|CD320|CFP|CSF2RA|CSF2RB|DCN|DKK1|DLL4|ERLEC1|FGF1|FGF10|FGF16|FGF17|FGF18|FGF19|FGF2|FGF20|FGF22|FGF23|FGF3|FGF4|FGF5|FGF6|FGF7|FGF8|FGF9|FMOD|GYG1|GYG2|HBEGF|HDAC9|JAG2|NFKB2|NRG1|NRG4|OGN|OMD|OS9|PIK3AP1|POM121|PORCN|PRELP|PSEN2|RPS20|RPS23|STAT5A|THBS2|THSD1|THSD7B|TLR2|TLR5
 REACT:R-HSA-983705	Signaling by the B Cell Receptor (BCR)	2.55864704191e-06	7.65327e-05	CD28|FGF1|FGF10|FGF16|FGF17|FGF18|FGF19|FGF2|FGF20|FGF22|FGF23|FGF3|FGF4|FGF5|FGF6|FGF7|FGF8|FGF9|HBEGF|NRG1|NRG4|PIK3AP1|TNRC6A|TRPC1
 REACT:R-HSA-1280215	Cytokine Signaling in Immune system	2.66808256955e-06	7.88085e-05	CD44|CSF1|CSF2RA|CSF2RB|FCGR1B|FGF1|FGF10|FGF16|FGF17|FGF18|FGF19|FGF2|FGF20|FGF22|FGF23|FGF3|FGF4|FGF5|FGF6|FGF7|FGF8|FGF9|HBEGF|IFNAR2|IFNG|IFNLR1|IL12B|IL13RA2|IL19|IL1A|IL1B|IL1RN|IL20|IL22|IL22RA1|IL36A|IL36B|IL5RA|ITGB2|LGALS9|NFKB2|NRG1|NRG4|OSMR|POM121|SOX2|STAT5A|TNFRSF1B|TRIM14|TRIM17|USP18|VEGFA
 REACT:R-HSA-451927	Interleukin-2 signaling	5.81424613966e-06	0.000169618	CSF2RA|CSF2RB|FGF1|FGF10|FGF16|FGF17|FGF18|FGF19|FGF2|FGF20|FGF22|FGF23|FGF3|FGF4|FGF5|FGF6|FGF7|FGF8|FGF9|HBEGF|IL5RA|LGALS9|NRG1|NRG4|STAT5A
 KEGG:hsa05144	Malaria	6.29622541781e-06	0.000181439	COMP|GYPB|IFNG|IL1B|ITGB2|KLRB1|KLRC4-KLRK1|THBS2|THBS4|TLR2
 REACT:R-HSA-5663202	Diseases of signal transduction	6.78524976561e-06	0.000193175	CD28|DKK1|DLL4|ERLEC1|FGF1|FGF10|FGF16|FGF17|FGF18|FGF19|FGF2|FGF20|FGF22|FGF23|FGF3|FGF4|FGF5|FGF6|FGF7|FGF8|FGF9|HBEGF|HDAC9|JAG2|NRG1|NRG4|OS9|PIK3AP1|PORCN|PSEN2|STAT5A
 KEGG:hsa05200	Pathways in cancer	9.64339859588e-06	0.000271278	CSF2RA|FGF1|FGF10|FGF11|FGF12|FGF13|FGF14|FGF16|FGF17|FGF18|FGF19|FGF2|FGF20|FGF21|FGF22|FGF23|FGF3|FGF4|FGF5|FGF6|FGF7|FGF8|FGF9|HHIP|LAMB4|LEF1|NFKB2|SKP2|STAT5A|TCF7|TCF7L1|VEGFA
 REACT:R-HSA-2586552	Signaling by Leptin	9.88386545631e-06	0.000274771	CSF2RA|CSF2RB|FGF1|FGF10|FGF16|FGF17|FGF18|FGF19|FGF2|FGF20|FGF22|FGF23|FGF3|FGF4|FGF5|FGF6|FGF7|FGF8|FGF9|HBEGF|IL5RA|NRG1|NRG4|STAT5A
 REACT:R-HSA-422475	Axon guidance	1.01582292993e-05	0.000279115	ABLIM1|ARHGEF7|CD72|CSF2RA|CSF2RB|CSNK2B|EFNA1|EFNA2|FGF1|FGF10|FGF16|FGF17|FGF18|FGF19|FGF2|FGF20|FGF22|FGF23|FGF3|FGF4|FGF5|FGF6|FGF7|FGF8|FGF9|HBEGF|IL5RA|MYH11|MYH14|MYH9|NRG1|NRG4|NTN4|PLXNC1|PSEN2|ROBO1|SLIT1|SLIT2|TRPC1|VEGFA
 REACT:R-HSA-5218921	VEGFR2 mediated cell proliferation	1.37467227355e-05	0.000373374	CSF2RA|CSF2RB|FGF1|FGF10|FGF16|FGF17|FGF18|FGF19|FGF2|FGF20|FGF22|FGF23|FGF3|FGF4|FGF5|FGF6|FGF7|FGF8|FGF9|HBEGF|IL5RA|NRG1|NRG4|VEGFA
 REACT:R-HSA-112412	SOS-mediated signalling	1.79276819118e-05	0.000465529	CSF2RA|CSF2RB|FGF1|FGF10|FGF16|FGF17|FGF18|FGF19|FGF2|FGF20|FGF22|FGF23|FGF3|FGF4|FGF5|FGF6|FGF7|FGF8|FGF9|HBEGF|IL5RA|NRG1|NRG4
 REACT:R-HSA-179812	GRB2 events in EGFR signaling	1.79276819118e-05	0.000465529	CSF2RA|CSF2RB|FGF1|FGF10|FGF16|FGF17|FGF18|FGF19|FGF2|FGF20|FGF22|FGF23|FGF3|FGF4|FGF5|FGF6|FGF7|FGF8|FGF9|HBEGF|IL5RA|NRG1|NRG4
 REACT:R-HSA-180336	SHC1 events in EGFR signaling	1.79276819118e-05	0.000465529	CSF2RA|CSF2RB|FGF1|FGF10|FGF16|FGF17|FGF18|FGF19|FGF2|FGF20|FGF22|FGF23|FGF3|FGF4|FGF5|FGF6|FGF7|FGF8|FGF9|HBEGF|IL5RA|NRG1|NRG4
 REACT:R-HSA-5673001	RAF/MAP kinase cascade	1.79276819118e-05	0.000465529	CSF2RA|CSF2RB|FGF1|FGF10|FGF16|FGF17|FGF18|FGF19|FGF2|FGF20|FGF22|FGF23|FGF3|FGF4|FGF5|FGF6|FGF7|FGF8|FGF9|HBEGF|IL5RA|NRG1|NRG4
 REACT:R-HSA-2424491	DAP12 signaling	2.29481897644e-05	0.000584719	CD28|CSF2RA|CSF2RB|FGF1|FGF10|FGF16|FGF17|FGF18|FGF19|FGF2|FGF20|FGF22|FGF23|FGF3|FGF4|FGF5|FGF6|FGF7|FGF8|FGF9|HBEGF|IL5RA|KLRC2|KLRC4-KLRK1|KLRD1|NRG1|NRG4|PIK3AP1|TNRC6A
 REACT:R-HSA-170984	ARMS-mediated activation	2.32600906027e-05	0.000584719	CSF2RA|CSF2RB|FGF1|FGF10|FGF16|FGF17|FGF18|FGF19|FGF2|FGF20|FGF22|FGF23|FGF3|FGF4|FGF5|FGF6|FGF7|FGF8|FGF9|HBEGF|IL5RA|NRG1|NRG4
 REACT:R-HSA-187706	Signalling to p38 via RIT and RIN	2.32600906027e-05	0.000584719	CSF2RA|CSF2RB|FGF1|FGF10|FGF16|FGF17|FGF18|FGF19|FGF2|FGF20|FGF22|FGF23|FGF3|FGF4|FGF5|FGF6|FGF7|FGF8|FGF9|HBEGF|IL5RA|NRG1|NRG4
 REACT:R-HSA-170968	Frs2-mediated activation	2.47992511596e-05	0.000616849	CSF2RA|CSF2RB|FGF1|FGF10|FGF16|FGF17|FGF18|FGF19|FGF2|FGF20|FGF22|FGF23|FGF3|FGF4|FGF5|FGF6|FGF7|FGF8|FGF9|HBEGF|IL5RA|NRG1|NRG4
 REACT:R-HSA-5684996	MAPK1/MAPK3 signaling	2.6429635416e-05	0.000650554	CSF2RA|CSF2RB|FGF1|FGF10|FGF16|FGF17|FGF18|FGF19|FGF2|FGF20|FGF22|FGF23|FGF3|FGF4|FGF5|FGF6|FGF7|FGF8|FGF9|HBEGF|IL5RA|NRG1|NRG4
 KEGG:hsa04145	Phagosome	2.68396392439e-05	0.000653836	ATP6V0A1|CALR|CANX|CLEC4M|CLEC7A|COMP|FCGR2A|FCGR2B|FCGR2C|FCGR3A|ITGB2|LAMP1|OLR1|PLA2R1|THBS2|THBS4|TLR2
 KEGG:hsa00500	Starch and sucrose metabolism	2.80337340616e-05	0.000672046	AGL|AMY1A|AMY2A|AMY2B|GAA|GYG1|GYG2|MGAM
 REACT:R-HSA-169893	Prolonged ERK activation events	2.81559628293e-05	0.000672046	CSF2RA|CSF2RB|FGF1|FGF10|FGF16|FGF17|FGF18|FGF19|FGF2|FGF20|FGF22|FGF23|FGF3|FGF4|FGF5|FGF6|FGF7|FGF8|FGF9|HBEGF|IL5RA|NRG1|NRG4
 REACT:R-HSA-512988	"Interleukin-3 5 and GM-CSF signaling"	3.09773697912e-05	0.000731995	CSF2RA|CSF2RB|FGF1|FGF10|FGF16|FGF17|FGF18|FGF19|FGF2|FGF20|FGF22|FGF23|FGF3|FGF4|FGF5|FGF6|FGF7|FGF8|FGF9|HBEGF|IL5RA|NRG1|NRG4|STAT5A
 REACT:R-HSA-912526	Interleukin receptor SHC signaling	3.39610963054e-05	0.000794555	CSF2RA|CSF2RB|FGF1|FGF10|FGF16|FGF17|FGF18|FGF19|FGF2|FGF20|FGF22|FGF23|FGF3|FGF4|FGF5|FGF6|FGF7|FGF8|FGF9|HBEGF|IL5RA|NRG1|NRG4
 REACT:R-HSA-167044	Signalling to RAS	3.61228313668e-05	0.000836846	CSF2RA|CSF2RB|FGF1|FGF10|FGF16|FGF17|FGF18|FGF19|FGF2|FGF20|FGF22|FGF23|FGF3|FGF4|FGF5|FGF6|FGF7|FGF8|FGF9|HBEGF|IL5RA|NRG1|NRG4
 REACT:R-HSA-112399	IRS-mediated signalling	4.1867506248e-05	0.000960514	CSF2RA|CSF2RB|FGF1|FGF10|FGF16|FGF17|FGF18|FGF19|FGF2|FGF20|FGF22|FGF23|FGF3|FGF4|FGF5|FGF6|FGF7|FGF8|FGF9|HBEGF|IL5RA|LAMTOR1|NRG1|NRG4|PRKAB1
 REACT:R-HSA-5357572	Lysosomal glycogen catabolism	4.33378765251e-05	0.000984687	GAA|GYG1|GYG2
 REACT:R-HSA-3781865	Diseases of glycosylation	4.46492492162e-05	0.00100482	ADAMTSL2|ADAMTSL4|BGN|CFP|DCN|FMOD|OGN|OMD|PRELP|THBS2|THSD1|THSD7B
 REACT:R-HSA-3656225	Defective CHST6 causes MCDC1	4.87156976526e-05	0.00106588	FMOD|OGN|OMD|PRELP
 REACT:R-HSA-3656243	Defective ST3GAL3 causes MCT12 and EIEE15	4.87156976526e-05	0.00106588	FMOD|OGN|OMD|PRELP
 REACT:R-HSA-3656244	Defective B4GALT1 causes B4GALT1-CDG (CDG-2d)	4.87156976526e-05	0.00106588	FMOD|OGN|OMD|PRELP
 REACT:R-HSA-74751	Insulin receptor signalling cascade	4.94935990096e-05	0.00107297	CSF2RA|CSF2RB|FGF1|FGF10|FGF16|FGF17|FGF18|FGF19|FGF2|FGF20|FGF22|FGF23|FGF3|FGF4|FGF5|FGF6|FGF7|FGF8|FGF9|HBEGF|IL5RA|LAMTOR1|NRG1|NRG4|PRKAB1
 REACT:R-HSA-2428924	IGF1R signaling cascade	5.23003419843e-05	0.00111338	CSF2RA|CSF2RB|FGF1|FGF10|FGF16|FGF17|FGF18|FGF19|FGF2|FGF20|FGF22|FGF23|FGF3|FGF4|FGF5|FGF6|FGF7|FGF8|FGF9|HBEGF|IL5RA|LAMTOR1|NRG1|NRG4|PRKAB1
 REACT:R-HSA-2428928	IRS-related events triggered by IGF1R	5.23003419843e-05	0.00111338	CSF2RA|CSF2RB|FGF1|FGF10|FGF16|FGF17|FGF18|FGF19|FGF2|FGF20|FGF22|FGF23|FGF3|FGF4|FGF5|FGF6|FGF7|FGF8|FGF9|HBEGF|IL5RA|LAMTOR1|NRG1|NRG4|PRKAB1
 REACT:R-HSA-187687	Signalling to ERKs	5.50554686868e-05	0.00115535	CSF2RA|CSF2RB|FGF1|FGF10|FGF16|FGF17|FGF18|FGF19|FGF2|FGF20|FGF22|FGF23|FGF3|FGF4|FGF5|FGF6|FGF7|FGF8|FGF9|HBEGF|IL5RA|NRG1|NRG4
 REACT:R-HSA-2404192	Signaling by Type 1 Insulin-like Growth Factor 1 Receptor (IGF1R)	5.52493806262e-05	0.00115535	CSF2RA|CSF2RB|FGF1|FGF10|FGF16|FGF17|FGF18|FGF19|FGF2|FGF20|FGF22|FGF23|FGF3|FGF4|FGF5|FGF6|FGF7|FGF8|FGF9|HBEGF|IL5RA|LAMTOR1|NRG1|NRG4|PRKAB1
 REACT:R-HSA-1433557	Signaling by SCF-KIT	5.86215768266e-05	0.00121511	CD28|CSF2RA|CSF2RB|FGF1|FGF10|FGF16|FGF17|FGF18|FGF19|FGF2|FGF20|FGF22|FGF23|FGF3|FGF4|FGF5|FGF6|FGF7|FGF8|FGF9|HBEGF|IL5RA|NRG1|NRG4|PIK3AP1|STAT5A|TNRC6A
 REACT:R-HSA-186797	Signaling by PDGF	6.23145973911e-05	0.00128043	CD28|CSF2RA|CSF2RB|FGF1|FGF10|FGF16|FGF17|FGF18|FGF19|FGF2|FGF20|FGF22|FGF23|FGF3|FGF4|FGF5|FGF6|FGF7|FGF8|FGF9|HBEGF|IL5RA|NRG1|NRG4|PIK3AP1|STAT5A|THBS2|THBS4|TNRC6A
 REACT:R-HSA-74752	Signaling by Insulin receptor	7.05715079123e-05	0.00143759	ATP6V0A1|CSF2RA|CSF2RB|FGF1|FGF10|FGF16|FGF17|FGF18|FGF19|FGF2|FGF20|FGF22|FGF23|FGF3|FGF4|FGF5|FGF6|FGF7|FGF8|FGF9|HBEGF|IL5RA|LAMTOR1|NRG1|NRG4|PRKAB1
 KEGG:hsa04612	Antigen processing and presentation	7.42627918333e-05	0.00149985	CALR|CANX|IFNG|KIR2DL4|KIR2DS1|KIR2DS4|KIR2DS5|KIR3DL3|KLRC1|KLRC2|KLRD1
 REACT:R-HSA-8853659	RET signaling	8.24361606412e-05	0.00165082	CSF2RA|CSF2RB|FGF1|FGF10|FGF16|FGF17|FGF18|FGF19|FGF2|FGF20|FGF22|FGF23|FGF3|FGF4|FGF5|FGF6|FGF7|FGF8|FGF9|HBEGF|IL5RA|NRG1|NRG4
 REACT:R-HSA-2871796	FCERI mediated MAPK activation	8.72085625546e-05	0.00171948	CSF2RA|CSF2RB|FGF1|FGF10|FGF16|FGF17|FGF18|FGF19|FGF2|FGF20|FGF22|FGF23|FGF3|FGF4|FGF5|FGF6|FGF7|FGF8|FGF9|HBEGF|IL5RA|NRG1|NRG4
 REACT:R-HSA-177929	Signaling by EGFR	8.73201019784e-05	0.00171948	ARHGEF7|CD28|CSF2RA|CSF2RB|FGF1|FGF10|FGF16|FGF17|FGF18|FGF19|FGF2|FGF20|FGF22|FGF23|FGF3|FGF4|FGF5|FGF6|FGF7|FGF8|FGF9|HBEGF|IL5RA|LRIG1|NRG1|NRG4|PIK3AP1|TNRC6A
 REACT:R-HSA-5683057	MAPK family signaling cascades	9.12716485091e-05	0.00178244	CSF2RA|CSF2RB|FGF1|FGF10|FGF16|FGF17|FGF18|FGF19|FGF2|FGF20|FGF22|FGF23|FGF3|FGF4|FGF5|FGF6|FGF7|FGF8|FGF9|HBEGF|IL5RA|NRG1|NRG4|TNRC6A
 REACT:R-HSA-6798695	Neutrophil degranulation	0.000112251462602	0.00217418	AGL|ATP6V0A1|CD44|CD68|CFP|CLEC12A|CLEC4C|CLEC5A|CSNK2B|DEGS1|DSN1|FCGR2A|FCGR2C|GAA|GYG1|HEXB|ITGB2|LAMP1|LAMTOR1|LGALS3|LILRA3|LRG1|MGAM|NEU1|OLR1|PLAUR|PRG2|PRG3|PTX3|SLPI|STBD1|TLR2|TNFRSF1B|VAPA
 REACT:R-HSA-375165	NCAM signaling for neurite out-growth	0.000114967710109	0.00220869	CSF2RA|CSF2RB|FGF1|FGF10|FGF16|FGF17|FGF18|FGF19|FGF2|FGF20|FGF22|FGF23|FGF3|FGF4|FGF5|FGF6|FGF7|FGF8|FGF9|HBEGF|IL5RA|NRG1|NRG4
 REACT:R-HSA-186763	Downstream signal transduction	0.00012229648049	0.00233054	CD28|CSF2RA|CSF2RB|FGF1|FGF10|FGF16|FGF17|FGF18|FGF19|FGF2|FGF20|FGF22|FGF23|FGF3|FGF4|FGF5|FGF6|FGF7|FGF8|FGF9|HBEGF|IL5RA|NRG1|NRG4|PIK3AP1|STAT5A|TNRC6A
 REACT:R-HSA-189085	Digestion of dietary carbohydrate	0.000165764571306	0.00310874	AMY1A|AMY2A|AMY2B|MGAM
 REACT:R-HSA-8854691	"Interleukin-19 20 22 24"	0.000165764571306	0.00310874	IL19|IL20|IL22|IL22RA1
 KEGG:hsa05152	Tuberculosis	0.000179874851875	0.00334681	ATP6V0A1|CLEC4E|CLEC4M|CLEC7A|FCGR2A|FCGR2B|FCGR2C|FCGR3A|IFNG|IL12B|IL1A|IL1B|ITGB2|LAMP1|LSP1|PLA2R1|TLR2
 REACT:R-HSA-3560782	Diseases associated with glycosaminoglycan metabolism	0.000232139388195	0.00428551	BGN|DCN|FMOD|OGN|OMD|PRELP
 KEGG:hsa00511	Other glycan degradation	0.000309402951233	0.00566759	HEXA|HEXB|NEU1|NEU2|NEU3
 REACT:R-HSA-71387	Metabolism of carbohydrates	0.000320953573508	0.00583395	AGL|AMY1A|AMY2A|AMY2B|B3GAT3|BGN|CD44|DCN|FGF21|FMOD|GAA|GLCE|GYG1|GYG2|HEXA|HEXB|MGAM|OGN|OMD|POM121|PRELP|SLC50A1|XYLT2
 REACT:R-HSA-2454202	Fc epsilon receptor (FCERI) signaling	0.000387003289906	0.00698083	CD28|CSF2RA|CSF2RB|FCER1A|FGF1|FGF10|FGF16|FGF17|FGF18|FGF19|FGF2|FGF20|FGF22|FGF23|FGF3|FGF4|FGF5|FGF6|FGF7|FGF8|FGF9|HBEGF|IL5RA|NRG1|NRG4|PIK3AP1|TNRC6A
 KEGG:hsa04630	Jak-STAT signaling pathway	0.000396717615043	0.00710185	CRLF2|CSF2RA|CSF2RB|IFNAR2|IFNG|IFNLR1|IL12B|IL13RA2|IL19|IL20|IL22|IL22RA1|IL5RA|OSMR|STAT5A
 REACT:R-HSA-187037	NGF signalling via TRKA from the plasma membrane	0.000557972864546	0.00991346	CD28|CSF2RA|CSF2RB|FGF1|FGF10|FGF16|FGF17|FGF18|FGF19|FGF2|FGF20|FGF22|FGF23|FGF3|FGF4|FGF5|FGF6|FGF7|FGF8|FGF9|HBEGF|IL5RA|MEF2C|NRG1|NRG4|PIK3AP1|TNRC6A
 REACT:R-HSA-4420097	VEGFA-VEGFR2 Pathway	0.000626526747288	0.0110484	CSF2RA|CSF2RB|FGF1|FGF10|FGF16|FGF17|FGF18|FGF19|FGF2|FGF20|FGF22|FGF23|FGF3|FGF4|FGF5|FGF6|FGF7|FGF8|FGF9|HBEGF|IL5RA|NRG1|NRG4|VEGFA
 REACT:R-HSA-1266738	Developmental Biology	0.000647851401901	0.0113398	ABLIM1|ARHGEF7|CD72|CDH2|CFC1|CSF2RA|CSF2RB|CSNK2B|EFNA1|EFNA2|FGF1|FGF10|FGF16|FGF17|FGF18|FGF19|FGF2|FGF20|FGF22|FGF23|FGF3|FGF4|FGF5|FGF6|FGF7|FGF8|FGF9|FOXP1|HBEGF|HOXA2|IL5RA|KRTAP10-3|KRTAP1-1|KRTAP1-5|KRTAP2-4|KRTAP24-1|KRTAP3-3|KRTAP4-1|LCE2B|MEF2C|MYH11|MYH14|MYH9|NRG1|NRG4|NTN4|PDX1|PLXNC1|PSEN2|ROBO1|SLIT1|SLIT2|SOX2|SPINK9|TCF12|TDGF1|TRPC1|VEGFA
 KEGG:hsa05162	Measles	0.000816957741855	0.0141946	CD28|CD3D|CD46|CLEC4M|CSNK2B|FCGR2B|IFNAR2|IFNG|IL12B|IL1A|IL1B|STAT5A|TLR2
 REACT:R-HSA-194138	Signaling by VEGF	0.000877323294481	0.0151322	CSF2RA|CSF2RB|FGF1|FGF10|FGF16|FGF17|FGF18|FGF19|FGF2|FGF20|FGF22|FGF23|FGF3|FGF4|FGF5|FGF6|FGF7|FGF8|FGF9|HBEGF|IL5RA|NRG1|NRG4|VEGFA
 REACT:R-HSA-1638074	Keratan sulfate/keratin metabolism	0.000906660209343	0.0154437	FMOD|HEXA|HEXB|OGN|OMD|PRELP
 KEGG:hsa05140	Leishmaniasis	0.000908450260919	0.0154437	FCGR2A|FCGR2C|FCGR3A|IFNG|IL12B|IL1A|IL1B|ITGB2|TLR2
 REACT:R-HSA-1660662	Glycosphingolipid metabolism	0.00103973152093	0.0175492	HEXA|HEXB|NEU1|NEU2|NEU3|SUMF1|SUMF2
 REACT:R-HSA-3928663	EPHA-mediated growth cone collapse	0.00106873571107	0.0179108	EFNA1|EFNA2|MYH11|MYH14|MYH9|VEGFA
 REACT:R-HSA-2024101	CS/DS degradation	0.00114448442606	0.0190452	BGN|DCN|HEXA|HEXB
 REACT:R-HSA-428157	Sphingolipid metabolism	0.00121443946513	0.0198802	CERS1|DEGS1|HEXA|HEXB|NEU1|NEU2|NEU3|SUMF1|SUMF2|VAPA
 REACT:R-HSA-168268	Virus Assembly and Release	0.00123673052271	0.0198802	CALR|CANX
 REACT:R-HSA-168316	Assembly of Viral Components at the Budding Site	0.00123673052271	0.0198802	CALR|CANX
 REACT:R-HSA-432030	Transport of glycerol from adipocytes to the liver by Aquaporins	0.00123673052271	0.0198802	AQP7|AQP9
 REACT:R-HSA-5357609	Glycogen storage disease type II (GAA)	0.00123673052271	0.0198802	GYG1|GYG2
 KEGG:hsa04142	Lysosome	0.00130438210146	0.020826	AP1M2|ATP6V0A1|CD68|GAA|GGA3|GNPTG|HEXA|HEXB|LAMP1|LAMP3|NEU1|SUMF1
 REACT:R-HSA-4411364	Binding of TCF/LEF:CTNNB1 to target gene promoters	0.00136427534753	0.0214919	LEF1|TCF7|TCF7L1
 REACT:R-HSA-448706	Interleukin-1 processing	0.00136427534753	0.0214919	IL1A|IL1B|NFKB2
 REACT:R-HSA-1630316	Glycosaminoglycan metabolism	0.00139940203588	0.0218993	B3GAT3|BGN|CD44|DCN|FMOD|GLCE|HEXA|HEXB|OGN|OMD|PRELP|XYLT2
 REACT:R-HSA-1445148	Translocation of GLUT4 to the plasma membrane	0.00140938992929	0.0219105	MYH13|MYH15|MYH2|MYH3|MYH8|MYO1C|MYO5A|PRKAB1
 REACT:R-HSA-166520	Signalling by NGF	0.00150486421148	0.0232418	ARHGEF7|CD28|CSF2RA|CSF2RB|FGF1|FGF10|FGF16|FGF17|FGF18|FGF19|FGF2|FGF20|FGF22|FGF23|FGF3|FGF4|FGF5|FGF6|FGF7|FGF8|FGF9|HBEGF|IL5RA|MEF2C|NRG1|NRG4|PIK3AP1|PSEN2|RTN4|TNRC6A
 REACT:R-HSA-1251985	Nuclear signaling by ERBB4	0.00156578591261	0.0240257	HBEGF|NRG1|NRG4|PSEN2|STAT5A
 REACT:R-HSA-5083635	Defective B3GALTL causes Peters-plus syndrome (PpS)	0.00169017021536	0.0257669	ADAMTSL2|ADAMTSL4|CFP|THBS2|THSD1|THSD7B
 KEGG:hsa04640	Hematopoietic cell lineage	0.00198725486037	0.0301018	CD3D|CD44|CSF1|CSF2RA|GP1BB|GP9|IL1A|IL1B|IL5RA|MS4A1
 REACT:R-HSA-5173214	O-glycosylation of TSR domain-containing proteins	0.0022356630313	0.0336489	ADAMTSL2|ADAMTSL4|CFP|THBS2|THSD1|THSD7B
 KEGG:hsa04512	ECM-receptor interaction	0.0022978250358	0.0343656	CD44|CHAD|COMP|GP1BB|GP9|LAMB4|THBS2|THBS4|TNXB
 KEGG:hsa04650	Natural killer cell mediated cytotoxicity	0.00238493719087	0.0354441	FCGR3A|IFNAR2|IFNG|ITGB2|KIR2DL4|KIR2DS1|KIR2DS4|KIR2DS5|KLRC1|KLRC2|KLRC4-KLRK1|KLRD1
 REACT:R-HSA-70221	Glycogen breakdown (glycogenolysis)	0.00250243870965	0.0369579	AGL|GAA|GYG1|GYG2
 KEGG:hsa05332	Graft-versus-host disease	0.00290423679539	0.0426255	CD28|IFNG|IL1A|IL1B|KLRC1|KLRD1
 REACT:R-HSA-2142688	Synthesis of 5-eicosatetraenoic acids	0.00310612852609	0.0453073	PON1|PON2|PON3
 KEGG:hsa04060	Cytokine-cytokine receptor interaction	0.0032484989496	0.0470933	CRLF2|CSF1|CSF2RA|CSF2RB|IFNAR2|IFNG|IFNLR1|IL12B|IL19|IL1A|IL1B|IL20|IL22|IL22RA1|IL5RA|OSMR|RELT|TNFRSF1B|VEGFA
 REACT:R-HSA-373752	Netrin-1 signaling	0.0032897075526	0.0473999	ABLIM1|NTN4|ROBO1|SLIT1|SLIT2|TRPC1
