 REACT:R-HSA-1445148	Translocation of GLUT4 to the plasma membrane	8.19078138647e-12	1.93548e-08	MYH13|MYH15|MYH2|MYH3|MYH8|MYO1C|MYO5A
 KEGG:hsa04530	Tight junction	1.65648383899e-10	1.95714e-07	MYH11|MYH13|MYH14|MYH15|MYH2|MYH3|MYH8|MYH9
 REACT:R-HSA-2142688	Synthesis of 5-eicosatetraenoic acids	3.66901234172e-07	0.000288996	PON1|PON2|PON3
 REACT:R-HSA-5625900	RHO GTPases activate CIT	2.94412591628e-06	0.00139139	MYH11|MYH14|MYH9
 REACT:R-HSA-5627117	RHO GTPases Activate ROCKs	2.94412591628e-06	0.00139139	MYH11|MYH14|MYH9
 REACT:R-HSA-199991	Membrane Trafficking	4.187498029e-06	0.00164918	MYH13|MYH15|MYH2|MYH3|MYH8|MYO1C|MYO5A|MYO6
 REACT:R-HSA-2029482	Regulation of actin dynamics for phagocytic cup formation	5.49919621751e-06	0.00185637	MYH2|MYH9|MYO1C|MYO5A
 REACT:R-HSA-5653656	Vesicle-mediated transport	7.17057609312e-06	0.00199994	MYH13|MYH15|MYH2|MYH3|MYH8|MYO1C|MYO5A|MYO6
 REACT:R-HSA-5627123	RHO GTPases activate PAKs	7.61721787379e-06	0.00199994	MYH11|MYH14|MYH9
 REACT:R-HSA-416572	Sema4D induced cell migration and growth-cone collapse	8.69584309637e-06	0.00205483	MYH11|MYH14|MYH9
 REACT:R-HSA-400685	Sema4D in semaphorin signaling	1.25254137513e-05	0.00269069	MYH11|MYH14|MYH9
 REACT:R-HSA-2029480	Fcgamma receptor (FCGR) dependent phagocytosis	1.85722253181e-05	0.00365718	MYH2|MYH9|MYO1C|MYO5A
 REACT:R-HSA-3928663	EPHA-mediated growth cone collapse	2.54278977263e-05	0.00462201	MYH11|MYH14|MYH9
 REACT:R-HSA-2142753	Arachidonic acid metabolism	0.000141308327408	0.0238508	PON1|PON2|PON3
 REACT:R-HSA-373755	Semaphorin interactions	0.000205134893244	0.0323156	MYH11|MYH14|MYH9
