 KEGG:hsa04740	Olfactory transduction	0.0	0	OR10G4|OR10G8|OR10G9|OR11A1|OR11L1|OR12D3|OR14A16|OR14I1|OR1A1|OR1A2|OR1C1|OR1D5|OR1E1|OR1E2|OR1F1|OR1J1|OR1J4|OR1L4|OR1M1|OR1N1|OR2B6|OR2G3|OR2G6|OR2T12|OR2T2|OR2T33|OR2W3|OR3A3|OR4C3|OR4K15|OR4K2|OR4L1|OR4M1|OR4N5|OR4S1|OR4X2|OR52E2|OR56A3|OR5A2|OR5AS1|OR5B12|OR5M9|OR5R1|OR6C4|OR6S1|OR6X1|OR7A10|OR7C1|OR7C2|OR7D2|OR8D1|OR8G1|OR9A4|SLC8A1|SLC8A2|SLC8A3
 REACT:R-HSA-162582	Signal Transduction	0.0	0	ADORA3|APH1B|AVPR2|CRABP2|GNAS|HRH4|ITGB1|ITGB3|KALRN|LRAT|MC3R|MC4R|OR10G4|OR10G8|OR10G9|OR11A1|OR11L1|OR12D3|OR14A16|OR14I1|OR1A1|OR1A2|OR1C1|OR1D5|OR1E1|OR1E2|OR1F1|OR1J1|OR1J4|OR1L4|OR1M1|OR1N1|OR2B6|OR2G3|OR2G6|OR2T12|OR2T2|OR2T33|OR2T35|OR2W3|OR3A3|OR4C3|OR4K15|OR4K2|OR4L1|OR4M1|OR4N5|OR4S1|OR4X2|OR52E2|OR56A3|OR5A2|OR5AS1|OR5B12|OR5M9|OR5R1|OR6C4|OR6S1|OR6X1|OR7A10|OR7C1|OR7C2|OR7D2|OR8D1|OR8G1|OR9A4|PGR|PRKAB2|PTGER1|PTGER3|RBP1|RBP3|RBP4|RDH11|RDH12|RDH13|RDH14|RDH8|RLBP1|RPE65
 REACT:R-HSA-2453902	The canonical retinoid cycle in rods (twilight vision)	0.0	0	LRAT|RBP1|RBP3|RBP4|RDH11|RDH12|RDH8|RLBP1|RPE65
 REACT:R-HSA-372790	Signaling by GPCR	0.0	0	ADORA3|AVPR2|GNAS|HRH4|ITGB3|KALRN|MC3R|MC4R|OR10G4|OR10G8|OR10G9|OR11A1|OR11L1|OR12D3|OR14A16|OR14I1|OR1A1|OR1A2|OR1C1|OR1D5|OR1E1|OR1E2|OR1F1|OR1J1|OR1J4|OR1L4|OR1M1|OR1N1|OR2B6|OR2G3|OR2G6|OR2T12|OR2T2|OR2T33|OR2T35|OR2W3|OR3A3|OR4C3|OR4K15|OR4K2|OR4L1|OR4M1|OR4N5|OR4S1|OR4X2|OR52E2|OR56A3|OR5A2|OR5AS1|OR5B12|OR5M9|OR5R1|OR6C4|OR6S1|OR6X1|OR7A10|OR7C1|OR7C2|OR7D2|OR8D1|OR8G1|OR9A4|PTGER1|PTGER3
 REACT:R-HSA-381753	Olfactory Signaling Pathway	0.0	0	OR10G4|OR10G8|OR10G9|OR11A1|OR11L1|OR12D3|OR14A16|OR14I1|OR1A1|OR1A2|OR1C1|OR1D5|OR1E1|OR1E2|OR1F1|OR1J1|OR1J4|OR1L4|OR1M1|OR1N1|OR2B6|OR2G3|OR2G6|OR2T12|OR2T2|OR2T33|OR2T35|OR2W3|OR3A3|OR4C3|OR4K15|OR4K2|OR4L1|OR4M1|OR4N5|OR4S1|OR4X2|OR52E2|OR56A3|OR5A2|OR5AS1|OR5B12|OR5M9|OR5R1|OR6C4|OR6S1|OR6X1|OR7A10|OR7C1|OR7C2|OR7D2|OR8D1|OR8G1|OR9A4
 REACT:R-HSA-388396	GPCR downstream signaling	0.0	0	ADORA3|AVPR2|GNAS|HRH4|KALRN|MC3R|MC4R|OR10G4|OR10G8|OR10G9|OR11A1|OR11L1|OR12D3|OR14A16|OR14I1|OR1A1|OR1A2|OR1C1|OR1D5|OR1E1|OR1E2|OR1F1|OR1J1|OR1J4|OR1L4|OR1M1|OR1N1|OR2B6|OR2G3|OR2G6|OR2T12|OR2T2|OR2T33|OR2T35|OR2W3|OR3A3|OR4C3|OR4K15|OR4K2|OR4L1|OR4M1|OR4N5|OR4S1|OR4X2|OR52E2|OR56A3|OR5A2|OR5AS1|OR5B12|OR5M9|OR5R1|OR6C4|OR6S1|OR6X1|OR7A10|OR7C1|OR7C2|OR7D2|OR8D1|OR8G1|OR9A4|PTGER1|PTGER3
 KEGG:hsa_M00415	"Fatty acid biosynthesis elongation endoplasmic reticulum"	6.27283021415e-07	0.000211753	ELOVL1|ELOVL3|ELOVL4|ELOVL5|ELOVL7
 REACT:R-HSA-2187338	Visual phototransduction	1.25466888251e-05	0.00370598	LRAT|RBP1|RBP3|RBP4|RDH11|RDH12|RDH8|RLBP1|RPE65
 KEGG:hsa00062	Fatty acid elongation	2.25674491966e-05	0.00592521	ELOVL1|ELOVL3|ELOVL4|ELOVL5|ELOVL7
 REACT:R-HSA-75876	Synthesis of very long-chain fatty acyl-CoAs	4.033688534e-05	0.00953161	ELOVL1|ELOVL3|ELOVL4|ELOVL5|ELOVL7
 REACT:R-HSA-15869	Metabolism of nucleotides	6.73683226931e-05	0.0144719	AK5|CMPK1|DCK|DGUOK|DUT|RRM1|TK2|TYMS
 REACT:R-HSA-383280	Nuclear Receptor transcription pathway	7.79744605299e-05	0.0153545	NR0B1|NR1I2|NR1I3|NR4A3|PGR|VDR
 KEGG:hsa05410	Hypertrophic cardiomyopathy (HCM)	0.000168471418204	0.0306229	ITGB1|ITGB3|ITGB5|ITGB6|ITGB7|PRKAB2|SLC8A1
 REACT:R-HSA-2453864	Retinoid cycle disease events	0.000219610951118	0.034596	RBP1|RBP4|RLBP1
 REACT:R-HSA-2474795	Diseases associated with visual transduction	0.000219610951118	0.034596	RBP1|RBP4|RLBP1
 KEGG:hsa05414	Dilated cardiomyopathy	0.000260462550334	0.0384671	GNAS|ITGB1|ITGB3|ITGB5|ITGB6|ITGB7|SLC8A1
 KEGG:hsa00830	Retinol metabolism	0.000303813649575	0.0407581	LRAT|RDH11|RDH12|RDH8|RETSAT|RPE65
 REACT:R-HSA-2046105	Linoleic acid (LA) metabolism	0.000310472471934	0.0407581	ELOVL1|ELOVL3|ELOVL5
 REACT:R-HSA-216083	Integrin cell surface interactions	0.000388788937287	0.0483531	ITGB1|ITGB2|ITGB3|ITGB5|ITGB6|ITGB7
