 REACT:R-HSA-163560	Hormone-sensitive lipase (HSL)-mediated triacylglycerol hydrolysis	0.0	0	FABP1|FABP2|FABP3|FABP4|FABP5|FABP6|FABP7|FABP9
 REACT:R-HSA-2453902	The canonical retinoid cycle in rods (twilight vision)	5.61062307725e-12	6.62895e-09	LRAT|RBP1|RBP3|RBP4|RDH11|RDH12|RDH8|RLBP1
 KEGG:hsa04740	Olfactory transduction	1.76654246786e-11	1.39145e-08	OR10H3|OR10J5|OR11L1|OR14A16|OR1A2|OR1D2|OR1D5|OR1J1|OR1N1|OR1S2|OR2A2|OR2D3|OR4C3|OR4S1|OR52W1|OR5AS1|OR5B12|OR5D13|OR5H6|OR7D2|SLC8A1|SLC8A2|SLC8A3
 REACT:R-HSA-383280	Nuclear Receptor transcription pathway	7.09792224995e-11	4.1931e-08	AR|NR0B1|NR1I2|NR1I3|NR2C1|NR3C1|NR3C2|NR4A3|PGR|VDR
 REACT:R-HSA-556833	Metabolism of lipids and lipoproteins	1.35567201909e-09	6.40691e-07	CDIPT|CYP11B1|ELOVL1|ELOVL3|ELOVL4|ELOVL7|FABP1|FABP2|FABP3|FABP4|FABP5|FABP6|FABP7|FABP9|HSD3B7|OSBPL10|OSBPL3|OSBPL5|OSBPL6|OSBPL7|OSBPL8|OSBPL9|PTGR2|SRD5A1|SRD5A2|SRD5A3|TECR|TECRL|TMEM86B
 REACT:R-HSA-162582	Signal Transduction	8.83365769422e-09	3.47899e-06	ADORA3|ANXA1|APH1A|APH1B|AR|AVPR2|CRABP1|CRABP2|CSF2RA|FABP5|FGG|GRP|HRH4|KALRN|LRAT|MC3R|MC4R|NR3C1|NUP107|OR10H3|OR10J5|OR11L1|OR14A16|OR1A2|OR1D2|OR1D5|OR1J1|OR1N1|OR1S2|OR2A2|OR2D3|OR4C3|OR4S1|OR52W1|OR5AS1|OR5B12|OR5D13|OR5H6|OR7D2|PGR|PPP2R1A|PPP2R1B|PTGER3|RBP1|RBP2|RBP3|RBP4|RDH11|RDH12|RDH13|RDH14|RDH8|RLBP1|TBXA2R
 REACT:R-HSA-381753	Olfactory Signaling Pathway	1.08651010411e-08	3.66775e-06	OR10H3|OR10J5|OR11L1|OR14A16|OR1A2|OR1D2|OR1D5|OR1J1|OR1N1|OR1S2|OR2A2|OR2D3|OR4C3|OR4S1|OR52W1|OR5AS1|OR5B12|OR5D13|OR5H6|OR7D2
 REACT:R-HSA-388396	GPCR downstream signaling	1.34665740781e-08	3.97769e-06	ADORA3|ANXA1|AVPR2|CSF2RA|GRP|HRH4|KALRN|MC3R|MC4R|OR10H3|OR10J5|OR11L1|OR14A16|OR1A2|OR1D2|OR1D5|OR1J1|OR1N1|OR1S2|OR2A2|OR2D3|OR4C3|OR4S1|OR52W1|OR5AS1|OR5B12|OR5D13|OR5H6|OR7D2|PTGER3|TBXA2R
 KEGG:hsa_M00415	"Fatty acid biosynthesis elongation endoplasmic reticulum"	1.16165845276e-07	3.05e-05	ELOVL1|ELOVL3|ELOVL4|ELOVL7|TECR
 REACT:R-HSA-372790	Signaling by GPCR	2.17645949041e-07	5.14297e-05	ADORA3|ANXA1|AVPR2|CSF2RA|FGG|GRP|HRH4|KALRN|MC3R|MC4R|OR10H3|OR10J5|OR11L1|OR14A16|OR1A2|OR1D2|OR1D5|OR1J1|OR1N1|OR1S2|OR2A2|OR2D3|OR4C3|OR4S1|OR52W1|OR5AS1|OR5B12|OR5D13|OR5H6|OR7D2|PPP2R1A|PPP2R1B|PTGER3|TBXA2R
 REACT:R-HSA-75876	Synthesis of very long-chain fatty acyl-CoAs	2.92662375556e-07	6.28692e-05	ELOVL1|ELOVL3|ELOVL4|ELOVL7|TECR|TECRL
 REACT:R-HSA-2187338	Visual phototransduction	7.67539692137e-07	0.000151141	LRAT|RBP1|RBP2|RBP3|RBP4|RDH11|RDH12|RDH8|RLBP1
 REACT:R-HSA-194068	Bile acid and bile salt metabolism	4.18625325427e-06	0.000685812	FABP6|HSD3B7|OSBPL3|OSBPL6|OSBPL7|OSBPL9
 REACT:R-HSA-5362517	Signaling by Retinoic Acid	4.18625325427e-06	0.000685812	CRABP1|CRABP2|FABP5|RDH11|RDH13|RDH14
 KEGG:hsa00062	Fatty acid elongation	4.3534390064e-06	0.000685812	ELOVL1|ELOVL3|ELOVL4|ELOVL7|TECR
 KEGG:hsa03320	PPAR signaling pathway	7.65067413078e-06	0.00112991	FABP1|FABP2|FABP3|FABP4|FABP5|FABP6|FABP7
 REACT:R-HSA-75105	Fatty Acyl-CoA Biosynthesis	1.62029190862e-05	0.00225221	ELOVL1|ELOVL3|ELOVL4|ELOVL7|TECR|TECRL
 REACT:R-HSA-73923	"Lipid digestion mobilization and transport"	2.04387142871e-05	0.00263724	FABP1|FABP2|FABP3|FABP4|FABP5|FABP6|FABP7|FABP9
 REACT:R-HSA-192105	Synthesis of bile acids and bile salts	2.12050416359e-05	0.00263724	HSD3B7|OSBPL3|OSBPL6|OSBPL7|OSBPL9
 REACT:R-HSA-1430728	Metabolism	4.97038837558e-05	0.00587251	ASRGL1|CDIPT|COX7A2L|CYP11B1|ELOVL1|ELOVL3|ELOVL4|ELOVL7|FABP1|FABP2|FABP3|FABP4|FABP5|FABP6|FABP7|FABP9|GATM|HSD3B7|LRAT|NUP107|OSBPL10|OSBPL3|OSBPL5|OSBPL6|OSBPL7|OSBPL8|OSBPL9|PPP2R1A|PPP2R1B|PTGR2|RBP1|RBP2|RBP4|RDH11|SRD5A1|SRD5A2|SRD5A3|TECR|TECRL|TMEM86B
 REACT:R-HSA-5365859	RA biosynthesis pathway	7.53582188757e-05	0.00793741	CRABP1|RDH11|RDH13|RDH14
 REACT:R-HSA-975634	Retinoid metabolism and transport	7.63637772726e-05	0.00793741	LRAT|RBP1|RBP2|RBP4|RDH11
 REACT:R-HSA-2453864	Retinoid cycle disease events	8.06169172337e-05	0.00793741	RBP1|RBP4|RLBP1
 REACT:R-HSA-2474795	Diseases associated with visual transduction	8.06169172337e-05	0.00793741	RBP1|RBP4|RLBP1
 REACT:R-HSA-193048	Androgen biosynthesis	0.000156032366897	0.0147482	SRD5A1|SRD5A2|SRD5A3
 REACT:R-HSA-75109	Triglyceride Biosynthesis	0.000163191537717	0.0148316	ELOVL1|ELOVL3|ELOVL4|ELOVL7|TECR|TECRL
 REACT:R-HSA-6806667	Metabolism of fat-soluble vitamins	0.000187713463671	0.0164284	LRAT|RBP1|RBP2|RBP4|RDH11
 REACT:R-HSA-425561	Sodium/Calcium exchangers	0.000266493282428	0.0224901	SLC8A1|SLC8A2|SLC8A3
 REACT:R-HSA-196071	Metabolism of steroid hormones	0.0002853158471	0.0232483	CYP11B1|SRD5A1|SRD5A2|SRD5A3
 REACT:R-HSA-418359	Reduction of cytosolic Ca++ levels	0.000336680867565	0.0265192	SLC8A1|SLC8A2|SLC8A3
 KEGG:hsa04080	Neuroactive ligand-receptor interaction	0.00048670485958	0.0362386	ADORA3|AVPR2|HRH4|MC3R|MC4R|NR3C1|PRLR|PTGER3|TBXA2R|TRPV1
 KEGG:hsa00830	Retinol metabolism	0.00049074758354	0.0362386	LRAT|RDH11|RDH12|RDH8|RETSAT
