 REACT:R-HSA-2565942	Regulation of PLK1 Activity at G2/M Transition	2.69579213619e-07	0.000265892	BTRC|FBXW11|NEDD1|PAFAH1B1|PPP2R1A
 REACT:R-HSA-69275	G2/M Transition	3.16471159834e-07	0.000265892	BTRC|FBXW11|NEDD1|PAFAH1B1|PPP2R1A|PPP2R1B
 REACT:R-HSA-453274	Mitotic G2-G2/M phases	3.37569107667e-07	0.000265892	BTRC|FBXW11|NEDD1|PAFAH1B1|PPP2R1A|PPP2R1B
 REACT:R-HSA-69278	"Cell Cycle Mitotic"	6.95807261142e-07	0.000411048	BTRC|FBXW11|FZR1|NEDD1|NUP43|PAFAH1B1|PPP2R1A|PPP2R1B
 REACT:R-HSA-1640170	Cell Cycle	2.90318738216e-06	0.00121367	BTRC|FBXW11|FZR1|NEDD1|NUP43|PAFAH1B1|PPP2R1A|PPP2R1B
 REACT:R-HSA-450294	MAP kinase activation in TLR cascade	3.08168330687e-06	0.00121367	BTRC|FBXW11|PPP2R1A|PPP2R1B
 KEGG:hsa04390	Hippo signaling pathway	3.88627337089e-06	0.00131189	BTRC|FBXW11|LLGL2|PPP2R1A|PPP2R1B
 REACT:R-HSA-195253	Degradation of beta-catenin by the destruction complex	8.7386058073e-06	0.00180882	BTRC|PPP2R1A|PPP2R1B|TLE4
 REACT:R-HSA-168142	Toll Like Receptor 10 (TLR10) Cascade	9.16601917977e-06	0.00180882	BTRC|FBXW11|PPP2R1A|PPP2R1B
 REACT:R-HSA-168176	Toll Like Receptor 5 (TLR5) Cascade	9.16601917977e-06	0.00180882	BTRC|FBXW11|PPP2R1A|PPP2R1B
 REACT:R-HSA-975871	MyD88 cascade initiated on plasma membrane	9.16601917977e-06	0.00180882	BTRC|FBXW11|PPP2R1A|PPP2R1B
 REACT:R-HSA-195721	Signaling by Wnt	1.12027690496e-05	0.00180882	BTRC|GNB4|PPP2R1A|PPP2R1B|RBBP5|TLE4
 REACT:R-HSA-975138	TRAF6 mediated induction of NFkB and MAP kinases upon TLR7/8 or 9 activation	1.26044041985e-05	0.00180882	BTRC|FBXW11|PPP2R1A|PPP2R1B
 REACT:R-HSA-168181	Toll Like Receptor 7/8 (TLR7/8) Cascade	1.37410103007e-05	0.00180882	BTRC|FBXW11|PPP2R1A|PPP2R1B
 REACT:R-HSA-975155	MyD88 dependent cascade initiated on endosome	1.37410103007e-05	0.00180882	BTRC|FBXW11|PPP2R1A|PPP2R1B
 REACT:R-HSA-166058	MyD88:Mal cascade initiated on plasma membrane	1.4951449581e-05	0.00180882	BTRC|FBXW11|PPP2R1A|PPP2R1B
 REACT:R-HSA-168179	Toll Like Receptor TLR1:TLR2 Cascade	1.4951449581e-05	0.00180882	BTRC|FBXW11|PPP2R1A|PPP2R1B
 REACT:R-HSA-168188	Toll Like Receptor TLR6:TLR2 Cascade	1.4951449581e-05	0.00180882	BTRC|FBXW11|PPP2R1A|PPP2R1B
 REACT:R-HSA-181438	Toll Like Receptor 2 (TLR2) Cascade	1.4951449581e-05	0.00180882	BTRC|FBXW11|PPP2R1A|PPP2R1B
 REACT:R-HSA-168138	Toll Like Receptor 9 (TLR9) Cascade	1.62387482721e-05	0.00180882	BTRC|FBXW11|PPP2R1A|PPP2R1B
 REACT:R-HSA-166166	MyD88-independent TLR3/TLR4 cascade	1.76059901351e-05	0.00180882	BTRC|FBXW11|PPP2R1A|PPP2R1B
 REACT:R-HSA-168164	Toll Like Receptor 3 (TLR3) Cascade	1.76059901351e-05	0.00180882	BTRC|FBXW11|PPP2R1A|PPP2R1B
 REACT:R-HSA-937061	TRIF-mediated TLR3/TLR4 signaling	1.76059901351e-05	0.00180882	BTRC|FBXW11|PPP2R1A|PPP2R1B
 REACT:R-HSA-2500257	Resolution of Sister Chromatid Cohesion	2.05925149145e-05	0.0020275	NUP43|PAFAH1B1|PPP2R1A|PPP2R1B
 KEGG:hsa_M00380	SCF-BTRC complex	2.53963516302e-05	0.00240046	BTRC|FBXW11
 REACT:R-HSA-68877	Mitotic Prometaphase	2.76633632601e-05	0.00251417	NUP43|PAFAH1B1|PPP2R1A|PPP2R1B
 REACT:R-HSA-166054	Activated TLR4 signalling	3.18003932204e-05	0.00271745	BTRC|FBXW11|PPP2R1A|PPP2R1B
 REACT:R-HSA-201681	TCF dependent signaling in response to WNT	3.22000418614e-05	0.00271745	BTRC|PPP2R1A|PPP2R1B|RBBP5|TLE4
 REACT:R-HSA-5663220	RHO GTPases Activate Formins	3.40311778563e-05	0.00277295	NUP43|PAFAH1B1|PPP2R1A|PPP2R1B
 KEGG:hsa04114	Oocyte meiosis	4.27505291923e-05	0.00336114	BTRC|FBXW11|PPP2R1A|PPP2R1B
 REACT:R-HSA-3769402	Deactivation of the beta-catenin transactivating complex	4.42495703089e-05	0.00336114	BTRC|RBBP5|TLE4
 REACT:R-HSA-166016	Toll Like Receptor 4 (TLR4) Cascade	4.55169746116e-05	0.00336114	BTRC|FBXW11|PPP2R1A|PPP2R1B
 REACT:R-HSA-163767	PP2A-mediated dephosphorylation of key metabolic factors	5.32280945355e-05	0.00381145	PPP2R1A|PPP2R1B
 REACT:R-HSA-168898	Toll-Like Receptors Cascades	9.70444213305e-05	0.00674459	BTRC|FBXW11|PPP2R1A|PPP2R1B
 REACT:R-HSA-2465910	MASTL Facilitates Mitotic Progression	0.00011372595038	0.00767813	PPP2R1A|PPP2R1B
 REACT:R-HSA-2467813	Separation of Sister Chromatids	0.000139381223258	0.00914883	NUP43|PAFAH1B1|PPP2R1A|PPP2R1B
 REACT:R-HSA-68882	Mitotic Anaphase	0.000177979981597	0.0111426	NUP43|PAFAH1B1|PPP2R1A|PPP2R1B
 REACT:R-HSA-2555396	Mitotic Metaphase and Anaphase	0.000181835531894	0.0111426	NUP43|PAFAH1B1|PPP2R1A|PPP2R1B
 REACT:R-HSA-113501	Inhibition of replication initiation of damaged DNA by RB1/E2F1	0.000196547350373	0.0111426	PPP2R1A|PPP2R1B
 REACT:R-HSA-202670	ERKs are inactivated	0.000196547350373	0.0111426	PPP2R1A|PPP2R1B
 REACT:R-HSA-380259	Loss of Nlp from mitotic centrosomes	0.000207512661133	0.0111426	NEDD1|PAFAH1B1|PPP2R1A
 REACT:R-HSA-380284	Loss of proteins required for interphase microtubule organization from the centrosome	0.000207512661133	0.0111426	NEDD1|PAFAH1B1|PPP2R1A
 REACT:R-HSA-4839735	"AXIN mutants destabilize the destruction complex activating WNT signaling"	0.000229081082978	0.0111426	PPP2R1A|PPP2R1B
 REACT:R-HSA-4839744	truncated APC mutants destabilize the destruction complex	0.000229081082978	0.0111426	PPP2R1A|PPP2R1B
 REACT:R-HSA-4839748	AMER1 mutants destabilize the destruction complex	0.000229081082978	0.0111426	PPP2R1A|PPP2R1B
 REACT:R-HSA-5467337	APC truncation mutants have impaired AXIN binding	0.000229081082978	0.0111426	PPP2R1A|PPP2R1B
 REACT:R-HSA-5467340	AXIN missense mutants destabilize the destruction complex	0.000229081082978	0.0111426	PPP2R1A|PPP2R1B
 REACT:R-HSA-5467348	Truncations of AMER1 destabilize the destruction complex	0.000229081082978	0.0111426	PPP2R1A|PPP2R1B
 REACT:R-HSA-8854518	AURKA Activation by TPX2	0.000234218582664	0.0111426	NEDD1|PAFAH1B1|PPP2R1A
 REACT:R-HSA-1168372	Downstream signaling events of B Cell Receptor (BCR)	0.000257056162335	0.0111426	BTRC|FBXW11|PPP2R1A|PPP2R1B
 REACT:R-HSA-4839743	phosphorylation site mutants of CTNNB1 are not targeted to the proteasome by the destruction complex	0.000264065949595	0.0111426	PPP2R1A|PPP2R1B
 REACT:R-HSA-5339716	Misspliced GSK3beta mutants stabilize beta-catenin	0.000264065949595	0.0111426	PPP2R1A|PPP2R1B
 REACT:R-HSA-5358747	S33 mutants of beta-catenin aren't phosphorylated	0.000264065949595	0.0111426	PPP2R1A|PPP2R1B
 REACT:R-HSA-5358749	S37 mutants of beta-catenin aren't phosphorylated	0.000264065949595	0.0111426	PPP2R1A|PPP2R1B
 REACT:R-HSA-5358751	S45 mutants of beta-catenin aren't phosphorylated	0.000264065949595	0.0111426	PPP2R1A|PPP2R1B
 REACT:R-HSA-5358752	T41 mutants of beta-catenin aren't phosphorylated	0.000264065949595	0.0111426	PPP2R1A|PPP2R1B
 REACT:R-HSA-5684264	MAP3K8 (TPL2)-dependent MAPK1/3 activation	0.00030149468948	0.0122139	BTRC|FBXW11
 REACT:R-HSA-380270	Recruitment of mitotic centrosome proteins and complexes	0.000304960845786	0.0122139	NEDD1|PAFAH1B1|PPP2R1A
 REACT:R-HSA-380287	Centrosome maturation	0.000304960845786	0.0122139	NEDD1|PAFAH1B1|PPP2R1A
 REACT:R-HSA-111885	Opioid Signalling	0.000327435976756	0.0128955	GNB4|PPP2R1A|PPP2R1B
 REACT:R-HSA-196299	Beta-catenin phosphorylation cascade	0.000341360007116	0.0130102	PPP2R1A|PPP2R1B
 REACT:R-HSA-432142	Platelet sensitization by LDL	0.000341360007116	0.0130102	PPP2R1A|PPP2R1B
 REACT:R-HSA-418346	Platelet homeostasis	0.00041445636916	0.0155454	GNB4|PPP2R1A|PPP2R1B
 REACT:R-HSA-983705	Signaling by the B Cell Receptor (BCR)	0.000494756378654	0.0182673	BTRC|FBXW11|PPP2R1A|PPP2R1B
 REACT:R-HSA-5620912	Anchoring of the basal body to the plasma membrane	0.000546532480563	0.0198686	NEDD1|PAFAH1B1|PPP2R1A
 REACT:R-HSA-198753	ERK/MAPK targets	0.00057698248452	0.0200501	PPP2R1A|PPP2R1B
 REACT:R-HSA-389513	CTLA4 inhibitory signaling	0.00057698248452	0.0200501	PPP2R1A|PPP2R1B
 REACT:R-HSA-69273	Cyclin A/B1 associated events during G2/M transition	0.00057698248452	0.0200501	PPP2R1A|PPP2R1B
 REACT:R-HSA-163685	Integration of energy metabolism	0.000741219339671	0.0248659	GNB4|PPP2R1A|PPP2R1B
 REACT:R-HSA-198725	Nuclear Events (kinase and transcription factor activation)	0.000747133813245	0.0248659	PPP2R1A|PPP2R1B
 REACT:R-HSA-5673000	RAF activation	0.000747133813245	0.0248659	PPP2R1A|PPP2R1B
 REACT:R-HSA-180024	DARPP-32 events	0.000808604289326	0.0265379	PPP2R1A|PPP2R1B
 KEGG:hsa04152	AMPK signaling pathway	0.000929747150155	0.0300958	PPP2R1A|PPP2R1B|RPTOR
 KEGG:hsa04710	Circadian rhythm	0.00115128724155	0.0359725	BTRC|FBXW11
 REACT:R-HSA-450282	MAPK targets/ Nuclear events mediated by MAP kinases	0.00115128724155	0.0359725	PPP2R1A|PPP2R1B
 REACT:R-HSA-195258	RHO GTPase Effectors	0.00116416933945	0.0359725	NUP43|PAFAH1B1|PPP2R1A|PPP2R1B
 KEGG:hsa04728	Dopaminergic synapse	0.00117218962516	0.0359725	GNB4|PPP2R1A|PPP2R1B
 REACT:R-HSA-4641262	Disassembly of the destruction complex and recruitment of AXIN to the membrane	0.00122684051578	0.0366965	PPP2R1A|PPP2R1B
 REACT:R-HSA-70171	Glycolysis	0.00122684051578	0.0366965	PPP2R1A|PPP2R1B
 KEGG:hsa04120	Ubiquitin mediated proteolysis	0.00136363562831	0.039909	BTRC|FBXW11|FZR1
 REACT:R-HSA-68886	M Phase	0.00138319923318	0.039909	NUP43|PAFAH1B1|PPP2R1A|PPP2R1B
 REACT:R-HSA-113510	E2F mediated regulation of DNA replication	0.00138490744847	0.039909	PPP2R1A|PPP2R1B
 REACT:R-HSA-4791275	Signaling by WNT in cancer	0.00146740708885	0.0407804	PPP2R1A|PPP2R1B
 REACT:R-HSA-6804757	Regulation of TP53 Degradation	0.00146740708885	0.0407804	PPP2R1A|PPP2R1B
 REACT:R-HSA-68875	Mitotic Prophase	0.00148138255147	0.0407804	NUP43|PPP2R1A|PPP2R1B
 REACT:R-HSA-1280218	Adaptive Immune System	0.00148417991532	0.0407804	BTRC|FBXW11|FZR1|PPP2R1A|PPP2R1B|SEC31A
 REACT:R-HSA-6806003	Regulation of TP53 Expression and Degradation	0.0015522082558	0.0421594	PPP2R1A|PPP2R1B
 REACT:R-HSA-69231	Cyclin D associated events in G1	0.00182035112601	0.0483313	PPP2R1A|PPP2R1B
 REACT:R-HSA-69236	G1 Phase	0.00182035112601	0.0483313	PPP2R1A|PPP2R1B
