 KEGG:hsa04740	Olfactory transduction	0.0	0	OR10H3|OR10H5|OR10J1|OR10J5|OR11A1|OR11L1|OR12D3|OR14A16|OR1A2|OR1C1|OR1D2|OR1D5|OR1E1|OR1E2|OR1F1|OR1J1|OR1J4|OR1N1|OR1S2|OR2A2|OR2D3|OR2G6|OR2T2|OR4C12|OR4C3|OR4K15|OR4K2|OR4S1|OR52M1|OR52W1|OR5AK2|OR5AS1|OR5B12|OR5D13|OR5D14|OR5H6|OR5M9|OR5R1|OR7D2|OR8D1|OR9A4|SLC8A1|SLC8A2|SLC8A3
 REACT:R-HSA-162582	Signal Transduction	0.0	0	ADORA3|ANXA1|APH1A|APH1B|AR|AVPR2|CRABP1|CRABP2|CSF2RA|FABP5|GPR31|GRP|HRH4|KALRN|LRAT|MC1R|MC3R|MC4R|NR3C1|NUP107|OR10H3|OR10H5|OR10J1|OR10J5|OR11A1|OR11L1|OR12D3|OR14A16|OR1A2|OR1C1|OR1D2|OR1D5|OR1E1|OR1E2|OR1F1|OR1J1|OR1J4|OR1N1|OR1S2|OR2A2|OR2D3|OR2G6|OR2T2|OR4C12|OR4C3|OR4K15|OR4K2|OR4S1|OR52M1|OR52W1|OR5AK2|OR5AS1|OR5B12|OR5D13|OR5D14|OR5H6|OR5M9|OR5R1|OR7D2|OR8D1|OR9A4|PGR|PPP2R1A|PPP2R1B|PTGER1|PTGER3|RBP1|RBP2|RBP3|RBP4|RDH11|RDH12|RDH13|RDH14|RDH8|RLBP1|TBXA2R
 REACT:R-HSA-372790	Signaling by GPCR	0.0	0	ADORA3|ANXA1|AVPR2|CSF2RA|GPR31|GRP|HRH4|KALRN|MC1R|MC3R|MC4R|OR10H3|OR10H5|OR10J1|OR10J5|OR11A1|OR11L1|OR12D3|OR14A16|OR1A2|OR1C1|OR1D2|OR1D5|OR1E1|OR1E2|OR1F1|OR1J1|OR1J4|OR1N1|OR1S2|OR2A2|OR2D3|OR2G6|OR2T2|OR4C12|OR4C3|OR4K15|OR4K2|OR4S1|OR52M1|OR52W1|OR5AK2|OR5AS1|OR5B12|OR5D13|OR5D14|OR5H6|OR5M9|OR5R1|OR7D2|OR8D1|OR9A4|PPP2R1A|PPP2R1B|PTGER1|PTGER3|TBXA2R
 REACT:R-HSA-388396	GPCR downstream signaling	0.0	0	ADORA3|ANXA1|AVPR2|CSF2RA|GRP|HRH4|KALRN|MC1R|MC3R|MC4R|OR10H3|OR10H5|OR10J1|OR10J5|OR11A1|OR11L1|OR12D3|OR14A16|OR1A2|OR1C1|OR1D2|OR1D5|OR1E1|OR1E2|OR1F1|OR1J1|OR1J4|OR1N1|OR1S2|OR2A2|OR2D3|OR2G6|OR2T2|OR4C12|OR4C3|OR4K15|OR4K2|OR4S1|OR52M1|OR52W1|OR5AK2|OR5AS1|OR5B12|OR5D13|OR5D14|OR5H6|OR5M9|OR5R1|OR7D2|OR8D1|OR9A4|PTGER1|PTGER3|TBXA2R
 REACT:R-HSA-381753	Olfactory Signaling Pathway	4.75197659e-12	2.24578e-09	OR10H3|OR10H5|OR10J1|OR10J5|OR11A1|OR11L1|OR12D3|OR14A16|OR1A2|OR1C1|OR1D2|OR1D5|OR1E1|OR1E2|OR1F1|OR1J1|OR1J4|OR1N1|OR1S2|OR2A2|OR2D3|OR2G6|OR2T2|OR4C12|OR4C3|OR4K15|OR4K2|OR4S1|OR52M1|OR52W1|OR5AK2|OR5AS1|OR5B12|OR5D13|OR5D14|OR5H6|OR5M9|OR5R1|OR7D2|OR8D1|OR9A4
 REACT:R-HSA-163560	Hormone-sensitive lipase (HSL)-mediated triacylglycerol hydrolysis	3.06910052927e-11	1.20871e-08	FABP1|FABP2|FABP3|FABP4|FABP5|FABP6|FABP7|FABP9
 REACT:R-HSA-2453902	The canonical retinoid cycle in rods (twilight vision)	8.24875723282e-11	2.78454e-08	LRAT|RBP1|RBP3|RBP4|RDH11|RDH12|RDH8|RLBP1
 REACT:R-HSA-383280	Nuclear Receptor transcription pathway	2.49503750993e-10	7.36972e-08	AR|NR0B1|NR1I2|NR1I3|NR2C1|NR3C1|NR3C2|NR4A3|PGR|VDR
 REACT:R-HSA-556833	Metabolism of lipids and lipoproteins	3.73148794086e-08	9.79723e-06	CDIPT|CYP11B1|ELOVL1|ELOVL3|ELOVL4|ELOVL7|FABP1|FABP2|FABP3|FABP4|FABP5|FABP6|FABP7|FABP9|HSD3B7|OSBPL10|OSBPL3|OSBPL5|OSBPL6|OSBPL7|OSBPL8|OSBPL9|PTGR2|SRD5A1|SRD5A2|SRD5A3|TECR|TECRL|TMEM86B
 KEGG:hsa_M00415	"Fatty acid biosynthesis elongation endoplasmic reticulum"	2.29219094372e-07	5.41645e-05	ELOVL1|ELOVL3|ELOVL4|ELOVL7|TECR
 REACT:R-HSA-75876	Synthesis of very long-chain fatty acyl-CoAs	6.53226353675e-07	0.000140325	ELOVL1|ELOVL3|ELOVL4|ELOVL7|TECR|TECRL
 REACT:R-HSA-2187338	Visual phototransduction	2.39971089611e-06	0.000472543	LRAT|RBP1|RBP2|RBP3|RBP4|RDH11|RDH12|RDH8|RLBP1
 KEGG:hsa00062	Fatty acid elongation	8.46410160849e-06	0.00144447	ELOVL1|ELOVL3|ELOVL4|ELOVL7|TECR
 REACT:R-HSA-194068	Bile acid and bile salt metabolism	9.16929235106e-06	0.00144447	FABP6|HSD3B7|OSBPL3|OSBPL6|OSBPL7|OSBPL9
 REACT:R-HSA-5362517	Signaling by Retinoic Acid	9.16929235106e-06	0.00144447	CRABP1|CRABP2|FABP5|RDH11|RDH13|RDH14
 KEGG:hsa03320	PPAR signaling pathway	1.86235035892e-05	0.00275046	FABP1|FABP2|FABP3|FABP4|FABP5|FABP6|FABP7
 REACT:R-HSA-75105	Fatty Acyl-CoA Biosynthesis	3.50042340654e-05	0.00486559	ELOVL1|ELOVL3|ELOVL4|ELOVL7|TECR|TECRL
 REACT:R-HSA-192105	Synthesis of bile acids and bile salts	4.07771848234e-05	0.00535314	HSD3B7|OSBPL3|OSBPL6|OSBPL7|OSBPL9
 REACT:R-HSA-73923	"Lipid digestion mobilization and transport"	5.43143010288e-05	0.00675498	FABP1|FABP2|FABP3|FABP4|FABP5|FABP6|FABP7|FABP9
 KEGG:hsa04080	Neuroactive ligand-receptor interaction	8.64438829076e-05	0.0102133	ADORA3|AVPR2|HRH4|MC1R|MC3R|MC4R|NR3C1|PRLR|PTGER1|PTGER3|TBXA2R|TRPV1
 REACT:R-HSA-2453864	Retinoid cycle disease events	0.000120706710402	0.0124013	RBP1|RBP4|RLBP1
 REACT:R-HSA-2474795	Diseases associated with visual transduction	0.000120706710402	0.0124013	RBP1|RBP4|RLBP1
 REACT:R-HSA-391908	Prostanoid ligand receptors	0.000120706710402	0.0124013	PTGER1|PTGER3|TBXA2R
 REACT:R-HSA-5365859	RA biosynthesis pathway	0.000127636087438	0.0125668	CRABP1|RDH11|RDH13|RDH14
 REACT:R-HSA-975634	Retinoid metabolism and transport	0.000145073788583	0.0137124	LRAT|RBP1|RBP2|RBP4|RDH11
 REACT:R-HSA-193048	Androgen biosynthesis	0.000233110989267	0.0211862	SRD5A1|SRD5A2|SRD5A3
 REACT:R-HSA-75109	Triglyceride Biosynthesis	0.000340913074063	0.0287433	ELOVL1|ELOVL3|ELOVL4|ELOVL7|TECR|TECRL
 REACT:R-HSA-373076	Class A/1 (Rhodopsin-like receptors)	0.000350473555173	0.0287433	ADORA3|ANXA1|AVPR2|GPR31|GRP|HRH4|MC1R|MC3R|MC4R|PTGER1|PTGER3|TBXA2R
 REACT:R-HSA-6806667	Metabolism of fat-soluble vitamins	0.000352752831328	0.0287433	LRAT|RBP1|RBP2|RBP4|RDH11
 REACT:R-HSA-425561	Sodium/Calcium exchangers	0.000397263850983	0.0312911	SLC8A1|SLC8A2|SLC8A3
 REACT:R-HSA-196071	Metabolism of steroid hormones	0.000478202223167	0.0364514	CYP11B1|SRD5A1|SRD5A2|SRD5A3
 REACT:R-HSA-418359	Reduction of cytosolic Ca++ levels	0.000501342305898	0.037021	SLC8A1|SLC8A2|SLC8A3
 REACT:R-HSA-391903	Eicosanoid ligand-binding receptors	0.000621392857425	0.0444955	PTGER1|PTGER3|TBXA2R
