 REACT:R-HSA-15869	Metabolism of nucleotides	7.05312253046e-10	1.4717e-06	AK5|CMPK1|DCK|DGUOK|DUT|RRM1|TK2|TYMS
 KEGG:hsa00240	Pyrimidine metabolism	1.2456178311e-09	1.4717e-06	CMPK1|DCK|DUT|RRM1|TK2|TYMS|UCKL1|UPRT
 REACT:R-HSA-73848	Pyrimidine metabolism	1.39550198264e-06	0.00109919	DCK|DUT|TK2|TYMS
 KEGG:hsa04659	Th17 cell differentiation	2.40666759134e-05	0.0142174	IL21R|IL2RB|IL2RG|IL4R|PPP3R2
 REACT:R-HSA-499943	Synthesis and interconversion of nucleotide di- and triphosphates	7.11947564582e-05	0.0187328	AK5|CMPK1|RRM1
 KEGG:hsa04151	PI3K-Akt signaling pathway	0.000103253557171	0.0187328	FGFR1|FGFR2|FGFR3|IL2RB|IL2RG|IL4R|TEK
 KEGG:hsa_M00414	Bloom's syndrome complex	0.000104064998108	0.0187328	TOP3A|TOP3B
 KEGG:hsa01100	Metabolic pathways	0.000120558678764	0.0187328	AK5|CMPK1|DCK|DGUOK|DUT|GALT|GNE|NDUFA10|RRM1|TK2|TYMS|UCKL1|UPRT
 REACT:R-HSA-112412	SOS-mediated signalling	0.000131504380762	0.0187328	FGFR1|FGFR2|FGFR3|IL2RB|IL2RG|TEK
 REACT:R-HSA-179812	GRB2 events in EGFR signaling	0.000131504380762	0.0187328	FGFR1|FGFR2|FGFR3|IL2RB|IL2RG|TEK
 REACT:R-HSA-180336	SHC1 events in EGFR signaling	0.000131504380762	0.0187328	FGFR1|FGFR2|FGFR3|IL2RB|IL2RG|TEK
 REACT:R-HSA-5673001	RAF/MAP kinase cascade	0.000131504380762	0.0187328	FGFR1|FGFR2|FGFR3|IL2RB|IL2RG|TEK
 REACT:R-HSA-170984	ARMS-mediated activation	0.000143691960837	0.0187328	FGFR1|FGFR2|FGFR3|IL2RB|IL2RG|TEK
 REACT:R-HSA-187706	Signalling to p38 via RIT and RIN	0.000143691960837	0.0187328	FGFR1|FGFR2|FGFR3|IL2RB|IL2RG|TEK
 REACT:R-HSA-170968	Frs2-mediated activation	0.00014687483298	0.0187328	FGFR1|FGFR2|FGFR3|IL2RB|IL2RG|TEK
 REACT:R-HSA-5684996	MAPK1/MAPK3 signaling	0.000150113508663	0.0187328	FGFR1|FGFR2|FGFR3|IL2RB|IL2RG|TEK
 REACT:R-HSA-169893	Prolonged ERK activation events	0.000153408679424	0.0187328	FGFR1|FGFR2|FGFR3|IL2RB|IL2RG|TEK
 REACT:R-HSA-500753	Pyrimidine biosynthesis	0.000155774338941	0.0187328	DUT|TYMS
 REACT:R-HSA-2586552	Signaling by Leptin	0.000156761057616	0.0187328	FGFR1|FGFR2|FGFR3|IL2RB|IL2RG|TEK
 REACT:R-HSA-912526	Interleukin receptor SHC signaling	0.00016364031482	0.0187328	FGFR1|FGFR2|FGFR3|IL2RB|IL2RG|TEK
 REACT:R-HSA-167044	Signalling to RAS	0.000167168680078	0.0187328	FGFR1|FGFR2|FGFR3|IL2RB|IL2RG|TEK
 REACT:R-HSA-5218921	VEGFR2 mediated cell proliferation	0.000174406517845	0.0187328	FGFR1|FGFR2|FGFR3|IL2RB|IL2RG|TEK
 REACT:R-HSA-451927	Interleukin-2 signaling	0.000189627531109	0.0190608	FGFR1|FGFR2|FGFR3|IL2RB|IL2RG|TEK
 REACT:R-HSA-187687	Signalling to ERKs	0.000193592526671	0.0190608	FGFR1|FGFR2|FGFR3|IL2RB|IL2RG|TEK
 REACT:R-HSA-8853659	RET signaling	0.00022322293493	0.0192191	FGFR1|FGFR2|FGFR3|IL2RB|IL2RG|TEK
 KEGG:hsa04658	Th1 and Th2 cell differentiation	0.000223390395619	0.0192191	IL2RB|IL2RG|IL4R|PPP3R2
 REACT:R-HSA-2871796	FCERI mediated MAPK activation	0.000227733333445	0.0192191	FGFR1|FGFR2|FGFR3|IL2RB|IL2RG|TEK
 REACT:R-HSA-512988	"Interleukin-3 5 and GM-CSF signaling"	0.000227733333445	0.0192191	FGFR1|FGFR2|FGFR3|IL2RB|IL2RG|TEK
 REACT:R-HSA-375165	NCAM signaling for neurite out-growth	0.0002513785864	0.020483	FGFR1|FGFR2|FGFR3|IL2RB|IL2RG|TEK
 REACT:R-HSA-5683057	MAPK family signaling cascades	0.00032803052815	0.0258379	FGFR1|FGFR2|FGFR3|IL2RB|IL2RG|TEK
 REACT:R-HSA-112399	IRS-mediated signalling	0.000353000873655	0.0260801	FGFR1|FGFR2|FGFR3|IL2RB|IL2RG|TEK
 REACT:R-HSA-74751	Insulin receptor signalling cascade	0.000372691021924	0.0260801	FGFR1|FGFR2|FGFR3|IL2RB|IL2RG|TEK
 REACT:R-HSA-2428924	IGF1R signaling cascade	0.000379442735057	0.0260801	FGFR1|FGFR2|FGFR3|IL2RB|IL2RG|TEK
 REACT:R-HSA-2428928	IRS-related events triggered by IGF1R	0.000379442735057	0.0260801	FGFR1|FGFR2|FGFR3|IL2RB|IL2RG|TEK
 REACT:R-HSA-2404192	Signaling by Type 1 Insulin-like Growth Factor 1 Receptor (IGF1R)	0.000386290209487	0.0260801	FGFR1|FGFR2|FGFR3|IL2RB|IL2RG|TEK
 REACT:R-HSA-73614	Pyrimidine salvage reactions	0.000565288068476	0.0365615	DCK|TK2
 REACT:R-HSA-74752	Signaling by Insulin receptor	0.000572481740028	0.0365615	FGFR1|FGFR2|FGFR3|IL2RB|IL2RG|TEK
 REACT:R-HSA-1280215	Cytokine Signaling in Immune system	0.000621261938866	0.0386327	FGFR1|FGFR2|FGFR3|IL2RB|IL2RG|IL4R|ISG20|OAS2|TEK
 REACT:R-HSA-4420097	VEGFA-VEGFR2 Pathway	0.000651498929141	0.0394742	FGFR1|FGFR2|FGFR3|IL2RB|IL2RG|TEK
 REACT:R-HSA-1433557	Signaling by SCF-KIT	0.000727390175749	0.0425784	FGFR1|FGFR2|FGFR3|IL2RB|IL2RG|TEK
 REACT:R-HSA-194138	Signaling by VEGF	0.000738770136943	0.0425784	FGFR1|FGFR2|FGFR3|IL2RB|IL2RG|TEK
 REACT:R-HSA-74217	Purine salvage	0.000798369538717	0.0449178	DCK|DGUOK
