 KEGG:hsa04740	Olfactory transduction	0.0	0	OR10G4|OR10H3|OR11A1|OR11L1|OR14A16|OR14I1|OR1A2|OR1C1|OR1D2|OR1D5|OR1E1|OR1E2|OR1F1|OR1J1|OR1J4|OR1K1|OR1L4|OR1M1|OR1N1|OR1S2|OR2G6|OR2T2|OR3A3|OR4A16|OR4C12|OR4C3|OR4K15|OR4K2|OR4N5|OR52M1|OR52W1|OR5AS1|OR5B12|OR5D13|OR5D14|OR5I1|OR5M9|OR5R1|OR6C4|OR7A5|OR7C1|OR7C2|OR7D2|OR8D1|OR9A2|OR9A4|SLC8A1|SLC8A2|SLC8A3
 REACT:R-HSA-162582	Signal Transduction	0.0	0	ADORA3|ANXA1|APH1A|APH1B|AR|AVPR2|CRABP1|CRABP2|CSF2RA|ERBB3|FABP5|GRP|HRH4|IL2RB|IL2RG|ITGB1|ITGB3|KALRN|LRAT|MC3R|MC4R|NR3C1|NUP107|OR10G4|OR10H3|OR11A1|OR11L1|OR14A16|OR14I1|OR1A2|OR1C1|OR1D2|OR1D5|OR1E1|OR1E2|OR1F1|OR1J1|OR1J4|OR1K1|OR1L4|OR1M1|OR1N1|OR1S2|OR2G6|OR2T2|OR3A3|OR4A16|OR4C12|OR4C3|OR4K15|OR4K2|OR4N5|OR52M1|OR52W1|OR5AS1|OR5B12|OR5D13|OR5D14|OR5I1|OR5M9|OR5R1|OR6C4|OR7A5|OR7C1|OR7C2|OR7D2|OR8D1|OR9A2|OR9A4|PGR|PPP2R1A|PPP2R1B|PTGER1|PTGER3|RBP1|RBP2|RBP3|RBP4|RDH11|RDH12|RDH13|RDH14|RDH8|RLBP1|RPE65
 REACT:R-HSA-2453902	The canonical retinoid cycle in rods (twilight vision)	0.0	0	LRAT|RBP1|RBP3|RBP4|RDH11|RDH12|RDH8|RLBP1|RPE65
 REACT:R-HSA-372790	Signaling by GPCR	0.0	0	ADORA3|ANXA1|AVPR2|CSF2RA|ERBB3|GRP|HRH4|IL2RB|IL2RG|ITGB3|KALRN|MC3R|MC4R|OR10G4|OR10H3|OR11A1|OR11L1|OR14A16|OR14I1|OR1A2|OR1C1|OR1D2|OR1D5|OR1E1|OR1E2|OR1F1|OR1J1|OR1J4|OR1K1|OR1L4|OR1M1|OR1N1|OR1S2|OR2G6|OR2T2|OR3A3|OR4A16|OR4C12|OR4C3|OR4K15|OR4K2|OR4N5|OR52M1|OR52W1|OR5AS1|OR5B12|OR5D13|OR5D14|OR5I1|OR5M9|OR5R1|OR6C4|OR7A5|OR7C1|OR7C2|OR7D2|OR8D1|OR9A2|OR9A4|PPP2R1A|PPP2R1B|PTGER1|PTGER3
 REACT:R-HSA-381753	Olfactory Signaling Pathway	0.0	0	OR10G4|OR10H3|OR11A1|OR11L1|OR14A16|OR14I1|OR1A2|OR1C1|OR1D2|OR1D5|OR1E1|OR1E2|OR1F1|OR1J1|OR1J4|OR1K1|OR1L4|OR1M1|OR1N1|OR1S2|OR2G6|OR2T2|OR3A3|OR4A16|OR4C12|OR4C3|OR4K15|OR4K2|OR4N5|OR52M1|OR52W1|OR5AS1|OR5B12|OR5D13|OR5D14|OR5I1|OR5M9|OR5R1|OR6C4|OR7A5|OR7C1|OR7C2|OR7D2|OR8D1|OR9A2|OR9A4
 REACT:R-HSA-388396	GPCR downstream signaling	0.0	0	ADORA3|ANXA1|AVPR2|CSF2RA|GRP|HRH4|IL2RB|IL2RG|KALRN|MC3R|MC4R|OR10G4|OR10H3|OR11A1|OR11L1|OR14A16|OR14I1|OR1A2|OR1C1|OR1D2|OR1D5|OR1E1|OR1E2|OR1F1|OR1J1|OR1J4|OR1K1|OR1L4|OR1M1|OR1N1|OR1S2|OR2G6|OR2T2|OR3A3|OR4A16|OR4C12|OR4C3|OR4K15|OR4K2|OR4N5|OR52M1|OR52W1|OR5AS1|OR5B12|OR5D13|OR5D14|OR5I1|OR5M9|OR5R1|OR6C4|OR7A5|OR7C1|OR7C2|OR7D2|OR8D1|OR9A2|OR9A4|PTGER1|PTGER3
 REACT:R-HSA-163560	Hormone-sensitive lipase (HSL)-mediated triacylglycerol hydrolysis	1.48490664209e-10	5.01262e-08	FABP1|FABP2|FABP3|FABP4|FABP5|FABP6|FABP7|FABP9
 KEGG:hsa_M00415	"Fatty acid biosynthesis elongation endoplasmic reticulum"	1.24618753095e-08	3.68093e-06	ELOVL1|ELOVL3|ELOVL4|ELOVL5|ELOVL7|TECR
 REACT:R-HSA-383280	Nuclear Receptor transcription pathway	3.71331697613e-08	9.74952e-06	AR|NR0B1|NR1I3|NR2C1|NR3C1|NR3C2|NR4A3|PGR|VDR
 REACT:R-HSA-75876	Synthesis of very long-chain fatty acyl-CoAs	1.00238900624e-07	2.36865e-05	ELOVL1|ELOVL3|ELOVL4|ELOVL5|ELOVL7|TECR|TECRL
 KEGG:hsa00062	Fatty acid elongation	1.11573713912e-06	0.000239681	ELOVL1|ELOVL3|ELOVL4|ELOVL5|ELOVL7|TECR
 REACT:R-HSA-2187338	Visual phototransduction	1.73709507278e-06	0.000342063	LRAT|RBP1|RBP2|RBP3|RBP4|RDH11|RDH12|RDH8|RLBP1|RPE65
 REACT:R-HSA-556833	Metabolism of lipids and lipoproteins	4.16726700347e-06	0.000757481	CDIPT|ELOVL1|ELOVL3|ELOVL4|ELOVL5|ELOVL7|FABP1|FABP2|FABP3|FABP4|FABP5|FABP6|FABP7|FABP9|HSD3B7|OSBPL10|OSBPL3|OSBPL5|OSBPL6|OSBPL7|OSBPL8|OSBPL9|PTGR2|SRD5A1|SRD5A2|SRD5A3|TECR|TECRL|TMEM86B
 REACT:R-HSA-75105	Fatty Acyl-CoA Biosynthesis	1.09658069167e-05	0.00185087	ELOVL1|ELOVL3|ELOVL4|ELOVL5|ELOVL7|TECR|TECRL
 REACT:R-HSA-194068	Bile acid and bile salt metabolism	3.10295502178e-05	0.00458268	FABP6|HSD3B7|OSBPL3|OSBPL6|OSBPL7|OSBPL9
 REACT:R-HSA-5362517	Signaling by Retinoic Acid	3.10295502178e-05	0.00458268	CRABP1|CRABP2|FABP5|RDH11|RDH13|RDH14
 KEGG:hsa03320	PPAR signaling pathway	7.3495739395e-05	0.0102159	FABP1|FABP2|FABP3|FABP4|FABP5|FABP6|FABP7
 REACT:R-HSA-6806667	Metabolism of fat-soluble vitamins	0.000103823601736	0.0136297	GC|LRAT|RBP1|RBP2|RBP4|RDH11
 REACT:R-HSA-192105	Synthesis of bile acids and bile salts	0.000112911150569	0.0140426	HSD3B7|OSBPL3|OSBPL6|OSBPL7|OSBPL9
 REACT:R-HSA-75109	Triglyceride Biosynthesis	0.000155760138622	0.0184031	ELOVL1|ELOVL3|ELOVL4|ELOVL5|ELOVL7|TECR|TECRL
 REACT:R-HSA-2453864	Retinoid cycle disease events	0.000227616418148	0.0244481	RBP1|RBP4|RLBP1
 REACT:R-HSA-2474795	Diseases associated with visual transduction	0.000227616418148	0.0244481	RBP1|RBP4|RLBP1
 REACT:R-HSA-73923	"Lipid digestion mobilization and transport"	0.000241581657679	0.0248199	FABP1|FABP2|FABP3|FABP4|FABP5|FABP6|FABP7|FABP9
 REACT:R-HSA-5365859	RA biosynthesis pathway	0.000290741585018	0.0286259	CRABP1|RDH11|RDH13|RDH14
 REACT:R-HSA-2046105	Linoleic acid (LA) metabolism	0.000321748353995	0.0294704	ELOVL1|ELOVL3|ELOVL5
 KEGG:hsa00830	Retinol metabolism	0.000324261901853	0.0294704	LRAT|RDH11|RDH12|RDH8|RETSAT|RPE65
 REACT:R-HSA-975634	Retinoid metabolism and transport	0.000392643001856	0.0343635	LRAT|RBP1|RBP2|RBP4|RDH11
 REACT:R-HSA-216083	Integrin cell surface interactions	0.000414775493634	0.0350041	ITGB1|ITGB2|ITGB3|ITGB5|ITGB6|ITGB7
 REACT:R-HSA-193048	Androgen biosynthesis	0.000437756735316	0.0356696	SRD5A1|SRD5A2|SRD5A3
 KEGG:hsa05412	Arrhythmogenic right ventricular cardiomyopathy (ARVC)	0.000564857329739	0.0444919	ITGB1|ITGB3|ITGB5|ITGB6|ITGB7|SLC8A1
