 KEGG:hsa04151	PI3K-Akt signaling pathway	0.0	0	CHAD|COMP|CREB3L3|CREB5|CSF1|EFNA1|EFNA2|EFNA3|EGFR|FGF1|FGF10|FGF11|FGF12|FGF13|FGF14|FGF16|FGF17|FGF18|FGF19|FGF2|FGF20|FGF21|FGF22|FGF23|FGF3|FGF4|FGF5|FGF6|FGF7|FGF8|FGF9|FLT1|IFNA1|IFNA10|IFNA13|IFNA14|IFNA16|IFNA17|IFNA2|IFNA21|IFNA4|IFNA5|IFNA6|IFNA7|IFNA8|IFNAR2|IFNB1|IL2RG|IL6R|ITGB1|ITGB3|ITGB5|ITGB6|ITGB7|LAMB4|OSMR|PIK3AP1|PPP2R1A|PPP2R1B|PRLR|THBS1|THBS2|THBS4|TLR2|TLR4|TNXB|VEGFA
 KEGG:hsa04630	Jak-STAT signaling pathway	0.0	0	CRLF2|CSF2RA|CSF2RB|IFNA1|IFNA10|IFNA13|IFNA14|IFNA16|IFNA17|IFNA2|IFNA21|IFNA4|IFNA5|IFNA6|IFNA7|IFNA8|IFNAR2|IFNB1|IFNE|IFNG|IFNLR1|IFNW1|IL10RA|IL10RB|IL12B|IL12RB1|IL13RA1|IL13RA2|IL19|IL20|IL20RB|IL21R|IL22|IL22RA1|IL22RA2|IL24|IL27RA|IL2RG|IL5RA|IL6R|IL6ST|OSMR|PRLR|STAT5A|STAT6
 REACT:R-HSA-1280215	Cytokine Signaling in Immune system	0.0	0	ANXA1|BCL6|CD27|CD4|CD40|CD44|CRLF1|CSF1|CSF2RA|CSF2RB|EBI3|EDA2R|EGFR|ERBB3|FCGR1B|FGF1|FGF10|FGF16|FGF17|FGF18|FGF19|FGF2|FGF20|FGF22|FGF23|FGF3|FGF4|FGF5|FGF6|FGF7|FGF8|FGF9|FOXO1|GAB2|GATA3|HBEGF|ICAM1|IFNA1|IFNA10|IFNA13|IFNA14|IFNA16|IFNA17|IFNA2|IFNA21|IFNA4|IFNA5|IFNA6|IFNA7|IFNA8|IFNAR2|IFNB1|IFNG|IFNLR1|IL10RA|IL10RB|IL12B|IL12RB1|IL13RA1|IL13RA2|IL19|IL1A|IL1B|IL1RAP|IL1RN|IL20|IL20RB|IL22|IL22RA1|IL22RA2|IL24|IL27RA|IL2RG|IL34|IL36A|IL36B|IL5RA|IL6R|IL6ST|ITGB1|ITGB2|ITGB3|JUNB|LAT|LGALS9|LTBR|NCAM1|NFKB2|NRG1|NRG2|NRG4|NUP107|OSMR|PELI3|POM121|PPP2R1A|PPP2R1B|PRLR|SOX2|STAT5A|STAT6|TNFRSF11A|TNFRSF11B|TNFRSF14|TNFRSF1B|TNFRSF25|TNFRSF4|TNFRSF6B|TNIP2|TRIM14|TRIM17|VEGFA
 REACT:R-HSA-190322	FGFR4 ligand binding and activation	0.0	0	FGF1|FGF16|FGF17|FGF18|FGF19|FGF2|FGF20|FGF23|FGF4|FGF6|FGF8|FGF9
 REACT:R-HSA-5654695	PI-3K cascade:FGFR2	0.0	0	FGF1|FGF10|FGF16|FGF17|FGF18|FGF2|FGF20|FGF22|FGF23|FGF3|FGF4|FGF5|FGF6|FGF7|FGF8|FGF9
 REACT:R-HSA-5654699	SHC-mediated cascade:FGFR2	0.0	0	FGF1|FGF10|FGF16|FGF17|FGF18|FGF2|FGF20|FGF22|FGF23|FGF3|FGF4|FGF5|FGF6|FGF7|FGF8|FGF9
 REACT:R-HSA-2219530	Constitutive Signaling by Aberrant PI3K in Cancer	8.09130540347e-13	2.73139e-10	CD28|EGFR|ERBB3|FGF1|FGF10|FGF16|FGF17|FGF18|FGF19|FGF2|FGF20|FGF22|FGF23|FGF3|FGF4|FGF5|FGF6|FGF7|FGF8|FGF9|HBEGF|ICOS|NRG1|NRG2|NRG4|PIK3AP1
 KEGG:hsa04060	Cytokine-cytokine receptor interaction	2.96540569877e-12	7.95029e-10	CD27|CD40|CRLF2|CSF1|CSF2RA|CSF2RB|CX3CL1|EDA2R|EGFR|FAS|FLT1|IFNA1|IFNA10|IFNA13|IFNA14|IFNA16|IFNA17|IFNA2|IFNA21|IFNA4|IFNA5|IFNA6|IFNA7|IFNA8|IFNAR2|IFNB1|IFNE|IFNG|IFNLR1|IFNW1|IL10RA|IL10RB|IL12B|IL12RB1|IL13RA1|IL17B|IL19|IL1A|IL1B|IL1RAP|IL20|IL20RB|IL21R|IL22|IL22RA1|IL22RA2|IL24|IL2RG|IL5RA|IL6R|IL6ST|LTBR|OSMR|PRLR|RELT|TNFRSF10D|TNFRSF11A|TNFRSF11B|TNFRSF14|TNFRSF1B|TNFRSF25|TNFRSF4|TNFRSF6B|VEGFA
 REACT:R-HSA-190375	FGFR2c ligand binding and activation	3.27260440969e-12	7.95029e-10	FGF1|FGF16|FGF17|FGF18|FGF2|FGF20|FGF23|FGF4|FGF5|FGF6|FGF8|FGF9
 REACT:R-HSA-168256	Immune System	3.80573350611e-12	7.95029e-10	A1BG|AGA|AGL|ANAPC10|ANXA1|AP1M2|ARSA|ATP6V0A1|ATP6V1E2|BCL6|BTLA|C1R|C8A|CALR|CANX|CD14|CD160|CD180|CD1B|CD1C|CD207|CD22|CD27|CD28|CD3D|CD4|CD40|CD44|CD46|CD47|CD59|CD68|CEACAM1|CEACAM8|CFP|CHI3L1|CLEC10A|CLEC12A|CLEC2B|CLEC2D|CLEC4A|CLEC4C|CLEC4D|CLEC4E|CLEC5A|CLEC6A|CLEC7A|COLEC11|CRLF1|CRP|CSF1|CSF2RA|CSF2RB|CSNK2B|DCTN4|DEFB112|DEFB119|DEGS1|DSN1|EBI3|EDA2R|EGFR|ERBB3|FABP5|FAF2|FBXL12|FBXL19|FBXL4|FBXO17|FBXO44|FBXO6|FCAR|FCER1A|FCGR1B|FCGR2A|FCGR2B|FCGR2C|FCGR3A|FGF1|FGF10|FGF16|FGF17|FGF18|FGF19|FGF2|FGF20|FGF22|FGF23|FGF3|FGF4|FGF5|FGF6|FGF7|FGF8|FGF9|FOXO1|GAA|GAB2|GATA3|GLA|GUSB|GYG1|HBEGF|HERC6|HEXB|ICAM1|ICAM3|ICAM4|ICOS|IFNA1|IFNA10|IFNA13|IFNA14|IFNA16|IFNA17|IFNA2|IFNA21|IFNA4|IFNA5|IFNA6|IFNA7|IFNA8|IFNAR2|IFNB1|IFNG|IFNLR1|IL10RA|IL10RB|IL12B|IL12RB1|IL13RA1|IL13RA2|IL19|IL1A|IL1B|IL1RAP|IL1RN|IL20|IL20RB|IL22|IL22RA1|IL22RA2|IL24|IL27RA|IL2RG|IL34|IL36A|IL36B|IL5RA|IL6R|IL6ST|ITGB1|ITGB2|ITGB3|ITGB5|ITGB7|JUNB|KIR2DL4|KIR2DS1|KIR2DS4|KIR2DS5|KIR3DL2|KIR3DS1|KLRB1|KLRC1|KLRC2|KLRC4-KLRK1|KLRD1|KLRF1|KLRG1|LAIR2|LAMP1|LAMTOR1|LAT|LGALS3|LGALS9|LILRA3|LRG1|LTBR|MBL2|MEF2A|MEF2C|MGAM|MGRN1|MRC1|MUC15|MUC7|MYH2|MYH9|MYO1C|MYO5A|NCAM1|NEU1|NFASC|NFKB2|NLRC3|NRG1|NRG2|NRG4|NUP107|OLR1|OSMR|PELI3|PGLYRP1|PGLYRP2|PGLYRP3|PGLYRP4|PIK3AP1|PLAUR|POLR3H|POM121|PPP2R1A|PPP2R1B|PRG2|PRG3|PRLR|PTX3|PVR|RNF135|SELL|SEMG1|SERPINB6|SIGLEC10|SIGLEC11|SIGLEC12|SIGLEC15|SIGLEC5|SIGLEC6|SIGLEC7|SIGLEC8|SIGLEC9|SKP2|SLAMF6|SLC2A3|SLC2A5|SLPI|SOX2|SPSB4|STAT5A|STAT6|STBD1|STIM1|TLR1|TLR10|TLR2|TLR3|TLR4|TLR5|TLR6|TNFRSF11A|TNFRSF11B|TNFRSF14|TNFRSF1B|TNFRSF25|TNFRSF4|TNFRSF6B|TNIP2|TNRC6A|TRIM14|TRIM17|TRPC1|VAPA|VEGFA|WIPF1
 REACT:R-HSA-1839130	Signaling by activated point mutants of FGFR3	4.26991775271e-12	7.95029e-10	FGF1|FGF16|FGF17|FGF18|FGF2|FGF20|FGF23|FGF4|FGF5|FGF8|FGF9
 REACT:R-HSA-2033514	FGFR3 mutant receptor activation	4.26991775271e-12	7.95029e-10	FGF1|FGF16|FGF17|FGF18|FGF2|FGF20|FGF23|FGF4|FGF5|FGF8|FGF9
 REACT:R-HSA-5654700	FRS-mediated FGFR2 signaling	4.37383462781e-12	7.95029e-10	FGF1|FGF10|FGF16|FGF17|FGF18|FGF2|FGF20|FGF22|FGF23|FGF3|FGF4|FGF5|FGF6|FGF7|FGF8|FGF9
 REACT:R-HSA-2033519	Activated point mutants of FGFR2	4.80770978584e-12	8.11473e-10	FGF1|FGF10|FGF16|FGF17|FGF18|FGF2|FGF20|FGF22|FGF23|FGF3|FGF4|FGF5|FGF6|FGF7|FGF8|FGF9
 REACT:R-HSA-168249	Innate Immune System	5.81534820299e-12	9.16111e-10	A1BG|AGA|AGL|ARSA|ATP6V0A1|ATP6V1E2|C1R|C8A|CD14|CD180|CD28|CD4|CD44|CD46|CD47|CD59|CD68|CEACAM1|CEACAM8|CFP|CHI3L1|CLEC10A|CLEC12A|CLEC4A|CLEC4C|CLEC4D|CLEC4E|CLEC5A|CLEC6A|CLEC7A|COLEC11|CRP|CSF2RA|CSF2RB|CSNK2B|DEFB112|DEFB119|DEGS1|DSN1|EGFR|ERBB3|FABP5|FAF2|FCAR|FCER1A|FCGR2A|FCGR2C|FCGR3A|FGF1|FGF10|FGF16|FGF17|FGF18|FGF19|FGF2|FGF20|FGF22|FGF23|FGF3|FGF4|FGF5|FGF6|FGF7|FGF8|FGF9|FOXO1|GAA|GAB2|GLA|GUSB|GYG1|HBEGF|HEXB|ICAM3|ICOS|IFNA1|IFNA10|IFNA13|IFNA14|IFNA16|IFNA17|IFNA2|IFNA21|IFNA4|IFNA5|IFNA6|IFNA7|IFNA8|IFNB1|IL1B|IL2RG|IL5RA|ITGB2|ITGB3|KIR2DS4|KIR2DS5|KIR3DS1|KLRC2|KLRC4-KLRK1|KLRD1|LAMP1|LAMTOR1|LAT|LGALS3|LILRA3|LRG1|MBL2|MEF2A|MEF2C|MGAM|MUC15|MUC7|MYH2|MYH9|MYO1C|MYO5A|NCAM1|NEU1|NFASC|NFKB2|NLRC3|NRG1|NRG2|NRG4|OLR1|PELI3|PGLYRP1|PGLYRP2|PGLYRP3|PGLYRP4|PIK3AP1|PLAUR|POLR3H|PPP2R1A|PPP2R1B|PRG2|PRG3|PTX3|RNF135|SELL|SEMG1|SERPINB6|SIGLEC15|SIGLEC5|SIGLEC9|SLC2A3|SLC2A5|SLPI|STAT6|STBD1|TLR1|TLR10|TLR2|TLR3|TLR4|TLR5|TLR6|TNFRSF1B|TNIP2|TNRC6A|VAPA|WIPF1
 REACT:R-HSA-190242	FGFR1 ligand binding and activation	7.85338460929e-12	1.09162e-09	FGF1|FGF10|FGF17|FGF2|FGF20|FGF22|FGF23|FGF3|FGF4|FGF5|FGF6|FGF8|FGF9
 REACT:R-HSA-5654219	Phospholipase C-mediated cascade: FGFR1	7.85338460929e-12	1.09162e-09	FGF1|FGF10|FGF17|FGF2|FGF20|FGF22|FGF23|FGF3|FGF4|FGF5|FGF6|FGF8|FGF9
 REACT:R-HSA-190241	FGFR2 ligand binding and activation	8.88022988477e-12	1.16578e-09	FGF1|FGF10|FGF16|FGF17|FGF18|FGF2|FGF20|FGF22|FGF23|FGF3|FGF4|FGF5|FGF6|FGF7|FGF8|FGF9
 REACT:R-HSA-5654221	Phospholipase C-mediated cascade; FGFR2	9.48174871951e-12	1.17923e-09	FGF1|FGF10|FGF16|FGF17|FGF18|FGF2|FGF20|FGF22|FGF23|FGF3|FGF4|FGF5|FGF6|FGF7|FGF8|FGF9
 REACT:R-HSA-6811558	"PI5P PP2A and IER3 Regulate PI3K/AKT Signaling"	1.08092423901e-11	1.26504e-09	CD28|EGFR|ERBB3|FGF1|FGF10|FGF16|FGF17|FGF18|FGF19|FGF2|FGF20|FGF22|FGF23|FGF3|FGF4|FGF5|FGF6|FGF7|FGF8|FGF9|HBEGF|ICOS|NRG1|NRG2|NRG4|PIK3AP1|PPP2R1A|PPP2R1B
 REACT:R-HSA-198933	Immunoregulatory interactions between a Lymphoid and a non-Lymphoid cell	1.12424514143e-11	1.26504e-09	CD160|CD1B|CD1C|CD22|CD3D|CD40|CLEC2B|CLEC2D|FCGR2B|FCGR3A|ICAM1|ICAM3|ICAM4|ITGB1|ITGB2|ITGB7|KIR2DL4|KIR2DS1|KIR3DL2|KIR3DS1|KLRB1|KLRC1|KLRC4-KLRK1|KLRD1|KLRF1|KLRG1|LAIR2|LILRA3|PVR|SELL|SIGLEC10|SIGLEC11|SIGLEC12|SIGLEC5|SIGLEC6|SIGLEC7|SIGLEC8|SIGLEC9|SLAMF6
 REACT:R-HSA-5654228	Phospholipase C-mediated cascade; FGFR4	1.50572887492e-11	1.61729e-09	FGF1|FGF16|FGF17|FGF18|FGF19|FGF2|FGF20|FGF23|FGF4|FGF6|FGF8|FGF9
 KEGG:hsa05152	Tuberculosis	1.62511115676e-11	1.66963e-09	ATP6V0A1|CD14|CEBPB|CLEC4E|CLEC4M|CLEC7A|FCGR2A|FCGR2B|FCGR2C|FCGR3A|IFNA1|IFNA10|IFNA13|IFNA14|IFNA16|IFNA17|IFNA2|IFNA21|IFNA4|IFNA5|IFNA6|IFNA7|IFNA8|IFNB1|IFNG|IL10RA|IL10RB|IL12B|IL1A|IL1B|ITGB2|LAMP1|LSP1|MRC1|NFYC|PLA2R1|RFXAP|TLR1|TLR2|TLR4|TLR6|VDR
 REACT:R-HSA-190239	FGFR3 ligand binding and activation	2.76226819196e-11	2.4175e-09	FGF1|FGF16|FGF17|FGF18|FGF2|FGF20|FGF23|FGF4|FGF5|FGF8|FGF9
 REACT:R-HSA-190372	FGFR3c ligand binding and activation	2.76226819196e-11	2.4175e-09	FGF1|FGF16|FGF17|FGF18|FGF2|FGF20|FGF23|FGF4|FGF5|FGF8|FGF9
 REACT:R-HSA-432047	Passive transport by Aquaporins	2.76226819196e-11	2.4175e-09	AQP1|AQP10|AQP12A|AQP2|AQP3|AQP4|AQP5|AQP6|AQP7|AQP9|MIP
 REACT:R-HSA-5654227	Phospholipase C-mediated cascade; FGFR3	2.76226819196e-11	2.4175e-09	FGF1|FGF16|FGF17|FGF18|FGF2|FGF20|FGF23|FGF4|FGF5|FGF8|FGF9
 REACT:R-HSA-912694	Regulation of IFNA signaling	4.06884526072e-11	3.43381e-09	IFNA1|IFNA10|IFNA13|IFNA14|IFNA16|IFNA17|IFNA2|IFNA21|IFNA4|IFNA5|IFNA6|IFNA7|IFNA8|IFNAR2|IFNB1
 REACT:R-HSA-5654727	Negative regulation of FGFR2 signaling	4.50539605623e-11	3.67112e-09	FGF1|FGF10|FGF16|FGF17|FGF18|FGF2|FGF20|FGF22|FGF23|FGF3|FGF4|FGF5|FGF6|FGF7|FGF8|FGF9|PPP2R1A
 REACT:R-HSA-5654696	Downstream signaling of activated FGFR2	4.97054619686e-11	3.91513e-09	FGF1|FGF10|FGF16|FGF17|FGF18|FGF2|FGF20|FGF22|FGF23|FGF3|FGF4|FGF5|FGF6|FGF7|FGF8|FGF9
 REACT:R-HSA-1839122	Signaling by activated point mutants of FGFR1	5.32164312617e-11	3.98271e-09	FGF1|FGF17|FGF2|FGF20|FGF23|FGF4|FGF5|FGF6|FGF8|FGF9
 KEGG:hsa05218	Melanoma	5.39343014694e-11	3.98271e-09	EGFR|FGF1|FGF10|FGF11|FGF12|FGF13|FGF14|FGF16|FGF17|FGF18|FGF19|FGF2|FGF20|FGF21|FGF22|FGF23|FGF3|FGF4|FGF5|FGF6|FGF7|FGF8|FGF9|MITF
 REACT:R-HSA-5654687	Downstream signaling of activated FGFR1	7.56195106533e-11	5.41482e-09	FGF1|FGF10|FGF17|FGF2|FGF20|FGF22|FGF23|FGF3|FGF4|FGF5|FGF6|FGF8|FGF9|FLRT1|FLRT2|FLRT3
 REACT:R-HSA-428790	Facilitative Na+-independent glucose transporters	8.78505046487e-11	6.10561e-09	FGF21|SLC2A1|SLC2A10|SLC2A11|SLC2A14|SLC2A2|SLC2A3|SLC2A5|SLC2A6|SLC2A8|SLC2A9
 REACT:R-HSA-199418	Negative regulation of the PI3K/AKT network	1.01538333297e-10	6.85529e-09	CD28|EGFR|ERBB3|FGF1|FGF10|FGF16|FGF17|FGF18|FGF19|FGF2|FGF20|FGF22|FGF23|FGF3|FGF4|FGF5|FGF6|FGF7|FGF8|FGF9|HBEGF|ICOS|NRG1|NRG2|NRG4|PIK3AP1|PPP2R1A|PPP2R1B
 REACT:R-HSA-2219528	PI3K/AKT Signaling in Cancer	1.56161195086e-10	1.02502e-08	CD28|EGFR|ERBB3|FGF1|FGF10|FGF16|FGF17|FGF18|FGF19|FGF2|FGF20|FGF22|FGF23|FGF3|FGF4|FGF5|FGF6|FGF7|FGF8|FGF9|FOXO1|HBEGF|ICOS|NRG1|NRG2|NRG4|PIK3AP1
 REACT:R-HSA-5654688	SHC-mediated cascade:FGFR1	2.35814590077e-10	1.46639e-08	FGF1|FGF10|FGF17|FGF2|FGF20|FGF22|FGF23|FGF3|FGF4|FGF5|FGF6|FGF8|FGF9
 REACT:R-HSA-5654689	PI-3K cascade:FGFR1	2.35814590077e-10	1.46639e-08	FGF1|FGF10|FGF17|FGF2|FGF20|FGF22|FGF23|FGF3|FGF4|FGF5|FGF6|FGF8|FGF9
 REACT:R-HSA-1839126	FGFR2 mutant receptor activation	2.59106514022e-10	1.56992e-08	FGF1|FGF10|FGF16|FGF17|FGF18|FGF2|FGF20|FGF22|FGF23|FGF3|FGF4|FGF5|FGF6|FGF7|FGF8|FGF9
 REACT:R-HSA-190373	FGFR1c ligand binding and activation	2.84212209323e-10	1.67898e-08	FGF1|FGF17|FGF2|FGF20|FGF23|FGF4|FGF5|FGF6|FGF8|FGF9
 KEGG:hsa05224	Breast cancer	9.78474523627e-10	5.63935e-08	DLL4|EGFR|FGF1|FGF10|FGF11|FGF12|FGF13|FGF14|FGF16|FGF17|FGF18|FGF19|FGF2|FGF20|FGF21|FGF22|FGF23|FGF3|FGF4|FGF5|FGF6|FGF7|FGF8|FGF9|HEY1|JAG2|LEF1|NFKB2|PGR|SP1|TCF7|TCF7L1|TCF7L2|WNT2
 REACT:R-HSA-5654693	FRS-mediated FGFR1 signaling	1.09424380668e-09	6.11953e-08	FGF1|FGF10|FGF17|FGF2|FGF20|FGF22|FGF23|FGF3|FGF4|FGF5|FGF6|FGF8|FGF9
 REACT:R-HSA-449147	Signaling by Interleukins	1.11358433585e-09	6.11953e-08	ANXA1|BCL6|CD4|CRLF1|CSF1|CSF2RA|CSF2RB|EBI3|EGFR|ERBB3|FGF1|FGF10|FGF16|FGF17|FGF18|FGF19|FGF2|FGF20|FGF22|FGF23|FGF3|FGF4|FGF5|FGF6|FGF7|FGF8|FGF9|FOXO1|GAB2|GATA3|HBEGF|ICAM1|IFNLR1|IL10RA|IL10RB|IL12B|IL12RB1|IL13RA1|IL13RA2|IL19|IL1A|IL1B|IL1RAP|IL1RN|IL20|IL20RB|IL22|IL22RA1|IL22RA2|IL24|IL27RA|IL2RG|IL34|IL36A|IL36B|IL5RA|IL6R|IL6ST|ITGB1|ITGB2|ITGB3|JUNB|LAT|LGALS9|NCAM1|NFKB2|NRG1|NRG2|NRG4|OSMR|PELI3|PPP2R1A|PPP2R1B|SOX2|STAT5A|STAT6|TNFRSF1B|TNIP2|VEGFA
 REACT:R-HSA-5658623	FGFRL1 modulation of FGFR1 signaling	1.15142229085e-09	6.18366e-08	FGF10|FGF17|FGF18|FGF2|FGF22|FGF23|FGF3|FGF4|FGF5|FGF8
 KEGG:hsa05162	Measles	1.83260862041e-09	9.62323e-08	BBC3|CD28|CD3D|CD46|CLEC4M|CSNK2B|FAS|FCGR2B|IFNA1|IFNA10|IFNA13|IFNA14|IFNA16|IFNA17|IFNA2|IFNA21|IFNA4|IFNA5|IFNA6|IFNA7|IFNA8|IFNAR2|IFNB1|IFNG|IL12B|IL1A|IL1B|IL2RG|STAT5A|TLR2|TLR4|TNFRSF10D
 REACT:R-HSA-5654719	SHC-mediated cascade:FGFR4	1.93105831325e-09	9.7087e-08	FGF1|FGF16|FGF17|FGF18|FGF19|FGF2|FGF20|FGF23|FGF4|FGF6|FGF8|FGF9
 REACT:R-HSA-5654720	PI-3K cascade:FGFR4	1.93105831325e-09	9.7087e-08	FGF1|FGF16|FGF17|FGF18|FGF19|FGF2|FGF20|FGF23|FGF4|FGF6|FGF8|FGF9
 KEGG:hsa04650	Natural killer cell mediated cytotoxicity	6.16813045085e-09	3.02957e-07	FAS|FCGR3A|ICAM1|IFNA1|IFNA10|IFNA13|IFNA14|IFNA16|IFNA17|IFNA2|IFNA21|IFNA4|IFNA5|IFNA6|IFNA7|IFNA8|IFNAR2|IFNB1|IFNG|ITGB2|KIR2DL4|KIR2DS1|KIR2DS4|KIR2DS5|KIR3DL2|KLRC1|KLRC2|KLRC4-KLRK1|KLRD1|LAT|TNFRSF10D
 REACT:R-HSA-1257604	PIP3 activates AKT signaling	6.28223217891e-09	3.02957e-07	CD28|EGFR|ERBB3|FGF1|FGF10|FGF16|FGF17|FGF18|FGF19|FGF2|FGF20|FGF22|FGF23|FGF3|FGF4|FGF5|FGF6|FGF7|FGF8|FGF9|FOXO1|HBEGF|ICOS|NRG1|NRG2|NRG4|PIK3AP1|PPP2R1A|PPP2R1B|TNRC6A
 REACT:R-HSA-5654704	SHC-mediated cascade:FGFR3	7.11657510699e-09	3.29735e-07	FGF1|FGF16|FGF17|FGF18|FGF2|FGF20|FGF23|FGF4|FGF5|FGF8|FGF9
 REACT:R-HSA-5654710	PI-3K cascade:FGFR3	7.11657510699e-09	3.29735e-07	FGF1|FGF16|FGF17|FGF18|FGF2|FGF20|FGF23|FGF4|FGF5|FGF8|FGF9
 REACT:R-HSA-5654736	Signaling by FGFR1	7.5749351236e-09	3.41143e-07	FGF1|FGF10|FGF17|FGF18|FGF2|FGF20|FGF22|FGF23|FGF3|FGF4|FGF5|FGF6|FGF8|FGF9|FLRT1|FLRT2|FLRT3|PPP2R1A
 REACT:R-HSA-8854691	"Interleukin-19 20 22 24"	7.65153540527e-09	3.41143e-07	IL10RB|IL19|IL20|IL20RB|IL22|IL22RA1|IL22RA2|IL24
 REACT:R-HSA-933541	TRAF6 mediated IRF7 activation	8.28409330023e-09	3.62506e-07	IFNA1|IFNA10|IFNA13|IFNA14|IFNA16|IFNA17|IFNA2|IFNA21|IFNA4|IFNA5|IFNA6|IFNA7|IFNA8|IFNB1|RNF135
 REACT:R-HSA-5654712	FRS-mediated FGFR4 signaling	8.56265802707e-09	3.67883e-07	FGF1|FGF16|FGF17|FGF18|FGF19|FGF2|FGF20|FGF23|FGF4|FGF6|FGF8|FGF9
 REACT:R-HSA-180292	GAB1 signalosome	1.13788746203e-08	4.71724e-07	CD28|EGFR|ERBB3|FGF1|FGF10|FGF16|FGF17|FGF18|FGF19|FGF2|FGF20|FGF22|FGF23|FGF3|FGF4|FGF5|FGF6|FGF7|FGF8|FGF9|FOXO1|HBEGF|ICOS|NRG1|NRG2|NRG4|PIK3AP1|PPP2R1A|PPP2R1B|TNRC6A
 REACT:R-HSA-198203	PI3K/AKT activation	1.13788746203e-08	4.71724e-07	CD28|EGFR|ERBB3|FGF1|FGF10|FGF16|FGF17|FGF18|FGF19|FGF2|FGF20|FGF22|FGF23|FGF3|FGF4|FGF5|FGF6|FGF7|FGF8|FGF9|FOXO1|HBEGF|ICOS|NRG1|NRG2|NRG4|PIK3AP1|PPP2R1A|PPP2R1B|TNRC6A
 KEGG:hsa05320	Autoimmune thyroid disease	1.55055749351e-08	6.31719e-07	CD28|CD40|CGA|FAS|IFNA1|IFNA10|IFNA13|IFNA14|IFNA16|IFNA17|IFNA2|IFNA21|IFNA4|IFNA5|IFNA6|IFNA7|IFNA8|TSHR
 REACT:R-HSA-2730905	Role of LAT2/NTAL/LAB on calcium mobilization	1.58238052661e-08	6.33757e-07	CD28|EGFR|ERBB3|FGF1|FGF10|FGF16|FGF17|FGF18|FGF19|FGF2|FGF20|FGF22|FGF23|FGF3|FGF4|FGF5|FGF6|FGF7|FGF8|FGF9|FOXO1|GAB2|HBEGF|ICOS|NRG1|NRG2|NRG4|PIK3AP1|PPP2R1A|PPP2R1B|TNRC6A
 REACT:R-HSA-5655253	Signaling by FGFR2 in disease	3.00162783518e-08	1.18214e-06	FGF1|FGF10|FGF16|FGF17|FGF18|FGF2|FGF20|FGF22|FGF23|FGF3|FGF4|FGF5|FGF6|FGF7|FGF8|FGF9
 REACT:R-HSA-5654726	Negative regulation of FGFR1 signaling	3.0782169369e-08	1.19243e-06	FGF1|FGF10|FGF17|FGF2|FGF20|FGF22|FGF23|FGF3|FGF4|FGF5|FGF6|FGF8|FGF9|PPP2R1A
 REACT:R-HSA-5654706	FRS-mediated FGFR3 signaling	3.26495278591e-08	1.24437e-06	FGF1|FGF16|FGF17|FGF18|FGF2|FGF20|FGF23|FGF4|FGF5|FGF8|FGF9
 KEGG:hsa04145	Phagosome	6.82240958172e-08	2.55895e-06	ATP6V0A1|ATP6V1E2|C1R|CALR|CANX|CD14|CLEC4M|CLEC7A|COLEC11|COLEC12|COMP|FCAR|FCGR2A|FCGR2B|FCGR2C|FCGR3A|ITGB1|ITGB2|ITGB3|ITGB5|LAMP1|MBL2|MRC1|OLR1|PLA2R1|SFTPD|THBS1|THBS2|THBS4|TLR2|TLR4|TLR6
 KEGG:hsa04620	Toll-like receptor signaling pathway	1.11189375152e-07	4.10532e-06	CD14|CD40|IFNA1|IFNA10|IFNA13|IFNA14|IFNA16|IFNA17|IFNA2|IFNA21|IFNA4|IFNA5|IFNA6|IFNA7|IFNA8|IFNAR2|IFNB1|IL12B|IL1B|TLR1|TLR2|TLR3|TLR4|TLR5|TLR6
 REACT:R-HSA-5654733	Negative regulation of FGFR4 signaling	1.1412975276e-07	4.14906e-06	FGF1|FGF16|FGF17|FGF18|FGF19|FGF2|FGF20|FGF23|FGF4|FGF6|FGF8|FGF9|PPP2R1A
 REACT:R-HSA-5655332	Signaling by FGFR3 in disease	1.1929533128e-07	4.20739e-06	FGF1|FGF16|FGF17|FGF18|FGF2|FGF20|FGF23|FGF4|FGF5|FGF8|FGF9
 REACT:R-HSA-8853338	Signaling by FGFR3 point mutants in cancer	1.1929533128e-07	4.20739e-06	FGF1|FGF16|FGF17|FGF18|FGF2|FGF20|FGF23|FGF4|FGF5|FGF8|FGF9
 REACT:R-HSA-5654716	Downstream signaling of activated FGFR4	1.62633677414e-07	5.65152e-06	FGF1|FGF16|FGF17|FGF18|FGF19|FGF2|FGF20|FGF23|FGF4|FGF6|FGF8|FGF9
 KEGG:hsa05144	Malaria	2.47815298615e-07	8.48678e-06	CD40|COMP|GYPB|ICAM1|IFNG|IL1B|ITGB2|KLRB1|KLRC4-KLRK1|SELE|SELP|THBS1|THBS2|THBS4|TLR2|TLR4
 REACT:R-HSA-1266738	Developmental Biology	2.99992931052e-07	1.01269e-05	ABLIM1|ALCAM|APH1A|APH1B|ARHGAP39|ARHGEF7|CD72|CDH15|CDH2|CDH4|CEBPB|CFC1|CNTN6|CSF2RA|CSF2RB|CSNK2B|DPPA4|DSC2|EFNA1|EFNA2|EFNA3|EGFR|EGR2|ERBB3|FABP4|FGF1|FGF10|FGF16|FGF17|FGF18|FGF19|FGF2|FGF20|FGF22|FGF23|FGF3|FGF4|FGF5|FGF6|FGF7|FGF8|FGF9|FOXO1|FOXP1|GAB2|GAP43|HBEGF|HNF1A|HNF1B|HOXA2|IL2RG|IL5RA|INSM1|ITGB1|ITGB3|KALRN|KRT14|KRT7|KRT82|KRTAP10-1|KRTAP10-12|KRTAP10-2|KRTAP10-3|KRTAP1-1|KRTAP1-3|KRTAP13-1|KRTAP13-2|KRTAP13-4|KRTAP1-5|KRTAP19-5|KRTAP2-1|KRTAP2-4|KRTAP24-1|KRTAP26-1|KRTAP27-1|KRTAP3-3|KRTAP4-1|KRTAP4-3|KRTAP4-6|KRTAP4-7|LAT|LCE2B|LIN28A|MED26|MEF2A|MEF2C|MYH11|MYH14|MYH9|NCAM1|NFASC|NRG1|NRG2|NRG4|NTN4|NUMB|PDX1|PLXNA1|PLXNA2|PLXNC1|PLXND1|PPP2R1A|PPP2R1B|PSEN2|ROBO1|ROBO2|SALL1|SCN3B|SCN4B|SEMA3E|SLC2A2|SLIT1|SLIT2|SLIT3|SOX2|SPINK9|TCF12|TDGF1|TRPC1|TRPC4|UNC5B|UNC5C|VEGFA|ZSCAN10
 REACT:R-HSA-5654732	Negative regulation of FGFR3 signaling	4.22280370782e-07	1.40542e-05	FGF1|FGF16|FGF17|FGF18|FGF2|FGF20|FGF23|FGF4|FGF5|FGF8|FGF9|PPP2R1A
 REACT:R-HSA-1226099	Signaling by FGFR in disease	4.29876321317e-07	1.41083e-05	FGF1|FGF10|FGF16|FGF17|FGF18|FGF2|FGF20|FGF22|FGF23|FGF3|FGF4|FGF5|FGF6|FGF7|FGF8|FGF9|GAB2|STAT5A
 KEGG:hsa04514	Cell adhesion molecules (CAMs)	5.55448777195e-07	1.79798e-05	ALCAM|CD22|CD276|CD28|CD4|CD40|CDH15|CDH2|CDH4|CLDN11|CLDN7|ICAM1|ICAM3|ICOS|ITGB1|ITGB2|ITGB7|LRRC4C|NCAM1|NFASC|NRXN1|NRXN3|NTNG1|OCLN|PVR|SELE|SELL|SELP|VCAN
 REACT:R-HSA-1280218	Adaptive Immune System	6.00769025305e-07	1.9184e-05	ANAPC10|AP1M2|BTLA|CALR|CANX|CD14|CD160|CD1B|CD1C|CD207|CD22|CD28|CD3D|CD4|CD40|CLEC2B|CLEC2D|DCTN4|EGFR|ERBB3|FBXL12|FBXL19|FBXL4|FBXO17|FBXO44|FBXO6|FCGR1B|FCGR2B|FCGR3A|FGF1|FGF10|FGF16|FGF17|FGF18|FGF19|FGF2|FGF20|FGF22|FGF23|FGF3|FGF4|FGF5|FGF6|FGF7|FGF8|FGF9|FOXO1|HBEGF|HERC6|ICAM1|ICAM3|ICAM4|ICOS|ITGB1|ITGB2|ITGB5|ITGB7|KIR2DL4|KIR2DS1|KIR3DL2|KIR3DS1|KLRB1|KLRC1|KLRC4-KLRK1|KLRD1|KLRF1|KLRG1|LAIR2|LAT|LILRA3|MGRN1|MRC1|NRG1|NRG2|NRG4|PIK3AP1|PPP2R1A|PPP2R1B|PVR|SELL|SIGLEC10|SIGLEC11|SIGLEC12|SIGLEC5|SIGLEC6|SIGLEC7|SIGLEC8|SIGLEC9|SKP2|SLAMF6|SPSB4|STIM1|TLR1|TLR2|TLR4|TLR6|TNFRSF14|TNRC6A|TRPC1
 REACT:R-HSA-5654708	Downstream signaling of activated FGFR3	6.12259646648e-07	1.92903e-05	FGF1|FGF16|FGF17|FGF18|FGF2|FGF20|FGF23|FGF4|FGF5|FGF8|FGF9
 KEGG:hsa04015	Rap1 signaling pathway	6.67839065494e-07	2.07645e-05	BCAR1|CSF1|EFNA1|EFNA2|EFNA3|EGFR|FGF1|FGF10|FGF11|FGF12|FGF13|FGF14|FGF16|FGF17|FGF18|FGF19|FGF2|FGF20|FGF21|FGF22|FGF23|FGF3|FGF4|FGF5|FGF6|FGF7|FGF8|FGF9|FLT1|GNAS|ITGB1|ITGB2|ITGB3|LAT|RASSF5|THBS1|VEGFA
 REACT:R-HSA-109704	PI3K Cascade	8.50092739424e-07	2.60879e-05	FGF1|FGF10|FGF16|FGF17|FGF18|FGF19|FGF2|FGF20|FGF22|FGF23|FGF3|FGF4|FGF5|FGF6|FGF7|FGF8|FGF9|LAMTOR1|PRKAB1|PRKAB2
 REACT:R-HSA-1839124	FGFR1 mutant receptor activation	9.98931642626e-07	3.02625e-05	FGF1|FGF17|FGF2|FGF20|FGF23|FGF4|FGF5|FGF6|FGF8|FGF9|GAB2|STAT5A
 REACT:R-HSA-190371	FGFR3b ligand binding and activation	1.09309535601e-06	3.2696e-05	FGF1|FGF17|FGF18|FGF20|FGF8|FGF9
 REACT:R-HSA-422475	Axon guidance	1.39770667462e-06	4.12848e-05	ABLIM1|ALCAM|APH1A|APH1B|ARHGAP39|ARHGEF7|CD72|CNTN6|CSF2RA|CSF2RB|CSNK2B|EFNA1|EFNA2|EFNA3|EGFR|ERBB3|FGF1|FGF10|FGF16|FGF17|FGF18|FGF19|FGF2|FGF20|FGF22|FGF23|FGF3|FGF4|FGF5|FGF6|FGF7|FGF8|FGF9|GAB2|GAP43|HBEGF|IL2RG|IL5RA|ITGB1|ITGB3|KALRN|LAT|MYH11|MYH14|MYH9|NCAM1|NFASC|NRG1|NRG2|NRG4|NTN4|NUMB|PLXNA1|PLXNA2|PLXNC1|PLXND1|PPP2R1A|PPP2R1B|PSEN2|ROBO1|ROBO2|SCN3B|SCN4B|SEMA3E|SLIT1|SLIT2|SLIT3|TRPC1|TRPC4|UNC5B|UNC5C|VEGFA
 REACT:R-HSA-190236	Signaling by FGFR	1.58692507879e-06	4.62951e-05	FGF1|FGF10|FGF16|FGF17|FGF18|FGF19|FGF2|FGF20|FGF22|FGF23|FGF3|FGF4|FGF5|FGF6|FGF7|FGF8|FGF9|FLRT1|FLRT2|FLRT3|PPP2R1A
 KEGG:hsa04622	RIG-I-like receptor signaling pathway	2.3429958298e-06	6.75183e-05	IFNA1|IFNA10|IFNA13|IFNA14|IFNA16|IFNA17|IFNA2|IFNA21|IFNA4|IFNA5|IFNA6|IFNA7|IFNA8|IFNB1|IFNE|IFNW1|IL12B|TBKBP1
 REACT:R-HSA-3781865	Diseases of glycosylation	3.56188197403e-06	0.000101406	ADAMTS17|ADAMTSL1|ADAMTSL2|ADAMTSL4|BCAN|BGN|CFP|DCN|FMOD|KERA|MUC15|MUC7|OGN|OMD|PRELP|THBS1|THBS2|THSD1|THSD7B|VCAN
 REACT:R-HSA-5654743	Signaling by FGFR4	4.84238080689e-06	0.000136221	FGF1|FGF16|FGF17|FGF18|FGF19|FGF2|FGF20|FGF23|FGF4|FGF6|FGF8|FGF9|PPP2R1A
 REACT:R-HSA-2022857	Keratan sulfate degradation	6.99350978317e-06	0.00019442	FMOD|HEXA|HEXB|KERA|OGN|OMD|PRELP
 KEGG:hsa04623	Cytosolic DNA-sensing pathway	1.0085518912e-05	0.000277117	IFNA1|IFNA10|IFNA13|IFNA14|IFNA16|IFNA17|IFNA2|IFNA21|IFNA4|IFNA5|IFNA6|IFNA7|IFNA8|IFNB1|IL1B|POLR3H
 REACT:R-HSA-5655302	Signaling by FGFR1 in disease	1.17782823759e-05	0.000319909	FGF1|FGF17|FGF2|FGF20|FGF23|FGF4|FGF5|FGF6|FGF8|FGF9|GAB2|STAT5A
 REACT:R-HSA-190370	FGFR1b ligand binding and activation	1.26863142031e-05	0.000340656	FGF1|FGF10|FGF2|FGF22|FGF3
 KEGG:hsa04810	Regulation of actin cytoskeleton	1.57209105007e-05	0.000417399	ARHGEF7|BCAR1|CD14|EGFR|FGF1|FGF10|FGF11|FGF12|FGF13|FGF14|FGF16|FGF17|FGF18|FGF19|FGF2|FGF20|FGF21|FGF22|FGF23|FGF3|FGF4|FGF5|FGF6|FGF7|FGF8|FGF9|ITGB1|ITGB2|ITGB3|ITGB5|ITGB6|ITGB7|MYH14|MYH9
 REACT:R-HSA-1643685	Disease	1.67750798102e-05	0.000440439	ABCC8|ADAMTS17|ADAMTSL1|ADAMTSL2|ADAMTSL4|AP1M2|APH1A|APH1B|AVPR2|BCAN|BGN|CALR|CANX|CAST|CD14|CD28|CD320|CD4|CFP|CSF2RA|CSF2RB|DCN|DKK1|DKK2|DLL4|EGFR|EPM2A|ERBB3|ERLEC1|FGF1|FGF10|FGF16|FGF17|FGF18|FGF19|FGF2|FGF20|FGF22|FGF23|FGF3|FGF4|FGF5|FGF6|FGF7|FGF8|FGF9|FMOD|FOXO1|GAB2|GYG1|GYG2|HBEGF|HDAC9|HEY1|ICOS|ITGB3|JAG2|KERA|MAMLD1|MUC15|MUC7|NFKB2|NRG1|NRG2|NRG4|NUP107|OGN|OMD|OS9|PIK3AP1|POM121|PORCN|PPP2R1A|PPP2R1B|PRELP|PSEN2|RBP1|RBP4|RLBP1|RPS20|RPS23|SFTPD|STAT5A|TAF6|TCF7L2|THBS1|THBS2|THSD1|THSD7B|TLR1|TLR10|TLR2|TLR3|TLR4|TLR5|TLR6|VCAN
 REACT:R-HSA-445717	Aquaporin-mediated transport	1.75143977078e-05	0.000454797	AQP1|AQP10|AQP12A|AQP2|AQP3|AQP4|AQP5|AQP6|AQP7|AQP9|AVPR2|GNAS|MIP|MYO5B
 REACT:R-HSA-2453902	The canonical retinoid cycle in rods (twilight vision)	2.10738611687e-05	0.000537511	LRAT|MYO7A|RBP1|RBP3|RBP4|RDH11|RDH12|RDH8|RLBP1
 REACT:R-HSA-5654741	Signaling by FGFR3	2.11546831611e-05	0.000537511	FGF1|FGF16|FGF17|FGF18|FGF2|FGF20|FGF23|FGF4|FGF5|FGF8|FGF9|PPP2R1A
 REACT:R-HSA-109582	Hemostasis	2.47257259648e-05	0.000621563	A1BG|AKAP1|APOH|BCAR1|CD44|CD47|CD84|CEACAM1|CEACAM8|CHID1|CLEC1B|CLEC3B|CSF2RA|CSF2RB|F3|GAB2|GAS6|GATA2|GATA3|GATA6|GNAS|GP1BA|GP1BB|GP5|GP9|GYPB|IFNA1|IFNA10|IFNA13|IFNA14|IFNA16|IFNA17|IFNA2|IFNA21|IFNA4|IFNA5|IFNA6|IFNA7|IFNA8|IFNB1|IL2RG|IL5RA|ITGB1|ITGB2|ITGB3|LAT|NFE2|OLR1|PCDH7|PDPN|PLAUR|PPP2R1A|PPP2R1B|PSG2|PSG4|PSG5|PSG8|SCG3|SELE|SELL|SELP|SERPINB2|SERPINB6|SERPINB8|SERPINC1|SERPINF2|SERPING1|SLC8A1|SLC8A2|SLC8A3|STIM1|TBXA2R|THBS1|TNFRSF10D|VEGFA|ZFPM1
 KEGG:hsa04512	ECM-receptor interaction	2.52515627858e-05	0.000628099	CD44|CD47|CHAD|COMP|GP1BA|GP1BB|GP5|GP9|ITGB1|ITGB3|ITGB5|ITGB6|ITGB7|LAMB4|THBS1|THBS2|THBS4|TNXB
 REACT:R-HSA-190377	FGFR2b ligand binding and activation	2.69617732751e-05	0.000661226	FGF1|FGF10|FGF2|FGF22|FGF3|FGF7
 REACT:R-HSA-5654738	Signaling by FGFR2	2.71430034513e-05	0.000661226	FGF1|FGF10|FGF16|FGF17|FGF18|FGF2|FGF20|FGF22|FGF23|FGF3|FGF4|FGF5|FGF6|FGF7|FGF8|FGF9|PPP2R1A
 REACT:R-HSA-5260271	Diseases of Immune System	3.1504332483e-05	0.000751967	CD14|NFKB2|TLR1|TLR10|TLR2|TLR3|TLR4|TLR5|TLR6
 REACT:R-HSA-5602358	Diseases associated with the TLR signaling cascade	3.1504332483e-05	0.000751967	CD14|NFKB2|TLR1|TLR10|TLR2|TLR3|TLR4|TLR5|TLR6
 KEGG:hsa05168	Herpes simplex infection	3.95893273575e-05	0.000935496	CFP|CSNK2B|FAS|IFNA1|IFNA10|IFNA13|IFNA14|IFNA16|IFNA17|IFNA2|IFNA21|IFNA4|IFNA5|IFNA6|IFNA7|IFNA8|IFNAR2|IFNB1|IFNG|IL12B|IL1B|MCRS1|NXF5|PILRA|POU2F3|SKP2|TAF6|TLR2|TLR3|TNFRSF14
 REACT:R-HSA-3656225	Defective CHST6 causes MCDC1	4.16693060383e-05	0.000955967	FMOD|KERA|OGN|OMD|PRELP
 REACT:R-HSA-3656243	Defective ST3GAL3 causes MCT12 and EIEE15	4.16693060383e-05	0.000955967	FMOD|KERA|OGN|OMD|PRELP
 REACT:R-HSA-3656244	Defective B4GALT1 causes B4GALT1-CDG (CDG-2d)	4.16693060383e-05	0.000955967	FMOD|KERA|OGN|OMD|PRELP
 REACT:R-HSA-1251985	Nuclear signaling by ERBB4	4.59959225193e-05	0.00104508	APH1A|APH1B|HBEGF|NRG1|NRG2|NRG4|PGR|PSEN2|STAT5A
 REACT:R-HSA-163560	Hormone-sensitive lipase (HSL)-mediated triacylglycerol hydrolysis	5.09904419623e-05	0.00114753	FABP1|FABP2|FABP3|FABP4|FABP5|FABP6|FABP7|FABP9
 REACT:R-HSA-5663202	Diseases of signal transduction	5.18474124324e-05	0.00115581	APH1A|APH1B|CD28|DKK1|DKK2|DLL4|EGFR|ERBB3|ERLEC1|FGF1|FGF10|FGF16|FGF17|FGF18|FGF19|FGF2|FGF20|FGF22|FGF23|FGF3|FGF4|FGF5|FGF6|FGF7|FGF8|FGF9|FOXO1|GAB2|HBEGF|HDAC9|HEY1|ICOS|ITGB3|JAG2|MAMLD1|NRG1|NRG2|NRG4|OS9|PIK3AP1|PORCN|PPP2R1A|PPP2R1B|PSEN2|RBP1|RBP4|RLBP1|STAT5A|TCF7L2
 REACT:R-HSA-3560782	Diseases associated with glycosaminoglycan metabolism	6.57349695363e-05	0.0014516	BCAN|BGN|DCN|FMOD|KERA|OGN|OMD|PRELP|VCAN
 KEGG:hsa04014	Ras signaling pathway	6.63446625651e-05	0.0014516	CSF1|EFNA1|EFNA2|EFNA3|EGFR|FGF1|FGF10|FGF11|FGF12|FGF13|FGF14|FGF16|FGF17|FGF18|FGF19|FGF2|FGF20|FGF21|FGF22|FGF23|FGF3|FGF4|FGF5|FGF6|FGF7|FGF8|FGF9|FLT1|GAB2|LAT|PLA2G4D|RASSF5|SHOC2|VEGFA
 KEGG:hsa04640	Hematopoietic cell lineage	6.95015540589e-05	0.00150672	CD14|CD1B|CD1C|CD22|CD3D|CD4|CD44|CD59|CSF1|CSF2RA|GP1BA|GP1BB|GP5|GP9|IL1A|IL1B|IL5RA|IL6R|ITGB3
 REACT:R-HSA-71387	Metabolism of carbohydrates	7.72598312414e-05	0.00165968	AGL|AMY1A|AMY2A|AMY2B|B3GAT3|B4GALT2|B4GALT3|B4GALT4|BCAN|BGN|CD44|DCN|EPM2A|FGF21|FMOD|GAA|GLCE|GUSB|GYG1|GYG2|HEXA|HEXB|KERA|MGAM|NAGLU|NUP107|OGN|OMD|POM121|PPP2R1A|PPP2R1B|PRELP|SI|SLC25A10|SLC2A1|SLC2A14|SLC2A2|SLC2A3|SLC2A5|VCAN|XYLT2
 REACT:R-HSA-425366	"Transport of glucose and other sugars bile salts and organic acids metal ions and amine compounds"	7.9622052102e-05	0.00169502	EMB|FGF21|RUNX1|SLC13A3|SLC14A1|SLC14A2|SLC22A6|SLC22A8|SLC2A1|SLC2A10|SLC2A11|SLC2A14|SLC2A2|SLC2A3|SLC2A5|SLC2A6|SLC2A8|SLC2A9|SLC30A8|SLC39A8
 REACT:R-HSA-1638074	Keratan sulfate/keratin metabolism	9.40074384792e-05	0.00198339	B4GALT2|B4GALT3|B4GALT4|FMOD|HEXA|HEXB|KERA|OGN|OMD|PRELP
 REACT:R-HSA-1168372	Downstream signaling events of B Cell Receptor (BCR)	0.000129410240922	0.00270616	CD28|EGFR|ERBB3|FGF1|FGF10|FGF16|FGF17|FGF18|FGF19|FGF2|FGF20|FGF22|FGF23|FGF3|FGF4|FGF5|FGF6|FGF7|FGF8|FGF9|FOXO1|HBEGF|ICOS|NRG1|NRG2|NRG4|PIK3AP1|PPP2R1A|PPP2R1B|TNRC6A
 REACT:R-HSA-909733	Interferon alpha/beta signaling	0.000132237639404	0.00274103	IFNA1|IFNA10|IFNA13|IFNA14|IFNA16|IFNA17|IFNA2|IFNA21|IFNA4|IFNA5|IFNA6|IFNA7|IFNA8|IFNAR2|IFNB1
 KEGG:hsa05161	Hepatitis B	0.000148219722311	0.00304559	CREB3L3|CREB5|EGR2|EGR3|FAS|IFNA1|IFNA10|IFNA13|IFNA14|IFNA16|IFNA17|IFNA2|IFNA21|IFNA4|IFNA5|IFNA6|IFNA7|IFNA8|IFNB1|STAT5A|STAT6|TLR2|TLR3|TLR4
 REACT:R-HSA-8847993	ERBB2 Activates PTK6 Signaling	0.000181293917352	0.00369308	EGFR|ERBB3|HBEGF|NRG1|NRG2|NRG4
 KEGG:hsa00500	Starch and sucrose metabolism	0.00021038279802	0.00424901	AGL|AMY1A|AMY2A|AMY2B|GAA|GYG1|GYG2|MGAM|PGM2L1|SI
 REACT:R-HSA-189085	Digestion of dietary carbohydrate	0.000220268047396	0.00438708	AMY1A|AMY2A|AMY2B|MGAM|SI
 REACT:R-HSA-3000178	ECM proteoglycans	0.000220932077155	0.00438708	ASPN|BCAN|BGN|COMP|DCN|FMOD|ITGB1|ITGB3|ITGB5|ITGB6|NCAM1|TNXB|VCAN
 REACT:R-HSA-1236394	Signaling by ERBB4	0.000228310939595	0.00449582	APH1A|APH1B|EGFR|ERBB3|HBEGF|NRG1|NRG2|NRG4|PGR|PSEN2|STAT5A
 KEGG:hsa05160	Hepatitis C	0.000246748714042	0.00481874	CLDN11|CLDN7|EGFR|IFNA1|IFNA10|IFNA13|IFNA14|IFNA16|IFNA17|IFNA2|IFNA21|IFNA4|IFNA5|IFNA6|IFNA7|IFNA8|IFNAR2|IFNB1|OCLN|PPP2R1A|PPP2R1B|TLR3
 REACT:R-HSA-6785807	Interleukin-4 and 13 signaling	0.000256469714189	0.00496752	ANXA1|BCL6|FGF2|FOXO1|GATA3|ICAM1|IL12B|IL13RA1|IL13RA2|IL1A|IL1B|IL2RG|IL6R|ITGB1|ITGB2|JUNB|SOX2|STAT6|TNFRSF1B|VEGFA
 REACT:R-HSA-983705	Signaling by the B Cell Receptor (BCR)	0.000269712198732	0.00518154	CD22|CD28|EGFR|ERBB3|FGF1|FGF10|FGF16|FGF17|FGF18|FGF19|FGF2|FGF20|FGF22|FGF23|FGF3|FGF4|FGF5|FGF6|FGF7|FGF8|FGF9|FOXO1|HBEGF|ICOS|NRG1|NRG2|NRG4|PIK3AP1|PPP2R1A|PPP2R1B|STIM1|TNRC6A|TRPC1
 REACT:R-HSA-416700	Other semaphorin interactions	0.000279949578505	0.00533485	CD72|ITGB1|PLXNA1|PLXNA2|PLXNC1|PLXND1|SEMA3E
 REACT:R-HSA-2024101	CS/DS degradation	0.00029736124145	0.0055767	BCAN|BGN|DCN|HEXA|HEXB|VCAN
 REACT:R-HSA-6785631	ERBB2 Regulates Cell Motility	0.00029736124145	0.0055767	EGFR|ERBB3|HBEGF|NRG1|NRG2|NRG4
 REACT:R-HSA-168928	RIG-I/MDA5 mediated induction of IFN-alpha/beta pathways	0.000402003982582	0.00747981	IFNA1|IFNA10|IFNA13|IFNA14|IFNA16|IFNA17|IFNA2|IFNA21|IFNA4|IFNA5|IFNA6|IFNA7|IFNA8|IFNB1|NFKB2|RNF135
 REACT:R-HSA-5357572	Lysosomal glycogen catabolism	0.000410294649511	0.0075491	GAA|GYG1|GYG2
 REACT:R-HSA-6798695	Neutrophil degranulation	0.000412117705996	0.0075491	A1BG|AGA|AGL|ARSA|ATP6V0A1|CD14|CD44|CD47|CD59|CD68|CEACAM1|CEACAM8|CFP|CHI3L1|CLEC12A|CLEC4C|CLEC4D|CLEC5A|CSNK2B|DEGS1|DSN1|FABP5|FAF2|FCAR|FCGR2A|FCGR2C|GAA|GLA|GUSB|GYG1|HEXB|ITGB2|LAMP1|LAMTOR1|LGALS3|LILRA3|LRG1|MGAM|NEU1|NFASC|OLR1|PGLYRP1|PLAUR|PRG2|PRG3|PTX3|SELL|SERPINB6|SIGLEC5|SIGLEC9|SLC2A3|SLC2A5|SLPI|STBD1|TLR2|TNFRSF1B|VAPA
 REACT:R-HSA-5173214	O-glycosylation of TSR domain-containing proteins	0.000429001138647	0.00779792	ADAMTS17|ADAMTSL1|ADAMTSL2|ADAMTSL4|CFP|POFUT2|THBS1|THBS2|THSD1|THSD7B
 KEGG:hsa05164	Influenza A	0.00043848864108	0.00790953	AGFG1|FAS|ICAM1|IFNA1|IFNA10|IFNA13|IFNA14|IFNA16|IFNA17|IFNA2|IFNA21|IFNA4|IFNA5|IFNA6|IFNA7|IFNA8|IFNAR2|IFNB1|IFNG|IL12B|IL1A|IL1B|NXF5|TLR3|TLR4|TNFRSF10D
 REACT:R-HSA-5684996	MAPK1/MAPK3 signaling	0.000468076146106	0.00836136	CSF2RA|CSF2RB|EGFR|ERBB3|FGF1|FGF10|FGF16|FGF17|FGF18|FGF19|FGF2|FGF20|FGF22|FGF23|FGF3|FGF4|FGF5|FGF6|FGF7|FGF8|FGF9|HBEGF|IL2RG|IL5RA|IL6R|IL6ST|ITGB3|LAT|NCAM1|NRG1|NRG2|NRG4|PPP2R1A|PPP2R1B
 KEGG:hsa04612	Antigen processing and presentation	0.00047061386927	0.00836136	CALR|CANX|CD4|IFNG|KIR2DL4|KIR2DS1|KIR2DS4|KIR2DS5|KIR3DL2|KIR3DL3|KLRC1|KLRC2|KLRD1|NFYC|RFXAP
 KEGG:hsa05200	Pathways in cancer	0.000483438449881	0.00852511	AR|CSF2RA|EGFR|FAS|FGF1|FGF10|FGF11|FGF12|FGF13|FGF14|FGF16|FGF17|FGF18|FGF19|FGF2|FGF20|FGF21|FGF22|FGF23|FGF3|FGF4|FGF5|FGF6|FGF7|FGF8|FGF9|FOXO1|GLI1|GNAS|HHIP|ITGB1|LAMB4|LEF1|MITF|NFKB2|PAX8|PTGER1|RASSF5|RUNX1|SKP2|SLC2A1|STAT5A|TCF7|TCF7L1|TCF7L2|TGFA|VEGFA|WNT2
 REACT:R-HSA-451927	Interleukin-2 signaling	0.000504932337807	0.00883819	CSF2RA|CSF2RB|EGFR|ERBB3|FGF1|FGF10|FGF16|FGF17|FGF18|FGF19|FGF2|FGF20|FGF22|FGF23|FGF3|FGF4|FGF5|FGF6|FGF7|FGF8|FGF9|GAB2|HBEGF|IL2RG|IL5RA|ITGB3|LAT|LGALS9|NCAM1|NRG1|NRG2|NRG4|PPP2R1A|PPP2R1B|STAT5A
 REACT:R-HSA-1963642	PI3K events in ERBB2 signaling	0.000696801199554	0.0120159	EGFR|ERBB3|HBEGF|NRG1|NRG2|NRG4
 REACT:R-HSA-1980148	Signaling by NOTCH3	0.000711904024703	0.0120159	APH1A|APH1B|DLL4|JAG2|PSEN2
 REACT:R-HSA-1980150	Signaling by NOTCH4	0.000711904024703	0.0120159	APH1A|APH1B|DLL4|JAG2|PSEN2
 REACT:R-HSA-5602498	MyD88 deficiency (TLR2/4)	0.000711904024703	0.0120159	CD14|TLR1|TLR2|TLR4|TLR6
 REACT:R-HSA-5603041	IRAK4 deficiency (TLR2/4)	0.000711904024703	0.0120159	CD14|TLR1|TLR2|TLR4|TLR6
 REACT:R-HSA-2022854	Keratan sulfate biosynthesis	0.000737006611463	0.0123514	B4GALT2|B4GALT3|B4GALT4|FMOD|KERA|OGN|OMD|PRELP
 REACT:R-HSA-2172127	DAP12 interactions	0.000747018763137	0.012431	CD28|CLEC5A|CSF2RA|CSF2RB|EGFR|ERBB3|FGF1|FGF10|FGF16|FGF17|FGF18|FGF19|FGF2|FGF20|FGF22|FGF23|FGF3|FGF4|FGF5|FGF6|FGF7|FGF8|FGF9|FOXO1|HBEGF|ICOS|IL2RG|IL5RA|ITGB3|KIR2DS4|KIR2DS5|KIR3DS1|KLRC2|KLRC4-KLRK1|KLRD1|LAT|NCAM1|NRG1|NRG2|NRG4|PIK3AP1|PPP2R1A|PPP2R1B|SIGLEC15|TNRC6A
 REACT:R-HSA-1630316	Glycosaminoglycan metabolism	0.00079096303789	0.0130702	B3GAT3|B4GALT2|B4GALT3|B4GALT4|BCAN|BGN|CD44|DCN|FMOD|GLCE|GUSB|HEXA|HEXB|KERA|NAGLU|OGN|OMD|PRELP|VCAN|XYLT2
 REACT:R-HSA-373752	Netrin-1 signaling	0.000809913554428	0.0132905	ABLIM1|NTN4|ROBO1|SLIT1|SLIT2|SLIT3|TRPC1|TRPC4|UNC5B|UNC5C
 KEGG:hsa05321	Inflammatory bowel disease (IBD)	0.000851872421433	0.0138228	GATA3|IFNG|IL12B|IL12RB1|IL1A|IL1B|IL21R|IL22|IL2RG|STAT6|TLR2|TLR4|TLR5
 REACT:R-HSA-5683057	MAPK family signaling cascades	0.000854053123864	0.0138228	CSF2RA|CSF2RB|EGFR|ERBB3|FGF1|FGF10|FGF16|FGF17|FGF18|FGF19|FGF2|FGF20|FGF22|FGF23|FGF3|FGF4|FGF5|FGF6|FGF7|FGF8|FGF9|FOXO1|HBEGF|IL2RG|IL5RA|IL6R|IL6ST|ITGB3|KALRN|LAT|NCAM1|NRG1|NRG2|NRG4|PPP2R1A|PPP2R1B|TNRC6A
 REACT:R-HSA-3595172	Defective CHST3 causes SEDCJD	0.000886928209201	0.0139721	BCAN|BGN|DCN|VCAN
 REACT:R-HSA-3595174	"Defective CHST14 causes EDS musculocontractural type"	0.000886928209201	0.0139721	BCAN|BGN|DCN|VCAN
 REACT:R-HSA-3595177	Defective CHSY1 causes TPBS	0.000886928209201	0.0139721	BCAN|BGN|DCN|VCAN
 REACT:R-HSA-4411364	Binding of TCF/LEF:CTNNB1 to target gene promoters	0.000886928209201	0.0139721	LEF1|TCF7|TCF7L1|TCF7L2
 REACT:R-HSA-5621480	Dectin-2 family	0.000952257098234	0.0149019	CLEC10A|CLEC4A|CLEC4C|CLEC4D|CLEC4E|CLEC6A|MUC15|MUC7
 REACT:R-HSA-2586552	Signaling by Leptin	0.00109394355941	0.0170065	CSF2RA|CSF2RB|EGFR|ERBB3|FGF1|FGF10|FGF16|FGF17|FGF18|FGF19|FGF2|FGF20|FGF22|FGF23|FGF3|FGF4|FGF5|FGF6|FGF7|FGF8|FGF9|HBEGF|IL2RG|IL5RA|ITGB3|LAT|NCAM1|NRG1|NRG2|NRG4|PPP2R1A|PPP2R1B|STAT5A
 REACT:R-HSA-2122948	Activated NOTCH1 Transmits Signal to the Nucleus	0.00121503324	0.0185422	APH1A|APH1B|DLK1|DLL4|DNER|JAG2|NUMB|PSEN2
 REACT:R-HSA-5669034	TNFs bind their physiological receptors	0.00121503324	0.0185422	CD27|EDA2R|TNFRSF11B|TNFRSF14|TNFRSF1B|TNFRSF25|TNFRSF4|TNFRSF6B
 REACT:R-HSA-5083635	Defective B3GALTL causes Peters-plus syndrome (PpS)	0.00124613553169	0.0185422	ADAMTS17|ADAMTSL1|ADAMTSL2|ADAMTSL4|CFP|THBS1|THBS2|THSD1|THSD7B
 KEGG:hsa04010	MAPK signaling pathway	0.00125147972534	0.0185422	CD14|EGFR|ELK4|FAS|FGF1|FGF10|FGF11|FGF12|FGF13|FGF14|FGF16|FGF17|FGF18|FGF19|FGF2|FGF20|FGF21|FGF22|FGF23|FGF3|FGF4|FGF5|FGF6|FGF7|FGF8|FGF9|IL1A|IL1B|MAPT|MEF2C|NFKB2|NTRK2|PLA2G4D
 REACT:R-HSA-912526	Interleukin receptor SHC signaling	0.00125147972534	0.0185422	CSF2RA|CSF2RB|EGFR|ERBB3|FGF1|FGF10|FGF16|FGF17|FGF18|FGF19|FGF2|FGF20|FGF22|FGF23|FGF3|FGF4|FGF5|FGF6|FGF7|FGF8|FGF9|GAB2|HBEGF|IL2RG|IL5RA|ITGB3|LAT|NCAM1|NRG1|NRG2|NRG4|PPP2R1A|PPP2R1B
 REACT:R-HSA-112412	SOS-mediated signalling	0.00126335048411	0.0185422	CSF2RA|CSF2RB|EGFR|ERBB3|FGF1|FGF10|FGF16|FGF17|FGF18|FGF19|FGF2|FGF20|FGF22|FGF23|FGF3|FGF4|FGF5|FGF6|FGF7|FGF8|FGF9|HBEGF|IL2RG|IL5RA|ITGB3|LAT|NCAM1|NRG1|NRG2|NRG4|PPP2R1A|PPP2R1B
 REACT:R-HSA-179812	GRB2 events in EGFR signaling	0.00126335048411	0.0185422	CSF2RA|CSF2RB|EGFR|ERBB3|FGF1|FGF10|FGF16|FGF17|FGF18|FGF19|FGF2|FGF20|FGF22|FGF23|FGF3|FGF4|FGF5|FGF6|FGF7|FGF8|FGF9|HBEGF|IL2RG|IL5RA|ITGB3|LAT|NCAM1|NRG1|NRG2|NRG4|PPP2R1A|PPP2R1B
 REACT:R-HSA-180336	SHC1 events in EGFR signaling	0.00126335048411	0.0185422	CSF2RA|CSF2RB|EGFR|ERBB3|FGF1|FGF10|FGF16|FGF17|FGF18|FGF19|FGF2|FGF20|FGF22|FGF23|FGF3|FGF4|FGF5|FGF6|FGF7|FGF8|FGF9|HBEGF|IL2RG|IL5RA|ITGB3|LAT|NCAM1|NRG1|NRG2|NRG4|PPP2R1A|PPP2R1B
 REACT:R-HSA-5673001	RAF/MAP kinase cascade	0.00126335048411	0.0185422	CSF2RA|CSF2RB|EGFR|ERBB3|FGF1|FGF10|FGF16|FGF17|FGF18|FGF19|FGF2|FGF20|FGF22|FGF23|FGF3|FGF4|FGF5|FGF6|FGF7|FGF8|FGF9|HBEGF|IL2RG|IL5RA|ITGB3|LAT|NCAM1|NRG1|NRG2|NRG4|PPP2R1A|PPP2R1B
 REACT:R-HSA-216083	Integrin cell surface interactions	0.00132305581402	0.0192986	CD44|CD47|COMP|ICAM1|ICAM3|ICAM4|ITGB1|ITGB2|ITGB3|ITGB5|ITGB6|ITGB7|THBS1
 KEGG:hsa00511	Other glycan degradation	0.00142000106381	0.0205857	AGA|HEXA|HEXB|NEU1|NEU2|NEU3
 REACT:R-HSA-5218921	VEGFR2 mediated cell proliferation	0.00152479795995	0.0219701	CSF2RA|CSF2RB|EGFR|ERBB3|FGF1|FGF10|FGF16|FGF17|FGF18|FGF19|FGF2|FGF20|FGF22|FGF23|FGF3|FGF4|FGF5|FGF6|FGF7|FGF8|FGF9|HBEGF|IL2RG|IL5RA|ITGB3|LAT|NCAM1|NRG1|NRG2|NRG4|PPP2R1A|PPP2R1B|VEGFA
 REACT:R-HSA-428542	Regulation of Commissural axon pathfinding by Slit and Robo	0.00154991148796	0.0220629	ROBO1|ROBO2|SLIT2
 REACT:R-HSA-428776	Class II GLUTs	0.00154991148796	0.0220629	SLC2A11|SLC2A5|SLC2A9
 REACT:R-HSA-170984	ARMS-mediated activation	0.00165115386964	0.0232243	CSF2RA|CSF2RB|EGFR|ERBB3|FGF1|FGF10|FGF16|FGF17|FGF18|FGF19|FGF2|FGF20|FGF22|FGF23|FGF3|FGF4|FGF5|FGF6|FGF7|FGF8|FGF9|HBEGF|IL2RG|IL5RA|ITGB3|LAT|NCAM1|NRG1|NRG2|NRG4|PPP2R1A|PPP2R1B
 REACT:R-HSA-187706	Signalling to p38 via RIT and RIN	0.00165115386964	0.0232243	CSF2RA|CSF2RB|EGFR|ERBB3|FGF1|FGF10|FGF16|FGF17|FGF18|FGF19|FGF2|FGF20|FGF22|FGF23|FGF3|FGF4|FGF5|FGF6|FGF7|FGF8|FGF9|HBEGF|IL2RG|IL5RA|ITGB3|LAT|NCAM1|NRG1|NRG2|NRG4|PPP2R1A|PPP2R1B
 REACT:R-HSA-446210	Synthesis of UDP-N-acetyl-glucosamine	0.00166956453557	0.0233443	AMDHD2|NAGK|PGM3|RENBP
 KEGG:hsa_M00415	"Fatty acid biosynthesis elongation endoplasmic reticulum"	0.00174894798586	0.0238888	ELOVL1|ELOVL3|ELOVL4|ELOVL7|TECR
 REACT:R-HSA-2892247	"POU5F1 (OCT4) SOX2 NANOG activate genes related to proliferation"	0.00174894798586	0.0238888	DPPA4|FGF2|SALL1|SOX2|TDGF1
 REACT:R-HSA-75205	Dissolution of Fibrin Clot	0.00174894798586	0.0238888	PLAUR|SERPINB2|SERPINB6|SERPINB8|SERPINF2
 REACT:R-HSA-75892	Platelet Adhesion to exposed collagen	0.00174894798586	0.0238888	GP1BA|GP1BB|GP5|GP9|ITGB1
 REACT:R-HSA-170968	Frs2-mediated activation	0.00176286395916	0.0239405	CSF2RA|CSF2RB|EGFR|ERBB3|FGF1|FGF10|FGF16|FGF17|FGF18|FGF19|FGF2|FGF20|FGF22|FGF23|FGF3|FGF4|FGF5|FGF6|FGF7|FGF8|FGF9|HBEGF|IL2RG|IL5RA|ITGB3|LAT|NCAM1|NRG1|NRG2|NRG4|PPP2R1A|PPP2R1B
 REACT:R-HSA-512988	"Interleukin-3 5 and GM-CSF signaling"	0.00181197413342	0.0244668	CSF2RA|CSF2RB|EGFR|ERBB3|FGF1|FGF10|FGF16|FGF17|FGF18|FGF19|FGF2|FGF20|FGF22|FGF23|FGF3|FGF4|FGF5|FGF6|FGF7|FGF8|FGF9|GAB2|HBEGF|IL2RG|IL5RA|ITGB3|LAT|NCAM1|NRG1|NRG2|NRG4|PPP2R1A|PPP2R1B|STAT5A
 REACT:R-HSA-169893	Prolonged ERK activation events	0.00200602094311	0.0269331	CSF2RA|CSF2RB|EGFR|ERBB3|FGF1|FGF10|FGF16|FGF17|FGF18|FGF19|FGF2|FGF20|FGF22|FGF23|FGF3|FGF4|FGF5|FGF6|FGF7|FGF8|FGF9|HBEGF|IL2RG|IL5RA|ITGB3|LAT|NCAM1|NRG1|NRG2|NRG4|PPP2R1A|PPP2R1B
 KEGG:hsa04659	Th17 cell differentiation	0.00224407520816	0.029959	CD3D|CD4|GATA3|IFNG|IL12RB1|IL1B|IL1RAP|IL21R|IL22|IL27RA|IL2RG|IL6R|IL6ST|LAT|RUNX1|STAT5A|STAT6
 KEGG:hsa04360	Axon guidance	0.00257358941405	0.034061	ABLIM1|EFNA1|EFNA2|EFNA3|ITGB1|LRRC4C|NTN4|NTNG1|PLXNA1|PLXNA2|PLXNC1|ROBO1|ROBO2|SEMA3B|SEMA3E|SEMA3F|SEMA3G|SLIT1|SLIT2|SLIT3|TRPC1|TRPC4|UNC5B|UNC5C
 REACT:R-HSA-167044	Signalling to RAS	0.00258015802927	0.034061	CSF2RA|CSF2RB|EGFR|ERBB3|FGF1|FGF10|FGF16|FGF17|FGF18|FGF19|FGF2|FGF20|FGF22|FGF23|FGF3|FGF4|FGF5|FGF6|FGF7|FGF8|FGF9|HBEGF|IL2RG|IL5RA|ITGB3|LAT|NCAM1|NRG1|NRG2|NRG4|PPP2R1A|PPP2R1B
 REACT:R-HSA-186797	Signaling by PDGF	0.00304345864433	0.0399538	BCAR1|CD28|CSF2RA|CSF2RB|EGFR|ERBB3|FGF1|FGF10|FGF16|FGF17|FGF18|FGF19|FGF2|FGF20|FGF22|FGF23|FGF3|FGF4|FGF5|FGF6|FGF7|FGF8|FGF9|FOXO1|HBEGF|ICOS|IL2RG|IL5RA|ITGB3|LAT|NCAM1|NRG1|NRG2|NRG4|PIK3AP1|PPP2R1A|PPP2R1B|STAT5A|STAT6|THBS1|THBS2|THBS4|TNRC6A
 REACT:R-HSA-8853659	RET signaling	0.00320006987406	0.0417777	CSF2RA|CSF2RB|EGFR|ERBB3|FGF1|FGF10|FGF16|FGF17|FGF18|FGF19|FGF2|FGF20|FGF22|FGF23|FGF3|FGF4|FGF5|FGF6|FGF7|FGF8|FGF9|GAB2|HBEGF|IL2RG|IL5RA|ITGB3|LAT|NCAM1|NRG1|NRG2|NRG4|PPP2R1A|PPP2R1B
 KEGG:hsa_M00071	"Glycosphingolipid biosynthesis neolacto-series LacCer => nLc4Cer"	0.00366013087702	0.0472617	B4GALT2|B4GALT3|B4GALT4
 REACT:R-HSA-1306955	GRB7 events in ERBB2 signaling	0.00366013087702	0.0472617	ERBB3|NRG1|NRG2
 KEGG:hsa04530	Tight junction	0.00371700473644	0.0477352	ARHGAP17|CD1B|CD1C|CLDN11|CLDN7|ITGB1|MARVELD3|MYH11|MYH13|MYH14|MYH15|MYH2|MYH3|MYH8|MYH9|OCLN|PPP2R1A|PPP2R1B|PRKAB1|PRKAB2|RUNX1|SYNPO|TJAP1
 REACT:R-HSA-112399	IRS-mediated signalling	0.00376694865509	0.0481151	CSF2RA|CSF2RB|EGFR|ERBB3|FGF1|FGF10|FGF16|FGF17|FGF18|FGF19|FGF2|FGF20|FGF22|FGF23|FGF3|FGF4|FGF5|FGF6|FGF7|FGF8|FGF9|HBEGF|IL2RG|IL5RA|ITGB3|LAMTOR1|LAT|NCAM1|NRG1|NRG2|NRG4|PPP2R1A|PPP2R1B|PRKAB1|PRKAB2
 REACT:R-HSA-1433557	Signaling by SCF-KIT	0.00378860531188	0.0481316	CD28|CSF2RA|CSF2RB|EGFR|ERBB3|FGF1|FGF10|FGF16|FGF17|FGF18|FGF19|FGF2|FGF20|FGF22|FGF23|FGF3|FGF4|FGF5|FGF6|FGF7|FGF8|FGF9|FOXO1|GAB2|HBEGF|ICOS|IL2RG|IL5RA|ITGB3|LAT|NCAM1|NRG1|NRG2|NRG4|PIK3AP1|PPP2R1A|PPP2R1B|STAT5A|TNRC6A
 REACT:R-HSA-187687	Signalling to ERKs	0.00392565282928	0.049606	CSF2RA|CSF2RB|EGFR|ERBB3|FGF1|FGF10|FGF16|FGF17|FGF18|FGF19|FGF2|FGF20|FGF22|FGF23|FGF3|FGF4|FGF5|FGF6|FGF7|FGF8|FGF9|HBEGF|IL2RG|IL5RA|ITGB3|LAT|NCAM1|NRG1|NRG2|NRG4|PPP2R1A|PPP2R1B
