 REACT:R-HSA-2453902	The canonical retinoid cycle in rods (twilight vision)	0.0	0	LRAT|RBP1|RBP3|RBP4|RDH11|RDH12|RDH8|RLBP1|RPE65
 REACT:R-HSA-2187338	Visual phototransduction	7.42894468164e-09	6.29937e-06	LRAT|RBP1|RBP3|RBP4|RDH11|RDH12|RDH8|RLBP1|RPE65
 KEGG:hsa_M00415	"Fatty acid biosynthesis elongation endoplasmic reticulum"	7.99751120883e-09	6.29937e-06	ELOVL1|ELOVL3|ELOVL4|ELOVL5|ELOVL7
 REACT:R-HSA-383280	Nuclear Receptor transcription pathway	1.82691811679e-08	1.07925e-05	AR|NR0B1|NR1I2|NR1I3|NR4A3|PGR|VDR
 KEGG:hsa00062	Fatty acid elongation	3.12950275472e-07	0.0001479	ELOVL1|ELOVL3|ELOVL4|ELOVL5|ELOVL7
 REACT:R-HSA-75876	Synthesis of very long-chain fatty acyl-CoAs	5.70975124958e-07	0.000224869	ELOVL1|ELOVL3|ELOVL4|ELOVL5|ELOVL7
 KEGG:hsa00830	Retinol metabolism	2.23816361733e-06	0.00075554	LRAT|RDH11|RDH12|RDH8|RETSAT|RPE65
 REACT:R-HSA-216083	Integrin cell surface interactions	2.92458394169e-06	0.000863849	ITGB1|ITGB2|ITGB3|ITGB5|ITGB6|ITGB7
 KEGG:hsa05412	Arrhythmogenic right ventricular cardiomyopathy (ARVC)	4.09753165698e-06	0.00107583	ITGB1|ITGB3|ITGB5|ITGB6|ITGB7|SLC8A1
 KEGG:hsa05410	Hypertrophic cardiomyopathy (HCM)	9.40385947035e-06	0.00222213	ITGB1|ITGB3|ITGB5|ITGB6|ITGB7|SLC8A1
 KEGG:hsa05414	Dilated cardiomyopathy	1.40784729632e-05	0.00260627	ITGB1|ITGB3|ITGB5|ITGB6|ITGB7|SLC8A1
 REACT:R-HSA-6806667	Metabolism of fat-soluble vitamins	1.48589197336e-05	0.00260627	GC|LRAT|RBP1|RBP4|RDH11
 REACT:R-HSA-75105	Fatty Acyl-CoA Biosynthesis	1.62999810337e-05	0.00260627	ELOVL1|ELOVL3|ELOVL4|ELOVL5|ELOVL7
 REACT:R-HSA-2453864	Retinoid cycle disease events	1.65442259287e-05	0.00260627	RBP1|RBP4|RLBP1
 REACT:R-HSA-2474795	Diseases associated with visual transduction	1.65442259287e-05	0.00260627	RBP1|RBP4|RLBP1
 REACT:R-HSA-2046105	Linoleic acid (LA) metabolism	2.35338113325e-05	0.00347565	ELOVL1|ELOVL3|ELOVL5
 REACT:R-HSA-2129379	Molecules associated with elastic fibres	3.20863668886e-05	0.00446	ITGB1|ITGB3|ITGB5|ITGB6
 REACT:R-HSA-425561	Sodium/Calcium exchangers	5.53742485832e-05	0.00726941	SLC8A1|SLC8A2|SLC8A3
 REACT:R-HSA-418359	Reduction of cytosolic Ca++ levels	7.01758361523e-05	0.00872766	SLC8A1|SLC8A2|SLC8A3
 REACT:R-HSA-2046104	alpha-linolenic (omega3) and linoleic (omega6) acid metabolism	8.73459059075e-05	0.00982849	ELOVL1|ELOVL3|ELOVL5
 REACT:R-HSA-2046106	alpha-linolenic acid (ALA) metabolism	8.73459059075e-05	0.00982849	ELOVL1|ELOVL3|ELOVL5
 REACT:R-HSA-1566948	Elastic fibre formation	0.00010864984553	0.01167	ITGB1|ITGB3|ITGB5|ITGB6
 REACT:R-HSA-75109	Triglyceride Biosynthesis	0.000116642886234	0.0119838	ELOVL1|ELOVL3|ELOVL4|ELOVL5|ELOVL7
 KEGG:hsa04512	ECM-receptor interaction	0.000123647952538	0.0121742	ITGB1|ITGB3|ITGB5|ITGB6|ITGB7
 REACT:R-HSA-975634	Retinoid metabolism and transport	0.00013059784711	0.0123441	LRAT|RBP1|RBP4|RDH11
 KEGG:hsa04514	Cell adhesion molecules (CAMs)	0.000201177268649	0.0182839	CLDN11|CLDN2|ITGB1|ITGB2|ITGB7|OCLN
 REACT:R-HSA-3000170	Syndecan interactions	0.000214223262825	0.0187485	ITGB1|ITGB3|ITGB5
 REACT:R-HSA-5365859	RA biosynthesis pathway	0.000328566788182	0.0272867	RDH11|RDH13|RDH14
 REACT:R-HSA-5578775	Ion homeostasis	0.000334876735963	0.0272867	SLC8A1|SLC8A2|SLC8A3|TRPC1
 REACT:R-HSA-3000178	ECM proteoglycans	0.000358544049073	0.0282413	ITGB1|ITGB3|ITGB5|ITGB6
 KEGG:hsa_M00154	Cytochrome c oxidase	0.00037390754989	0.0285014	COX7A1|COX7A2|COX7A2L
 REACT:R-HSA-1251985	Nuclear signaling by ERBB4	0.000423087884749	0.0312424	APH1A|APH1B|PGR
 REACT:R-HSA-2187335	The retinoid cycle in cones (daylight vision)	0.000516135637235	0.0369584	RBP3|RLBP1
 KEGG:hsa04670	Leukocyte transendothelial migration	0.000574444690392	0.0399239	CLDN11|CLDN2|ITGB1|ITGB2|OCLN
 KEGG:hsa04020	Calcium signaling pathway	0.000709049867659	0.047871	ORAI3|PTGER1|PTGER3|SLC8A1|SLC8A2|SLC8A3
