 REACT:R-HSA-372790	Signaling by GPCR	9.63673585375e-13	2.27716e-09	EGFR|ERBB2|ERBB3|ERBB4|FGFR1|FGFR2|FGFR3|HRH4|KALRN|KIT|MET|OR10G3|OR10G4|OR10H1|OR10H4|OR11A1|OR12D3|OR13F1|OR1C1|OR1D5|OR1E2|OR1K1|OR1M1|OR1N1|OR2B6|OR2S2|OR2T2|OR2T33|OR4B1|OR4D10|OR4D9|OR4K15|OR4K2|OR4N5|OR4S1|OR5B12|OR5D13|OR5R1|OR6C70|OR6V1|OR7A10|OR7A5|OR7C1|OR7C2|OR7D2|OR9A2|OR9A4|PTK2|RET|TBXA2R|TEK
 REACT:R-HSA-388396	GPCR downstream signaling	5.99809091284e-12	5.45014e-09	HRH4|KALRN|OR10G3|OR10G4|OR10H1|OR10H4|OR11A1|OR12D3|OR13F1|OR1C1|OR1D5|OR1E2|OR1K1|OR1M1|OR1N1|OR2B6|OR2S2|OR2T2|OR2T33|OR4B1|OR4D10|OR4D9|OR4K15|OR4K2|OR4N5|OR4S1|OR5B12|OR5D13|OR5R1|OR6C70|OR6V1|OR7A10|OR7A5|OR7C1|OR7C2|OR7D2|OR9A2|OR9A4|TBXA2R
 REACT:R-HSA-162582	Signal Transduction	6.91935397867e-12	5.45014e-09	AXL|EGFR|ERBB2|ERBB3|ERBB4|FES|FGFR1|FGFR2|FGFR3|FLT1|HRH4|IRAK1|KALRN|KDR|KIT|LIMK2|LRAT|MAP3K7|MET|NTRK1|NTRK2|OR10G3|OR10G4|OR10H1|OR10H4|OR11A1|OR12D3|OR13F1|OR1C1|OR1D5|OR1E2|OR1K1|OR1M1|OR1N1|OR2B6|OR2S2|OR2T2|OR2T33|OR4B1|OR4D10|OR4D9|OR4K15|OR4K2|OR4N5|OR4S1|OR5B12|OR5D13|OR5R1|OR6C70|OR6V1|OR7A10|OR7A5|OR7C1|OR7C2|OR7D2|OR9A2|OR9A4|PTK2|PTK2B|RET|ROR2|RYK|TBXA2R|TEK
 KEGG:hsa04740	Olfactory transduction	1.07177600128e-11	5.52128e-09	OR10G3|OR10G4|OR10H1|OR10H4|OR11A1|OR12D3|OR13F1|OR1C1|OR1D5|OR1E2|OR1K1|OR1M1|OR1N1|OR2B6|OR2S2|OR2T2|OR2T33|OR4B1|OR4D10|OR4D9|OR4K15|OR4K2|OR4N5|OR4S1|OR5B12|OR5D13|OR5R1|OR6C70|OR6V1|OR7A10|OR7A5|OR7C1|OR7C2|OR7D2|OR9A2|OR9A4
 KEGG:hsa05230	Central carbon metabolism in cancer	1.20456977726e-11	5.52128e-09	EGFR|ERBB2|FGFR1|FGFR2|FGFR3|FLT3|KIT|MET|NTRK1|NTRK3|RET
 REACT:R-HSA-381753	Olfactory Signaling Pathway	1.40193412435e-11	5.52128e-09	OR10G3|OR10G4|OR10H1|OR10H4|OR11A1|OR12D3|OR13F1|OR1C1|OR1D5|OR1E2|OR1K1|OR1M1|OR1N1|OR2B6|OR2S2|OR2T2|OR2T33|OR4B1|OR4D10|OR4D9|OR4K15|OR4K2|OR4N5|OR4S1|OR5B12|OR5D13|OR5R1|OR6C70|OR6V1|OR7A10|OR7A5|OR7C1|OR7C2|OR7D2|OR9A2|OR9A4
 REACT:R-HSA-2219530	Constitutive Signaling by Aberrant PI3K in Cancer	1.39432632107e-09	4.70685e-07	EGFR|ERBB2|ERBB3|ERBB4|FGFR1|FGFR2|FGFR3|KIT|MET
 REACT:R-HSA-194138	Signaling by VEGF	4.91582552442e-09	1.45201e-06	AXL|EGFR|ERBB2|ERBB3|ERBB4|FGFR1|FGFR2|FGFR3|FLT1|KDR|KIT|MET|PTK2|PTK2B|RET|TEK
 REACT:R-HSA-6811558	"PI5P PP2A and IER3 Regulate PI3K/AKT Signaling"	1.93465107268e-08	5.07953e-06	EGFR|ERBB2|ERBB3|ERBB4|FGFR1|FGFR2|FGFR3|KIT|MET
 REACT:R-HSA-2219528	PI3K/AKT Signaling in Cancer	2.6154971966e-08	5.82705e-06	EGFR|ERBB2|ERBB3|ERBB4|FGFR1|FGFR2|FGFR3|KIT|MET
 REACT:R-HSA-4420097	VEGFA-VEGFR2 Pathway	2.7125503399e-08	5.82705e-06	AXL|EGFR|ERBB2|ERBB3|ERBB4|FGFR1|FGFR2|FGFR3|KDR|KIT|MET|PTK2|PTK2B|RET|TEK
 REACT:R-HSA-199418	Negative regulation of the PI3K/AKT network	3.8439786576e-08	7.56943e-06	EGFR|ERBB2|ERBB3|ERBB4|FGFR1|FGFR2|FGFR3|KIT|MET
 REACT:R-HSA-198203	PI3K/AKT activation	4.61466843626e-08	7.77303e-06	EGFR|ERBB2|ERBB3|ERBB4|FGFR1|FGFR2|FGFR3|KIT|MET|NTRK1
 REACT:R-HSA-170984	ARMS-mediated activation	5.02140141689e-08	7.77303e-06	EGFR|ERBB2|ERBB3|ERBB4|FGFR1|FGFR2|FGFR3|KIT|MET|NTRK1|PTK2|RET|TEK
 REACT:R-HSA-187706	Signalling to p38 via RIT and RIN	5.02140141689e-08	7.77303e-06	EGFR|ERBB2|ERBB3|ERBB4|FGFR1|FGFR2|FGFR3|KIT|MET|NTRK1|PTK2|RET|TEK
 REACT:R-HSA-170968	Frs2-mediated activation	5.26315855343e-08	7.77303e-06	EGFR|ERBB2|ERBB3|ERBB4|FGFR1|FGFR2|FGFR3|KIT|MET|NTRK1|PTK2|RET|TEK
 REACT:R-HSA-169893	Prolonged ERK activation events	5.78137294704e-08	8.03611e-06	EGFR|ERBB2|ERBB3|ERBB4|FGFR1|FGFR2|FGFR3|KIT|MET|NTRK1|PTK2|RET|TEK
 REACT:R-HSA-167044	Signalling to RAS	6.9552272941e-08	9.13067e-06	EGFR|ERBB2|ERBB3|ERBB4|FGFR1|FGFR2|FGFR3|KIT|MET|NTRK1|PTK2|RET|TEK
 REACT:R-HSA-5218921	VEGFR2 mediated cell proliferation	7.62027867474e-08	9.44205e-06	EGFR|ERBB2|ERBB3|ERBB4|FGFR1|FGFR2|FGFR3|KDR|KIT|MET|PTK2|RET|TEK
 REACT:R-HSA-449147	Signaling by Interleukins	7.99157653386e-08	9.44205e-06	EGFR|ERBB2|ERBB3|ERBB4|FGFR1|FGFR2|FGFR3|FLT3|IRAK1|IRAK3|IRAK4|KIT|MAP3K7|MET|PTK2|PTK2B|RET|TEK
 REACT:R-HSA-451927	Interleukin-2 signaling	9.12209910942e-08	1.02476e-05	EGFR|ERBB2|ERBB3|ERBB4|FGFR1|FGFR2|FGFR3|KIT|MET|PTK2|PTK2B|RET|TEK
 REACT:R-HSA-187687	Signalling to ERKs	9.54068348769e-08	1.02476e-05	EGFR|ERBB2|ERBB3|ERBB4|FGFR1|FGFR2|FGFR3|KIT|MET|NTRK1|PTK2|RET|TEK
 KEGG:hsa01521	EGFR tyrosine kinase inhibitor resistance	1.47094487479e-07	1.51124e-05	AXL|EGFR|ERBB2|ERBB3|FGFR2|FGFR3|KDR|MET
 REACT:R-HSA-5683057	MAPK family signaling cascades	2.95797997985e-07	2.8913e-05	EGFR|ERBB2|ERBB3|ERBB4|FGFR1|FGFR2|FGFR3|KALRN|KIT|MET|PTK2|RET|TEK
 REACT:R-HSA-112412	SOS-mediated signalling	3.42599647096e-07	2.8913e-05	EGFR|ERBB2|ERBB3|ERBB4|FGFR1|FGFR2|FGFR3|KIT|MET|PTK2|RET|TEK
 REACT:R-HSA-179812	GRB2 events in EGFR signaling	3.42599647096e-07	2.8913e-05	EGFR|ERBB2|ERBB3|ERBB4|FGFR1|FGFR2|FGFR3|KIT|MET|PTK2|RET|TEK
 REACT:R-HSA-180336	SHC1 events in EGFR signaling	3.42599647096e-07	2.8913e-05	EGFR|ERBB2|ERBB3|ERBB4|FGFR1|FGFR2|FGFR3|KIT|MET|PTK2|RET|TEK
 REACT:R-HSA-5673001	RAF/MAP kinase cascade	3.42599647096e-07	2.8913e-05	EGFR|ERBB2|ERBB3|ERBB4|FGFR1|FGFR2|FGFR3|KIT|MET|PTK2|RET|TEK
 REACT:R-HSA-5684996	MAPK1/MAPK3 signaling	4.44161863622e-07	3.58531e-05	EGFR|ERBB2|ERBB3|ERBB4|FGFR1|FGFR2|FGFR3|KIT|MET|PTK2|RET|TEK
 REACT:R-HSA-1257604	PIP3 activates AKT signaling	4.55181740633e-07	3.58531e-05	EGFR|ERBB2|ERBB3|ERBB4|FGFR1|FGFR2|FGFR3|KIT|MET
 REACT:R-HSA-2586552	Signaling by Leptin	4.83544833951e-07	3.68586e-05	EGFR|ERBB2|ERBB3|ERBB4|FGFR1|FGFR2|FGFR3|KIT|MET|PTK2|RET|TEK
 REACT:R-HSA-912526	Interleukin receptor SHC signaling	5.25984165223e-07	3.88406e-05	EGFR|ERBB2|ERBB3|ERBB4|FGFR1|FGFR2|FGFR3|KIT|MET|PTK2|RET|TEK
 REACT:R-HSA-180292	GAB1 signalosome	5.5697133805e-07	3.98825e-05	EGFR|ERBB2|ERBB3|ERBB4|FGFR1|FGFR2|FGFR3|KIT|MET
 REACT:R-HSA-166520	Signalling by NGF	5.81381811804e-07	4.0406e-05	EGFR|ERBB2|ERBB3|ERBB4|FGFR1|FGFR2|FGFR3|IRAK1|KALRN|KIT|MET|NTRK1|NTRK2|PTK2|RET|TEK
 REACT:R-HSA-422475	Axon guidance	7.71421650447e-07	5.2082e-05	EGFR|EPHA3|ERBB2|ERBB3|ERBB4|FES|FGFR1|FGFR2|FGFR3|KALRN|KDR|KIT|LIMK2|MET|PTK2|RET|TEK
 REACT:R-HSA-8853659	RET signaling	9.65573748068e-07	6.08357e-05	EGFR|ERBB2|ERBB3|ERBB4|FGFR1|FGFR2|FGFR3|KIT|MET|PTK2|RET|TEK
 REACT:R-HSA-2730905	Role of LAT2/NTAL/LAB on calcium mobilization	9.89459835732e-07	6.08357e-05	EGFR|ERBB2|ERBB3|ERBB4|FGFR1|FGFR2|FGFR3|KIT|MET
 REACT:R-HSA-2871796	FCERI mediated MAPK activation	1.00405988024e-06	6.08357e-05	EGFR|ERBB2|ERBB3|ERBB4|FGFR1|FGFR2|FGFR3|KIT|MET|PTK2|RET|TEK
 REACT:R-HSA-512988	"Interleukin-3 5 and GM-CSF signaling"	1.00405988024e-06	6.08357e-05	EGFR|ERBB2|ERBB3|ERBB4|FGFR1|FGFR2|FGFR3|KIT|MET|PTK2|RET|TEK
 REACT:R-HSA-375165	NCAM signaling for neurite out-growth	1.21755716342e-06	7.19272e-05	EGFR|ERBB2|ERBB3|ERBB4|FGFR1|FGFR2|FGFR3|KIT|MET|PTK2|RET|TEK
 REACT:R-HSA-187037	NGF signalling via TRKA from the plasma membrane	1.32584137347e-06	7.64137e-05	EGFR|ERBB2|ERBB3|ERBB4|FGFR1|FGFR2|FGFR3|KIT|MET|NTRK1|NTRK2|PTK2|RET|TEK
 REACT:R-HSA-1433557	Signaling by SCF-KIT	1.61894119599e-06	9.10847e-05	EGFR|ERBB2|ERBB3|ERBB4|FES|FGFR1|FGFR2|FGFR3|KIT|MET|PTK2|RET|TEK
 REACT:R-HSA-8847993	ERBB2 Activates PTK6 Signaling	2.20492269454e-06	0.000121168	EGFR|ERBB2|ERBB3|ERBB4
 REACT:R-HSA-112399	IRS-mediated signalling	2.35850695884e-06	0.000126663	EGFR|ERBB2|ERBB3|ERBB4|FGFR1|FGFR2|FGFR3|KIT|MET|PTK2|RET|TEK
 REACT:R-HSA-1168372	Downstream signaling events of B Cell Receptor (BCR)	2.54261715193e-06	0.000133516	EGFR|ERBB2|ERBB3|ERBB4|FGFR1|FGFR2|FGFR3|KIT|MAP3K7|MET
 REACT:R-HSA-74751	Insulin receptor signalling cascade	2.62085561997e-06	0.000133601	EGFR|ERBB2|ERBB3|ERBB4|FGFR1|FGFR2|FGFR3|KIT|MET|PTK2|RET|TEK
 REACT:R-HSA-2428924	IGF1R signaling cascade	2.71386459871e-06	0.000133601	EGFR|ERBB2|ERBB3|ERBB4|FGFR1|FGFR2|FGFR3|KIT|MET|PTK2|RET|TEK
 REACT:R-HSA-2428928	IRS-related events triggered by IGF1R	2.71386459871e-06	0.000133601	EGFR|ERBB2|ERBB3|ERBB4|FGFR1|FGFR2|FGFR3|KIT|MET|PTK2|RET|TEK
 REACT:R-HSA-2404192	Signaling by Type 1 Insulin-like Growth Factor 1 Receptor (IGF1R)	2.80978742284e-06	0.000135501	EGFR|ERBB2|ERBB3|ERBB4|FGFR1|FGFR2|FGFR3|KIT|MET|PTK2|RET|TEK
 REACT:R-HSA-6785631	ERBB2 Regulates Cell Motility	3.06877643719e-06	0.00014503	EGFR|ERBB2|ERBB3|ERBB4
 KEGG:hsa04144	Endocytosis	4.56481235311e-06	0.000211503	EGFR|ERBB3|ERBB4|FGFR2|FGFR3|FLT1|KDR|KIT|MET|NTRK1|RET
 REACT:R-HSA-1963642	PI3K events in ERBB2 signaling	5.51442704688e-06	0.000250588	EGFR|ERBB2|ERBB3|ERBB4
 REACT:R-HSA-2454202	Fc epsilon receptor (FCERI) signaling	5.72864195514e-06	0.000255411	EGFR|ERBB2|ERBB3|ERBB4|FGFR1|FGFR2|FGFR3|KIT|MAP3K7|MET|PTK2|RET|TEK
 REACT:R-HSA-74752	Signaling by Insulin receptor	6.021377293e-06	0.000263491	EGFR|ERBB2|ERBB3|ERBB4|FGFR1|FGFR2|FGFR3|KIT|MET|PTK2|RET|TEK
 REACT:R-HSA-881907	Gastrin-CREB signalling pathway via PKC and MAPK	6.41100040266e-06	0.00027544	EGFR|ERBB2|ERBB3|ERBB4|FGFR1|FGFR2|FGFR3|KALRN|KIT|MET|PTK2|RET|TBXA2R|TEK
 KEGG:hsa04014	Ras signaling pathway	8.97395427202e-06	0.000378669	EGFR|FGFR1|FGFR2|FGFR3|FLT1|KDR|KIT|MET|TEK|ZAP70
 REACT:R-HSA-983705	Signaling by the B Cell Receptor (BCR)	1.17092930182e-05	0.000485422	EGFR|ERBB2|ERBB3|ERBB4|FGFR1|FGFR2|FGFR3|KIT|MAP3K7|MET
 REACT:R-HSA-186763	Downstream signal transduction	1.48076020376e-05	0.000603282	EGFR|ERBB2|ERBB3|ERBB4|FGFR1|FGFR2|FGFR3|KIT|MET|PTK2|RET|TEK
 REACT:R-HSA-1280215	Cytokine Signaling in Immune system	1.5065315799e-05	0.000603379	EGFR|ERBB2|ERBB3|ERBB4|FGFR1|FGFR2|FGFR3|FLT3|IRAK1|IRAK3|IRAK4|KIT|MAP3K7|MET|PTK2|PTK2B|RET|TEK
 REACT:R-HSA-2424491	DAP12 signaling	1.65757700517e-05	0.000652809	EGFR|ERBB2|ERBB3|ERBB4|FGFR1|FGFR2|FGFR3|KIT|MET|PTK2|RET|TEK
 REACT:R-HSA-177929	Signaling by EGFR	2.06740612148e-05	0.000800866	EGFR|ERBB2|ERBB3|ERBB4|FGFR1|FGFR2|FGFR3|KIT|MET|PTK2|RET|TEK
 REACT:R-HSA-1250196	SHC1 events in ERBB2 signaling	2.13964053847e-05	0.000815479	EGFR|ERBB2|ERBB3|ERBB4
 REACT:R-HSA-2172127	DAP12 interactions	2.49601053157e-05	0.000936202	EGFR|ERBB2|ERBB3|ERBB4|FGFR1|FGFR2|FGFR3|KIT|MET|PTK2|RET|TEK
 REACT:R-HSA-186797	Signaling by PDGF	2.84781474952e-05	0.00105147	EGFR|ERBB2|ERBB3|ERBB4|FGFR1|FGFR2|FGFR3|KIT|MET|PTK2|RET|TEK
 KEGG:hsa04015	Rap1 signaling pathway	3.22056441689e-05	0.0011708	EGFR|FGFR1|FGFR2|FGFR3|FLT1|KDR|KIT|MET|TEK
 REACT:R-HSA-193048	Androgen biosynthesis	6.91171786075e-05	0.0024746	SRD5A1|SRD5A2|SRD5A3
 REACT:R-HSA-8863795	Downregulation of ERBB2 signaling	7.64856235396e-05	0.00269755	EGFR|ERBB2|ERBB3|ERBB4
 KEGG:hsa05205	Proteoglycans in cancer	0.000161971738293	0.00562852	EGFR|ERBB2|ERBB3|ERBB4|FGFR1|KDR|MET|PTK2
 KEGG:hsa_M00686	Toll-like receptor signaling	0.00018639873582	0.00638348	IRAK1|IRAK4|MAP3K7
 KEGG:hsa05200	Pathways in cancer	0.000210344495724	0.00710063	EGFR|ERBB2|FGFR1|FGFR2|FGFR3|FLT3|KIT|MET|NTRK1|PTK2|RET
 KEGG:hsa04520	Adherens junction	0.000222712019751	0.0073849	EGFR|ERBB2|FGFR1|MAP3K7|MET
 REACT:R-HSA-1963640	GRB2 events in ERBB2 signaling	0.000228141267282	0.0073849	EGFR|ERBB2|ERBB4
 REACT:R-HSA-8866910	TFAP2 (AP-2) family regulates transcription of growth factors and their receptors	0.000228141267282	0.0073849	EGFR|ERBB2|KIT
 KEGG:hsa04151	PI3K-Akt signaling pathway	0.000275509044175	0.00879767	EGFR|FGFR1|FGFR2|FGFR3|FLT1|KDR|KIT|MET|PTK2|TEK
 KEGG:hsa04722	Neurotrophin signaling pathway	0.000299981663532	0.00945142	IRAK1|IRAK3|IRAK4|NTRK1|NTRK2|NTRK3
 REACT:R-HSA-1251932	PLCG1 events in ERBB2 signaling	0.00034648668241	0.0106331	EGFR|ERBB2
 REACT:R-HSA-194306	Neurophilin interactions with VEGF and VEGFR	0.00034648668241	0.0106331	FLT1|KDR
 REACT:R-HSA-446652	Interleukin-1 signaling	0.000414732778534	0.0125643	IRAK1|IRAK3|IRAK4|MAP3K7
 KEGG:hsa04012	ErbB signaling pathway	0.000509598512887	0.0152428	EGFR|ERBB2|ERBB3|ERBB4|PTK2
 KEGG:hsa05215	Prostate cancer	0.000537433456225	0.0158744	EGFR|ERBB2|FGFR1|FGFR2|SRD5A2
 REACT:R-HSA-1227986	Signaling by ERBB2	0.000571789247654	0.0163585	EGFR|ERBB2|ERBB3|ERBB4
 REACT:R-HSA-1306955	GRB7 events in ERBB2 signaling	0.000574590207805	0.0163585	ERBB2|ERBB3
 REACT:R-HSA-187024	NGF-independant TRKA activation	0.000574590207805	0.0163585	NTRK1|NTRK2
 REACT:R-HSA-389977	Post-chaperonin tubulin folding pathway	0.000693977630983	0.0195223	TUBA4A|TUBAL3|TUBB1
 REACT:R-HSA-2682334	EPH-Ephrin signaling	0.000803221658684	0.0223296	EPHA3|KALRN|KDR|LIMK2|PTK2
 REACT:R-HSA-187015	Activation of TRKA receptors	0.000857577996049	0.0235635	NTRK1|NTRK2
 REACT:R-HSA-389960	Formation of tubulin folding intermediates by CCT/TriC	0.00100201369602	0.0272156	TUBA4A|TUBAL3|TUBB1
 REACT:R-HSA-400685	Sema4D in semaphorin signaling	0.00112103414193	0.0301023	ERBB2|LIMK2|MET
 REACT:R-HSA-194313	VEGF ligand-receptor interactions	0.00158486551656	0.0416115	FLT1|KDR
 REACT:R-HSA-195399	VEGF binds to VEGFR leading to receptor dimerization	0.00158486551656	0.0416115	FLT1|KDR
 REACT:R-HSA-8848021	Signaling by PTK6	0.00172349841086	0.0447541	EGFR|ERBB2|ERBB3|ERBB4
 REACT:R-HSA-373755	Semaphorin interactions	0.00182059387109	0.0467616	ERBB2|FES|LIMK2|MET
 REACT:R-HSA-196071	Metabolism of steroid hormones	0.00184905407273	0.0469819	SRD5A1|SRD5A2|SRD5A3
