 REACT:R-HSA-168256	Immune System	0.0	0	A1BG|AGL|AP1M2|ATP6V0A1|BCL6|BTNL8|C8A|CD14|CD160|CD180|CD22|CD28|CD3D|CD3G|CD4|CD40|CD44|CD46|CD47|CD59|CD68|CEACAM1|CEACAM8|CFP|CHI3L1|CLEC12A|CLEC2B|CLEC2D|CLEC5A|CLEC6A|CLEC7A|CRP|CSF1|CSF2RA|CSF2RB|CSNK2B|CXADR|DCTN4|DEFB119|DEGS1|DSN1|EDA2R|EGFR|FAF2|FBXL14|FBXL19|FBXL4|FBXL7|FBXO6|FCAR|FCER1A|FCGR1B|FCGR2A|FCGR2B|FCGR2C|FCGR3A|FCN3|FGA|FGB|FGF10|FGF19|FGF22|FGF23|FGF3|FGF5|FGF6|FGG|FOXO1|GAA|GLA|GUSB|GYG1|HBEGF|HERC6|HEXB|ICAM1|ICAM3|ICAM4|ICOS|IFNAR2|IFNG|IFNLR1|IL10RB|IL12B|IL12RB1|IL13RA1|IL13RA2|IL19|IL1B|IL1RAP|IL1RN|IL20|IL20RB|IL22|IL22RA1|IL22RA2|IL24|IL27RA|IL2RB|IL2RG|IL34|IL36A|IL5RA|IL6R|IL6ST|ITLN1|JUNB|KIR2DL4|KIR2DS1|KIR2DS4|KIR2DS5|KIR3DL2|KIR3DS1|KLRC1|KLRC2|KLRC4-KLRK1|KLRD1|KLRF1|KLRG1|LAIR2|LAMP1|LAMTOR1|LGALS3|LILRA3|LILRA5|LILRB5|LRG1|MASP2|MEF2A|MEF2C|MEFV|MGAM|MGRN1|MUC15|MUC7|NCAM1|NFASC|NFKB2|NLRC3|NRG1|NRG4|OLR1|OSMR|PELI3|PGLYRP1|PGLYRP2|PGLYRP3|PGLYRP4|PGM1|PIK3AP1|PLAUR|POM121|PRG2|PRG3|PTX3|PVR|RNF135|SERPINB6|SIGLEC10|SIGLEC11|SIGLEC12|SIGLEC14|SIGLEC15|SIGLEC5|SIGLEC6|SIGLEC7|SIGLEC8|SIGLEC9|SKP2|SLAMF6|SLPI|SOX2|SPSB4|STAT5A|STBD1|STIM1|TLR1|TLR10|TLR2|TLR3|TLR4|TLR5|TLR6|TNFRSF1B|TNFRSF25|TNFRSF6B|TNRC6A|TRIM14|TRIM17|USP18|VAPA|VEGFA|WIPF1
 REACT:R-HSA-198933	Immunoregulatory interactions between a Lymphoid and a non-Lymphoid cell	0.0	0	CD160|CD22|CD3D|CD3G|CD40|CLEC2B|CLEC2D|CXADR|FCGR2B|FCGR3A|ICAM1|ICAM3|ICAM4|KIR2DL4|KIR2DS1|KIR3DL2|KIR3DS1|KLRC1|KLRC4-KLRK1|KLRD1|KLRF1|KLRG1|LAIR2|LILRA3|LILRA5|LILRB5|PVR|SIGLEC10|SIGLEC11|SIGLEC12|SIGLEC5|SIGLEC6|SIGLEC7|SIGLEC8|SIGLEC9|SLAMF6
 REACT:R-HSA-432047	Passive transport by Aquaporins	0.0	0	AQP1|AQP10|AQP12A|AQP2|AQP3|AQP4|AQP5|AQP6|AQP7|AQP9|MIP
 REACT:R-HSA-168249	Innate Immune System	3.75983688627e-11	2.22112e-08	A1BG|AGL|ATP6V0A1|C8A|CD14|CD180|CD28|CD3G|CD4|CD44|CD46|CD47|CD59|CD68|CEACAM1|CEACAM8|CFP|CHI3L1|CLEC12A|CLEC5A|CLEC6A|CLEC7A|CRP|CSF2RA|CSF2RB|CSNK2B|DEFB119|DEGS1|DSN1|EGFR|FAF2|FCAR|FCER1A|FCGR2A|FCGR2C|FCGR3A|FCN3|FGA|FGB|FGF10|FGF19|FGF22|FGF23|FGF3|FGF5|FGF6|FGG|FOXO1|GAA|GLA|GUSB|GYG1|HBEGF|HEXB|ICAM3|ICOS|IL1B|IL2RB|IL2RG|IL5RA|ITLN1|KIR2DS4|KIR2DS5|KIR3DS1|KLRC2|KLRC4-KLRK1|KLRD1|LAMP1|LAMTOR1|LGALS3|LILRA3|LRG1|MASP2|MEF2A|MEF2C|MEFV|MGAM|MUC15|MUC7|NCAM1|NFASC|NFKB2|NLRC3|NRG1|NRG4|OLR1|PELI3|PGLYRP1|PGLYRP2|PGLYRP3|PGLYRP4|PGM1|PIK3AP1|PLAUR|PRG2|PRG3|PTX3|RNF135|SERPINB6|SIGLEC14|SIGLEC15|SIGLEC5|SIGLEC9|SLPI|STBD1|TLR1|TLR10|TLR2|TLR3|TLR4|TLR5|TLR6|TNFRSF1B|TNRC6A|VAPA|WIPF1
 REACT:R-HSA-8854691	"Interleukin-19 20 22 24"	2.66290878237e-10	1.25849e-07	IL10RB|IL19|IL20|IL20RB|IL22|IL22RA1|IL22RA2|IL24
 KEGG:hsa04060	Cytokine-cytokine receptor interaction	4.00587818472e-09	1.57765e-06	CD40|CRLF2|CSF1|CSF2RA|CSF2RB|EDA2R|EGFR|FAS|FLT1|IFNAR2|IFNG|IFNLR1|IFNW1|IL10RB|IL12B|IL12RB1|IL13RA1|IL19|IL1B|IL1RAP|IL20|IL20RB|IL22|IL22RA1|IL22RA2|IL24|IL2RB|IL2RG|IL5RA|IL6R|IL6ST|OSMR|RELT|TNFRSF1B|TNFRSF25|TNFRSF6B|VEGFA|VEGFC
 KEGG:hsa04630	Jak-STAT signaling pathway	9.14958575571e-09	3.08864e-06	CRLF2|CSF2RA|CSF2RB|IFNAR2|IFNG|IFNLR1|IFNW1|IL10RB|IL12B|IL12RB1|IL13RA1|IL13RA2|IL19|IL20|IL20RB|IL22|IL22RA1|IL22RA2|IL24|IL27RA|IL2RB|IL2RG|IL5RA|IL6R|IL6ST|OSMR|STAT5A
 REACT:R-HSA-449147	Signaling by Interleukins	2.16938672248e-07	6.40783e-05	BCL6|CD4|CSF1|CSF2RA|CSF2RB|EGFR|FGA|FGB|FGF10|FGF19|FGF22|FGF23|FGF3|FGF5|FGF6|FGG|FOXO1|HBEGF|ICAM1|IFNLR1|IL10RB|IL12B|IL12RB1|IL13RA1|IL13RA2|IL19|IL1B|IL1RAP|IL1RN|IL20|IL20RB|IL22|IL22RA1|IL22RA2|IL24|IL27RA|IL2RB|IL2RG|IL34|IL36A|IL5RA|IL6R|IL6ST|JUNB|NCAM1|NFKB2|NRG1|NRG4|OSMR|PELI3|SOX2|STAT5A|TNFRSF1B|VEGFA
 REACT:R-HSA-5686938	Regulation of TLR by endogenous ligand	2.95911135706e-07	7.76931e-05	CD14|FGA|FGB|FGG|TLR1|TLR2|TLR4|TLR6
 REACT:R-HSA-2022857	Keratan sulfate degradation	4.28774047823e-07	0.000101319	FMOD|HEXA|HEXB|KERA|OGN|OMD|PRELP
 REACT:R-HSA-1280218	Adaptive Immune System	7.60870355276e-07	0.000161878	AP1M2|BTNL8|CD14|CD160|CD22|CD28|CD3D|CD3G|CD4|CD40|CLEC2B|CLEC2D|CXADR|DCTN4|EGFR|FBXL14|FBXL19|FBXL4|FBXL7|FBXO6|FCGR1B|FCGR2B|FCGR3A|FGF10|FGF19|FGF22|FGF23|FGF3|FGF5|FGF6|FOXO1|HBEGF|HERC6|ICAM1|ICAM3|ICAM4|ICOS|KIR2DL4|KIR2DS1|KIR3DL2|KIR3DS1|KLRC1|KLRC4-KLRK1|KLRD1|KLRF1|KLRG1|LAIR2|LILRA3|LILRA5|LILRB5|MGRN1|NRG1|NRG4|PIK3AP1|PVR|SIGLEC10|SIGLEC11|SIGLEC12|SIGLEC5|SIGLEC6|SIGLEC7|SIGLEC8|SIGLEC9|SKP2|SLAMF6|SPSB4|STIM1|TLR1|TLR2|TLR4|TLR6|TNRC6A
 KEGG:hsa04640	Hematopoietic cell lineage	8.22062119599e-07	0.000161878	CD14|CD1E|CD2|CD22|CD3D|CD3G|CD4|CD44|CD59|CSF1|CSF2RA|GP1BA|GP1BB|GP5|GP9|IL1B|IL5RA|IL6R
 REACT:R-HSA-5260271	Diseases of Immune System	1.06514355513e-06	0.000179781	CD14|NFKB2|TLR1|TLR10|TLR2|TLR3|TLR4|TLR5|TLR6
 REACT:R-HSA-5602358	Diseases associated with the TLR signaling cascade	1.06514355513e-06	0.000179781	CD14|NFKB2|TLR1|TLR10|TLR2|TLR3|TLR4|TLR5|TLR6
 REACT:R-HSA-6798695	Neutrophil degranulation	1.39458766801e-06	0.000219694	A1BG|AGL|ATP6V0A1|CD14|CD44|CD47|CD59|CD68|CEACAM1|CEACAM8|CFP|CHI3L1|CLEC12A|CLEC5A|CSNK2B|DEGS1|DSN1|FAF2|FCAR|FCGR2A|FCGR2C|GAA|GLA|GUSB|GYG1|HEXB|LAMP1|LAMTOR1|LGALS3|LILRA3|LRG1|MGAM|NFASC|OLR1|PGLYRP1|PGM1|PLAUR|PRG2|PRG3|PTX3|SERPINB6|SIGLEC14|SIGLEC5|SIGLEC9|SLPI|STBD1|TLR2|TNFRSF1B|VAPA
 REACT:R-HSA-2219530	Constitutive Signaling by Aberrant PI3K in Cancer	2.47048511648e-06	0.000353007	CD28|EGFR|FGF10|FGF19|FGF22|FGF23|FGF3|FGF5|FGF6|HBEGF|ICOS|NRG1|NRG4|PIK3AP1
 REACT:R-HSA-1638074	Keratan sulfate/keratin metabolism	2.53961798069e-06	0.000353007	B4GALT2|B4GALT3|B4GALT4|FMOD|HEXA|HEXB|KERA|OGN|OMD|PRELP
 KEGG:hsa05144	Malaria	3.09618953509e-06	0.000406461	CD40|COMP|GYPB|ICAM1|IFNG|IL1B|KLRC4-KLRK1|THBS1|THBS2|THBS4|TLR2|TLR4
 REACT:R-HSA-1280215	Cytokine Signaling in Immune system	3.65759344134e-06	0.000439851	BCL6|CD4|CD40|CD44|CSF1|CSF2RA|CSF2RB|EDA2R|EGFR|FCGR1B|FGA|FGB|FGF10|FGF19|FGF22|FGF23|FGF3|FGF5|FGF6|FGG|FOXO1|HBEGF|ICAM1|IFNAR2|IFNG|IFNLR1|IL10RB|IL12B|IL12RB1|IL13RA1|IL13RA2|IL19|IL1B|IL1RAP|IL1RN|IL20|IL20RB|IL22|IL22RA1|IL22RA2|IL24|IL27RA|IL2RB|IL2RG|IL34|IL36A|IL5RA|IL6R|IL6ST|JUNB|NCAM1|NFKB2|NRG1|NRG4|OSMR|PELI3|POM121|SOX2|STAT5A|TNFRSF1B|TNFRSF25|TNFRSF6B|TRIM14|TRIM17|USP18|VEGFA
 REACT:R-HSA-3781865	Diseases of glycosylation	3.72282177064e-06	0.000439851	ADAMTSL2|ADAMTSL4|BGN|CFP|DCN|FMOD|KERA|MUC15|MUC7|OGN|OMD|PRELP|THBS1|THBS2|THSD1|VCAN
 REACT:R-HSA-3656225	Defective CHST6 causes MCDC1	5.47346036783e-06	0.000562339	FMOD|KERA|OGN|OMD|PRELP
 REACT:R-HSA-3656243	Defective ST3GAL3 causes MCT12 and EIEE15	5.47346036783e-06	0.000562339	FMOD|KERA|OGN|OMD|PRELP
 REACT:R-HSA-3656244	Defective B4GALT1 causes B4GALT1-CDG (CDG-2d)	5.47346036783e-06	0.000562339	FMOD|KERA|OGN|OMD|PRELP
 REACT:R-HSA-5654687	Downstream signaling of activated FGFR1	1.2048892576e-05	0.00115237	FGF10|FGF22|FGF23|FGF3|FGF5|FGF6|FLRT1|FLRT2|FLRT3
 KEGG:hsa04151	PI3K-Akt signaling pathway	1.21917748466e-05	0.00115237	CHAD|COMP|CREB3L3|CREB5|CSF1|EFNA1|EFNA2|EFNA3|EGFR|FGF10|FGF12|FGF13|FGF19|FGF21|FGF22|FGF23|FGF3|FGF5|FGF6|FLT1|IFNAR2|IL2RB|IL2RG|IL6R|LAMB4|LAMC3|OSMR|PIK3AP1|THBS1|THBS2|THBS4|TLR2|TLR4|TNXB|VEGFA|VEGFC
 REACT:R-HSA-140877	Formation of Fibrin Clot (Clotting Cascade)	1.33502438772e-05	0.00121333	F3|FGA|FGB|FGG|GP1BA|GP1BB|GP5|GP9|SERPINC1|SERPING1
 KEGG:hsa04514	Cell adhesion molecules (CAMs)	2.21553419598e-05	0.001939	CD2|CD22|CD28|CD4|CD40|CDH15|CDH2|CDH4|ICAM1|ICAM3|ICOS|LRRC4C|NCAM1|NFASC|NRXN1|NRXN3|NTNG1|OCLN|PVR|VCAN
 REACT:R-HSA-3560782	Diseases associated with glycosaminoglycan metabolism	2.31799051412e-05	0.00195622	BGN|DCN|FMOD|KERA|OGN|OMD|PRELP|VCAN
 REACT:R-HSA-2219528	PI3K/AKT Signaling in Cancer	2.95875351984e-05	0.00241087	CD28|EGFR|FGF10|FGF19|FGF22|FGF23|FGF3|FGF5|FGF6|FOXO1|HBEGF|ICOS|NRG1|NRG4|PIK3AP1
 REACT:R-HSA-1630316	Glycosaminoglycan metabolism	3.41263141667e-05	0.00268802	B3GAT3|B4GALT2|B4GALT3|B4GALT4|BGN|CD44|DCN|FMOD|GUSB|HEXA|HEXB|KERA|NAGLU|OGN|OMD|PRELP|VCAN|XYLT2
 REACT:R-HSA-445717	Aquaporin-mediated transport	3.54731806615e-05	0.00270397	AQP1|AQP10|AQP12A|AQP2|AQP3|AQP4|AQP5|AQP6|AQP7|AQP9|MIP
 KEGG:hsa04512	ECM-receptor interaction	4.11545653197e-05	0.00302606	CD44|CD47|CHAD|COMP|GP1BA|GP1BB|GP5|GP9|LAMB4|LAMC3|THBS1|THBS2|THBS4|TNXB
 REACT:R-HSA-2022854	Keratan sulfate biosynthesis	4.22598023458e-05	0.00302606	B4GALT2|B4GALT3|B4GALT4|FMOD|KERA|OGN|OMD|PRELP
 REACT:R-HSA-1643685	Disease	5.65984472493e-05	0.00393359	ADAMTSL2|ADAMTSL4|AP1M2|BGN|CD14|CD28|CD320|CD4|CFP|CSF2RA|CSF2RB|DCN|DKK1|DKK2|DLL4|EGFR|EPM2A|ERLEC1|FGA|FGB|FGF10|FGF19|FGF22|FGF23|FGF3|FGF5|FGF6|FGG|FMOD|FOXO1|GYG1|GYG2|HBEGF|HDAC9|ICOS|JAG2|KERA|MAMLD1|MUC15|MUC7|NFKB2|NRG1|NRG4|OGN|OMD|OS9|PIK3AP1|POM121|PORCN|PRELP|PSEN2|RPL10L|RPS20|STAT5A|TAF4B|TAF6|TCF7L2|THBS1|THBS2|THSD1|TLR1|TLR10|TLR2|TLR3|TLR4|TLR5|TLR6|VCAN
 REACT:R-HSA-190242	FGFR1 ligand binding and activation	7.23402402749e-05	0.00474833	FGF10|FGF22|FGF23|FGF3|FGF5|FGF6
 REACT:R-HSA-5654219	Phospholipase C-mediated cascade: FGFR1	7.23402402749e-05	0.00474833	FGF10|FGF22|FGF23|FGF3|FGF5|FGF6
 KEGG:hsa05224	Breast cancer	7.96291212573e-05	0.00501967	DLL4|EGFR|FGF10|FGF12|FGF13|FGF19|FGF21|FGF22|FGF23|FGF3|FGF5|FGF6|JAG2|LEF1|NFKB2|SP1|TCF7|TCF7L1|TCF7L2
 REACT:R-HSA-6811558	"PI5P PP2A and IER3 Regulate PI3K/AKT Signaling"	8.07226225111e-05	0.00501967	CD28|EGFR|FGF10|FGF19|FGF22|FGF23|FGF3|FGF5|FGF6|HBEGF|ICOS|NRG1|NRG4|PIK3AP1
 REACT:R-HSA-5602498	MyD88 deficiency (TLR2/4)	0.000102068847487	0.00602972	CD14|TLR1|TLR2|TLR4|TLR6
 REACT:R-HSA-5603041	IRAK4 deficiency (TLR2/4)	0.000102068847487	0.00602972	CD14|TLR1|TLR2|TLR4|TLR6
 REACT:R-HSA-2033519	Activated point mutants of FGFR2	0.000107172610831	0.0061768	FGF10|FGF22|FGF23|FGF3|FGF5|FGF6
 REACT:R-HSA-5357572	Lysosomal glycogen catabolism	0.000118419271172	0.00661011	GAA|GYG1|GYG2
 KEGG:hsa05218	Melanoma	0.000120285566046	0.00661011	EGFR|FGF10|FGF12|FGF13|FGF19|FGF21|FGF22|FGF23|FGF3|FGF5|FGF6|MITF
 REACT:R-HSA-71387	Metabolism of carbohydrates	0.000135801063588	0.00729313	AGL|AMY1A|B3GAT3|B4GALT2|B4GALT3|B4GALT4|BGN|CD44|DCN|EPM2A|FGF21|FMOD|GAA|GUSB|GYG1|GYG2|HEXA|HEXB|KERA|MGAM|NAGLU|OGN|OMD|PGM1|POM121|PRELP|SLC25A10|SLC2A14|VCAN|XYLT2
 REACT:R-HSA-5654221	Phospholipase C-mediated cascade; FGFR2	0.000154113232182	0.00809266	FGF10|FGF22|FGF23|FGF3|FGF5|FGF6
 REACT:R-HSA-4411364	Binding of TCF/LEF:CTNNB1 to target gene promoters	0.000180017243242	0.00924741	LEF1|TCF7|TCF7L1|TCF7L2
 REACT:R-HSA-199418	Negative regulation of the PI3K/AKT network	0.000189516343341	0.00952824	CD28|EGFR|FGF10|FGF19|FGF22|FGF23|FGF3|FGF5|FGF6|HBEGF|ICOS|NRG1|NRG4|PIK3AP1
 KEGG:hsa04659	Th17 cell differentiation	0.000225140255761	0.0110835	CD3D|CD3G|CD4|IFNG|IL12RB1|IL1B|IL1RAP|IL22|IL27RA|IL2RB|IL2RG|IL6R|IL6ST|RUNX1|STAT5A
 REACT:R-HSA-5658623	FGFRL1 modulation of FGFR1 signaling	0.000261857056798	0.0126279	FGF10|FGF22|FGF23|FGF3|FGF5
 KEGG:hsa05162	Measles	0.000275036847725	0.0128559	BBC3|CD28|CD3D|CD3G|CD46|CSNK2B|FAS|FCGR2B|IFNAR2|IFNG|IL12B|IL1B|IL2RB|IL2RG|STAT5A|TLR2|TLR4
 REACT:R-HSA-1266738	Developmental Biology	0.0002774662254	0.0128559	ABLIM1|ARHGEF7|CD72|CDH15|CDH2|CDH4|CFC1|CNTN6|CSF2RA|CSF2RB|CSNK2B|DPPA4|DSC2|EFNA1|EFNA2|EFNA3|EGFR|FGA|FGB|FGF10|FGF19|FGF22|FGF23|FGF3|FGF5|FGF6|FGG|FOXO1|FOXP1|GAP43|HBEGF|HOXA2|IL2RB|IL2RG|IL5RA|INSM1|KRTAP10-1|KRTAP10-2|KRTAP10-3|KRTAP1-1|KRTAP1-3|KRTAP13-2|KRTAP13-4|KRTAP1-5|KRTAP2-1|KRTAP2-4|KRTAP24-1|KRTAP26-1|KRTAP3-3|KRTAP4-1|KRTAP4-6|LCE2B|MEF2A|MEF2C|NCAM1|NFASC|NRG1|NRG4|NTN3|NTN4|PDX1|PLXNA1|PLXNA2|PLXNC1|PLXND1|PSEN2|ROBO1|ROBO2|SCN3B|SLIT1|SLIT2|SLIT3|SOX2|SPINK9|SPRR3|TCF12|TDGF1|VEGFA
 REACT:R-HSA-190241	FGFR2 ligand binding and activation	0.000295756360749	0.0134399	FGF10|FGF22|FGF23|FGF3|FGF5|FGF6
 REACT:R-HSA-1474244	Extracellular matrix organization	0.000329717445256	0.0147004	ASPN|BGN|BSG|CD44|CD47|CEACAM1|CEACAM8|COL8A2|COMP|DCN|FGA|FGB|FGG|FMOD|ICAM1|ICAM3|ICAM4|LAMC3|LTBP1|LTBP3|NCAM1|NRXN1|NTN4|OPTC|P4HB|PCOLCE|THBS1|TNXB|VCAN
 REACT:R-HSA-2172127	DAP12 interactions	0.000344945639441	0.0150557	CD28|CLEC5A|CSF2RA|CSF2RB|EGFR|FGA|FGB|FGF10|FGF19|FGF22|FGF23|FGF3|FGF5|FGF6|FGG|FOXO1|HBEGF|ICOS|IL2RB|IL2RG|IL5RA|KIR2DS4|KIR2DS5|KIR3DS1|KLRC2|KLRC4-KLRK1|KLRD1|NCAM1|NRG1|NRG4|PIK3AP1|SIGLEC14|SIGLEC15|TNRC6A
 KEGG:hsa04612	Antigen processing and presentation	0.000350429249573	0.0150557	CD4|IFNG|KIR2DL4|KIR2DS1|KIR2DS4|KIR2DS5|KIR3DL2|KIR3DL3|KLRC1|KLRC2|KLRD1|RFXAP
 REACT:R-HSA-2024101	CS/DS degradation	0.000390931264192	0.0154832	BGN|DCN|HEXA|HEXB|VCAN
 REACT:R-HSA-428790	Facilitative Na+-independent glucose transporters	0.000390931264192	0.0154832	FGF21|SLC2A10|SLC2A11|SLC2A14|SLC2A6
 REACT:R-HSA-5654688	SHC-mediated cascade:FGFR1	0.000396990011297	0.0154832	FGF10|FGF22|FGF23|FGF3|FGF5|FGF6
 REACT:R-HSA-5654689	PI-3K cascade:FGFR1	0.000396990011297	0.0154832	FGF10|FGF22|FGF23|FGF3|FGF5|FGF6
 REACT:R-HSA-1257604	PIP3 activates AKT signaling	0.000405900926107	0.0154832	CD28|EGFR|FGF10|FGF19|FGF22|FGF23|FGF3|FGF5|FGF6|FOXO1|HBEGF|ICOS|NRG1|NRG4|PIK3AP1|TNRC6A
 REACT:R-HSA-375170	CDO in myogenesis	0.000406245390487	0.0154832	CDH15|CDH2|CDH4|MEF2A|MEF2C|NTN3|TCF12
 REACT:R-HSA-525793	Myogenesis	0.000406245390487	0.0154832	CDH15|CDH2|CDH4|MEF2A|MEF2C|NTN3|TCF12
 REACT:R-HSA-76009	Platelet Aggregation (Plug Formation)	0.000430376646366	0.0161425	BCAR1|FGA|FGB|FGG|GP1BA|GP1BB|GP5|GP9
 REACT:R-HSA-216083	Integrin cell surface interactions	0.000441074251404	0.0162335	BSG|CD44|CD47|COMP|FGA|FGB|FGG|ICAM1|ICAM3|ICAM4|THBS1
 KEGG:hsa04610	Complement and coagulation cascades	0.000446540592609	0.0162335	C8A|CD46|CD59|F3|FGA|FGB|FGG|MASP2|PLAUR|SERPINC1|SERPINF2|SERPING1
 REACT:R-HSA-428542	Regulation of Commissural axon pathfinding by Slit and Robo	0.00045628989867	0.0163366	ROBO1|ROBO2|SLIT2
 KEGG:hsa04145	Phagosome	0.000514638568211	0.0178875	ATP6V0A1|CD14|CLEC7A|COMP|FCAR|FCGR2A|FCGR2B|FCGR2C|FCGR3A|LAMP1|OLR1|PLA2R1|THBS1|THBS2|THBS4|TLR2|TLR4|TLR6
 REACT:R-HSA-140837	Intrinsic Pathway of Fibrin Clot Formation	0.000523380533331	0.0178875	GP1BA|GP1BB|GP5|GP9|SERPINC1|SERPING1
 REACT:R-HSA-180292	GAB1 signalosome	0.000530578978497	0.0178875	CD28|EGFR|FGF10|FGF19|FGF22|FGF23|FGF3|FGF5|FGF6|FOXO1|HBEGF|ICOS|NRG1|NRG4|PIK3AP1|TNRC6A
 REACT:R-HSA-198203	PI3K/AKT activation	0.000530578978497	0.0178875	CD28|EGFR|FGF10|FGF19|FGF22|FGF23|FGF3|FGF5|FGF6|FOXO1|HBEGF|ICOS|NRG1|NRG4|PIK3AP1|TNRC6A
 REACT:R-HSA-163125	Post-translational modification: synthesis of GPI-anchored proteins	0.000537456545022	0.0178875	CNTN3|CNTN4|GP2|LYPD4|LYPD6B|MDGA1|MDGA2|NTNG1|PLAUR|PSCA|RTN4RL1|SPACA4|TEX101
 REACT:R-HSA-5654736	Signaling by FGFR1	0.000649460286826	0.0213149	FGF10|FGF22|FGF23|FGF3|FGF5|FGF6|FLRT1|FLRT2|FLRT3
 REACT:R-HSA-5654693	FRS-mediated FGFR1 signaling	0.000678968784098	0.021392	FGF10|FGF22|FGF23|FGF3|FGF5|FGF6
 REACT:R-HSA-5654695	PI-3K cascade:FGFR2	0.000678968784098	0.021392	FGF10|FGF22|FGF23|FGF3|FGF5|FGF6
 REACT:R-HSA-5654699	SHC-mediated cascade:FGFR2	0.000678968784098	0.021392	FGF10|FGF22|FGF23|FGF3|FGF5|FGF6
 REACT:R-HSA-430116	GP1b-IX-V activation signalling	0.000959102419995	0.0298205	GP1BA|GP1BB|GP5|GP9
 KEGG:hsa04142	Lysosome	0.00101527216708	0.031157	AP1M2|ATP6V0A1|CD68|GAA|GGA3|GLA|GNPTG|GUSB|HEXA|HEXB|LAMP1|LAMP3|NAGLU|NAGPA|SUMF1
 REACT:R-HSA-70221	Glycogen breakdown (glycogenolysis)	0.00106849975422	0.0323701	AGL|GAA|GYG1|GYG2|PGM1
 REACT:R-HSA-5654700	FRS-mediated FGFR2 signaling	0.00109530811996	0.0324604	FGF10|FGF22|FGF23|FGF3|FGF5|FGF6
 KEGG:hsa_M00071	"Glycosphingolipid biosynthesis neolacto-series LacCer => nLc4Cer"	0.00109895574128	0.0324604	B4GALT2|B4GALT3|B4GALT4
 REACT:R-HSA-2730905	Role of LAT2/NTAL/LAB on calcium mobilization	0.00111902487642	0.0326451	CD28|EGFR|FGF10|FGF19|FGF22|FGF23|FGF3|FGF5|FGF6|FOXO1|HBEGF|ICOS|NRG1|NRG4|PIK3AP1|TNRC6A
 KEGG:hsa05152	Tuberculosis	0.0012077819631	0.0348047	ATP6V0A1|CD14|CLEC7A|FCGR2A|FCGR2B|FCGR2C|FCGR3A|IFNG|IL10RB|IL12B|IL1B|LAMP1|LSP1|PLA2R1|RFXAP|TLR1|TLR2|TLR4|TLR6
 KEGG:hsa00500	Starch and sucrose metabolism	0.00161150701585	0.0458794	AGL|AMY1A|GAA|GYG1|GYG2|MGAM|PGM1
 REACT:R-HSA-422475	Axon guidance	0.00170617054729	0.0479962	ABLIM1|ARHGEF7|CD72|CNTN6|CSF2RA|CSF2RB|CSNK2B|EFNA1|EFNA2|EFNA3|EGFR|FGA|FGB|FGF10|FGF19|FGF22|FGF23|FGF3|FGF5|FGF6|FGG|GAP43|HBEGF|IL2RB|IL2RG|IL5RA|NCAM1|NFASC|NRG1|NRG4|NTN4|PLXNA1|PLXNA2|PLXNC1|PLXND1|PSEN2|ROBO1|ROBO2|SCN3B|SLIT1|SLIT2|SLIT3|VEGFA
