 REACT:R-HSA-383280	Nuclear Receptor transcription pathway	1.89851878662e-09	4.4862e-06	AR|NR0B1|NR3C1|NR3C2|NR4A3|PGR
 KEGG:hsa04144	Endocytosis	2.08898757204e-06	0.00246814	ARFGEF1|ARFGEF2|GBF1|PSD|PSD2|PSD3|PSD4
 REACT:R-HSA-216083	Integrin cell surface interactions	1.99685132558e-05	0.0148035	ITGB1|ITGB5|ITGB6|ITGB7
 KEGG:hsa05412	Arrhythmogenic right ventricular cardiomyopathy (ARVC)	2.5058849159e-05	0.0148035	ITGB1|ITGB5|ITGB6|ITGB7
 KEGG:hsa04512	ECM-receptor interaction	4.19019361833e-05	0.0170781	ITGB1|ITGB5|ITGB6|ITGB7
 KEGG:hsa05410	Hypertrophic cardiomyopathy (HCM)	4.39505886131e-05	0.0170781	ITGB1|ITGB5|ITGB6|ITGB7
 REACT:R-HSA-2129379	Molecules associated with elastic fibres	5.42781946943e-05	0.0170781	ITGB1|ITGB5|ITGB6
 KEGG:hsa05414	Dilated cardiomyopathy	5.78182902414e-05	0.0170781	ITGB1|ITGB5|ITGB6|ITGB7
 REACT:R-HSA-1566948	Elastic fibre formation	0.00013617889336	0.0357545	ITGB1|ITGB5|ITGB6
