 REACT:R-HSA-2453902	The canonical retinoid cycle in rods (twilight vision)	0.0	0	LRAT|RBP1|RBP3|RBP4|RDH11|RDH12|RDH8|RLBP1
 REACT:R-HSA-556833	Metabolism of lipids and lipoproteins	3.28314042619e-11	3.87903e-08	CDIPT|CYP11B1|ELOVL1|ELOVL3|ELOVL4|ELOVL7|FABP2|FABP3|FABP4|FABP5|FABP7|FABP9|HSD3B7|OSBPL10|OSBPL3|OSBPL5|OSBPL6|OSBPL7|OSBPL8|OSBPL9|PTGR2|SRD5A1|SRD5A2|SRD5A3|TECR|TECRL|TMEM86B
 REACT:R-HSA-383280	Nuclear Receptor transcription pathway	4.28393231999e-09	3.37431e-06	AR|NR0B1|NR1I3|NR3C1|NR3C2|NR4A3|PGR|VDR
 REACT:R-HSA-163560	Hormone-sensitive lipase (HSL)-mediated triacylglycerol hydrolysis	6.17372963863e-09	3.64713e-06	FABP2|FABP3|FABP4|FABP5|FABP7|FABP9
 KEGG:hsa_M00415	"Fatty acid biosynthesis elongation endoplasmic reticulum"	2.92622640563e-08	1.38293e-05	ELOVL1|ELOVL3|ELOVL4|ELOVL7|TECR
 REACT:R-HSA-75876	Synthesis of very long-chain fatty acyl-CoAs	5.69364226877e-08	2.24235e-05	ELOVL1|ELOVL3|ELOVL4|ELOVL7|TECR|TECRL
 REACT:R-HSA-2187338	Visual phototransduction	7.22160184985e-08	2.43781e-05	LRAT|RBP1|RBP2|RBP3|RBP4|RDH11|RDH12|RDH8|RLBP1
 REACT:R-HSA-5362517	Signaling by Retinoic Acid	8.39970234146e-07	0.000248106	CRABP1|CRABP2|FABP5|RDH11|RDH13|RDH14
 KEGG:hsa00062	Fatty acid elongation	1.12300683652e-06	0.000294852	ELOVL1|ELOVL3|ELOVL4|ELOVL7|TECR
 REACT:R-HSA-1430728	Metabolism	1.53365825029e-06	0.000362403	CDIPT|COX7A2L|CYP11B1|ELOVL1|ELOVL3|ELOVL4|ELOVL7|FABP2|FABP3|FABP4|FABP5|FABP7|FABP9|HSD3B7|LRAT|NUP107|OSBPL10|OSBPL3|OSBPL5|OSBPL6|OSBPL7|OSBPL8|OSBPL9|PPP2R1A|PPP2R1B|PTGR2|RBP1|RBP2|RBP4|RDH11|SRD5A1|SRD5A2|SRD5A3|TECR|TECRL|TMEM86B
 REACT:R-HSA-75105	Fatty Acyl-CoA Biosynthesis	3.32587330598e-06	0.000714458	ELOVL1|ELOVL3|ELOVL4|ELOVL7|TECR|TECRL
 REACT:R-HSA-192105	Synthesis of bile acids and bile salts	5.56997653067e-06	0.00109682	HSD3B7|OSBPL3|OSBPL6|OSBPL7|OSBPL9
 REACT:R-HSA-162582	Signal Transduction	1.34882179055e-05	0.00245174	ANXA1|APH1A|APH1B|AR|AVPR2|CRABP1|CRABP2|CSF2RA|FABP5|GRP|HRH4|KALRN|LRAT|MC3R|NR3C1|NUP107|OR10H3|OR10J5|OR1D2|OR1J1|OR1N1|OR1S2|OR5D13|OR5H6|PGR|PPP2R1A|PPP2R1B|RBP1|RBP2|RBP3|RBP4|RDH11|RDH12|RDH13|RDH14|RDH8|RLBP1|TBXA2R
 REACT:R-HSA-194068	Bile acid and bile salt metabolism	1.82490719652e-05	0.00308018	HSD3B7|OSBPL3|OSBPL6|OSBPL7|OSBPL9
 REACT:R-HSA-975634	Retinoid metabolism and transport	2.04647926901e-05	0.00322389	LRAT|RBP1|RBP2|RBP4|RDH11
 REACT:R-HSA-5365859	RA biosynthesis pathway	2.57493344947e-05	0.00380285	CRABP1|RDH11|RDH13|RDH14
 REACT:R-HSA-75109	Triglyceride Biosynthesis	3.54085498944e-05	0.00442518	ELOVL1|ELOVL3|ELOVL4|ELOVL7|TECR|TECRL
 REACT:R-HSA-2453864	Retinoid cycle disease events	3.55812433469e-05	0.00442518	RBP1|RBP4|RLBP1
 REACT:R-HSA-2474795	Diseases associated with visual transduction	3.55812433469e-05	0.00442518	RBP1|RBP4|RLBP1
 REACT:R-HSA-6806667	Metabolism of fat-soluble vitamins	5.12180633405e-05	0.00605141	LRAT|RBP1|RBP2|RBP4|RDH11
 REACT:R-HSA-193048	Androgen biosynthesis	6.91171786075e-05	0.00777733	SRD5A1|SRD5A2|SRD5A3
 REACT:R-HSA-196071	Metabolism of steroid hormones	9.91928260291e-05	0.0106542	CYP11B1|SRD5A1|SRD5A2|SRD5A3
 REACT:R-HSA-425561	Sodium/Calcium exchangers	0.000118476263843	0.0121721	SLC8A1|SLC8A2|SLC8A3
 KEGG:hsa00830	Retinol metabolism	0.000137136762795	0.0135023	LRAT|RDH11|RDH12|RDH8|RETSAT
 REACT:R-HSA-418359	Reduction of cytosolic Ca++ levels	0.000149951008039	0.0141734	SLC8A1|SLC8A2|SLC8A3
 KEGG:hsa03320	PPAR signaling pathway	0.000222712019751	0.0202411	FABP2|FABP3|FABP4|FABP5|FABP7
 REACT:R-HSA-73923	"Lipid digestion mobilization and transport"	0.000249265095524	0.0218153	FABP2|FABP3|FABP4|FABP5|FABP7|FABP9
 KEGG:hsa04740	Olfactory transduction	0.000335201663271	0.0282886	OR10H3|OR10J5|OR1D2|OR1J1|OR1N1|OR1S2|OR5D13|OR5H6|SLC8A1|SLC8A2|SLC8A3
 REACT:R-HSA-1482801	Acyl chain remodelling of PS	0.000606817438356	0.0494452	OSBPL10|OSBPL5|OSBPL8
