 REACT:R-HSA-2453902	The canonical retinoid cycle in rods (twilight vision)	0.0	0	LRAT|RBP1|RBP3|RBP4|RDH11|RDH12|RDH8|RLBP1
 REACT:R-HSA-2187338	Visual phototransduction	2.82647238947e-10	3.33948e-07	LRAT|RBP1|RBP3|RBP4|RDH11|RDH12|RDH8|RLBP1
 REACT:R-HSA-383280	Nuclear Receptor transcription pathway	5.41639044727e-09	4.26631e-06	NR0B1|NR2C1|NR3C2|NR4A3|PGR|VDR
 KEGG:hsa_M00415	"Fatty acid biosynthesis elongation endoplasmic reticulum"	3.82396727616e-08	2.25901e-05	ELOVL1|ELOVL4|ELOVL5|ELOVL7
 KEGG:hsa00062	Fatty acid elongation	6.6089175399e-07	0.000312337	ELOVL1|ELOVL4|ELOVL5|ELOVL7
 KEGG:hsa00830	Retinol metabolism	9.98339801606e-07	0.000358948	LRAT|RDH11|RDH12|RDH8|RETSAT
 REACT:R-HSA-75876	Synthesis of very long-chain fatty acyl-CoAs	1.06332376693e-06	0.000358948	ELOVL1|ELOVL4|ELOVL5|ELOVL7
 REACT:R-HSA-2453864	Retinoid cycle disease events	1.74711070766e-06	0.000458714	RBP1|RBP4|RLBP1
 REACT:R-HSA-2474795	Diseases associated with visual transduction	1.74711070766e-06	0.000458714	RBP1|RBP4|RLBP1
 REACT:R-HSA-975634	Retinoid metabolism and transport	6.82749226077e-06	0.00161334	LRAT|RBP1|RBP4|RDH11
 REACT:R-HSA-6806667	Metabolism of fat-soluble vitamins	1.446423815e-05	0.00306996	LRAT|RBP1|RBP4|RDH11
 REACT:R-HSA-75105	Fatty Acyl-CoA Biosynthesis	1.55901418072e-05	0.00306996	ELOVL1|ELOVL4|ELOVL5|ELOVL7
 REACT:R-HSA-5365859	RA biosynthesis pathway	3.58471664949e-05	0.00651591	RDH11|RDH13|RDH14
 KEGG:hsa_M00154	Cytochrome c oxidase	4.08887413156e-05	0.00690144	COX7A1|COX7A2|COX7A2L
 REACT:R-HSA-75109	Triglyceride Biosynthesis	7.76990463426e-05	0.0122402	ELOVL1|ELOVL4|ELOVL5|ELOVL7
 REACT:R-HSA-2187335	The retinoid cycle in cones (daylight vision)	0.000117131839343	0.0172989	RBP3|RLBP1
 REACT:R-HSA-5362517	Signaling by Retinoic Acid	0.000240287948591	0.0334	RDH11|RDH13|RDH14
 REACT:R-HSA-2046105	Linoleic acid (LA) metabolism	0.000348897145065	0.0458024	ELOVL1|ELOVL5
