 KEGG:hsa04740	Olfactory transduction	0.0	0	CNGB1|OR10G3|OR10G4|OR10G8|OR10G9|OR10H1|OR10H3|OR10H4|OR10J1|OR10J3|OR10J5|OR10T2|OR11A1|OR11L1|OR12D3|OR13F1|OR14A16|OR14I1|OR14J1|OR1A1|OR1A2|OR1C1|OR1D2|OR1D5|OR1E1|OR1E2|OR1F1|OR1J1|OR1J4|OR1K1|OR1L1|OR1L4|OR1M1|OR1N1|OR1S2|OR2A12|OR2A14|OR2B6|OR2G3|OR2G6|OR2S2|OR2T10|OR2T12|OR2T2|OR2T33|OR2W3|OR3A3|OR4B1|OR4C12|OR4C3|OR4D1|OR4D10|OR4D9|OR4F17|OR4K15|OR4K2|OR4L1|OR4M1|OR4N5|OR4S1|OR4X2|OR52E2|OR52M1|OR52W1|OR56A3|OR5A2|OR5AP2|OR5AS1|OR5B12|OR5D13|OR5D14|OR5H6|OR5I1|OR5M9|OR5R1|OR6C3|OR6C4|OR6C6|OR6C70|OR6S1|OR6V1|OR6X1|OR7A10|OR7A5|OR7C1|OR7C2|OR7D2|OR7D4|OR8D1|OR8G1|OR8G5|OR8H1|OR8H3|OR9A4|SLC8A1|SLC8A2|SLC8A3
 REACT:R-HSA-162582	Signal Transduction	0.0	0	ADORA3|ANXA1|APH1A|APH1B|AR|AVPR2|B4GALT1|CNGB1|CRABP1|CRABP2|CSF2RA|FABP5|FUZ|GNAS|GPR31|GRP|HRH4|ITGB1|ITGB3|KALRN|LRAT|MC3R|MC4R|MYH14|MYH9|NR3C1|NUP107|OR10G3|OR10G4|OR10G8|OR10G9|OR10H1|OR10H3|OR10H4|OR10J1|OR10J3|OR10J5|OR10T2|OR11A1|OR11L1|OR12D3|OR13F1|OR14A16|OR14I1|OR14J1|OR1A1|OR1A2|OR1C1|OR1D2|OR1D5|OR1E1|OR1E2|OR1F1|OR1J1|OR1J4|OR1K1|OR1L1|OR1L4|OR1M1|OR1N1|OR1S2|OR2A12|OR2A14|OR2B6|OR2G3|OR2G6|OR2S2|OR2T10|OR2T12|OR2T2|OR2T33|OR2T35|OR2W3|OR3A3|OR4B1|OR4C12|OR4C3|OR4D1|OR4D10|OR4D9|OR4F17|OR4K15|OR4K2|OR4L1|OR4M1|OR4N5|OR4S1|OR4X2|OR52E2|OR52M1|OR52W1|OR56A3|OR5A2|OR5AP2|OR5AS1|OR5B12|OR5D13|OR5D14|OR5H6|OR5I1|OR5M9|OR5R1|OR6C3|OR6C4|OR6C6|OR6C70|OR6S1|OR6V1|OR6X1|OR7A10|OR7A5|OR7C1|OR7C2|OR7D2|OR7D4|OR8D1|OR8G1|OR8G5|OR8H1|OR8H3|OR9A4|PGR|PPP2R1A|PPP2R1B|PRKAB2|PTGER1|PTGER3|RBP1|RBP2|RBP3|RBP4|RDH11|RDH12|RDH13|RDH14|RDH8|RLBP1|RPE65|STAT6|TBXA2R
 REACT:R-HSA-372790	Signaling by GPCR	0.0	0	ADORA3|ANXA1|AVPR2|CSF2RA|GNAS|GPR31|GRP|HRH4|ITGB3|KALRN|MC3R|MC4R|OR10G3|OR10G4|OR10G8|OR10G9|OR10H1|OR10H3|OR10H4|OR10J1|OR10J3|OR10J5|OR10T2|OR11A1|OR11L1|OR12D3|OR13F1|OR14A16|OR14I1|OR14J1|OR1A1|OR1A2|OR1C1|OR1D2|OR1D5|OR1E1|OR1E2|OR1F1|OR1J1|OR1J4|OR1K1|OR1L1|OR1L4|OR1M1|OR1N1|OR1S2|OR2A12|OR2A14|OR2B6|OR2G3|OR2G6|OR2S2|OR2T10|OR2T12|OR2T2|OR2T33|OR2T35|OR2W3|OR3A3|OR4B1|OR4C12|OR4C3|OR4D1|OR4D10|OR4D9|OR4F17|OR4K15|OR4K2|OR4L1|OR4M1|OR4N5|OR4S1|OR4X2|OR52E2|OR52M1|OR52W1|OR56A3|OR5A2|OR5AP2|OR5AS1|OR5B12|OR5D13|OR5D14|OR5H6|OR5I1|OR5M9|OR5R1|OR6C3|OR6C4|OR6C6|OR6C70|OR6S1|OR6V1|OR6X1|OR7A10|OR7A5|OR7C1|OR7C2|OR7D2|OR7D4|OR8D1|OR8G1|OR8G5|OR8H1|OR8H3|OR9A4|PPP2R1A|PPP2R1B|PTGER1|PTGER3|TBXA2R
 REACT:R-HSA-381753	Olfactory Signaling Pathway	0.0	0	OR10G3|OR10G4|OR10G8|OR10G9|OR10H1|OR10H3|OR10H4|OR10J1|OR10J3|OR10J5|OR10T2|OR11A1|OR11L1|OR12D3|OR13F1|OR14A16|OR14I1|OR14J1|OR1A1|OR1A2|OR1C1|OR1D2|OR1D5|OR1E1|OR1E2|OR1F1|OR1J1|OR1J4|OR1K1|OR1L1|OR1L4|OR1M1|OR1N1|OR1S2|OR2A12|OR2A14|OR2B6|OR2G3|OR2G6|OR2S2|OR2T10|OR2T12|OR2T2|OR2T33|OR2T35|OR2W3|OR3A3|OR4B1|OR4C12|OR4C3|OR4D1|OR4D10|OR4D9|OR4F17|OR4K15|OR4K2|OR4L1|OR4M1|OR4N5|OR4S1|OR4X2|OR52E2|OR52M1|OR52W1|OR56A3|OR5A2|OR5AP2|OR5AS1|OR5B12|OR5D13|OR5D14|OR5H6|OR5I1|OR5M9|OR5R1|OR6C3|OR6C4|OR6C6|OR6C70|OR6S1|OR6V1|OR6X1|OR7A10|OR7A5|OR7C1|OR7C2|OR7D2|OR7D4|OR8D1|OR8G1|OR8G5|OR8H1|OR8H3|OR9A4
 REACT:R-HSA-388396	GPCR downstream signaling	0.0	0	ADORA3|ANXA1|AVPR2|CSF2RA|GNAS|GRP|HRH4|KALRN|MC3R|MC4R|OR10G3|OR10G4|OR10G8|OR10G9|OR10H1|OR10H3|OR10H4|OR10J1|OR10J3|OR10J5|OR10T2|OR11A1|OR11L1|OR12D3|OR13F1|OR14A16|OR14I1|OR14J1|OR1A1|OR1A2|OR1C1|OR1D2|OR1D5|OR1E1|OR1E2|OR1F1|OR1J1|OR1J4|OR1K1|OR1L1|OR1L4|OR1M1|OR1N1|OR1S2|OR2A12|OR2A14|OR2B6|OR2G3|OR2G6|OR2S2|OR2T10|OR2T12|OR2T2|OR2T33|OR2T35|OR2W3|OR3A3|OR4B1|OR4C12|OR4C3|OR4D1|OR4D10|OR4D9|OR4F17|OR4K15|OR4K2|OR4L1|OR4M1|OR4N5|OR4S1|OR4X2|OR52E2|OR52M1|OR52W1|OR56A3|OR5A2|OR5AP2|OR5AS1|OR5B12|OR5D13|OR5D14|OR5H6|OR5I1|OR5M9|OR5R1|OR6C3|OR6C4|OR6C6|OR6C70|OR6S1|OR6V1|OR6X1|OR7A10|OR7A5|OR7C1|OR7C2|OR7D2|OR7D4|OR8D1|OR8G1|OR8G5|OR8H1|OR8H3|OR9A4|PTGER1|PTGER3|TBXA2R
 REACT:R-HSA-2453902	The canonical retinoid cycle in rods (twilight vision)	1.41266176534e-09	5.56353e-07	LRAT|RBP1|RBP3|RBP4|RDH11|RDH12|RDH8|RLBP1|RPE65
 REACT:R-HSA-163560	Hormone-sensitive lipase (HSL)-mediated triacylglycerol hydrolysis	9.99589844231e-09	3.37433e-06	FABP1|FABP2|FABP3|FABP4|FABP5|FABP6|FABP7|FABP9
 KEGG:hsa_M00415	"Fatty acid biosynthesis elongation endoplasmic reticulum"	2.74874178419e-07	7.81881e-05	ELOVL1|ELOVL3|ELOVL4|ELOVL5|ELOVL7|TECR
 REACT:R-HSA-383280	Nuclear Receptor transcription pathway	2.97796395321e-07	7.81881e-05	AR|NR0B1|NR1I2|NR1I3|NR2C1|NR3C1|NR3C2|NR4A3|PGR|VDR
 REACT:R-HSA-75876	Synthesis of very long-chain fatty acyl-CoAs	3.33812031017e-06	0.000788798	ELOVL1|ELOVL3|ELOVL4|ELOVL5|ELOVL7|TECR|TECRL
 KEGG:hsa04530	Tight junction	1.48691542082e-05	0.00319416	CLDN11|CLDN2|CLDN7|ITGB1|MYH13|MYH14|MYH15|MYH3|MYH9|OCLN|PPP2R1A|PPP2R1B|PRKAB2|TUBA4A|TUBAL3
 KEGG:hsa00062	Fatty acid elongation	2.22325083157e-05	0.00437795	ELOVL1|ELOVL3|ELOVL4|ELOVL5|ELOVL7|TECR
 REACT:R-HSA-2187338	Visual phototransduction	3.01359068774e-05	0.00547778	CNGB1|LRAT|RBP1|RBP2|RBP3|RBP4|RDH11|RDH12|RDH8|RLBP1|RPE65
 REACT:R-HSA-113510	E2F mediated regulation of DNA replication	0.000140727320921	0.0237528	CDC45|ORC3|PPP2R1A|PPP2R1B|TK2|TYMS
 REACT:R-HSA-75105	Fatty Acyl-CoA Biosynthesis	0.000292489496614	0.0460768	ELOVL1|ELOVL3|ELOVL4|ELOVL5|ELOVL7|TECR|TECRL
