 KEGG:hsa04740	Olfactory transduction	0.0	0	OR10G3|OR10G4|OR10G8|OR10G9|OR10H1|OR10H3|OR10H4|OR10J1|OR10J3|OR10T2|OR11A1|OR12D3|OR13F1|OR14A16|OR14I1|OR14J1|OR1A1|OR1A2|OR1C1|OR1D5|OR1E1|OR1E2|OR1J4|OR1K1|OR1L1|OR1L4|OR1M1|OR1N1|OR1S2|OR2A12|OR2A14|OR2A2|OR2B6|OR2D3|OR2G3|OR2G6|OR2S2|OR2T10|OR2T12|OR2T2|OR2T33|OR2W3|OR4A16|OR4B1|OR4C3|OR4D1|OR4D10|OR4D9|OR4F17|OR4K15|OR4K2|OR4L1|OR4M1|OR4N5|OR4S1|OR4X2|OR52E2|OR52W1|OR5AP2|OR5AS1|OR5B12|OR5D13|OR5H6|OR5I1|OR5M9|OR5R1|OR6C3|OR6C4|OR6C6|OR6C70|OR6S1|OR6V1|OR6X1|OR7A10|OR7A5|OR7C1|OR7C2|OR7D2|OR7D4|OR8D1|OR8G1|OR8G5|OR8H1|OR8H3|OR9A2|OR9A4|SLC8A1|SLC8A2|SLC8A3
 REACT:R-HSA-372790	Signaling by GPCR	0.0	0	ADORA3|ANXA1|AVPR2|CSF2RA|EGFR|ERBB2|ERBB3|ERBB4|FGFR1|FGFR2|FGFR3|GRP|HRH4|KALRN|KIT|LAT|MC3R|MC4R|MET|OR10G3|OR10G4|OR10G8|OR10G9|OR10H1|OR10H3|OR10H4|OR10J1|OR10J3|OR10T2|OR11A1|OR12D3|OR13F1|OR14A16|OR14I1|OR14J1|OR1A1|OR1A2|OR1C1|OR1D5|OR1E1|OR1E2|OR1J4|OR1K1|OR1L1|OR1L4|OR1M1|OR1N1|OR1S2|OR2A12|OR2A14|OR2A2|OR2B6|OR2D3|OR2G3|OR2G6|OR2S2|OR2T10|OR2T12|OR2T2|OR2T33|OR2T35|OR2W3|OR4A16|OR4B1|OR4C3|OR4D1|OR4D10|OR4D9|OR4F17|OR4K15|OR4K2|OR4L1|OR4M1|OR4N5|OR4S1|OR4X2|OR52E2|OR52W1|OR5AP2|OR5AS1|OR5B12|OR5D13|OR5H6|OR5I1|OR5M9|OR5R1|OR6C3|OR6C4|OR6C6|OR6C70|OR6S1|OR6V1|OR6X1|OR7A10|OR7A5|OR7C1|OR7C2|OR7D2|OR7D4|OR8D1|OR8G1|OR8G5|OR8H1|OR8H3|OR9A2|OR9A4|PTK2|RET|TBXA2R|TEK
 REACT:R-HSA-388396	GPCR downstream signaling	0.0	0	ADORA3|ANXA1|AVPR2|CSF2RA|GRP|HRH4|KALRN|MC3R|MC4R|OR10G3|OR10G4|OR10G8|OR10G9|OR10H1|OR10H3|OR10H4|OR10J1|OR10J3|OR10T2|OR11A1|OR12D3|OR13F1|OR14A16|OR14I1|OR14J1|OR1A1|OR1A2|OR1C1|OR1D5|OR1E1|OR1E2|OR1J4|OR1K1|OR1L1|OR1L4|OR1M1|OR1N1|OR1S2|OR2A12|OR2A14|OR2A2|OR2B6|OR2D3|OR2G3|OR2G6|OR2S2|OR2T10|OR2T12|OR2T2|OR2T33|OR2T35|OR2W3|OR4A16|OR4B1|OR4C3|OR4D1|OR4D10|OR4D9|OR4F17|OR4K15|OR4K2|OR4L1|OR4M1|OR4N5|OR4S1|OR4X2|OR52E2|OR52W1|OR5AP2|OR5AS1|OR5B12|OR5D13|OR5H6|OR5I1|OR5M9|OR5R1|OR6C3|OR6C4|OR6C6|OR6C70|OR6S1|OR6V1|OR6X1|OR7A10|OR7A5|OR7C1|OR7C2|OR7D2|OR7D4|OR8D1|OR8G1|OR8G5|OR8H1|OR8H3|OR9A2|OR9A4|TBXA2R
 REACT:R-HSA-162582	Signal Transduction	3.84692278033e-13	2.27257e-10	ADORA3|ANXA1|APH1A|APH1B|AR|AVPR2|AXL|B4GALT1|CSF2RA|EGFR|ERBB2|ERBB3|ERBB4|FES|FGFR1|FGFR2|FGFR3|FLT1|GRP|HRH4|IRAK1|JAG2|KALRN|KDR|KIT|LAT|LIMK2|LRAT|MAP3K7|MC3R|MC4R|MET|NR3C1|NTRK1|NTRK2|OR10G3|OR10G4|OR10G8|OR10G9|OR10H1|OR10H3|OR10H4|OR10J1|OR10J3|OR10T2|OR11A1|OR12D3|OR13F1|OR14A16|OR14I1|OR14J1|OR1A1|OR1A2|OR1C1|OR1D5|OR1E1|OR1E2|OR1J4|OR1K1|OR1L1|OR1L4|OR1M1|OR1N1|OR1S2|OR2A12|OR2A14|OR2A2|OR2B6|OR2D3|OR2G3|OR2G6|OR2S2|OR2T10|OR2T12|OR2T2|OR2T33|OR2T35|OR2W3|OR4A16|OR4B1|OR4C3|OR4D1|OR4D10|OR4D9|OR4F17|OR4K15|OR4K2|OR4L1|OR4M1|OR4N5|OR4S1|OR4X2|OR52E2|OR52W1|OR5AP2|OR5AS1|OR5B12|OR5D13|OR5H6|OR5I1|OR5M9|OR5R1|OR6C3|OR6C4|OR6C6|OR6C70|OR6S1|OR6V1|OR6X1|OR7A10|OR7A5|OR7C1|OR7C2|OR7D2|OR7D4|OR8D1|OR8G1|OR8G5|OR8H1|OR8H3|OR9A2|OR9A4|PTK2|PTK2B|RBP3|RET|RLBP1|ROR2|RYK|TBXA2R|TEK
 REACT:R-HSA-381753	Olfactory Signaling Pathway	3.65907304456e-12	1.72928e-09	OR10G3|OR10G4|OR10G8|OR10G9|OR10H1|OR10H3|OR10H4|OR10J1|OR10J3|OR10T2|OR11A1|OR12D3|OR13F1|OR14A16|OR14I1|OR14J1|OR1A1|OR1A2|OR1C1|OR1D5|OR1E1|OR1E2|OR1J4|OR1K1|OR1L1|OR1L4|OR1M1|OR1N1|OR1S2|OR2A12|OR2A14|OR2A2|OR2B6|OR2D3|OR2G3|OR2G6|OR2S2|OR2T10|OR2T12|OR2T2|OR2T33|OR2T35|OR2W3|OR4A16|OR4B1|OR4C3|OR4D1|OR4D10|OR4D9|OR4F17|OR4K15|OR4K2|OR4L1|OR4M1|OR4N5|OR4S1|OR4X2|OR52E2|OR52W1|OR5AP2|OR5AS1|OR5B12|OR5D13|OR5H6|OR5I1|OR5M9|OR5R1|OR6C3|OR6C4|OR6C6|OR6C70|OR6S1|OR6V1|OR6X1|OR7A10|OR7A5|OR7C1|OR7C2|OR7D2|OR7D4|OR8D1|OR8G1|OR8G5|OR8H1|OR8H3|OR9A2|OR9A4
 KEGG:hsa05230	Central carbon metabolism in cancer	9.3616437935e-09	3.68693e-06	EGFR|ERBB2|FGFR1|FGFR2|FGFR3|FLT3|KIT|MET|NTRK1|NTRK3|RET
 REACT:R-HSA-2219530	Constitutive Signaling by Aberrant PI3K in Cancer	1.27495241042e-06	0.000430388	EGFR|ERBB2|ERBB3|ERBB4|FGFR1|FGFR2|FGFR3|KIT|MET
 REACT:R-HSA-383280	Nuclear Receptor transcription pathway	1.90850727277e-06	0.000563725	AR|NR0B1|NR1I2|NR1I3|NR3C1|NR3C2|NR4A3|VDR
 KEGG:hsa01521	EGFR tyrosine kinase inhibitor resistance	6.70161070582e-06	0.00175955	AXL|EGFR|ERBB2|ERBB3|FGFR2|FGFR3|GAS6|KDR|MET
 REACT:R-HSA-6811558	"PI5P PP2A and IER3 Regulate PI3K/AKT Signaling"	1.48756899008e-05	0.00328716	EGFR|ERBB2|ERBB3|ERBB4|FGFR1|FGFR2|FGFR3|KIT|MET
 REACT:R-HSA-194138	Signaling by VEGF	1.57431549369e-05	0.00328716	AXL|CSF2RA|EGFR|ERBB2|ERBB3|ERBB4|FGFR1|FGFR2|FGFR3|FLT1|KDR|KIT|LAT|MET|PTK2|PTK2B|RET|TEK
 REACT:R-HSA-2219528	PI3K/AKT Signaling in Cancer	1.96130760721e-05	0.00328716	EGFR|ERBB2|ERBB3|ERBB4|FGFR1|FGFR2|FGFR3|KIT|MET
 REACT:R-HSA-170984	ARMS-mediated activation	1.99052957435e-05	0.00328716	CSF2RA|EGFR|ERBB2|ERBB3|ERBB4|FGFR1|FGFR2|FGFR3|KIT|LAT|MET|NTRK1|PTK2|RET|TEK
 REACT:R-HSA-187706	Signalling to p38 via RIT and RIN	1.99052957435e-05	0.00328716	CSF2RA|EGFR|ERBB2|ERBB3|ERBB4|FGFR1|FGFR2|FGFR3|KIT|LAT|MET|NTRK1|PTK2|RET|TEK
 REACT:R-HSA-170968	Frs2-mediated activation	2.08664555811e-05	0.00328716	CSF2RA|EGFR|ERBB2|ERBB3|ERBB4|FGFR1|FGFR2|FGFR3|KIT|LAT|MET|NTRK1|PTK2|RET|TEK
 REACT:R-HSA-169893	Prolonged ERK activation events	2.29128492629e-05	0.00338394	CSF2RA|EGFR|ERBB2|ERBB3|ERBB4|FGFR1|FGFR2|FGFR3|KIT|LAT|MET|NTRK1|PTK2|RET|TEK
 REACT:R-HSA-167044	Signalling to RAS	2.75450458498e-05	0.00365991	CSF2RA|EGFR|ERBB2|ERBB3|ERBB4|FGFR1|FGFR2|FGFR3|KIT|LAT|MET|NTRK1|PTK2|RET|TEK
 REACT:R-HSA-199418	Negative regulation of the PI3K/AKT network	2.78791464305e-05	0.00365991	EGFR|ERBB2|ERBB3|ERBB4|FGFR1|FGFR2|FGFR3|KIT|MET
 REACT:R-HSA-5218921	VEGFR2 mediated cell proliferation	3.0157261428e-05	0.00375061	CSF2RA|EGFR|ERBB2|ERBB3|ERBB4|FGFR1|FGFR2|FGFR3|KDR|KIT|LAT|MET|PTK2|RET|TEK
 REACT:R-HSA-451927	Interleukin-2 signaling	3.60457332806e-05	0.0042385	CSF2RA|EGFR|ERBB2|ERBB3|ERBB4|FGFR1|FGFR2|FGFR3|KIT|LAT|MET|PTK2|PTK2B|RET|TEK
 REACT:R-HSA-187687	Signalling to ERKs	3.76675470242e-05	0.0042385	CSF2RA|EGFR|ERBB2|ERBB3|ERBB4|FGFR1|FGFR2|FGFR3|KIT|LAT|MET|NTRK1|PTK2|RET|TEK
 REACT:R-HSA-4420097	VEGFA-VEGFR2 Pathway	4.16355915658e-05	0.00447204	AXL|CSF2RA|EGFR|ERBB2|ERBB3|ERBB4|FGFR1|FGFR2|FGFR3|KDR|KIT|LAT|MET|PTK2|PTK2B|RET|TEK
 REACT:R-HSA-8847993	ERBB2 Activates PTK6 Signaling	4.93621049443e-05	0.00507142	EGFR|ERBB2|ERBB3|ERBB4
 REACT:R-HSA-198203	PI3K/AKT activation	5.86675119789e-05	0.00555708	EGFR|ERBB2|ERBB3|ERBB4|FGFR1|FGFR2|FGFR3|KIT|MET|NTRK1
 REACT:R-HSA-112412	SOS-mediated signalling	6.73138779749e-05	0.00555708	CSF2RA|EGFR|ERBB2|ERBB3|ERBB4|FGFR1|FGFR2|FGFR3|KIT|LAT|MET|PTK2|RET|TEK
 REACT:R-HSA-179812	GRB2 events in EGFR signaling	6.73138779749e-05	0.00555708	CSF2RA|EGFR|ERBB2|ERBB3|ERBB4|FGFR1|FGFR2|FGFR3|KIT|LAT|MET|PTK2|RET|TEK
 REACT:R-HSA-180336	SHC1 events in EGFR signaling	6.73138779749e-05	0.00555708	CSF2RA|EGFR|ERBB2|ERBB3|ERBB4|FGFR1|FGFR2|FGFR3|KIT|LAT|MET|PTK2|RET|TEK
 REACT:R-HSA-5673001	RAF/MAP kinase cascade	6.73138779749e-05	0.00555708	CSF2RA|EGFR|ERBB2|ERBB3|ERBB4|FGFR1|FGFR2|FGFR3|KIT|LAT|MET|PTK2|RET|TEK
 REACT:R-HSA-6785631	ERBB2 Regulates Cell Motility	6.81993990245e-05	0.00555708	EGFR|ERBB2|ERBB3|ERBB4
 REACT:R-HSA-449147	Signaling by Interleukins	7.8648019418e-05	0.00619484	ANXA1|CSF2RA|EGFR|ERBB2|ERBB3|ERBB4|FGFR1|FGFR2|FGFR3|FLT3|IL22RA2|IRAK1|IRAK3|IRAK4|KIT|LAT|MAP3K7|MET|PTK2|PTK2B|RET|TEK
 REACT:R-HSA-5684996	MAPK1/MAPK3 signaling	8.72825485827e-05	0.00665318	CSF2RA|EGFR|ERBB2|ERBB3|ERBB4|FGFR1|FGFR2|FGFR3|KIT|LAT|MET|PTK2|RET|TEK
 REACT:R-HSA-2586552	Signaling by Leptin	9.49976685006e-05	0.00701498	CSF2RA|EGFR|ERBB2|ERBB3|ERBB4|FGFR1|FGFR2|FGFR3|KIT|LAT|MET|PTK2|RET|TEK
 REACT:R-HSA-912526	Interleukin receptor SHC signaling	0.00010329955435	0.00739687	CSF2RA|EGFR|ERBB2|ERBB3|ERBB4|FGFR1|FGFR2|FGFR3|KIT|LAT|MET|PTK2|RET|TEK
 REACT:R-HSA-5683057	MAPK family signaling cascades	0.000113974847712	0.00792125	CSF2RA|EGFR|ERBB2|ERBB3|ERBB4|FGFR1|FGFR2|FGFR3|KALRN|KIT|LAT|MET|PTK2|RET|TEK
 REACT:R-HSA-1963642	PI3K events in ERBB2 signaling	0.000120766013084	0.00815343	EGFR|ERBB2|ERBB3|ERBB4
 REACT:R-HSA-166520	Signalling by NGF	0.000155374805273	0.0101986	APH1A|APH1B|CSF2RA|EGFR|ERBB2|ERBB3|ERBB4|FGFR1|FGFR2|FGFR3|IRAK1|KALRN|KIT|LAT|MET|NTRK1|NTRK2|PTK2|RET|TEK
 REACT:R-HSA-8853659	RET signaling	0.000188308059761	0.0118557	CSF2RA|EGFR|ERBB2|ERBB3|ERBB4|FGFR1|FGFR2|FGFR3|KIT|LAT|MET|PTK2|RET|TEK
 REACT:R-HSA-2871796	FCERI mediated MAPK activation	0.000195671747132	0.0118557	CSF2RA|EGFR|ERBB2|ERBB3|ERBB4|FGFR1|FGFR2|FGFR3|KIT|LAT|MET|PTK2|RET|TEK
 REACT:R-HSA-512988	"Interleukin-3 5 and GM-CSF signaling"	0.000195671747132	0.0118557	CSF2RA|EGFR|ERBB2|ERBB3|ERBB4|FGFR1|FGFR2|FGFR3|KIT|LAT|MET|PTK2|RET|TEK
 REACT:R-HSA-375165	NCAM signaling for neurite out-growth	0.000236339010098	0.0138246	CSF2RA|EGFR|ERBB2|ERBB3|ERBB4|FGFR1|FGFR2|FGFR3|KIT|LAT|MET|PTK2|RET|TEK
 REACT:R-HSA-192105	Synthesis of bile acids and bile salts	0.000239867854826	0.0138246	HSD3B7|OSBPL3|OSBPL6|OSBPL7|OSBPL9
 REACT:R-HSA-1257604	PIP3 activates AKT signaling	0.000256217680071	0.0144153	EGFR|ERBB2|ERBB3|ERBB4|FGFR1|FGFR2|FGFR3|KIT|MET
 REACT:R-HSA-180292	GAB1 signalosome	0.000305925253429	0.0168117	EGFR|ERBB2|ERBB3|ERBB4|FGFR1|FGFR2|FGFR3|KIT|MET
 REACT:R-HSA-422475	Axon guidance	0.000379799100655	0.0203969	APH1A|APH1B|CSF2RA|EGFR|EPHA3|ERBB2|ERBB3|ERBB4|FES|FGFR1|FGFR2|FGFR3|KALRN|KDR|KIT|LAT|LIMK2|MET|PTK2|RET|TEK
 REACT:R-HSA-1250196	SHC1 events in ERBB2 signaling	0.000448475341988	0.0230515	EGFR|ERBB2|ERBB3|ERBB4
 REACT:R-HSA-112399	IRS-mediated signalling	0.000448739031455	0.0230515	CSF2RA|EGFR|ERBB2|ERBB3|ERBB4|FGFR1|FGFR2|FGFR3|KIT|LAT|MET|PTK2|RET|TEK
 REACT:R-HSA-881907	Gastrin-CREB signalling pathway via PKC and MAPK	0.000487332561164	0.0237918	ANXA1|CSF2RA|EGFR|ERBB2|ERBB3|ERBB4|FGFR1|FGFR2|FGFR3|GRP|KALRN|KIT|LAT|MET|PTK2|RET|TBXA2R|TEK
 REACT:R-HSA-74751	Insulin receptor signalling cascade	0.000496600753676	0.0237918	CSF2RA|EGFR|ERBB2|ERBB3|ERBB4|FGFR1|FGFR2|FGFR3|KIT|LAT|MET|PTK2|RET|TEK
 REACT:R-HSA-2730905	Role of LAT2/NTAL/LAB on calcium mobilization	0.000505066585	0.0237918	EGFR|ERBB2|ERBB3|ERBB4|FGFR1|FGFR2|FGFR3|KIT|MET
 REACT:R-HSA-2428924	IGF1R signaling cascade	0.000513492582064	0.0237918	CSF2RA|EGFR|ERBB2|ERBB3|ERBB4|FGFR1|FGFR2|FGFR3|KIT|LAT|MET|PTK2|RET|TEK
 REACT:R-HSA-2428928	IRS-related events triggered by IGF1R	0.000513492582064	0.0237918	CSF2RA|EGFR|ERBB2|ERBB3|ERBB4|FGFR1|FGFR2|FGFR3|KIT|LAT|MET|PTK2|RET|TEK
 REACT:R-HSA-2404192	Signaling by Type 1 Insulin-like Growth Factor 1 Receptor (IGF1R)	0.000530871760617	0.024124	CSF2RA|EGFR|ERBB2|ERBB3|ERBB4|FGFR1|FGFR2|FGFR3|KIT|LAT|MET|PTK2|RET|TEK
 REACT:R-HSA-1433557	Signaling by SCF-KIT	0.000572555498857	0.0255273	CSF2RA|EGFR|ERBB2|ERBB3|ERBB4|FES|FGFR1|FGFR2|FGFR3|KIT|LAT|MET|PTK2|RET|TEK
 REACT:R-HSA-193048	Androgen biosynthesis	0.000700852868139	0.0295735	SRD5A1|SRD5A2|SRD5A3
 REACT:R-HSA-1980148	Signaling by NOTCH3	0.000700852868139	0.0295735	APH1A|APH1B|JAG2
 REACT:R-HSA-1980150	Signaling by NOTCH4	0.000700852868139	0.0295735	APH1A|APH1B|JAG2
 REACT:R-HSA-1236394	Signaling by ERBB4	0.000734154155543	0.0299105	APH1A|APH1B|EGFR|ERBB3|ERBB4
 REACT:R-HSA-194068	Bile acid and bile salt metabolism	0.000734154155543	0.0299105	HSD3B7|OSBPL3|OSBPL6|OSBPL7|OSBPL9
 REACT:R-HSA-187037	NGF signalling via TRKA from the plasma membrane	0.000836029756026	0.0334837	CSF2RA|EGFR|ERBB2|ERBB3|ERBB4|FGFR1|FGFR2|FGFR3|KIT|LAT|MET|NTRK1|NTRK2|PTK2|RET|TEK
 KEGG:hsa04020	Calcium signaling pathway	0.000968942729091	0.0381602	EGFR|ERBB2|ERBB3|ERBB4|PTK2B|SLC8A1|SLC8A2|SLC8A3|STIM2|TBXA2R
 REACT:R-HSA-2682334	EPH-Ephrin signaling	0.0010874341965	0.0416785	APH1A|APH1B|EPHA3|KALRN|KDR|LIMK2|PTK2
 REACT:R-HSA-74752	Signaling by Insulin receptor	0.0010935528609	0.0416785	CSF2RA|EGFR|ERBB2|ERBB3|ERBB4|FGFR1|FGFR2|FGFR3|KIT|LAT|MET|PTK2|RET|TEK
 REACT:R-HSA-425561	Sodium/Calcium exchangers	0.00118499722148	0.0444468	SLC8A1|SLC8A2|SLC8A3
