 KEGG:hsa04144	Endocytosis	0.0	0	EGFR|ERBB3|ERBB4|FGFR2|FGFR3|FLT1|IL2RB|IL2RG|KDR|KIT|MET|NTRK1|RET
 KEGG:hsa05230	Central carbon metabolism in cancer	0.0	0	EGFR|ERBB2|FGFR1|FGFR2|FGFR3|FLT3|KIT|MET|NTRK1|NTRK3|RET
 REACT:R-HSA-112399	IRS-mediated signalling	0.0	0	EGFR|ERBB2|ERBB3|ERBB4|FGFR1|FGFR2|FGFR3|IL2RB|IL2RG|KIT|MET|PTK2|RET|TEK
 REACT:R-HSA-1280215	Cytokine Signaling in Immune system	0.0	0	EGFR|ERBB2|ERBB3|ERBB4|FGFR1|FGFR2|FGFR3|FLT3|IL2RB|IL2RG|IL4R|IRAK1|IRAK3|IRAK4|KIT|MAP3K7|MET|PTK2|PTK2B|RET|TEK
 REACT:R-HSA-1433557	Signaling by SCF-KIT	0.0	0	EGFR|ERBB2|ERBB3|ERBB4|FES|FGFR1|FGFR2|FGFR3|IL2RB|IL2RG|KIT|MET|PTK2|RET|TEK
 REACT:R-HSA-166520	Signalling by NGF	0.0	0	EGFR|ERBB2|ERBB3|ERBB4|FGFR1|FGFR2|FGFR3|IL2RB|IL2RG|IRAK1|KALRN|KIT|MET|NTRK1|NTRK2|PTK2|RET|TEK
 REACT:R-HSA-167044	Signalling to RAS	0.0	0	EGFR|ERBB2|ERBB3|ERBB4|FGFR1|FGFR2|FGFR3|IL2RB|IL2RG|KIT|MET|NTRK1|PTK2|RET|TEK
 REACT:R-HSA-169893	Prolonged ERK activation events	0.0	0	EGFR|ERBB2|ERBB3|ERBB4|FGFR1|FGFR2|FGFR3|IL2RB|IL2RG|KIT|MET|NTRK1|PTK2|RET|TEK
 REACT:R-HSA-170968	Frs2-mediated activation	0.0	0	EGFR|ERBB2|ERBB3|ERBB4|FGFR1|FGFR2|FGFR3|IL2RB|IL2RG|KIT|MET|NTRK1|PTK2|RET|TEK
 REACT:R-HSA-170984	ARMS-mediated activation	0.0	0	EGFR|ERBB2|ERBB3|ERBB4|FGFR1|FGFR2|FGFR3|IL2RB|IL2RG|KIT|MET|NTRK1|PTK2|RET|TEK
 REACT:R-HSA-186763	Downstream signal transduction	0.0	0	BCAR1|EGFR|ERBB2|ERBB3|ERBB4|FGFR1|FGFR2|FGFR3|IL2RB|IL2RG|KIT|MET|PTK2|RET|TEK
 REACT:R-HSA-186797	Signaling by PDGF	0.0	0	BCAR1|EGFR|ERBB2|ERBB3|ERBB4|FGFR1|FGFR2|FGFR3|IL2RB|IL2RG|KIT|MET|PTK2|RET|TEK
 REACT:R-HSA-187037	NGF signalling via TRKA from the plasma membrane	0.0	0	EGFR|ERBB2|ERBB3|ERBB4|FGFR1|FGFR2|FGFR3|IL2RB|IL2RG|KIT|MET|NTRK1|NTRK2|PTK2|RET|TEK
 REACT:R-HSA-187687	Signalling to ERKs	0.0	0	EGFR|ERBB2|ERBB3|ERBB4|FGFR1|FGFR2|FGFR3|IL2RB|IL2RG|KIT|MET|NTRK1|PTK2|RET|TEK
 REACT:R-HSA-187706	Signalling to p38 via RIT and RIN	0.0	0	EGFR|ERBB2|ERBB3|ERBB4|FGFR1|FGFR2|FGFR3|IL2RB|IL2RG|KIT|MET|NTRK1|PTK2|RET|TEK
 REACT:R-HSA-194138	Signaling by VEGF	0.0	0	AXL|BCAR1|EGFR|ERBB2|ERBB3|ERBB4|FGFR1|FGFR2|FGFR3|FLT1|IL2RB|IL2RG|KDR|KIT|MET|PTK2|PTK2B|RET|TEK
 REACT:R-HSA-2219530	Constitutive Signaling by Aberrant PI3K in Cancer	0.0	0	EGFR|ERBB2|ERBB3|ERBB4|FGFR1|FGFR2|FGFR3|KIT|MET
 REACT:R-HSA-2404192	Signaling by Type 1 Insulin-like Growth Factor 1 Receptor (IGF1R)	0.0	0	EGFR|ERBB2|ERBB3|ERBB4|FGFR1|FGFR2|FGFR3|IL2RB|IL2RG|KIT|MET|PTK2|RET|TEK
 REACT:R-HSA-2428924	IGF1R signaling cascade	0.0	0	EGFR|ERBB2|ERBB3|ERBB4|FGFR1|FGFR2|FGFR3|IL2RB|IL2RG|KIT|MET|PTK2|RET|TEK
 REACT:R-HSA-2428928	IRS-related events triggered by IGF1R	0.0	0	EGFR|ERBB2|ERBB3|ERBB4|FGFR1|FGFR2|FGFR3|IL2RB|IL2RG|KIT|MET|PTK2|RET|TEK
 REACT:R-HSA-2454202	Fc epsilon receptor (FCERI) signaling	0.0	0	EGFR|ERBB2|ERBB3|ERBB4|FGFR1|FGFR2|FGFR3|IL2RB|IL2RG|KIT|MAP3K7|MET|PTK2|RET|TEK
 REACT:R-HSA-2586552	Signaling by Leptin	0.0	0	EGFR|ERBB2|ERBB3|ERBB4|FGFR1|FGFR2|FGFR3|IL2RB|IL2RG|KIT|MET|PTK2|RET|TEK
 REACT:R-HSA-375165	NCAM signaling for neurite out-growth	0.0	0	EGFR|ERBB2|ERBB3|ERBB4|FGFR1|FGFR2|FGFR3|IL2RB|IL2RG|KIT|MET|PTK2|RET|TEK
 REACT:R-HSA-422475	Axon guidance	0.0	0	EGFR|EPHA3|ERBB2|ERBB3|ERBB4|FES|FGFR1|FGFR2|FGFR3|IL2RB|IL2RG|KALRN|KDR|KIT|LIMK2|MET|PTK2|RET|TEK
 REACT:R-HSA-449147	Signaling by Interleukins	0.0	0	EGFR|ERBB2|ERBB3|ERBB4|FGFR1|FGFR2|FGFR3|FLT3|IL2RB|IL2RG|IL4R|IRAK1|IRAK3|IRAK4|KIT|MAP3K7|MET|PTK2|PTK2B|RET|TEK
 REACT:R-HSA-451927	Interleukin-2 signaling	0.0	0	EGFR|ERBB2|ERBB3|ERBB4|FGFR1|FGFR2|FGFR3|IL2RB|IL2RG|KIT|MET|PTK2|PTK2B|RET|TEK
 REACT:R-HSA-5218921	VEGFR2 mediated cell proliferation	0.0	0	EGFR|ERBB2|ERBB3|ERBB4|FGFR1|FGFR2|FGFR3|IL2RB|IL2RG|KDR|KIT|MET|PTK2|RET|TEK
 REACT:R-HSA-5683057	MAPK family signaling cascades	0.0	0	EGFR|ERBB2|ERBB3|ERBB4|FGFR1|FGFR2|FGFR3|IL2RB|IL2RG|KALRN|KIT|MET|PTK2|RET|TEK
 REACT:R-HSA-5684996	MAPK1/MAPK3 signaling	0.0	0	EGFR|ERBB2|ERBB3|ERBB4|FGFR1|FGFR2|FGFR3|IL2RB|IL2RG|KIT|MET|PTK2|RET|TEK
 REACT:R-HSA-74751	Insulin receptor signalling cascade	0.0	0	EGFR|ERBB2|ERBB3|ERBB4|FGFR1|FGFR2|FGFR3|IL2RB|IL2RG|KIT|MET|PTK2|RET|TEK
 REACT:R-HSA-74752	Signaling by Insulin receptor	0.0	0	EGFR|ERBB2|ERBB3|ERBB4|FGFR1|FGFR2|FGFR3|IL2RB|IL2RG|KIT|MET|PTK2|RET|TEK
 REACT:R-HSA-8853659	RET signaling	0.0	0	EGFR|ERBB2|ERBB3|ERBB4|FGFR1|FGFR2|FGFR3|IL2RB|IL2RG|KIT|MET|PTK2|RET|TEK
 REACT:R-HSA-912526	Interleukin receptor SHC signaling	0.0	0	EGFR|ERBB2|ERBB3|ERBB4|FGFR1|FGFR2|FGFR3|IL2RB|IL2RG|KIT|MET|PTK2|RET|TEK
 REACT:R-HSA-4420097	VEGFA-VEGFR2 Pathway	2.20623519454e-12	1.53333e-10	AXL|BCAR1|EGFR|ERBB2|ERBB3|ERBB4|FGFR1|FGFR2|FGFR3|IL2RB|IL2RG|KDR|KIT|MET|PTK2|PTK2B|RET|TEK
 REACT:R-HSA-2871796	FCERI mediated MAPK activation	3.44291262167e-12	2.25989e-10	EGFR|ERBB2|ERBB3|ERBB4|FGFR1|FGFR2|FGFR3|IL2RB|IL2RG|KIT|MET|PTK2|RET|TEK
 REACT:R-HSA-512988	"Interleukin-3 5 and GM-CSF signaling"	3.44291262167e-12	2.25989e-10	EGFR|ERBB2|ERBB3|ERBB4|FGFR1|FGFR2|FGFR3|IL2RB|IL2RG|KIT|MET|PTK2|RET|TEK
 REACT:R-HSA-112412	SOS-mediated signalling	5.93636251267e-12	3.50691e-10	EGFR|ERBB2|ERBB3|ERBB4|FGFR1|FGFR2|FGFR3|IL2RB|IL2RG|KIT|MET|PTK2|RET|TEK
 REACT:R-HSA-179812	GRB2 events in EGFR signaling	5.93636251267e-12	3.50691e-10	EGFR|ERBB2|ERBB3|ERBB4|FGFR1|FGFR2|FGFR3|IL2RB|IL2RG|KIT|MET|PTK2|RET|TEK
 REACT:R-HSA-180336	SHC1 events in EGFR signaling	5.93636251267e-12	3.50691e-10	EGFR|ERBB2|ERBB3|ERBB4|FGFR1|FGFR2|FGFR3|IL2RB|IL2RG|KIT|MET|PTK2|RET|TEK
 REACT:R-HSA-5673001	RAF/MAP kinase cascade	5.93636251267e-12	3.50691e-10	EGFR|ERBB2|ERBB3|ERBB4|FGFR1|FGFR2|FGFR3|IL2RB|IL2RG|KIT|MET|PTK2|RET|TEK
 REACT:R-HSA-6811558	"PI5P PP2A and IER3 Regulate PI3K/AKT Signaling"	3.05155900548e-11	1.75874e-09	EGFR|ERBB2|ERBB3|ERBB4|FGFR1|FGFR2|FGFR3|KIT|MET
 REACT:R-HSA-2219528	PI3K/AKT Signaling in Cancer	3.81206177735e-11	2.14474e-09	EGFR|ERBB2|ERBB3|ERBB4|FGFR1|FGFR2|FGFR3|KIT|MET
 REACT:R-HSA-2424491	DAP12 signaling	5.31209520815e-11	2.91918e-09	EGFR|ERBB2|ERBB3|ERBB4|FGFR1|FGFR2|FGFR3|IL2RB|IL2RG|KIT|MET|PTK2|RET|TEK
 REACT:R-HSA-198203	PI3K/AKT activation	5.71562797091e-11	3.06955e-09	EGFR|ERBB2|ERBB3|ERBB4|FGFR1|FGFR2|FGFR3|KIT|MET|NTRK1
 REACT:R-HSA-881907	Gastrin-CREB signalling pathway via PKC and MAPK	7.38601402261e-11	3.85936e-09	EGFR|ERBB2|ERBB3|ERBB4|FGFR1|FGFR2|FGFR3|IL2RB|IL2RG|KALRN|KIT|MET|PTK2|RET|TEK
 REACT:R-HSA-177929	Signaling by EGFR	7.51292361656e-11	3.85936e-09	EGFR|ERBB2|ERBB3|ERBB4|FGFR1|FGFR2|FGFR3|IL2RB|IL2RG|KIT|MET|PTK2|RET|TEK
 REACT:R-HSA-199418	Negative regulation of the PI3K/AKT network	8.87949713757e-11	4.46431e-09	EGFR|ERBB2|ERBB3|ERBB4|FGFR1|FGFR2|FGFR3|KIT|MET
 REACT:R-HSA-2172127	DAP12 interactions	1.12178266676e-10	5.52244e-09	EGFR|ERBB2|ERBB3|ERBB4|FGFR1|FGFR2|FGFR3|IL2RB|IL2RG|KIT|MET|PTK2|RET|TEK
 KEGG:hsa04151	PI3K-Akt signaling pathway	5.33202371145e-10	2.57134e-08	EGFR|FGFR1|FGFR2|FGFR3|FLT1|IL2RB|IL2RG|IL4R|KDR|KIT|MET|PTK2|TEK
 KEGG:hsa01521	EGFR tyrosine kinase inhibitor resistance	8.01578581289e-10	3.78826e-08	AXL|EGFR|ERBB2|ERBB3|FGFR2|FGFR3|KDR|MET
 REACT:R-HSA-1257604	PIP3 activates AKT signaling	1.40335743026e-09	6.50222e-08	EGFR|ERBB2|ERBB3|ERBB4|FGFR1|FGFR2|FGFR3|KIT|MET
 REACT:R-HSA-180292	GAB1 signalosome	1.75089232002e-09	7.95646e-08	EGFR|ERBB2|ERBB3|ERBB4|FGFR1|FGFR2|FGFR3|KIT|MET
 REACT:R-HSA-2730905	Role of LAT2/NTAL/LAB on calcium mobilization	3.2108251613e-09	1.43154e-07	EGFR|ERBB2|ERBB3|ERBB4|FGFR1|FGFR2|FGFR3|KIT|MET
 REACT:R-HSA-1168372	Downstream signaling events of B Cell Receptor (BCR)	4.79070283443e-09	2.09638e-07	EGFR|ERBB2|ERBB3|ERBB4|FGFR1|FGFR2|FGFR3|KIT|MAP3K7|MET
 KEGG:hsa04015	Rap1 signaling pathway	8.88946105615e-09	3.81924e-07	BCAR1|EGFR|FGFR1|FGFR2|FGFR3|FLT1|KDR|KIT|MET|TEK
 REACT:R-HSA-1266738	Developmental Biology	1.16662276506e-08	4.92273e-07	EGFR|EPHA3|ERBB2|ERBB3|ERBB4|FES|FGFR1|FGFR2|FGFR3|IL2RB|IL2RG|KALRN|KDR|KIT|LIMK2|MET|PTK2|RET|TEK
 KEGG:hsa04014	Ras signaling pathway	1.87415352126e-08	7.76952e-07	EGFR|FGFR1|FGFR2|FGFR3|FLT1|KDR|KIT|MET|TEK|ZAP70
 REACT:R-HSA-983705	Signaling by the B Cell Receptor (BCR)	2.50132480284e-08	1.01907e-06	EGFR|ERBB2|ERBB3|ERBB4|FGFR1|FGFR2|FGFR3|KIT|MAP3K7|MET
 REACT:R-HSA-162582	Signal Transduction	3.81293496776e-08	1.52711e-06	AXL|BCAR1|EGFR|ERBB2|ERBB3|ERBB4|FES|FGFR1|FGFR2|FGFR3|FLT1|IL2RB|IL2RG|IRAK1|KALRN|KDR|KIT|LIMK2|MAP3K7|MET|NTRK1|NTRK2|PTK2|PTK2B|RET|ROR2|RYK|TEK
 KEGG:hsa04060	Cytokine-cytokine receptor interaction	9.66743571862e-08	3.80736e-06	EGFR|FLT1|FLT3|IL21R|IL2RB|IL2RG|IL4R|KDR|KIT|MET
 REACT:R-HSA-8847993	ERBB2 Activates PTK6 Signaling	1.65336235369e-07	6.40475e-06	EGFR|ERBB2|ERBB3|ERBB4
 REACT:R-HSA-6785631	ERBB2 Regulates Cell Motility	2.30767185361e-07	8.79521e-06	EGFR|ERBB2|ERBB3|ERBB4
 KEGG:hsa05200	Pathways in cancer	3.62264638953e-07	1.35878e-05	EGFR|ERBB2|FGFR1|FGFR2|FGFR3|FLT3|KIT|MET|NTRK1|PTK2|RET
 REACT:R-HSA-1963642	PI3K events in ERBB2 signaling	4.17144712772e-07	1.54018e-05	EGFR|ERBB2|ERBB3|ERBB4
 REACT:R-HSA-168249	Innate Immune System	1.29481450228e-06	4.70715e-05	EGFR|ERBB2|ERBB3|ERBB4|FGFR1|FGFR2|FGFR3|IL2RB|IL2RG|IRAK1|IRAK3|IRAK4|KIT|MAP3K7|MET|PTK2|RET|TEK
 KEGG:hsa05205	Proteoglycans in cancer	1.35205154017e-06	4.84075e-05	EGFR|ERBB2|ERBB3|ERBB4|FGFR1|KDR|MET|PTK2
 REACT:R-HSA-1250196	SHC1 events in ERBB2 signaling	1.64695909466e-06	5.8086e-05	EGFR|ERBB2|ERBB3|ERBB4
 KEGG:hsa04659	Th17 cell differentiation	4.25010200722e-06	0.000147691	IL21R|IL2RB|IL2RG|IL4R|PPP3R2|ZAP70
 KEGG:hsa04360	Axon guidance	6.00456250599e-06	0.000203398	EPHA3|FES|LIMK2|MET|PPP3R2|PTK2|RYK
 REACT:R-HSA-8863795	Downregulation of ERBB2 signaling	6.02532569316e-06	0.000203398	EGFR|ERBB2|ERBB3|ERBB4
 REACT:R-HSA-168256	Immune System	6.88443788932e-06	0.000229126	EGFR|ERBB2|ERBB3|ERBB4|FGFR1|FGFR2|FGFR3|FLT3|IL2RB|IL2RG|IL4R|IRAK1|IRAK3|IRAK4|KIT|MAP3K7|MET|PTK2|PTK2B|RET|TEK|ZAP70
 REACT:R-HSA-8848021	Signaling by PTK6	7.05896830666e-06	0.000231671	BCAR1|EGFR|ERBB2|ERBB3|ERBB4
 KEGG:hsa04010	MAPK signaling pathway	7.37176692134e-06	0.000238623	EGFR|FGFR1|FGFR2|FGFR3|MAP3K7|NTRK1|NTRK2|PPP3R2
 KEGG:hsa04722	Neurotrophin signaling pathway	7.86815476239e-06	0.000251249	IRAK1|IRAK3|IRAK4|NTRK1|NTRK2|NTRK3
 KEGG:hsa04520	Adherens junction	1.00732997261e-05	0.000317376	EGFR|ERBB2|FGFR1|MAP3K7|MET
 KEGG:hsa04510	Focal adhesion	1.39293385197e-05	0.000433092	BCAR1|EGFR|ERBB2|FLT1|KDR|MET|PTK2
 REACT:R-HSA-5663202	Diseases of signal transduction	1.45622740517e-05	0.000446892	EGFR|ERBB2|ERBB3|ERBB4|FGFR1|FGFR2|FGFR3|KIT|MET
 KEGG:hsa04810	Regulation of actin cytoskeleton	2.09897547473e-05	0.000635882	BCAR1|EGFR|FGFR1|FGFR2|FGFR3|LIMK2|PTK2
 KEGG:hsa04012	ErbB signaling pathway	2.40344827113e-05	0.000718905	EGFR|ERBB2|ERBB3|ERBB4|PTK2
 KEGG:hsa_M00686	Toll-like receptor signaling	2.74985599361e-05	0.000812239	IRAK1|IRAK4|MAP3K7
 KEGG:hsa04658	Th1 and Th2 cell differentiation	3.3328450874e-05	0.000960806	IL2RB|IL2RG|IL4R|PPP3R2|ZAP70
 REACT:R-HSA-1963640	GRB2 events in ERBB2 signaling	3.37481409471e-05	0.000960806	EGFR|ERBB2|ERBB4
 REACT:R-HSA-8866910	TFAP2 (AP-2) family regulates transcription of growth factors and their receptors	3.37481409471e-05	0.000960806	EGFR|ERBB2|KIT
 REACT:R-HSA-446652	Interleukin-1 signaling	3.42140317409e-05	0.000962473	IRAK1|IRAK3|IRAK4|MAP3K7
 REACT:R-HSA-2682334	EPH-Ephrin signaling	3.89132187119e-05	0.00108179	EPHA3|KALRN|KDR|LIMK2|PTK2
 REACT:R-HSA-1227986	Signaling by ERBB2	4.77160060857e-05	0.00131108	EGFR|ERBB2|ERBB3|ERBB4
 KEGG:hsa05202	Transcriptional misregulation in cancer	7.92983058252e-05	0.00215381	FLT1|FLT3|IL2RB|MET|NTRK1|PTK2
 KEGG:hsa04020	Calcium signaling pathway	8.43305137882e-05	0.00226447	EGFR|ERBB2|ERBB3|ERBB4|PPP3R2|PTK2B
 REACT:R-HSA-1251932	PLCG1 events in ERBB2 signaling	9.61115682487e-05	0.00252346	EGFR|ERBB2
 REACT:R-HSA-194306	Neurophilin interactions with VEGF and VEGFR	9.61115682487e-05	0.00252346	FLT1|KDR
 REACT:R-HSA-389977	Post-chaperonin tubulin folding pathway	0.000104622570478	0.00271674	TUBA4A|TUBAL3|TUBB1
 REACT:R-HSA-389960	Formation of tubulin folding intermediates by CCT/TriC	0.000152290649842	0.00391155	TUBA4A|TUBAL3|TUBB1
 REACT:R-HSA-1306955	GRB7 events in ERBB2 signaling	0.000159771413578	0.00397888	ERBB2|ERBB3
 REACT:R-HSA-187024	NGF-independant TRKA activation	0.000159771413578	0.00397888	NTRK1|NTRK2
 REACT:R-HSA-373755	Semaphorin interactions	0.000159963602296	0.00397888	ERBB2|FES|LIMK2|MET
 REACT:R-HSA-372790	Signaling by GPCR	0.000169742666828	0.00416181	EGFR|ERBB2|ERBB3|ERBB4|FGFR1|FGFR2|FGFR3|IL2RB|IL2RG|KALRN|KIT|MET|PTK2|RET|TEK
 REACT:R-HSA-400685	Sema4D in semaphorin signaling	0.000170840351298	0.00416181	ERBB2|LIMK2|MET
 KEGG:hsa05162	Measles	0.000192447498444	0.00464034	IL2RB|IL2RG|IRAK1|IRAK4|MAP3K7
 REACT:R-HSA-187015	Activation of TRKA receptors	0.000239037065492	0.0057055	NTRK1|NTRK2
 REACT:R-HSA-1280218	Adaptive Immune System	0.000335730993931	0.00793332	EGFR|ERBB2|ERBB3|ERBB4|FGFR1|FGFR2|FGFR3|KIT|MAP3K7|MET|ZAP70
 REACT:R-HSA-389958	Cooperation of Prefoldin and TriC/CCT in actin and tubulin folding	0.000342620401153	0.00793737	TUBA4A|TUBAL3|TUBB1
 REACT:R-HSA-3928663	EPHA-mediated growth cone collapse	0.000342620401153	0.00793737	EPHA3|KDR|PTK2
 KEGG:hsa05215	Prostate cancer	0.000413291893412	0.00948164	EGFR|ERBB2|FGFR1|FGFR2
 KEGG:hsa04540	Gap junction	0.000431692794884	0.00980856	EGFR|TUBA4A|TUBAL3|TUBB1
 REACT:R-HSA-194313	VEGF ligand-receptor interactions	0.000443897473586	0.00989556	FLT1|KDR
 REACT:R-HSA-195399	VEGF binds to VEGFR leading to receptor dimerization	0.000443897473586	0.00989556	FLT1|KDR
 KEGG:hsa04064	NF-kappa B signaling pathway	0.000554605663362	0.0121679	IRAK1|IRAK4|MAP3K7|ZAP70
 REACT:R-HSA-8864260	Transcriptional regulation by the AP-2 (TFAP2) family of transcription factors	0.00055613014732	0.0121679	EGFR|ERBB2|KIT
 REACT:R-HSA-166058	MyD88:Mal cascade initiated on plasma membrane	0.000577273474928	0.0121794	IRAK1|IRAK3|IRAK4|MAP3K7
 REACT:R-HSA-168179	Toll Like Receptor TLR1:TLR2 Cascade	0.000577273474928	0.0121794	IRAK1|IRAK3|IRAK4|MAP3K7
 REACT:R-HSA-168188	Toll Like Receptor TLR6:TLR2 Cascade	0.000577273474928	0.0121794	IRAK1|IRAK3|IRAK4|MAP3K7
 REACT:R-HSA-181438	Toll Like Receptor 2 (TLR2) Cascade	0.000577273474928	0.0121794	IRAK1|IRAK3|IRAK4|MAP3K7
 KEGG:hsa05219	Bladder cancer	0.000598333841734	0.0125121	EGFR|ERBB2|FGFR3
 REACT:R-HSA-3928662	EPHB-mediated forward signaling	0.000642532733318	0.0133185	KALRN|LIMK2|PTK2
 REACT:R-HSA-1236394	Signaling by ERBB4	0.000688764757608	0.0141526	EGFR|ERBB3|ERBB4
 KEGG:hsa04066	HIF-1 signaling pathway	0.00072733452766	0.0148163	EGFR|ERBB2|FLT1|TEK
 REACT:R-HSA-975110	TRAF6 mediated IRF7 activation in TLR7/8 or 9 signaling	0.00103555562858	0.0209147	IRAK1|IRAK4
 REACT:R-HSA-166054	Activated TLR4 signalling	0.00118161889207	0.0236624	IRAK1|IRAK3|IRAK4|MAP3K7
 REACT:R-HSA-1358803	Downregulation of ERBB2:ERBB3 signaling	0.00122067782679	0.0240372	ERBB2|ERBB3
 REACT:R-HSA-391160	Signal regulatory protein (SIRP) family interactions	0.00122067782679	0.0240372	PTK2|PTK2B
 KEGG:hsa05130	Pathogenic Escherichia coli infection	0.00141520809132	0.0276375	TUBA4A|TUBAL3|TUBB1
 KEGG:hsa05223	Non-small cell lung cancer	0.0016503921994	0.0318151	ALK|EGFR|ERBB2
 REACT:R-HSA-166016	Toll Like Receptor 4 (TLR4) Cascade	0.00165605730971	0.0318151	IRAK1|IRAK3|IRAK4|MAP3K7
 KEGG:hsa04370	VEGF signaling pathway	0.00173388743722	0.0330417	KDR|PPP3R2|PTK2
 REACT:R-HSA-372708	p130Cas linkage to MAPK signaling for integrins	0.00186346111517	0.0352269	BCAR1|PTK2
 REACT:R-HSA-1643685	Disease	0.00199690188789	0.0374498	EGFR|ERBB2|ERBB3|ERBB4|FGFR1|FGFR2|FGFR3|IRAK4|KIT|MET
 REACT:R-HSA-1226099	Signaling by FGFR in disease	0.00209415474625	0.0389645	FGFR1|FGFR2|FGFR3
 KEGG:hsa05321	Inflammatory bowel disease (IBD)	0.00229045567782	0.042284	IL21R|IL2RG|IL4R
 REACT:R-HSA-450321	JNK (c-Jun kinases) phosphorylation and activation mediated by activated human TAK1	0.0026349386115	0.0482664	IRAK1|MAP3K7
 KEGG:hsa05224	Breast cancer	0.00269529999934	0.0489923	EGFR|ERBB2|FGFR1|KIT
 KEGG:hsa05218	Melanoma	0.00271647313377	0.0490002	EGFR|FGFR1|MET
