 KEGG:hsa04740	Olfactory transduction	0.0	0	OR10H3|OR10H5|OR10J1|OR10J5|OR11L1|OR12D3|OR14A16|OR1A2|OR1C1|OR1D2|OR1D5|OR1E1|OR1E2|OR1F1|OR1J1|OR1J4|OR1N1|OR1S2|OR2A2|OR2D3|OR2T2|OR4C12|OR4C3|OR4K15|OR4S1|OR52W1|OR5AS1|OR5B12|OR5D13|OR5D14|OR5H6|OR5M9|OR7D2|OR8D1|OR9A4|SLC8A1|SLC8A2|SLC8A3
 REACT:R-HSA-162582	Signal Transduction	0.0	0	ADORA3|ANXA1|APH1A|APH1B|AR|AVPR2|CRABP1|CRABP2|CSF2RA|FABP5|GRP|HRH4|KALRN|LRAT|MC3R|MC4R|NR3C1|NUP107|OR10H3|OR10H5|OR10J1|OR10J5|OR11L1|OR12D3|OR14A16|OR1A2|OR1C1|OR1D2|OR1D5|OR1E1|OR1E2|OR1F1|OR1J1|OR1J4|OR1N1|OR1S2|OR2A2|OR2D3|OR2T2|OR4C12|OR4C3|OR4K15|OR4S1|OR52W1|OR5AS1|OR5B12|OR5D13|OR5D14|OR5H6|OR5M9|OR7D2|OR8D1|OR9A4|PGR|PPP2R1A|PPP2R1B|PTGER1|PTGER3|RBP1|RBP2|RBP3|RBP4|RDH11|RDH12|RDH13|RDH14|RDH8|RLBP1|TBXA2R
 REACT:R-HSA-163560	Hormone-sensitive lipase (HSL)-mediated triacylglycerol hydrolysis	0.0	0	FABP1|FABP2|FABP3|FABP4|FABP5|FABP6|FABP7|FABP9
 REACT:R-HSA-372790	Signaling by GPCR	0.0	0	ADORA3|ANXA1|AVPR2|CSF2RA|GRP|HRH4|KALRN|MC3R|MC4R|OR10H3|OR10H5|OR10J1|OR10J5|OR11L1|OR12D3|OR14A16|OR1A2|OR1C1|OR1D2|OR1D5|OR1E1|OR1E2|OR1F1|OR1J1|OR1J4|OR1N1|OR1S2|OR2A2|OR2D3|OR2T2|OR4C12|OR4C3|OR4K15|OR4S1|OR52W1|OR5AS1|OR5B12|OR5D13|OR5D14|OR5H6|OR5M9|OR7D2|OR8D1|OR9A4|PPP2R1A|PPP2R1B|PTGER1|PTGER3|TBXA2R
 REACT:R-HSA-381753	Olfactory Signaling Pathway	0.0	0	OR10H3|OR10H5|OR10J1|OR10J5|OR11L1|OR12D3|OR14A16|OR1A2|OR1C1|OR1D2|OR1D5|OR1E1|OR1E2|OR1F1|OR1J1|OR1J4|OR1N1|OR1S2|OR2A2|OR2D3|OR2T2|OR4C12|OR4C3|OR4K15|OR4S1|OR52W1|OR5AS1|OR5B12|OR5D13|OR5D14|OR5H6|OR5M9|OR7D2|OR8D1|OR9A4
 REACT:R-HSA-388396	GPCR downstream signaling	0.0	0	ADORA3|ANXA1|AVPR2|CSF2RA|GRP|HRH4|KALRN|MC3R|MC4R|OR10H3|OR10H5|OR10J1|OR10J5|OR11L1|OR12D3|OR14A16|OR1A2|OR1C1|OR1D2|OR1D5|OR1E1|OR1E2|OR1F1|OR1J1|OR1J4|OR1N1|OR1S2|OR2A2|OR2D3|OR2T2|OR4C12|OR4C3|OR4K15|OR4S1|OR52W1|OR5AS1|OR5B12|OR5D13|OR5D14|OR5H6|OR5M9|OR7D2|OR8D1|OR9A4|PTGER1|PTGER3|TBXA2R
 REACT:R-HSA-2453902	The canonical retinoid cycle in rods (twilight vision)	2.17750262266e-11	7.35063e-09	LRAT|RBP1|RBP3|RBP4|RDH11|RDH12|RDH8|RLBP1
 REACT:R-HSA-383280	Nuclear Receptor transcription pathway	1.3046885794e-10	3.85372e-08	AR|NR0B1|NR1I2|NR1I3|NR2C1|NR3C1|NR3C2|NR4A3|PGR|VDR
 REACT:R-HSA-556833	Metabolism of lipids and lipoproteins	8.56432702534e-09	2.24861e-06	CDIPT|CYP11B1|ELOVL1|ELOVL3|ELOVL4|ELOVL7|FABP1|FABP2|FABP3|FABP4|FABP5|FABP6|FABP7|FABP9|HSD3B7|OSBPL10|OSBPL3|OSBPL5|OSBPL6|OSBPL7|OSBPL8|OSBPL9|PTGR2|SRD5A1|SRD5A2|SRD5A3|TECR|TECRL|TMEM86B
 KEGG:hsa_M00415	"Fatty acid biosynthesis elongation endoplasmic reticulum"	1.68454430516e-07	3.98058e-05	ELOVL1|ELOVL3|ELOVL4|ELOVL7|TECR
 REACT:R-HSA-75876	Synthesis of very long-chain fatty acyl-CoAs	4.54119055027e-07	9.7553e-05	ELOVL1|ELOVL3|ELOVL4|ELOVL7|TECR|TECRL
 REACT:R-HSA-2187338	Visual phototransduction	1.43459413049e-06	0.000282495	LRAT|RBP1|RBP2|RBP3|RBP4|RDH11|RDH12|RDH8|RLBP1
 KEGG:hsa00062	Fatty acid elongation	6.26361110934e-06	0.00101314	ELOVL1|ELOVL3|ELOVL4|ELOVL7|TECR
 REACT:R-HSA-194068	Bile acid and bile salt metabolism	6.43129306466e-06	0.00101314	FABP6|HSD3B7|OSBPL3|OSBPL6|OSBPL7|OSBPL9
 REACT:R-HSA-5362517	Signaling by Retinoic Acid	6.43129306466e-06	0.00101314	CRABP1|CRABP2|FABP5|RDH11|RDH13|RDH14
 KEGG:hsa03320	PPAR signaling pathway	1.24606253159e-05	0.00184028	FABP1|FABP2|FABP3|FABP4|FABP5|FABP6|FABP7
 REACT:R-HSA-75105	Fatty Acyl-CoA Biosynthesis	2.4711409925e-05	0.00343489	ELOVL1|ELOVL3|ELOVL4|ELOVL7|TECR|TECRL
 REACT:R-HSA-192105	Synthesis of bile acids and bile salts	3.03323680869e-05	0.00398197	HSD3B7|OSBPL3|OSBPL6|OSBPL7|OSBPL9
 REACT:R-HSA-73923	"Lipid digestion mobilization and transport"	3.49600150852e-05	0.00434792	FABP1|FABP2|FABP3|FABP4|FABP5|FABP6|FABP7|FABP9
 REACT:R-HSA-2453864	Retinoid cycle disease events	0.000100521833434	0.0103297	RBP1|RBP4|RLBP1
 REACT:R-HSA-2474795	Diseases associated with visual transduction	0.000100521833434	0.0103297	RBP1|RBP4|RLBP1
 REACT:R-HSA-391908	Prostanoid ligand receptors	0.000100521833434	0.0103297	PTGER1|PTGER3|TBXA2R
 REACT:R-HSA-5365859	RA biosynthesis pathway	0.000100542545524	0.0103297	CRABP1|RDH11|RDH13|RDH14
 REACT:R-HSA-975634	Retinoid metabolism and transport	0.000108532635999	0.0106859	LRAT|RBP1|RBP2|RBP4|RDH11
 REACT:R-HSA-193048	Androgen biosynthesis	0.000194331057772	0.0183682	SRD5A1|SRD5A2|SRD5A3
 KEGG:hsa04080	Neuroactive ligand-receptor interaction	0.000212897197043	0.0193491	ADORA3|AVPR2|HRH4|MC3R|MC4R|NR3C1|PRLR|PTGER1|PTGER3|TBXA2R|TRPV1
 REACT:R-HSA-75109	Triglyceride Biosynthesis	0.000244499327614	0.0213982	ELOVL1|ELOVL3|ELOVL4|ELOVL7|TECR|TECRL
 REACT:R-HSA-6806667	Metabolism of fat-soluble vitamins	0.000265255706971	0.0223857	LRAT|RBP1|RBP2|RBP4|RDH11
 REACT:R-HSA-425561	Sodium/Calcium exchangers	0.000331518726488	0.0270131	SLC8A1|SLC8A2|SLC8A3
 REACT:R-HSA-196071	Metabolism of steroid hormones	0.0003785574738	0.0298177	CYP11B1|SRD5A1|SRD5A2|SRD5A3
 REACT:R-HSA-418359	Reduction of cytosolic Ca++ levels	0.00041858893038	0.0319073	SLC8A1|SLC8A2|SLC8A3
 REACT:R-HSA-391903	Eicosanoid ligand-binding receptors	0.000519091345844	0.0383317	PTGER1|PTGER3|TBXA2R
 KEGG:hsa00830	Retinol metabolism	0.000688187337539	0.0492784	LRAT|RDH11|RDH12|RDH8|RETSAT
