 REACT:R-HSA-1445148	Translocation of GLUT4 to the plasma membrane	1.43473011249e-11	3.39027e-08	MYH13|MYH15|MYH2|MYH3|MYH8|MYO1C|MYO5A
 KEGG:hsa04530	Tight junction	3.06097147629e-10	3.61654e-07	MYH11|MYH13|MYH14|MYH15|MYH2|MYH3|MYH8|MYH9
 KEGG:hsa01524	Platinum drug resistance	2.55112342362e-09	2.00943e-06	GSTA2|GSTA3|GSTA4|GSTM3|GSTM5|TOP2A
 REACT:R-HSA-156590	Glutathione conjugation	6.46419384687e-09	3.81872e-06	GSTA2|GSTA3|GSTA4|GSTM3|GSTM5
 KEGG:hsa00480	Glutathione metabolism	3.49744870842e-08	1.65289e-05	GSTA2|GSTA3|GSTA4|GSTM3|GSTM5
 KEGG:hsa00982	Drug metabolism - cytochrome P450	1.22096016963e-07	4.80855e-05	GSTA2|GSTA3|GSTA4|GSTM3|GSTM5
 KEGG:hsa00980	Metabolism of xenobiotics by cytochrome P450	1.62431765927e-07	5.48323e-05	GSTA2|GSTA3|GSTA4|GSTM3|GSTM5
 KEGG:hsa05204	Chemical carcinogenesis	2.92015887915e-07	8.62542e-05	GSTA2|GSTA3|GSTA4|GSTM3|GSTM5
 REACT:R-HSA-156580	Phase II conjugation	1.10533294062e-06	0.000290211	GSTA2|GSTA3|GSTA4|GSTM3|GSTM5
 REACT:R-HSA-5625900	RHO GTPases activate CIT	3.43169396322e-06	0.00073719	MYH11|MYH14|MYH9
 REACT:R-HSA-5627117	RHO GTPases Activate ROCKs	3.43169396322e-06	0.00073719	MYH11|MYH14|MYH9
 KEGG:hsa05418	Fluid shear stress and atherosclerosis	4.4738856686e-06	0.000880983	GSTA2|GSTA3|GSTA4|GSTM3|GSTM5
 REACT:R-HSA-199991	Membrane Trafficking	6.45238533803e-06	0.00114137	MYH13|MYH15|MYH2|MYH3|MYH8|MYO1C|MYO5A|MYO6
 REACT:R-HSA-2029482	Regulation of actin dynamics for phagocytic cup formation	6.76221742357e-06	0.00114137	MYH2|MYH9|MYO1C|MYO5A
 REACT:R-HSA-5627123	RHO GTPases activate PAKs	8.87524954085e-06	0.00139815	MYH11|MYH14|MYH9
 REACT:R-HSA-416572	Sema4D induced cell migration and growth-cone collapse	1.01313729576e-05	0.00149628	MYH11|MYH14|MYH9
 REACT:R-HSA-5653656	Vesicle-mediated transport	1.10086671291e-05	0.0015302	MYH13|MYH15|MYH2|MYH3|MYH8|MYO1C|MYO5A|MYO6
 REACT:R-HSA-400685	Sema4D in semaphorin signaling	1.4590293225e-05	0.00191538	MYH11|MYH14|MYH9
 REACT:R-HSA-2029480	Fcgamma receptor (FCGR) dependent phagocytosis	2.27984081841e-05	0.0028354	MYH2|MYH9|MYO1C|MYO5A
 REACT:R-HSA-3928663	EPHA-mediated growth cone collapse	2.96064174032e-05	0.003498	MYH11|MYH14|MYH9
 REACT:R-HSA-211859	Biological oxidations	3.99271982426e-05	0.00449276	GSTA2|GSTA3|GSTA4|GSTM3|GSTM5
 REACT:R-HSA-373755	Semaphorin interactions	0.000238320641277	0.0255978	MYH11|MYH14|MYH9
