 REACT:R-HSA-1445148	Translocation of GLUT4 to the plasma membrane	0.0	0	MYH13|MYH15|MYH2|MYH3|MYH8|MYO1C|MYO5A
 KEGG:hsa04530	Tight junction	4.63858396138e-10	5.48049e-07	MYH11|MYH13|MYH14|MYH15|MYH2|MYH3|MYH8|MYH9
 REACT:R-HSA-2142688	Synthesis of 5-eicosatetraenoic acids	4.95234252385e-07	0.00039008	PON1|PON2|PON3
 REACT:R-HSA-5625900	RHO GTPases activate CIT	3.96993930296e-06	0.00187619	MYH11|MYH14|MYH9
 REACT:R-HSA-5627117	RHO GTPases Activate ROCKs	3.96993930296e-06	0.00187619	MYH11|MYH14|MYH9
 REACT:R-HSA-2029482	Regulation of actin dynamics for phagocytic cup formation	8.22731930283e-06	0.00303152	MYH2|MYH9|MYO1C|MYO5A
 REACT:R-HSA-199991	Membrane Trafficking	9.672003634e-06	0.00303152	MYH13|MYH15|MYH2|MYH3|MYH8|MYO1C|MYO5A|MYO6
 REACT:R-HSA-5627123	RHO GTPases activate PAKs	1.02633057637e-05	0.00303152	MYH11|MYH14|MYH9
 REACT:R-HSA-416572	Sema4D induced cell migration and growth-cone collapse	1.17150831634e-05	0.00307586	MYH11|MYH14|MYH9
 REACT:R-HSA-5653656	Vesicle-mediated transport	1.6441777424e-05	0.0036235	MYH13|MYH15|MYH2|MYH3|MYH8|MYO1C|MYO5A|MYO6
 REACT:R-HSA-400685	Sema4D in semaphorin signaling	1.68677657804e-05	0.0036235	MYH11|MYH14|MYH9
 REACT:R-HSA-2029480	Fcgamma receptor (FCGR) dependent phagocytosis	2.76901805942e-05	0.00545266	MYH2|MYH9|MYO1C|MYO5A
 REACT:R-HSA-3928663	EPHA-mediated growth cone collapse	3.42123913912e-05	0.00621876	MYH11|MYH14|MYH9
 REACT:R-HSA-2142753	Arachidonic acid metabolism	0.000189488395275	0.0319829	PON1|PON2|PON3
 REACT:R-HSA-373755	Semaphorin interactions	0.000274793531395	0.0432891	MYH11|MYH14|MYH9
