 REACT:R-HSA-372790	Signaling by GPCR	0.0	0	ADORA3|ANXA1|AVPR2|CSF2RA|ERBB3|FGA|FGG|GNAS|GRP|HRH4|IL2RB|IL5RA|ITGB3|KALRN|LAT|MC3R|MC4R|NRG1|OR10G3|OR10G4|OR10G7|OR10G8|OR10G9|OR10H1|OR10H3|OR10H4|OR10J1|OR10J3|OR10J5|OR10T2|OR11A1|OR11L1|OR12D3|OR13F1|OR14A16|OR14I1|OR14J1|OR1A1|OR1A2|OR1C1|OR1D5|OR1E1|OR1E2|OR1F1|OR1J1|OR1J4|OR1K1|OR1L1|OR1L4|OR1M1|OR1N1|OR1S2|OR2A12|OR2A14|OR2A2|OR2B6|OR2D3|OR2G3|OR2G6|OR2S2|OR2T10|OR2T12|OR2T2|OR2T33|OR2T35|OR2W3|OR3A3|OR4A16|OR4B1|OR4C12|OR4C3|OR4D1|OR4D10|OR4D9|OR4F17|OR4K15|OR4K2|OR4L1|OR4M1|OR4N5|OR4S1|OR4X2|OR52E2|OR52W1|OR56A3|OR5A2|OR5AP2|OR5AS1|OR5B12|OR5D13|OR5D14|OR5H6|OR5I1|OR5M9|OR5R1|OR6C3|OR6C4|OR6C6|OR6C70|OR6S1|OR6V1|OR6X1|OR7A10|OR7A5|OR7C1|OR7C2|OR7D2|OR7D4|OR8D1|OR8G1|OR8G5|OR8H1|OR8H3|OR9A2|OR9A4|PPP2R1A|PPP2R1B|TBXA2R
 REACT:R-HSA-388396	GPCR downstream signaling	4.05675493198e-12	4.50002e-09	ADORA3|ANXA1|AVPR2|CSF2RA|GNAS|GRP|HRH4|IL2RB|IL5RA|KALRN|MC3R|MC4R|OR10G3|OR10G4|OR10G7|OR10G8|OR10G9|OR10H1|OR10H3|OR10H4|OR10J1|OR10J3|OR10J5|OR10T2|OR11A1|OR11L1|OR12D3|OR13F1|OR14A16|OR14I1|OR14J1|OR1A1|OR1A2|OR1C1|OR1D5|OR1E1|OR1E2|OR1F1|OR1J1|OR1J4|OR1K1|OR1L1|OR1L4|OR1M1|OR1N1|OR1S2|OR2A12|OR2A14|OR2A2|OR2B6|OR2D3|OR2G3|OR2G6|OR2S2|OR2T10|OR2T12|OR2T2|OR2T33|OR2T35|OR2W3|OR3A3|OR4A16|OR4B1|OR4C12|OR4C3|OR4D1|OR4D10|OR4D9|OR4F17|OR4K15|OR4K2|OR4L1|OR4M1|OR4N5|OR4S1|OR4X2|OR52E2|OR52W1|OR56A3|OR5A2|OR5AP2|OR5AS1|OR5B12|OR5D13|OR5D14|OR5H6|OR5I1|OR5M9|OR5R1|OR6C3|OR6C4|OR6C6|OR6C70|OR6S1|OR6V1|OR6X1|OR7A10|OR7A5|OR7C1|OR7C2|OR7D2|OR7D4|OR8D1|OR8G1|OR8G5|OR8H1|OR8H3|OR9A2|OR9A4|TBXA2R
 REACT:R-HSA-162582	Signal Transduction	5.71309666242e-12	4.50002e-09	ADORA3|ANXA1|APH1A|APH1B|AR|ATP6V1E2|AVPR2|B4GALT1|CNGB1|CRABP1|CRABP2|CSF2RA|DKK2|ERBB3|FABP5|FGA|FGG|FUZ|GNAS|GRP|HRH4|IL2RB|IL5RA|IL6ST|ITGB1|ITGB3|JAG2|KALRN|LAT|LRAT|MC3R|MC4R|MYH14|MYH9|NR3C1|NRG1|NUP107|OR10G3|OR10G4|OR10G7|OR10G8|OR10G9|OR10H1|OR10H3|OR10H4|OR10J1|OR10J3|OR10J5|OR10T2|OR11A1|OR11L1|OR12D3|OR13F1|OR14A16|OR14I1|OR14J1|OR1A1|OR1A2|OR1C1|OR1D5|OR1E1|OR1E2|OR1F1|OR1J1|OR1J4|OR1K1|OR1L1|OR1L4|OR1M1|OR1N1|OR1S2|OR2A12|OR2A14|OR2A2|OR2B6|OR2D3|OR2G3|OR2G6|OR2S2|OR2T10|OR2T12|OR2T2|OR2T33|OR2T35|OR2W3|OR3A3|OR4A16|OR4B1|OR4C12|OR4C3|OR4D1|OR4D10|OR4D9|OR4F17|OR4K15|OR4K2|OR4L1|OR4M1|OR4N5|OR4S1|OR4X2|OR52E2|OR52W1|OR56A3|OR5A2|OR5AP2|OR5AS1|OR5B12|OR5D13|OR5D14|OR5H6|OR5I1|OR5M9|OR5R1|OR6C3|OR6C4|OR6C6|OR6C70|OR6S1|OR6V1|OR6X1|OR7A10|OR7A5|OR7C1|OR7C2|OR7D2|OR7D4|OR8D1|OR8G1|OR8G5|OR8H1|OR8H3|OR9A2|OR9A4|OS9|PGR|PORCN|PPP2R1A|PPP2R1B|PRKAB1|PRKAB2|RBP1|RBP2|RBP3|RBP4|RDH11|RDH12|RDH13|RDH14|RDH8|RLBP1|STAT6|TBXA2R|WIPF1
 KEGG:hsa04740	Olfactory transduction	1.04030117853e-11	6.14558e-09	CNGB1|OR10G3|OR10G4|OR10G7|OR10G8|OR10G9|OR10H1|OR10H3|OR10H4|OR10J1|OR10J3|OR10J5|OR10T2|OR11A1|OR11L1|OR12D3|OR13F1|OR14A16|OR14I1|OR14J1|OR1A1|OR1A2|OR1C1|OR1D5|OR1E1|OR1E2|OR1F1|OR1J1|OR1J4|OR1K1|OR1L1|OR1L4|OR1M1|OR1N1|OR1S2|OR2A12|OR2A14|OR2A2|OR2B6|OR2D3|OR2G3|OR2G6|OR2S2|OR2T10|OR2T12|OR2T2|OR2T33|OR2W3|OR3A3|OR4A16|OR4B1|OR4C12|OR4C3|OR4D1|OR4D10|OR4D9|OR4F17|OR4K15|OR4K2|OR4L1|OR4M1|OR4N5|OR4S1|OR4X2|OR52E2|OR52W1|OR56A3|OR5A2|OR5AP2|OR5AS1|OR5B12|OR5D13|OR5D14|OR5H6|OR5I1|OR5M9|OR5R1|OR6C3|OR6C4|OR6C6|OR6C70|OR6S1|OR6V1|OR6X1|OR7A10|OR7A5|OR7C1|OR7C2|OR7D2|OR7D4|OR8D1|OR8G1|OR8G5|OR8H1|OR8H3|OR9A2|OR9A4|SLC8A1|SLC8A2|SLC8A3
 REACT:R-HSA-381753	Olfactory Signaling Pathway	1.67685865193e-11	7.92483e-09	OR10G3|OR10G4|OR10G7|OR10G8|OR10G9|OR10H1|OR10H3|OR10H4|OR10J1|OR10J3|OR10J5|OR10T2|OR11A1|OR11L1|OR12D3|OR13F1|OR14A16|OR14I1|OR14J1|OR1A1|OR1A2|OR1C1|OR1D5|OR1E1|OR1E2|OR1F1|OR1J1|OR1J4|OR1K1|OR1L1|OR1L4|OR1M1|OR1N1|OR1S2|OR2A12|OR2A14|OR2A2|OR2B6|OR2D3|OR2G3|OR2G6|OR2S2|OR2T10|OR2T12|OR2T2|OR2T33|OR2T35|OR2W3|OR3A3|OR4A16|OR4B1|OR4C12|OR4C3|OR4D1|OR4D10|OR4D9|OR4F17|OR4K15|OR4K2|OR4L1|OR4M1|OR4N5|OR4S1|OR4X2|OR52E2|OR52W1|OR56A3|OR5A2|OR5AP2|OR5AS1|OR5B12|OR5D13|OR5D14|OR5H6|OR5I1|OR5M9|OR5R1|OR6C3|OR6C4|OR6C6|OR6C70|OR6S1|OR6V1|OR6X1|OR7A10|OR7A5|OR7C1|OR7C2|OR7D2|OR7D4|OR8D1|OR8G1|OR8G5|OR8H1|OR8H3|OR9A2|OR9A4
 REACT:R-HSA-2453902	The canonical retinoid cycle in rods (twilight vision)	1.50625666051e-07	5.93214e-05	LRAT|RBP1|RBP3|RBP4|RDH11|RDH12|RDH8|RLBP1
 REACT:R-HSA-383280	Nuclear Receptor transcription pathway	1.58756663415e-06	0.000535917	AR|NR0B1|NR1I2|NR1I3|NR2C1|NR3C1|NR3C2|NR4A3|PGR|VDR
 REACT:R-HSA-163560	Hormone-sensitive lipase (HSL)-mediated triacylglycerol hydrolysis	1.53528197572e-05	0.00453484	FABP2|FABP3|FABP4|FABP5|FABP7|FABP9
 KEGG:hsa_M00415	"Fatty acid biosynthesis elongation endoplasmic reticulum"	2.08361037529e-05	0.00547063	ELOVL1|ELOVL3|ELOVL4|ELOVL7|TECR
 KEGG:hsa04530	Tight junction	0.000121128795904	0.0263624	CLDN11|CLDN7|ITGB1|MYH13|MYH14|MYH15|MYH3|MYH9|OCLN|PPP2R1A|PPP2R1B|PRKAB1|PRKAB2|TUBA4A|TUBAL3
 REACT:R-HSA-75876	Synthesis of very long-chain fatty acyl-CoAs	0.000122719466158	0.0263624	ELOVL1|ELOVL3|ELOVL4|ELOVL7|TECR|TECRL
