 REACT:R-HSA-383280	Nuclear Receptor transcription pathway	1.32009322362e-07	0.000311938	AR|NR0B1|NR3C1|NR3C2|NR4A3|PGR
 KEGG:hsa_M00415	"Fatty acid biosynthesis elongation endoplasmic reticulum"	3.14601417251e-07	0.000371702	ELOVL1|ELOVL3|ELOVL4|ELOVL7
 REACT:R-HSA-216083	Integrin cell surface interactions	7.54211164966e-07	0.000594067	ITGB1|ITGB2|ITGB3|ITGB5|ITGB6|ITGB7
 KEGG:hsa05412	Arrhythmogenic right ventricular cardiomyopathy (ARVC)	1.0610766541e-06	0.000626831	ITGB1|ITGB3|ITGB5|ITGB6|ITGB7|SLC8A1
 KEGG:hsa05410	Hypertrophic cardiomyopathy (HCM)	2.46300481221e-06	0.00116402	ITGB1|ITGB3|ITGB5|ITGB6|ITGB7|SLC8A1
 KEGG:hsa05414	Dilated cardiomyopathy	3.71024286983e-06	0.00146122	ITGB1|ITGB3|ITGB5|ITGB6|ITGB7|SLC8A1
 KEGG:hsa00062	Fatty acid elongation	5.33534968217e-06	0.00180106	ELOVL1|ELOVL3|ELOVL4|ELOVL7
 REACT:R-HSA-75876	Synthesis of very long-chain fatty acyl-CoAs	8.54490684699e-06	0.00252395	ELOVL1|ELOVL3|ELOVL4|ELOVL7
 REACT:R-HSA-2129379	Molecules associated with elastic fibres	1.299337815e-05	0.00341148	ITGB1|ITGB3|ITGB5|ITGB6
 REACT:R-HSA-425561	Sodium/Calcium exchangers	2.79802122274e-05	0.00661172	SLC8A1|SLC8A2|SLC8A3
 REACT:R-HSA-418359	Reduction of cytosolic Ca++ levels	3.54914567997e-05	0.00762421	SLC8A1|SLC8A2|SLC8A3
 KEGG:hsa04512	ECM-receptor interaction	4.13526068037e-05	0.00808255	ITGB1|ITGB3|ITGB5|ITGB6|ITGB7
 REACT:R-HSA-1566948	Elastic fibre formation	4.44659963712e-05	0.00808255	ITGB1|ITGB3|ITGB5|ITGB6
 REACT:R-HSA-418346	Platelet homeostasis	6.82371357389e-05	0.0115175	PPP2R1A|PPP2R1B|SLC8A1|SLC8A2|SLC8A3
 REACT:R-HSA-3000170	Syndecan interactions	0.000108932970698	0.0171606	ITGB1|ITGB3|ITGB5
 REACT:R-HSA-75105	Fatty Acyl-CoA Biosynthesis	0.00012044495732	0.0177882	ELOVL1|ELOVL3|ELOVL4|ELOVL7
 REACT:R-HSA-3000178	ECM proteoglycans	0.00014886287192	0.0206919	ITGB1|ITGB3|ITGB5|ITGB6
 KEGG:hsa04151	PI3K-Akt signaling pathway	0.000188547909107	0.023732	ITGB1|ITGB3|ITGB5|ITGB6|ITGB7|PPP2R1A|PPP2R1B|PRLR
 KEGG:hsa_M00154	Cytochrome c oxidase	0.000190820159283	0.023732	COX7A1|COX7A2|COX7A2L
 KEGG:hsa04144	Endocytosis	0.000213583330806	0.0243179	ARFGEF1|ARFGEF2|GBF1|PSD|PSD2|PSD3|PSD4
 REACT:R-HSA-1251985	Nuclear signaling by ERBB4	0.000216113519885	0.0243179	APH1A|APH1B|PGR
 REACT:R-HSA-418360	Platelet calcium homeostasis	0.000413934050071	0.0444603	SLC8A1|SLC8A2|SLC8A3
 REACT:R-HSA-163767	PP2A-mediated dephosphorylation of key metabolic factors	0.00045747577204	0.0470007	PPP2R1A|PPP2R1B
 KEGG:hsa04810	Regulation of actin cytoskeleton	0.000479661066014	0.0471993	ITGB1|ITGB2|ITGB3|ITGB5|ITGB6|ITGB7
 KEGG:hsa04260	Cardiac muscle contraction	0.000499357460702	0.0471993	COX7A1|COX7A2|COX7A2L|SLC8A1
 REACT:R-HSA-113510	E2F mediated regulation of DNA replication	0.000545531659078	0.0495804	ORC3|PPP2R1A|PPP2R1B
