 KEGG:hsa04740	Olfactory transduction	0.0	0	OR10T2|OR14J1|OR1A1|OR1L1|OR1L4|OR2G3|OR2S2|OR2T12|OR3A3|OR4X2|OR51A4|OR56A3|OR6C3
 REACT:R-HSA-372790	Signaling by GPCR	0.0	0	AGTR1|MC1R|OR10T2|OR14J1|OR1A1|OR1L1|OR1L4|OR2G3|OR2S2|OR2T12|OR2T35|OR3A3|OR4X2|OR51A4|OR56A3|OR6C3
 REACT:R-HSA-388396	GPCR downstream signaling	0.0	0	AGTR1|MC1R|OR10T2|OR14J1|OR1A1|OR1L1|OR1L4|OR2G3|OR2S2|OR2T12|OR2T35|OR3A3|OR4X2|OR51A4|OR56A3|OR6C3
 REACT:R-HSA-381753	Olfactory Signaling Pathway	1.78257408834e-12	1.05306e-09	OR10T2|OR14J1|OR1A1|OR1L1|OR1L4|OR2G3|OR2S2|OR2T12|OR2T35|OR3A3|OR4X2|OR51A4|OR56A3|OR6C3
 REACT:R-HSA-162582	Signal Transduction	1.76137752161e-08	8.32427e-06	AGTR1|MC1R|OR10T2|OR14J1|OR1A1|OR1L1|OR1L4|OR2G3|OR2S2|OR2T12|OR2T35|OR3A3|OR4X2|OR51A4|OR56A3|OR6C3
