 REACT:R-HSA-2453902	The canonical retinoid cycle in rods (twilight vision)	8.65436611264e-11	2.04503e-07	LRAT|RBP1|RBP3|RDH11|RDH12|RDH8|RLBP1
 REACT:R-HSA-163560	Hormone-sensitive lipase (HSL)-mediated triacylglycerol hydrolysis	2.560902157e-09	3.02571e-06	FABP2|FABP3|FABP4|FABP5|FABP7|FABP9
 REACT:R-HSA-383280	Nuclear Receptor transcription pathway	3.96852548601e-08	3.12588e-05	AR|NR0B1|NR3C1|NR3C2|NR4A3|PGR|VDR
 REACT:R-HSA-2187338	Visual phototransduction	3.22541452213e-07	0.000167392	LRAT|RBP1|RBP2|RBP3|RDH11|RDH12|RDH8|RLBP1
 REACT:R-HSA-5362517	Signaling by Retinoic Acid	3.54194363283e-07	0.000167392	CRABP1|CRABP2|FABP5|RDH11|RDH13|RDH14
 KEGG:hsa_M00415	"Fatty acid biosynthesis elongation endoplasmic reticulum"	1.23128014584e-06	0.000484919	ELOVL1|ELOVL3|ELOVL4|ELOVL7
 REACT:R-HSA-216083	Integrin cell surface interactions	5.57569306747e-06	0.00188219	ITGB1|ITGB2|ITGB3|ITGB5|ITGB6|ITGB7
 KEGG:hsa05412	Arrhythmogenic right ventricular cardiomyopathy (ARVC)	7.79346224211e-06	0.00230199	ITGB1|ITGB3|ITGB5|ITGB6|ITGB7|SLC8A1
 REACT:R-HSA-5365859	RA biosynthesis pathway	1.44985448716e-05	0.00380667	CRABP1|RDH11|RDH13|RDH14
 KEGG:hsa05410	Hypertrophic cardiomyopathy (HCM)	1.77705286658e-05	0.00419918	ITGB1|ITGB3|ITGB5|ITGB6|ITGB7|SLC8A1
 KEGG:hsa00062	Fatty acid elongation	2.05045011944e-05	0.00440474	ELOVL1|ELOVL3|ELOVL4|ELOVL7
 KEGG:hsa05414	Dilated cardiomyopathy	2.6510425435e-05	0.00522034	ITGB1|ITGB3|ITGB5|ITGB6|ITGB7|SLC8A1
 REACT:R-HSA-75876	Synthesis of very long-chain fatty acyl-CoAs	3.26902419561e-05	0.00594208	ELOVL1|ELOVL3|ELOVL4|ELOVL7
 REACT:R-HSA-2129379	Molecules associated with elastic fibres	4.94834954323e-05	0.00835211	ITGB1|ITGB3|ITGB5|ITGB6
 KEGG:hsa00830	Retinol metabolism	6.87404760111e-05	0.0108289	LRAT|RDH11|RDH12|RDH8|RETSAT
 REACT:R-HSA-425561	Sodium/Calcium exchangers	7.69107190555e-05	0.0113588	SLC8A1|SLC8A2|SLC8A3
 REACT:R-HSA-418359	Reduction of cytosolic Ca++ levels	9.74185904644e-05	0.0135412	SLC8A1|SLC8A2|SLC8A3
 REACT:R-HSA-73923	"Lipid digestion mobilization and transport"	0.000111993088373	0.0139671	FABP2|FABP3|FABP4|FABP5|FABP7|FABP9
 KEGG:hsa03320	PPAR signaling pathway	0.000112304343431	0.0139671	FABP2|FABP3|FABP4|FABP5|FABP7
 REACT:R-HSA-1566948	Elastic fibre formation	0.000166550353892	0.0196779	ITGB1|ITGB3|ITGB5|ITGB6
 REACT:R-HSA-1236394	Signaling by ERBB4	0.000182711756745	0.0205594	APH1A|APH1B|ERBB3|PGR
 REACT:R-HSA-975634	Retinoid metabolism and transport	0.00019997543111	0.0213685	LRAT|RBP1|RBP2|RDH11
 KEGG:hsa04512	ECM-receptor interaction	0.000207987928446	0.0213685	ITGB1|ITGB3|ITGB5|ITGB6|ITGB7
 REACT:R-HSA-3000170	Syndecan interactions	0.000296466151993	0.0291896	ITGB1|ITGB3|ITGB5
 KEGG:hsa04144	Endocytosis	0.000318494677604	0.0301041	ARFGEF1|ARFGEF2|ERBB3|GBF1|PSD|PSD2|PSD3|PSD4
 REACT:R-HSA-418346	Platelet homeostasis	0.000338408375653	0.0307561	PPP2R1A|PPP2R1B|SLC8A1|SLC8A2|SLC8A3
 REACT:R-HSA-6806667	Metabolism of fat-soluble vitamins	0.000412300342176	0.0360839	LRAT|RBP1|RBP2|RDH11
 REACT:R-HSA-75105	Fatty Acyl-CoA Biosynthesis	0.000443055616931	0.0373907	ELOVL1|ELOVL3|ELOVL4|ELOVL7
 KEGG:hsa04977	Vitamin digestion and absorption	0.000516390308938	0.0406743	LRAT|RBP2|SLC19A3
 KEGG:hsa_M00154	Cytochrome c oxidase	0.000516390308938	0.0406743	COX7A1|COX7A2|COX7A2L
 REACT:R-HSA-3000178	ECM proteoglycans	0.000545128454402	0.0415529	ITGB1|ITGB3|ITGB5|ITGB6
 REACT:R-HSA-1251985	Nuclear signaling by ERBB4	0.000584011102092	0.0431256	APH1A|APH1B|PGR
 REACT:R-HSA-2187335	The retinoid cycle in cones (daylight vision)	0.00064255215742	0.0460106	RBP3|RLBP1
