 REACT:R-HSA-388396	GPCR downstream signaling	8.87652862325e-09	2.09752e-05	AGTR1|CCR2|CCR5|GNB4|GPR132|OR10G7|OR10H5|OR10S1|OR1F1|OR2V2|OR4C12|OR4K5|OR51A4|OR52M1|OR5D14|TSHR
 REACT:R-HSA-162582	Signal Transduction	4.66465832627e-08	5.01844e-05	AGTR1|BTRC|CCR2|CCR5|CX3CR1|GNB4|GPR132|NUP43|OR10G7|OR10H5|OR10S1|OR1F1|OR2V2|OR4C12|OR4K5|OR51A4|OR52M1|OR5D14|PAFAH1B1|RBBP5|RPTOR|TLE4|TSHR
 REACT:R-HSA-372790	Signaling by GPCR	6.37127581804e-08	5.01844e-05	AGTR1|CCR2|CCR5|CX3CR1|GNB4|GPR132|OR10G7|OR10H5|OR10S1|OR1F1|OR2V2|OR4C12|OR4K5|OR51A4|OR52M1|OR5D14|TSHR
 KEGG:hsa04740	Olfactory transduction	2.67788234143e-07	0.000158196	OR10G7|OR10H5|OR10S1|OR1F1|OR2V2|OR4C12|OR4K5|OR51A4|OR52M1|OR5D14
 REACT:R-HSA-381753	Olfactory Signaling Pathway	3.7937577746e-07	0.000179293	OR10G7|OR10H5|OR10S1|OR1F1|OR2V2|OR4C12|OR4K5|OR51A4|OR52M1|OR5D14
 KEGG:hsa_M00380	SCF-BTRC complex	8.81234555613e-05	0.034706	BTRC|FBXW11
