 KEGG:hsa04060	Cytokine-cytokine receptor interaction	0.0	0	CD27|CD40|CRLF2|CSF1|CSF2RA|CSF2RB|EDA2R|EGFR|FAS|FLT1|IFNA1|IFNA10|IFNA13|IFNA14|IFNA16|IFNA17|IFNA2|IFNA21|IFNA4|IFNA5|IFNA6|IFNA7|IFNA8|IFNAR2|IFNB1|IFNE|IFNG|IFNLR1|IFNW1|IL10RA|IL10RB|IL12B|IL12RB1|IL13RA1|IL19|IL1A|IL1B|IL1R1|IL1R2|IL1RAP|IL20|IL20RB|IL21R|IL22|IL22RA1|IL22RA2|IL24|IL2RB|IL2RG|IL4R|IL5RA|IL6R|IL6ST|LTBR|OSMR|PRLR|RELT|TNFRSF10D|TNFRSF11A|TNFRSF11B|TNFRSF14|TNFRSF18|TNFRSF1B|TNFRSF25|TNFRSF4|TNFRSF6B|VEGFA
 KEGG:hsa04151	PI3K-Akt signaling pathway	0.0	0	CD19|CHAD|COMP|CREB3L3|CREB5|CSF1|EFNA1|EFNA2|EFNA3|EFNA4|EGFR|FGF1|FGF10|FGF11|FGF12|FGF13|FGF14|FGF16|FGF17|FGF18|FGF19|FGF2|FGF20|FGF21|FGF22|FGF23|FGF3|FGF4|FGF5|FGF6|FGF7|FGF8|FGF9|FLT1|IFNA1|IFNA10|IFNA13|IFNA14|IFNA16|IFNA17|IFNA2|IFNA21|IFNA4|IFNA5|IFNA6|IFNA7|IFNA8|IFNAR2|IFNB1|IL2RB|IL2RG|IL4R|IL6R|ITGB1|ITGB3|ITGB5|ITGB6|ITGB7|LAMB4|LAMC3|OSMR|PHLPP1|PHLPP2|PIK3AP1|PRLR|THBS1|THBS2|THBS3|THBS4|TLR2|TLR4|TNXB|VEGFA
 KEGG:hsa04630	Jak-STAT signaling pathway	0.0	0	CRLF2|CSF2RA|CSF2RB|IFNA1|IFNA10|IFNA13|IFNA14|IFNA16|IFNA17|IFNA2|IFNA21|IFNA4|IFNA5|IFNA6|IFNA7|IFNA8|IFNAR2|IFNB1|IFNE|IFNG|IFNLR1|IFNW1|IL10RA|IL10RB|IL12B|IL12RB1|IL13RA1|IL13RA2|IL19|IL20|IL20RB|IL21R|IL22|IL22RA1|IL22RA2|IL24|IL27RA|IL2RB|IL2RG|IL4R|IL5RA|IL6R|IL6ST|OSMR|PRLR|STAT5A|STAT6
 REACT:R-HSA-1280215	Cytokine Signaling in Immune system	0.0	0	ANXA1|BCL6|BTC|CD27|CD4|CD40|CD44|CRLF1|CSF1|CSF2RA|CSF2RB|EBI3|EDA2R|EGFR|ERBB3|FCGR1B|FGF1|FGF10|FGF16|FGF17|FGF18|FGF19|FGF2|FGF20|FGF22|FGF23|FGF3|FGF4|FGF5|FGF6|FGF7|FGF8|FGF9|FOXO1|GAB2|GATA3|HBEGF|ICAM1|IFNA1|IFNA10|IFNA13|IFNA14|IFNA16|IFNA17|IFNA2|IFNA21|IFNA4|IFNA5|IFNA6|IFNA7|IFNA8|IFNAR2|IFNB1|IFNG|IFNLR1|IL10RA|IL10RB|IL12B|IL12RB1|IL13RA1|IL13RA2|IL19|IL1A|IL1B|IL1R1|IL1R2|IL1RAP|IL1RL1|IL1RN|IL20|IL20RB|IL22|IL22RA1|IL22RA2|IL24|IL27RA|IL2RB|IL2RG|IL34|IL36A|IL36B|IL4R|IL5RA|IL6R|IL6ST|ITGB1|ITGB2|ITGB3|JUNB|LAT|LGALS9|LTBR|NCAM1|NFKB2|NRG1|NRG2|NRG4|OSMR|PELI3|POM121|PRLR|SOX2|STAT5A|STAT6|TNFRSF11A|TNFRSF11B|TNFRSF14|TNFRSF18|TNFRSF1B|TNFRSF25|TNFRSF4|TNFRSF6B|TNIP2|TRIM14|TRIM17|VEGFA
 REACT:R-HSA-168249	Innate Immune System	0.0	0	A1BG|AGER|AGL|ATP6V0A1|ATP6V1E2|BTC|C1R|C8A|CD14|CD180|CD19|CD28|CD4|CD44|CD46|CD47|CD59|CD68|CEACAM1|CEACAM8|CFP|CHI3L1|CLEC10A|CLEC12A|CLEC4A|CLEC4C|CLEC4D|CLEC4E|CLEC5A|CLEC6A|CLEC7A|COLEC11|CRP|CSF2RA|CSF2RB|CSNK2B|DEFB112|DEFB119|DEGS1|DSN1|EGFR|ERBB3|FAF2|FCAR|FCER1A|FCGR2A|FCGR2C|FCGR3A|FCGR3B|FGF1|FGF10|FGF16|FGF17|FGF18|FGF19|FGF2|FGF20|FGF22|FGF23|FGF3|FGF4|FGF5|FGF6|FGF7|FGF8|FGF9|FOXO1|GAA|GAB2|GLA|GUSB|GYG1|HBEGF|HEXB|ICAM2|ICAM3|ICOS|IFNA1|IFNA10|IFNA13|IFNA14|IFNA16|IFNA17|IFNA2|IFNA21|IFNA4|IFNA5|IFNA6|IFNA7|IFNA8|IFNB1|IL1B|IL2RB|IL2RG|IL5RA|ITGB2|ITGB3|KIR2DS4|KIR2DS5|KIR3DS1|KLRC2|KLRC4-KLRK1|KLRD1|LAMP1|LAMTOR1|LAT|LGALS3|LILRA3|LRG1|MASP2|MBL2|MEF2A|MEF2C|MEFV|MGAM|MUC15|MUC7|MYH2|MYH9|MYO1C|MYO5A|NCAM1|NEU1|NFASC|NFKB2|NLRC3|NRG1|NRG2|NRG4|OLR1|PELI3|PGLYRP1|PGLYRP2|PGLYRP3|PGLYRP4|PHLPP1|PHLPP2|PIK3AP1|PLAUR|POLR3H|PRG2|PRG3|PTX3|REG3G|RNF135|SELL|SEMG1|SERPINB6|SIGLEC14|SIGLEC15|SIGLEC5|SIGLEC9|SLC2A3|SLC2A5|SLPI|STAT6|STBD1|STK11IP|TLR1|TLR10|TLR2|TLR3|TLR4|TLR5|TLR6|TNFRSF1B|TNIP2|TNRC6A|VAPA|WIPF1
 REACT:R-HSA-168256	Immune System	0.0	0	A1BG|AGER|AGL|ANAPC10|ANXA1|AP1M2|ATP6V0A1|ATP6V1E2|BCL6|BTC|BTLA|BTNL8|C1R|C8A|CALR|CANX|CD14|CD160|CD180|CD19|CD1B|CD1C|CD207|CD22|CD27|CD28|CD3D|CD4|CD40|CD44|CD46|CD47|CD59|CD68|CEACAM1|CEACAM8|CFP|CHI3L1|CLEC10A|CLEC12A|CLEC2B|CLEC2D|CLEC4A|CLEC4C|CLEC4D|CLEC4E|CLEC5A|CLEC6A|CLEC7A|COLEC11|CRLF1|CRP|CSF1|CSF2RA|CSF2RB|CSNK2B|CXADR|DCTN4|DEFB112|DEFB119|DEGS1|DSN1|EBI3|EDA2R|EGFR|ERBB3|FAF2|FBXL12|FBXL13|FBXL14|FBXL15|FBXL19|FBXL4|FBXL5|FBXL7|FBXO17|FBXO44|FBXO6|FCAR|FCER1A|FCGR1B|FCGR2A|FCGR2B|FCGR2C|FCGR3A|FCGR3B|FGF1|FGF10|FGF16|FGF17|FGF18|FGF19|FGF2|FGF20|FGF22|FGF23|FGF3|FGF4|FGF5|FGF6|FGF7|FGF8|FGF9|FOXO1|GAA|GAB2|GATA3|GLA|GUSB|GYG1|HBEGF|HERC6|HEXB|ICAM1|ICAM2|ICAM3|ICAM4|ICOS|IFNA1|IFNA10|IFNA13|IFNA14|IFNA16|IFNA17|IFNA2|IFNA21|IFNA4|IFNA5|IFNA6|IFNA7|IFNA8|IFNAR2|IFNB1|IFNG|IFNLR1|IL10RA|IL10RB|IL12B|IL12RB1|IL13RA1|IL13RA2|IL19|IL1A|IL1B|IL1R1|IL1R2|IL1RAP|IL1RL1|IL1RN|IL20|IL20RB|IL22|IL22RA1|IL22RA2|IL24|IL27RA|IL2RB|IL2RG|IL34|IL36A|IL36B|IL4R|IL5RA|IL6R|IL6ST|ITGB1|ITGB2|ITGB3|ITGB5|ITGB7|JUNB|KIR2DL1|KIR2DL3|KIR2DL4|KIR2DS1|KIR2DS4|KIR2DS5|KIR3DL2|KIR3DS1|KLRB1|KLRC1|KLRC2|KLRC4-KLRK1|KLRD1|KLRF1|KLRG1|LAIR2|LAMP1|LAMTOR1|LAT|LGALS3|LGALS9|LILRA1|LILRA3|LILRA4|LILRA5|LILRB5|LRG1|LTBR|MASP2|MBL2|MEF2A|MEF2C|MEFV|MGAM|MRC1|MUC15|MUC7|MYH2|MYH9|MYO1C|MYO5A|NCAM1|NEU1|NFASC|NFKB2|NLRC3|NRG1|NRG2|NRG4|OLR1|OSMR|PDCD1LG2|PELI3|PGLYRP1|PGLYRP2|PGLYRP3|PGLYRP4|PHLPP1|PHLPP2|PIK3AP1|PLAUR|POLR3H|POM121|PRG2|PRG3|PRLR|PTX3|PVR|REG3G|RNF135|SELL|SEMG1|SERPINB6|SIGLEC1|SIGLEC10|SIGLEC11|SIGLEC12|SIGLEC14|SIGLEC15|SIGLEC5|SIGLEC6|SIGLEC7|SIGLEC8|SIGLEC9|SKP2|SLAMF6|SLC2A3|SLC2A5|SLPI|SOX2|SPSB4|STAT5A|STAT6|STBD1|STIM1|STK11IP|TLR1|TLR10|TLR2|TLR3|TLR4|TLR5|TLR6|TNFRSF11A|TNFRSF11B|TNFRSF14|TNFRSF18|TNFRSF1B|TNFRSF25|TNFRSF4|TNFRSF6B|TNIP2|TNRC6A|TRIM14|TRIM17|TRPC1|VAPA|VEGFA|WIPF1
 REACT:R-HSA-1839130	Signaling by activated point mutants of FGFR3	0.0	0	FGF1|FGF16|FGF17|FGF18|FGF2|FGF20|FGF23|FGF4|FGF5|FGF8|FGF9
 REACT:R-HSA-190241	FGFR2 ligand binding and activation	0.0	0	FGF1|FGF10|FGF16|FGF17|FGF18|FGF2|FGF20|FGF22|FGF23|FGF3|FGF4|FGF5|FGF6|FGF7|FGF8|FGF9
 REACT:R-HSA-190242	FGFR1 ligand binding and activation	0.0	0	FGF1|FGF10|FGF17|FGF2|FGF20|FGF22|FGF23|FGF3|FGF4|FGF5|FGF6|FGF8|FGF9
 REACT:R-HSA-190322	FGFR4 ligand binding and activation	0.0	0	FGF1|FGF16|FGF17|FGF18|FGF19|FGF2|FGF20|FGF23|FGF4|FGF6|FGF8|FGF9
 REACT:R-HSA-190375	FGFR2c ligand binding and activation	0.0	0	FGF1|FGF16|FGF17|FGF18|FGF2|FGF20|FGF23|FGF4|FGF5|FGF6|FGF8|FGF9
 REACT:R-HSA-2033514	FGFR3 mutant receptor activation	0.0	0	FGF1|FGF16|FGF17|FGF18|FGF2|FGF20|FGF23|FGF4|FGF5|FGF8|FGF9
 REACT:R-HSA-2033519	Activated point mutants of FGFR2	0.0	0	FGF1|FGF10|FGF16|FGF17|FGF18|FGF2|FGF20|FGF22|FGF23|FGF3|FGF4|FGF5|FGF6|FGF7|FGF8|FGF9
 REACT:R-HSA-2219528	PI3K/AKT Signaling in Cancer	0.0	0	BTC|CD19|CD28|EGFR|ERBB3|FGF1|FGF10|FGF16|FGF17|FGF18|FGF19|FGF2|FGF20|FGF22|FGF23|FGF3|FGF4|FGF5|FGF6|FGF7|FGF8|FGF9|FOXO1|HBEGF|ICOS|NRG1|NRG2|NRG4|PIK3AP1
 REACT:R-HSA-2219530	Constitutive Signaling by Aberrant PI3K in Cancer	0.0	0	BTC|CD19|CD28|EGFR|ERBB3|FGF1|FGF10|FGF16|FGF17|FGF18|FGF19|FGF2|FGF20|FGF22|FGF23|FGF3|FGF4|FGF5|FGF6|FGF7|FGF8|FGF9|HBEGF|ICOS|NRG1|NRG2|NRG4|PIK3AP1
 REACT:R-HSA-5654219	Phospholipase C-mediated cascade: FGFR1	0.0	0	FGF1|FGF10|FGF17|FGF2|FGF20|FGF22|FGF23|FGF3|FGF4|FGF5|FGF6|FGF8|FGF9
 REACT:R-HSA-5654221	Phospholipase C-mediated cascade; FGFR2	0.0	0	FGF1|FGF10|FGF16|FGF17|FGF18|FGF2|FGF20|FGF22|FGF23|FGF3|FGF4|FGF5|FGF6|FGF7|FGF8|FGF9
 REACT:R-HSA-5654695	PI-3K cascade:FGFR2	0.0	0	FGF1|FGF10|FGF16|FGF17|FGF18|FGF2|FGF20|FGF22|FGF23|FGF3|FGF4|FGF5|FGF6|FGF7|FGF8|FGF9
 REACT:R-HSA-5654699	SHC-mediated cascade:FGFR2	0.0	0	FGF1|FGF10|FGF16|FGF17|FGF18|FGF2|FGF20|FGF22|FGF23|FGF3|FGF4|FGF5|FGF6|FGF7|FGF8|FGF9
 KEGG:hsa04740	Olfactory transduction	2.22200036148e-12	2.62529e-10	CNGB1|OR10G3|OR10G4|OR10G8|OR10G9|OR10H1|OR10H4|OR10J3|OR10T2|OR11A1|OR11L1|OR12D3|OR13F1|OR14A16|OR14I1|OR14J1|OR1A1|OR1A2|OR1C1|OR1D5|OR1E1|OR1E2|OR1J1|OR1J4|OR1K1|OR1L1|OR1L4|OR1M1|OR1N1|OR2A12|OR2A14|OR2B6|OR2G3|OR2G6|OR2S2|OR2T10|OR2T12|OR2T2|OR2T33|OR2W3|OR3A3|OR4B1|OR4C3|OR4D1|OR4D10|OR4D9|OR4F17|OR4K15|OR4K2|OR4L1|OR4M1|OR4N5|OR4S1|OR4X2|OR52E2|OR56A3|OR5A2|OR5AP2|OR5AS1|OR5B12|OR5D13|OR5I1|OR5M9|OR5R1|OR6C3|OR6C4|OR6C6|OR6C70|OR6S1|OR6V1|OR6X1|OR7A10|OR7A5|OR7C1|OR7C2|OR7D2|OR7D4|OR8D1|OR8G1|OR8G5|OR8H1|OR8H3|OR9A4
 REACT:R-HSA-5654700	FRS-mediated FGFR2 signaling	3.4534597404e-12	3.88596e-10	FGF1|FGF10|FGF16|FGF17|FGF18|FGF2|FGF20|FGF22|FGF23|FGF3|FGF4|FGF5|FGF6|FGF7|FGF8|FGF9
 REACT:R-HSA-198933	Immunoregulatory interactions between a Lymphoid and a non-Lymphoid cell	5.08604269811e-12	5.46287e-10	CD160|CD19|CD1B|CD1C|CD22|CD3D|CD40|CLEC2B|CLEC2D|CXADR|FCGR2B|FCGR3A|ICAM1|ICAM2|ICAM3|ICAM4|ITGB1|ITGB2|ITGB7|KIR2DL1|KIR2DL3|KIR2DL4|KIR2DS1|KIR3DL2|KIR3DS1|KLRB1|KLRC1|KLRC4-KLRK1|KLRD1|KLRF1|KLRG1|LAIR2|LILRA1|LILRA3|LILRA4|LILRA5|LILRB5|PVR|SELL|SIGLEC1|SIGLEC10|SIGLEC11|SIGLEC12|SIGLEC5|SIGLEC6|SIGLEC7|SIGLEC8|SIGLEC9|SLAMF6
 REACT:R-HSA-381753	Olfactory Signaling Pathway	7.26396720552e-12	7.46294e-10	OR10G3|OR10G4|OR10G8|OR10G9|OR10H1|OR10H4|OR10J3|OR10T2|OR11A1|OR11L1|OR12D3|OR13F1|OR14A16|OR14I1|OR14J1|OR1A1|OR1A2|OR1C1|OR1D5|OR1E1|OR1E2|OR1J1|OR1J4|OR1K1|OR1L1|OR1L4|OR1M1|OR1N1|OR2A12|OR2A14|OR2B6|OR2G3|OR2G6|OR2S2|OR2T10|OR2T12|OR2T2|OR2T33|OR2T35|OR2W3|OR3A3|OR4B1|OR4C3|OR4D1|OR4D10|OR4D9|OR4F17|OR4K15|OR4K2|OR4L1|OR4M1|OR4N5|OR4S1|OR4X2|OR52E2|OR56A3|OR5A2|OR5AP2|OR5AS1|OR5B12|OR5D13|OR5I1|OR5M9|OR5R1|OR6C3|OR6C4|OR6C6|OR6C70|OR6S1|OR6V1|OR6X1|OR7A10|OR7A5|OR7C1|OR7C2|OR7D2|OR7D4|OR8D1|OR8G1|OR8G5|OR8H1|OR8H3|OR9A4|REEP1
 REACT:R-HSA-5654228	Phospholipase C-mediated cascade; FGFR4	1.64971369898e-11	1.62428e-09	FGF1|FGF16|FGF17|FGF18|FGF19|FGF2|FGF20|FGF23|FGF4|FGF6|FGF8|FGF9
 REACT:R-HSA-199418	Negative regulation of the PI3K/AKT network	1.775035674e-11	1.67776e-09	BTC|CD19|CD28|EGFR|ERBB3|FGF1|FGF10|FGF16|FGF17|FGF18|FGF19|FGF2|FGF20|FGF22|FGF23|FGF3|FGF4|FGF5|FGF6|FGF7|FGF8|FGF9|HBEGF|ICOS|NRG1|NRG2|NRG4|PHLPP1|PHLPP2|PIK3AP1
 REACT:R-HSA-6811558	"PI5P PP2A and IER3 Regulate PI3K/AKT Signaling"	2.59486876431e-11	2.35834e-09	BTC|CD19|CD28|EGFR|ERBB3|FGF1|FGF10|FGF16|FGF17|FGF18|FGF19|FGF2|FGF20|FGF22|FGF23|FGF3|FGF4|FGF5|FGF6|FGF7|FGF8|FGF9|HBEGF|ICOS|NRG1|NRG2|NRG4|PIK3AP1
 REACT:R-HSA-190239	FGFR3 ligand binding and activation	4.34549063399e-11	3.4228e-09	FGF1|FGF16|FGF17|FGF18|FGF2|FGF20|FGF23|FGF4|FGF5|FGF8|FGF9
 REACT:R-HSA-190372	FGFR3c ligand binding and activation	4.34549063399e-11	3.4228e-09	FGF1|FGF16|FGF17|FGF18|FGF2|FGF20|FGF23|FGF4|FGF5|FGF8|FGF9
 REACT:R-HSA-432047	Passive transport by Aquaporins	4.34549063399e-11	3.4228e-09	AQP1|AQP10|AQP12A|AQP2|AQP3|AQP4|AQP5|AQP6|AQP7|AQP9|MIP
 REACT:R-HSA-5654227	Phospholipase C-mediated cascade; FGFR3	4.34549063399e-11	3.4228e-09	FGF1|FGF16|FGF17|FGF18|FGF2|FGF20|FGF23|FGF4|FGF5|FGF8|FGF9
 REACT:R-HSA-1839122	Signaling by activated point mutants of FGFR1	7.34400318336e-11	5.59803e-09	FGF1|FGF17|FGF2|FGF20|FGF23|FGF4|FGF5|FGF6|FGF8|FGF9
 REACT:R-HSA-912694	Regulation of IFNA signaling	8.30397972607e-11	6.13197e-09	IFNA1|IFNA10|IFNA13|IFNA14|IFNA16|IFNA17|IFNA2|IFNA21|IFNA4|IFNA5|IFNA6|IFNA7|IFNA8|IFNAR2|IFNB1
 KEGG:hsa04650	Natural killer cell mediated cytotoxicity	8.71702710015e-11	6.24192e-09	FAS|FCGR3A|FCGR3B|ICAM1|ICAM2|IFNA1|IFNA10|IFNA13|IFNA14|IFNA16|IFNA17|IFNA2|IFNA21|IFNA4|IFNA5|IFNA6|IFNA7|IFNA8|IFNAR2|IFNB1|IFNG|ITGB2|KIR2DL1|KIR2DL3|KIR2DL4|KIR2DS1|KIR2DS4|KIR2DS5|KIR3DL2|KLRC1|KLRC2|KLRC4-KLRK1|KLRD1|LAT|TNFRSF10D
 REACT:R-HSA-5654696	Downstream signaling of activated FGFR2	1.08523745546e-10	7.5424e-09	FGF1|FGF10|FGF16|FGF17|FGF18|FGF2|FGF20|FGF22|FGF23|FGF3|FGF4|FGF5|FGF6|FGF7|FGF8|FGF9
 REACT:R-HSA-1280218	Adaptive Immune System	1.23431487253e-10	8.33339e-09	ANAPC10|AP1M2|BTC|BTLA|BTNL8|CALR|CANX|CD14|CD160|CD19|CD1B|CD1C|CD207|CD22|CD28|CD3D|CD4|CD40|CLEC2B|CLEC2D|CXADR|DCTN4|EGFR|ERBB3|FBXL12|FBXL13|FBXL14|FBXL15|FBXL19|FBXL4|FBXL5|FBXL7|FBXO17|FBXO44|FBXO6|FCGR1B|FCGR2B|FCGR3A|FGF1|FGF10|FGF16|FGF17|FGF18|FGF19|FGF2|FGF20|FGF22|FGF23|FGF3|FGF4|FGF5|FGF6|FGF7|FGF8|FGF9|FOXO1|HBEGF|HERC6|ICAM1|ICAM2|ICAM3|ICAM4|ICOS|ITGB1|ITGB2|ITGB5|ITGB7|KIR2DL1|KIR2DL3|KIR2DL4|KIR2DS1|KIR3DL2|KIR3DS1|KLRB1|KLRC1|KLRC4-KLRK1|KLRD1|KLRF1|KLRG1|LAIR2|LAT|LILRA1|LILRA3|LILRA4|LILRA5|LILRB5|MRC1|NRG1|NRG2|NRG4|PDCD1LG2|PHLPP1|PHLPP2|PIK3AP1|PVR|SELL|SIGLEC1|SIGLEC10|SIGLEC11|SIGLEC12|SIGLEC5|SIGLEC6|SIGLEC7|SIGLEC8|SIGLEC9|SKP2|SLAMF6|SPSB4|STIM1|TLR1|TLR2|TLR4|TLR6|TNFRSF14|TNRC6A|TRPC1
 KEGG:hsa05218	Melanoma	1.65825353449e-10	1.08846e-08	EGFR|FGF1|FGF10|FGF11|FGF12|FGF13|FGF14|FGF16|FGF17|FGF18|FGF19|FGF2|FGF20|FGF21|FGF22|FGF23|FGF3|FGF4|FGF5|FGF6|FGF7|FGF8|FGF9|MITF
 REACT:R-HSA-428790	Facilitative Na+-independent glucose transporters	1.7330947788e-10	1.10684e-08	FGF21|SLC2A1|SLC2A10|SLC2A11|SLC2A14|SLC2A2|SLC2A3|SLC2A5|SLC2A6|SLC2A8|SLC2A9
 REACT:R-HSA-5654687	Downstream signaling of activated FGFR1	1.80608084044e-10	1.1231e-08	FGF1|FGF10|FGF17|FGF2|FGF20|FGF22|FGF23|FGF3|FGF4|FGF5|FGF6|FGF8|FGF9|FLRT1|FLRT2|FLRT3
 KEGG:hsa04514	Cell adhesion molecules (CAMs)	1.96409666309e-10	1.19004e-08	ALCAM|CADM1|CD2|CD22|CD276|CD28|CD4|CD40|CDH15|CDH2|CDH4|CLDN2|ESAM|ICAM1|ICAM2|ICAM3|ICOS|ITGB1|ITGB2|ITGB7|JAM2|LRRC4|LRRC4C|MAG|NCAM1|NFASC|NRXN1|NRXN3|NTNG1|PDCD1LG2|PVR|SELE|SELL|SELP|SIGLEC1|VCAN
 KEGG:hsa05152	Tuberculosis	2.38985164991e-10	1.4118e-08	ATP6V0A1|CD14|CLEC4E|CLEC4M|CLEC7A|FCGR2A|FCGR2B|FCGR2C|FCGR3A|FCGR3B|IFNA1|IFNA10|IFNA13|IFNA14|IFNA16|IFNA17|IFNA2|IFNA21|IFNA4|IFNA5|IFNA6|IFNA7|IFNA8|IFNB1|IFNG|IL10RA|IL10RB|IL12B|IL1A|IL1B|ITGB2|LAMP1|LSP1|MRC1|PLA2R1|RFXAP|TLR1|TLR2|TLR4|TLR6|VDR
 REACT:R-HSA-5654688	SHC-mediated cascade:FGFR1	4.58528437441e-10	2.57977e-08	FGF1|FGF10|FGF17|FGF2|FGF20|FGF22|FGF23|FGF3|FGF4|FGF5|FGF6|FGF8|FGF9
 REACT:R-HSA-5654689	PI-3K cascade:FGFR1	4.58528437441e-10	2.57977e-08	FGF1|FGF10|FGF17|FGF2|FGF20|FGF22|FGF23|FGF3|FGF4|FGF5|FGF6|FGF8|FGF9
 REACT:R-HSA-190373	FGFR1c ligand binding and activation	4.82146433889e-10	2.64956e-08	FGF1|FGF17|FGF2|FGF20|FGF23|FGF4|FGF5|FGF6|FGF8|FGF9
 REACT:R-HSA-449147	Signaling by Interleukins	5.4934345961e-10	2.95022e-08	ANXA1|BCL6|BTC|CD4|CRLF1|CSF1|CSF2RA|CSF2RB|EBI3|EGFR|ERBB3|FGF1|FGF10|FGF16|FGF17|FGF18|FGF19|FGF2|FGF20|FGF22|FGF23|FGF3|FGF4|FGF5|FGF6|FGF7|FGF8|FGF9|FOXO1|GAB2|GATA3|HBEGF|ICAM1|IFNLR1|IL10RA|IL10RB|IL12B|IL12RB1|IL13RA1|IL13RA2|IL19|IL1A|IL1B|IL1R1|IL1R2|IL1RAP|IL1RL1|IL1RN|IL20|IL20RB|IL22|IL22RA1|IL22RA2|IL24|IL27RA|IL2RB|IL2RG|IL34|IL36A|IL36B|IL4R|IL5RA|IL6R|IL6ST|ITGB1|ITGB2|ITGB3|JUNB|LAT|LGALS9|NCAM1|NFKB2|NRG1|NRG2|NRG4|OSMR|PELI3|SOX2|STAT5A|STAT6|TNFRSF1B|TNIP2|VEGFA
 REACT:R-HSA-1839126	FGFR2 mutant receptor activation	6.0639948618e-10	3.18427e-08	FGF1|FGF10|FGF16|FGF17|FGF18|FGF2|FGF20|FGF22|FGF23|FGF3|FGF4|FGF5|FGF6|FGF7|FGF8|FGF9
 REACT:R-HSA-5654727	Negative regulation of FGFR2 signaling	1.08658482212e-09	5.58174e-08	FGF1|FGF10|FGF16|FGF17|FGF18|FGF2|FGF20|FGF22|FGF23|FGF3|FGF4|FGF5|FGF6|FGF7|FGF8|FGF9
 REACT:R-HSA-1257604	PIP3 activates AKT signaling	1.38456801579e-09	6.96114e-08	BTC|CD19|CD28|EGFR|ERBB3|FGF1|FGF10|FGF16|FGF17|FGF18|FGF19|FGF2|FGF20|FGF22|FGF23|FGF3|FGF4|FGF5|FGF6|FGF7|FGF8|FGF9|FOXO1|HBEGF|ICOS|NRG1|NRG2|NRG4|PHLPP1|PHLPP2|PIK3AP1|TNRC6A
 KEGG:hsa05162	Measles	1.83028736611e-09	9.01035e-08	BBC3|CD28|CD3D|CD46|CLEC4M|CSNK2B|FAS|FCGR2B|IFNA1|IFNA10|IFNA13|IFNA14|IFNA16|IFNA17|IFNA2|IFNA21|IFNA4|IFNA5|IFNA6|IFNA7|IFNA8|IFNAR2|IFNB1|IFNG|IL12B|IL1A|IL1B|IL2RB|IL2RG|STAT5A|TLR2|TLR4|TNFRSF10D
 REACT:R-HSA-5658623	FGFRL1 modulation of FGFR1 signaling	1.9965719078e-09	9.62837e-08	FGF10|FGF17|FGF18|FGF2|FGF22|FGF23|FGF3|FGF4|FGF5|FGF8
 REACT:R-HSA-5654693	FRS-mediated FGFR1 signaling	2.20588414201e-09	1.0425e-07	FGF1|FGF10|FGF17|FGF2|FGF20|FGF22|FGF23|FGF3|FGF4|FGF5|FGF6|FGF8|FGF9
 REACT:R-HSA-180292	GAB1 signalosome	2.65098265562e-09	1.20467e-07	BTC|CD19|CD28|EGFR|ERBB3|FGF1|FGF10|FGF16|FGF17|FGF18|FGF19|FGF2|FGF20|FGF22|FGF23|FGF3|FGF4|FGF5|FGF6|FGF7|FGF8|FGF9|FOXO1|HBEGF|ICOS|NRG1|NRG2|NRG4|PHLPP1|PHLPP2|PIK3AP1|TNRC6A
 REACT:R-HSA-198203	PI3K/AKT activation	2.65098265562e-09	1.20467e-07	BTC|CD19|CD28|EGFR|ERBB3|FGF1|FGF10|FGF16|FGF17|FGF18|FGF19|FGF2|FGF20|FGF22|FGF23|FGF3|FGF4|FGF5|FGF6|FGF7|FGF8|FGF9|FOXO1|HBEGF|ICOS|NRG1|NRG2|NRG4|PHLPP1|PHLPP2|PIK3AP1|TNRC6A
 REACT:R-HSA-5654719	SHC-mediated cascade:FGFR4	3.66679897557e-09	1.60456e-07	FGF1|FGF16|FGF17|FGF18|FGF19|FGF2|FGF20|FGF23|FGF4|FGF6|FGF8|FGF9
 REACT:R-HSA-5654720	PI-3K cascade:FGFR4	3.66679897557e-09	1.60456e-07	FGF1|FGF16|FGF17|FGF18|FGF19|FGF2|FGF20|FGF23|FGF4|FGF6|FGF8|FGF9
 REACT:R-HSA-2730905	Role of LAT2/NTAL/LAB on calcium mobilization	4.133521192e-09	1.77591e-07	BTC|CD19|CD28|EGFR|ERBB3|FGF1|FGF10|FGF16|FGF17|FGF18|FGF19|FGF2|FGF20|FGF22|FGF23|FGF3|FGF4|FGF5|FGF6|FGF7|FGF8|FGF9|FOXO1|GAB2|HBEGF|ICOS|NRG1|NRG2|NRG4|PHLPP1|PHLPP2|PIK3AP1|TNRC6A
 REACT:R-HSA-8854691	"Interleukin-19 20 22 24"	1.19694085754e-08	5.05066e-07	IL10RB|IL19|IL20|IL20RB|IL22|IL22RA1|IL22RA2|IL24
 REACT:R-HSA-5654704	SHC-mediated cascade:FGFR3	1.28685615497e-08	5.24283e-07	FGF1|FGF16|FGF17|FGF18|FGF2|FGF20|FGF23|FGF4|FGF5|FGF8|FGF9
 REACT:R-HSA-5654710	PI-3K cascade:FGFR3	1.28685615497e-08	5.24283e-07	FGF1|FGF16|FGF17|FGF18|FGF2|FGF20|FGF23|FGF4|FGF5|FGF8|FGF9
 KEGG:hsa05224	Breast cancer	1.56492317993e-08	6.26765e-07	DLL4|EGFR|FGF1|FGF10|FGF11|FGF12|FGF13|FGF14|FGF16|FGF17|FGF18|FGF19|FGF2|FGF20|FGF21|FGF22|FGF23|FGF3|FGF4|FGF5|FGF6|FGF7|FGF8|FGF9|HEY1|JAG2|LEF1|NFKB2|SP1|TCF7|TCF7L1|TCF7L2|WNT2
 REACT:R-HSA-5654712	FRS-mediated FGFR4 signaling	1.62173917628e-08	6.38695e-07	FGF1|FGF16|FGF17|FGF18|FGF19|FGF2|FGF20|FGF23|FGF4|FGF6|FGF8|FGF9
 REACT:R-HSA-933541	TRAF6 mediated IRF7 activation	1.78245009863e-08	6.9048e-07	IFNA1|IFNA10|IFNA13|IFNA14|IFNA16|IFNA17|IFNA2|IFNA21|IFNA4|IFNA5|IFNA6|IFNA7|IFNA8|IFNB1|RNF135
 KEGG:hsa04145	Phagosome	2.16505312567e-08	8.25165e-07	ATP6V0A1|ATP6V1E2|C1R|CALR|CANX|CD14|CLEC4M|CLEC7A|COLEC11|COLEC12|COMP|FCAR|FCGR2A|FCGR2B|FCGR2C|FCGR3A|FCGR3B|ITGB1|ITGB2|ITGB3|ITGB5|LAMP1|MBL2|MRC1|OLR1|PLA2R1|SFTPD|THBS1|THBS2|THBS3|THBS4|TLR2|TLR4|TLR6
 KEGG:hsa05320	Autoimmune thyroid disease	3.72166507612e-08	1.39592e-06	CD28|CD40|CGA|FAS|IFNA1|IFNA10|IFNA13|IFNA14|IFNA16|IFNA17|IFNA2|IFNA21|IFNA4|IFNA5|IFNA6|IFNA7|IFNA8|TSHR
 REACT:R-HSA-5654706	FRS-mediated FGFR3 signaling	5.8623961241e-08	2.16451e-06	FGF1|FGF16|FGF17|FGF18|FGF2|FGF20|FGF23|FGF4|FGF5|FGF8|FGF9
 KEGG:hsa04640	Hematopoietic cell lineage	6.09127304152e-08	2.21441e-06	CD14|CD19|CD1B|CD1C|CD1E|CD2|CD22|CD3D|CD4|CD44|CD59|CSF1|CSF2RA|GP1BA|GP1BB|GP5|GP9|IL1A|IL1B|IL1R1|IL1R2|IL4R|IL5RA|IL6R|ITGB3
 REACT:R-HSA-5655253	Signaling by FGFR2 in disease	6.6306503177e-08	2.37397e-06	FGF1|FGF10|FGF16|FGF17|FGF18|FGF2|FGF20|FGF22|FGF23|FGF3|FGF4|FGF5|FGF6|FGF7|FGF8|FGF9
 KEGG:hsa05144	Malaria	8.57910084084e-08	3.02573e-06	CD40|COMP|GYPB|ICAM1|IFNG|IL1B|ITGB2|KLRB1|KLRC4-KLRK1|SELE|SELP|THBS1|THBS2|THBS3|THBS4|TLR2|TLR4
 REACT:R-HSA-5654736	Signaling by FGFR1	1.20553015903e-07	4.18922e-06	FGF1|FGF10|FGF17|FGF18|FGF2|FGF20|FGF22|FGF23|FGF3|FGF4|FGF5|FGF6|FGF8|FGF9|FLRT1|FLRT2|FLRT3
 REACT:R-HSA-5655332	Signaling by FGFR3 in disease	2.12480399053e-07	7.17273e-06	FGF1|FGF16|FGF17|FGF18|FGF2|FGF20|FGF23|FGF4|FGF5|FGF8|FGF9
 REACT:R-HSA-8853338	Signaling by FGFR3 point mutants in cancer	2.12480399053e-07	7.17273e-06	FGF1|FGF16|FGF17|FGF18|FGF2|FGF20|FGF23|FGF4|FGF5|FGF8|FGF9
 REACT:R-HSA-5654716	Downstream signaling of activated FGFR4	3.01413080384e-07	1.00315e-05	FGF1|FGF16|FGF17|FGF18|FGF19|FGF2|FGF20|FGF23|FGF4|FGF6|FGF8|FGF9
 KEGG:hsa04620	Toll-like receptor signaling pathway	3.26853435539e-07	1.07271e-05	CD14|CD40|IFNA1|IFNA10|IFNA13|IFNA14|IFNA16|IFNA17|IFNA2|IFNA21|IFNA4|IFNA5|IFNA6|IFNA7|IFNA8|IFNAR2|IFNB1|IL12B|IL1B|TLR1|TLR2|TLR3|TLR4|TLR5|TLR6
 REACT:R-HSA-5654726	Negative regulation of FGFR1 signaling	5.29339057254e-07	1.6968e-05	FGF1|FGF10|FGF17|FGF2|FGF20|FGF22|FGF23|FGF3|FGF4|FGF5|FGF6|FGF8|FGF9
 REACT:R-HSA-2022857	Keratan sulfate degradation	5.31372452262e-07	1.6968e-05	FMOD|HEXA|HEXB|KERA|LUM|OGN|OMD|PRELP
 KEGG:hsa04015	Rap1 signaling pathway	9.59075886264e-07	3.02173e-05	BCAR1|CSF1|EFNA1|EFNA2|EFNA3|EFNA4|EGFR|FGF1|FGF10|FGF11|FGF12|FGF13|FGF14|FGF16|FGF17|FGF18|FGF19|FGF2|FGF20|FGF21|FGF22|FGF23|FGF3|FGF4|FGF5|FGF6|FGF7|FGF8|FGF9|FLT1|GNAS|ITGB1|ITGB2|ITGB3|LAT|RASSF5|THBS1|VEGFA
 REACT:R-HSA-1226099	Signaling by FGFR in disease	9.84302225726e-07	3.0604e-05	FGF1|FGF10|FGF16|FGF17|FGF18|FGF2|FGF20|FGF22|FGF23|FGF3|FGF4|FGF5|FGF6|FGF7|FGF8|FGF9|GAB2|STAT5A
 REACT:R-HSA-5654708	Downstream signaling of activated FGFR3	1.07683398953e-06	3.30462e-05	FGF1|FGF16|FGF17|FGF18|FGF2|FGF20|FGF23|FGF4|FGF5|FGF8|FGF9
 REACT:R-HSA-190371	FGFR3b ligand binding and activation	1.52853646929e-06	4.45917e-05	FGF1|FGF17|FGF18|FGF20|FGF8|FGF9
 REACT:R-HSA-3656225	Defective CHST6 causes MCDC1	1.52853646929e-06	4.45917e-05	FMOD|KERA|LUM|OGN|OMD|PRELP
 REACT:R-HSA-3656243	Defective ST3GAL3 causes MCT12 and EIEE15	1.52853646929e-06	4.45917e-05	FMOD|KERA|LUM|OGN|OMD|PRELP
 REACT:R-HSA-3656244	Defective B4GALT1 causes B4GALT1-CDG (CDG-2d)	1.52853646929e-06	4.45917e-05	FMOD|KERA|LUM|OGN|OMD|PRELP
 REACT:R-HSA-1839124	FGFR1 mutant receptor activation	1.8203858988e-06	5.18262e-05	FGF1|FGF17|FGF2|FGF20|FGF23|FGF4|FGF5|FGF6|FGF8|FGF9|GAB2|STAT5A
 REACT:R-HSA-5654733	Negative regulation of FGFR4 signaling	1.8203858988e-06	5.18262e-05	FGF1|FGF16|FGF17|FGF18|FGF19|FGF2|FGF20|FGF23|FGF4|FGF6|FGF8|FGF9
 REACT:R-HSA-109704	PI3K Cascade	2.05204703696e-06	5.7726e-05	FGF1|FGF10|FGF16|FGF17|FGF18|FGF19|FGF2|FGF20|FGF22|FGF23|FGF3|FGF4|FGF5|FGF6|FGF7|FGF8|FGF9|LAMTOR1|PRKAB1|PRKAB2
 KEGG:hsa04512	ECM-receptor interaction	3.83012259497e-06	0.000106477	CD44|CD47|CHAD|COMP|GP1BA|GP1BB|GP5|GP9|ITGB1|ITGB3|ITGB5|ITGB6|ITGB7|LAMB4|LAMC3|THBS1|THBS2|THBS3|THBS4|TNXB
 KEGG:hsa04622	RIG-I-like receptor signaling pathway	5.20564188466e-06	0.000143034	AZI2|IFNA1|IFNA10|IFNA13|IFNA14|IFNA16|IFNA17|IFNA2|IFNA21|IFNA4|IFNA5|IFNA6|IFNA7|IFNA8|IFNB1|IFNE|IFNW1|IL12B
 REACT:R-HSA-5654732	Negative regulation of FGFR3 signaling	6.23115698251e-06	0.000169244	FGF1|FGF16|FGF17|FGF18|FGF2|FGF20|FGF23|FGF4|FGF5|FGF8|FGF9
 REACT:R-HSA-3781865	Diseases of glycosylation	8.34227572999e-06	0.000224009	ADAMTSL1|ADAMTSL2|ADAMTSL4|BCAN|BGN|CFP|DCN|FMOD|KERA|LUM|MUC15|MUC7|OGN|OMD|PRELP|THBS1|THBS2|THSD1|THSD7B|VCAN
 REACT:R-HSA-216083	Integrin cell surface interactions	1.42207742421e-05	0.000374387	BSG|CD44|CD47|COMP|ICAM1|ICAM2|ICAM3|ICAM4|ITGB1|ITGB2|ITGB3|ITGB5|ITGB6|ITGB7|JAM2|LUM|THBS1
 REACT:R-HSA-3560782	Diseases associated with glycosaminoglycan metabolism	1.43613495728e-05	0.000374387	BCAN|BGN|DCN|FMOD|KERA|LUM|OGN|OMD|PRELP|VCAN
 REACT:R-HSA-190236	Signaling by FGFR	1.44177869937e-05	0.000374387	FGF1|FGF10|FGF16|FGF17|FGF18|FGF19|FGF2|FGF20|FGF22|FGF23|FGF3|FGF4|FGF5|FGF6|FGF7|FGF8|FGF9|FLRT1|FLRT2|FLRT3
 REACT:R-HSA-190370	FGFR1b ligand binding and activation	1.67641562315e-05	0.000430584	FGF1|FGF10|FGF2|FGF22|FGF3
 KEGG:hsa04623	Cytosolic DNA-sensing pathway	2.04526147463e-05	0.000517002	IFNA1|IFNA10|IFNA13|IFNA14|IFNA16|IFNA17|IFNA2|IFNA21|IFNA4|IFNA5|IFNA6|IFNA7|IFNA8|IFNB1|IL1B|POLR3H
 REACT:R-HSA-8847993	ERBB2 Activates PTK6 Signaling	2.05662956154e-05	0.000517002	BTC|EGFR|ERBB3|HBEGF|NRG1|NRG2|NRG4
 REACT:R-HSA-5655302	Signaling by FGFR1 in disease	2.08437180355e-05	0.00051846	FGF1|FGF17|FGF2|FGF20|FGF23|FGF4|FGF5|FGF6|FGF8|FGF9|GAB2|STAT5A
 REACT:R-HSA-1638074	Keratan sulfate/keratin metabolism	2.60046410738e-05	0.000640093	B4GALT2|B4GALT3|B4GALT4|FMOD|HEXA|HEXB|KERA|LUM|OGN|OMD|PRELP
 REACT:R-HSA-190377	FGFR2b ligand binding and activation	3.72601790405e-05	0.000907689	FGF1|FGF10|FGF2|FGF22|FGF3|FGF7
 REACT:R-HSA-6785631	ERBB2 Regulates Cell Motility	3.83390640085e-05	0.000924441	BTC|EGFR|ERBB3|HBEGF|NRG1|NRG2|NRG4
 REACT:R-HSA-202733	Cell surface interactions at the vascular wall	3.95510251731e-05	0.000944031	BSG|CD2|CD44|CD47|CD84|CEACAM1|CEACAM8|CXADR|ESAM|GYPB|ITGB1|ITGB2|ITGB3|JAM2|MAG|OLR1|PSG11|PSG2|PSG4|PSG5|PSG6|PSG8|SELE|SELL|SELP|TNFRSF10D
 REACT:R-HSA-5654743	Signaling by FGFR4	4.87693693505e-05	0.00114225	FGF1|FGF16|FGF17|FGF18|FGF19|FGF2|FGF20|FGF23|FGF4|FGF6|FGF8|FGF9
 REACT:R-HSA-5260271	Diseases of Immune System	4.93056213099e-05	0.00114225	CD14|NFKB2|TLR1|TLR10|TLR2|TLR3|TLR4|TLR5|TLR6
 REACT:R-HSA-5602358	Diseases associated with the TLR signaling cascade	4.93056213099e-05	0.00114225	CD14|NFKB2|TLR1|TLR10|TLR2|TLR3|TLR4|TLR5|TLR6
 KEGG:hsa04810	Regulation of actin cytoskeleton	4.9970658643e-05	0.00114641	ARHGEF7|BCAR1|CD14|EGFR|FGF1|FGF10|FGF11|FGF12|FGF13|FGF14|FGF16|FGF17|FGF18|FGF19|FGF2|FGF20|FGF21|FGF22|FGF23|FGF3|FGF4|FGF5|FGF6|FGF7|FGF8|FGF9|ITGB1|ITGB2|ITGB3|ITGB5|ITGB6|ITGB7|MYH14|MYH9
 KEGG:hsa04380	Osteoclast differentiation	5.9458195008e-05	0.00135096	CSF1|FCGR2A|FCGR2B|FCGR2C|FCGR3A|FCGR3B|GAB2|IFNAR2|IFNB1|IFNG|IL1A|IL1B|IL1R1|ITGB3|JUNB|LILRA1|LILRA3|LILRA4|LILRA5|LILRB5|MITF|NFKB2|TNFRSF11A|TNFRSF11B
 REACT:R-HSA-1266738	Developmental Biology	6.04225570902e-05	0.0013598	ABLIM1|ALCAM|ARHGAP39|ARHGEF7|BTC|CD72|CDH15|CDH2|CDH4|CFC1|CNTN6|CSF2RA|CSF2RB|CSNK2B|DPPA4|DSC2|EFNA1|EFNA2|EFNA3|EFNA4|EGFR|EGR2|ERBB3|FAM120B|FGF1|FGF10|FGF16|FGF17|FGF18|FGF19|FGF2|FGF20|FGF22|FGF23|FGF3|FGF4|FGF5|FGF6|FGF7|FGF8|FGF9|FOXO1|FOXP1|GAB2|GAP43|HBEGF|HNF1A|HNF1B|HOXA2|IL2RB|IL2RG|IL5RA|INSM1|ITGB1|ITGB3|IVL|KRT14|KRT7|KRT82|KRTAP10-1|KRTAP10-12|KRTAP10-2|KRTAP10-3|KRTAP1-1|KRTAP1-3|KRTAP13-2|KRTAP13-4|KRTAP1-5|KRTAP19-5|KRTAP2-1|KRTAP2-4|KRTAP24-1|KRTAP26-1|KRTAP3-3|KRTAP4-1|KRTAP4-3|KRTAP4-6|KRTAP4-7|LAT|LCE2B|LIN28A|MED26|MEF2A|MEF2C|MYH11|MYH14|MYH9|NCAM1|NFASC|NRG1|NRG2|NRG4|NTN4|NUMB|PDX1|PLXNA1|PLXNA2|PLXNC1|PLXND1|PSEN2|ROBO1|ROBO2|SALL1|SCN3B|SEMA3E|SLC2A2|SLIT1|SLIT2|SLIT3|SOX2|SPINK9|TCF12|TCF4|TDGF1|TRPC1|UNC5B|UNC5C|VEGFA|ZSCAN10
 REACT:R-HSA-1168372	Downstream signaling events of B Cell Receptor (BCR)	6.41387546099e-05	0.00142981	BTC|CD19|CD28|EGFR|ERBB3|FGF1|FGF10|FGF16|FGF17|FGF18|FGF19|FGF2|FGF20|FGF22|FGF23|FGF3|FGF4|FGF5|FGF6|FGF7|FGF8|FGF9|FOXO1|HBEGF|ICOS|NRG1|NRG2|NRG4|PHLPP1|PHLPP2|PIK3AP1|TNRC6A
 KEGG:hsa04014	Ras signaling pathway	8.88713721238e-05	0.00196265	CSF1|EFNA1|EFNA2|EFNA3|EFNA4|EGFR|FGF1|FGF10|FGF11|FGF12|FGF13|FGF14|FGF16|FGF17|FGF18|FGF19|FGF2|FGF20|FGF21|FGF22|FGF23|FGF3|FGF4|FGF5|FGF6|FGF7|FGF8|FGF9|FLT1|GAB2|LAT|PLA2G4D|RASSF5|SHOC2|VEGFA
 REACT:R-HSA-109582	Hemostasis	9.40674064265e-05	0.00205816	A1BG|AKAP1|APOH|BCAR1|BSG|CD2|CD44|CD47|CD84|CEACAM1|CEACAM8|CHID1|CLEC1B|CLEC3B|CSF2RA|CSF2RB|CXADR|ESAM|F3|GAB2|GATA2|GATA3|GATA6|GNAS|GP1BA|GP1BB|GP5|GP9|GYPB|IFNA1|IFNA10|IFNA13|IFNA14|IFNA16|IFNA17|IFNA2|IFNA21|IFNA4|IFNA5|IFNA6|IFNA7|IFNA8|IFNB1|IL2RB|IL2RG|IL5RA|ITGB1|ITGB2|ITGB3|JAM2|LAT|MAG|NFE2|OLR1|PCDH7|PDPN|PLAUR|PSG11|PSG2|PSG4|PSG5|PSG6|PSG8|SCG3|SELE|SELL|SELP|SERPINB2|SERPINB6|SERPINB8|SERPINC1|SERPINF2|SERPING1|STIM1|THBS1|TNFRSF10D|VEGFA
 REACT:R-HSA-3000178	ECM proteoglycans	9.9020879256e-05	0.00214666	ASPN|BCAN|BGN|COMP|DCN|FMOD|ITGB1|ITGB3|ITGB5|ITGB6|LUM|NCAM1|TNXB|VCAN
 KEGG:hsa05168	Herpes simplex infection	0.000110931801435	0.00236421	CFP|CSNK2B|FAS|IFNA1|IFNA10|IFNA13|IFNA14|IFNA16|IFNA17|IFNA2|IFNA21|IFNA4|IFNA5|IFNA6|IFNA7|IFNA8|IFNAR2|IFNB1|IFNG|IL12B|IL1B|MCRS1|NXF5|PILRA|POU2F3|SKP2|TAF6|TLR2|TLR3|TNFRSF14
 REACT:R-HSA-1963642	PI3K events in ERBB2 signaling	0.000111056834819	0.00236421	BTC|EGFR|ERBB3|HBEGF|NRG1|NRG2|NRG4
 REACT:R-HSA-422475	Axon guidance	0.000112856837464	0.00238108	ABLIM1|ALCAM|ARHGAP39|ARHGEF7|BTC|CD72|CNTN6|CSF2RA|CSF2RB|CSNK2B|EFNA1|EFNA2|EFNA3|EFNA4|EGFR|ERBB3|FGF1|FGF10|FGF16|FGF17|FGF18|FGF19|FGF2|FGF20|FGF22|FGF23|FGF3|FGF4|FGF5|FGF6|FGF7|FGF8|FGF9|GAB2|GAP43|HBEGF|IL2RB|IL2RG|IL5RA|ITGB1|ITGB3|LAT|MYH11|MYH14|MYH9|NCAM1|NFASC|NRG1|NRG2|NRG4|NTN4|NUMB|PLXNA1|PLXNA2|PLXNC1|PLXND1|PSEN2|ROBO1|ROBO2|SCN3B|SEMA3E|SLIT1|SLIT2|SLIT3|TRPC1|UNC5B|UNC5C|VEGFA
 REACT:R-HSA-445717	Aquaporin-mediated transport	0.000143761649142	0.00300627	AQP1|AQP10|AQP12A|AQP2|AQP3|AQP4|AQP5|AQP6|AQP7|AQP9|GNAS|MIP|MYO5B
 REACT:R-HSA-983705	Signaling by the B Cell Receptor (BCR)	0.000164496841645	0.0034097	BTC|CD19|CD22|CD28|EGFR|ERBB3|FGF1|FGF10|FGF16|FGF17|FGF18|FGF19|FGF2|FGF20|FGF22|FGF23|FGF3|FGF4|FGF5|FGF6|FGF7|FGF8|FGF9|FOXO1|HBEGF|ICOS|NRG1|NRG2|NRG4|PHLPP1|PHLPP2|PIK3AP1|STIM1|TNRC6A|TRPC1
 REACT:R-HSA-5654741	Signaling by FGFR3	0.00018635290895	0.00382915	FGF1|FGF16|FGF17|FGF18|FGF2|FGF20|FGF23|FGF4|FGF5|FGF8|FGF9
 REACT:R-HSA-5654738	Signaling by FGFR2	0.000195005995128	0.00391325	FGF1|FGF10|FGF16|FGF17|FGF18|FGF2|FGF20|FGF22|FGF23|FGF3|FGF4|FGF5|FGF6|FGF7|FGF8|FGF9
 REACT:R-HSA-6785807	Interleukin-4 and 13 signaling	0.00019510473523	0.00391325	ANXA1|BCL6|FGF2|FOXO1|GATA3|ICAM1|IL12B|IL13RA1|IL13RA2|IL1A|IL1B|IL2RG|IL4R|IL6R|ITGB1|ITGB2|JUNB|SOX2|STAT6|TNFRSF1B|VEGFA
 REACT:R-HSA-2022854	Keratan sulfate biosynthesis	0.000195414287059	0.00391325	B4GALT2|B4GALT3|B4GALT4|FMOD|KERA|LUM|OGN|OMD|PRELP
 REACT:R-HSA-2172127	DAP12 interactions	0.000220199698698	0.00437254	BTC|CD19|CD28|CLEC5A|CSF2RA|CSF2RB|EGFR|ERBB3|FGF1|FGF10|FGF16|FGF17|FGF18|FGF19|FGF2|FGF20|FGF22|FGF23|FGF3|FGF4|FGF5|FGF6|FGF7|FGF8|FGF9|FOXO1|HBEGF|ICOS|IL2RB|IL2RG|IL5RA|ITGB3|KIR2DS4|KIR2DS5|KIR3DS1|KLRC2|KLRC4-KLRK1|KLRD1|LAT|NCAM1|NRG1|NRG2|NRG4|PHLPP1|PHLPP2|PIK3AP1|SIGLEC14|SIGLEC15|TNRC6A
 KEGG:hsa04659	Th17 cell differentiation	0.000224276995299	0.00441639	CD3D|CD4|GATA3|IFNG|IL12RB1|IL1B|IL1R1|IL1RAP|IL21R|IL22|IL27RA|IL2RB|IL2RG|IL4R|IL6R|IL6ST|LAT|RUNX1|STAT5A|STAT6
 REACT:R-HSA-168928	RIG-I/MDA5 mediated induction of IFN-alpha/beta pathways	0.000244235329409	0.00476914	AGER|IFNA1|IFNA10|IFNA13|IFNA14|IFNA16|IFNA17|IFNA2|IFNA21|IFNA4|IFNA5|IFNA6|IFNA7|IFNA8|IFNB1|NFKB2|RNF135
 REACT:R-HSA-909733	Interferon alpha/beta signaling	0.000246227456842	0.00476914	IFNA1|IFNA10|IFNA13|IFNA14|IFNA16|IFNA17|IFNA2|IFNA21|IFNA4|IFNA5|IFNA6|IFNA7|IFNA8|IFNAR2|IFNB1
 KEGG:hsa04612	Antigen processing and presentation	0.000268691783736	0.00516194	CALR|CANX|CD4|IFNG|KIR2DL1|KIR2DL3|KIR2DL4|KIR2DS1|KIR2DS4|KIR2DS5|KIR3DL2|KIR3DL3|KLRC1|KLRC2|KLRD1|RFXAP
 REACT:R-HSA-189085	Digestion of dietary carbohydrate	0.000287763181019	0.00548375	AMY1A|AMY2A|AMY2B|MGAM|SI
 KEGG:hsa00500	Starch and sucrose metabolism	0.000332946749418	0.00629403	AGL|AMY1A|AMY2A|AMY2B|GAA|GYG1|GYG2|MGAM|PGM2L1|SI
 KEGG:hsa05161	Hepatitis B	0.000344813604356	0.00646662	CREB3L3|CREB5|EGR2|EGR3|FAS|IFNA1|IFNA10|IFNA13|IFNA14|IFNA16|IFNA17|IFNA2|IFNA21|IFNA4|IFNA5|IFNA6|IFNA7|IFNA8|IFNB1|STAT5A|STAT6|TLR2|TLR3|TLR4
 REACT:R-HSA-5669034	TNFs bind their physiological receptors	0.000350755060344	0.00652625	CD27|EDA2R|TNFRSF11B|TNFRSF14|TNFRSF18|TNFRSF1B|TNFRSF25|TNFRSF4|TNFRSF6B
 REACT:R-HSA-416700	Other semaphorin interactions	0.000396529046853	0.0073203	CD72|ITGB1|PLXNA1|PLXNA2|PLXNC1|PLXND1|SEMA3E
 REACT:R-HSA-2024101	CS/DS degradation	0.000404598813085	0.00741137	BCAN|BGN|DCN|HEXA|HEXB|VCAN
 KEGG:hsa05321	Inflammatory bowel disease (IBD)	0.000434595907039	0.00789962	GATA3|IFNG|IL12B|IL12RB1|IL1A|IL1B|IL21R|IL22|IL2RG|IL4R|STAT6|TLR2|TLR4|TLR5
 REACT:R-HSA-5357572	Lysosomal glycogen catabolism	0.000486005933594	0.00875088	GAA|GYG1|GYG2
 REACT:R-HSA-425366	"Transport of glucose and other sugars bile salts and organic acids metal ions and amine compounds"	0.000488834599612	0.00875088	BSG|EMB|FGF21|RUNX1|SLC13A3|SLC14A1|SLC14A2|SLC22A8|SLC2A1|SLC2A10|SLC2A11|SLC2A14|SLC2A2|SLC2A3|SLC2A5|SLC2A6|SLC2A8|SLC2A9|SLC30A8
 REACT:R-HSA-1250342	PI3K events in ERBB4 signaling	0.000538266213584	0.00956333	BTC|HBEGF|NRG1|NRG2|NRG4
 REACT:R-HSA-1630316	Glycosaminoglycan metabolism	0.000636349241984	0.0112216	B3GAT3|B4GALT2|B4GALT3|B4GALT4|BCAN|BGN|CD44|DCN|FMOD|GLCE|GUSB|HEXA|HEXB|KERA|LUM|NAGLU|OGN|OMD|PRELP|VCAN|XYLT2
 KEGG:hsa04010	MAPK signaling pathway	0.00084645931889	0.0148162	CD14|EGFR|ELK4|FAS|FGF1|FGF10|FGF11|FGF12|FGF13|FGF14|FGF16|FGF17|FGF18|FGF19|FGF2|FGF20|FGF21|FGF22|FGF23|FGF3|FGF4|FGF5|FGF6|FGF7|FGF8|FGF9|IL1A|IL1B|IL1R1|IL1R2|MAPT|MEF2C|NFKB2|NTRK2|PLA2G4D
 REACT:R-HSA-5602498	MyD88 deficiency (TLR2/4)	0.000923064621467	0.0159212	CD14|TLR1|TLR2|TLR4|TLR6
 REACT:R-HSA-5603041	IRAK4 deficiency (TLR2/4)	0.000923064621467	0.0159212	CD14|TLR1|TLR2|TLR4|TLR6
 REACT:R-HSA-1963640	GRB2 events in ERBB2 signaling	0.00094081932179	0.0161098	BTC|EGFR|HBEGF|NRG1|NRG2|NRG4
 KEGG:hsa05150	Staphylococcus aureus infection	0.000972425471081	0.0165312	C1R|FCAR|FCGR2A|FCGR2B|FCGR2C|FCGR3A|FCGR3B|ICAM1|ITGB2|MASP2|MBL2|SELP
 REACT:R-HSA-71387	Metabolism of carbohydrates	0.000981573564788	0.0165676	AGL|AMY1A|AMY2A|AMY2B|B3GAT3|B4GALT2|B4GALT3|B4GALT4|BCAN|BGN|CD44|DCN|EPM2A|FGF21|FMOD|GAA|GLCE|GUSB|GYG1|GYG2|HEXA|HEXB|KERA|LUM|MGAM|NAGLU|OGN|OMD|POM121|PRELP|SI|SLC25A10|SLC2A1|SLC2A14|SLC2A2|SLC2A3|SLC2A5|VCAN|XYLT2
 REACT:R-HSA-186797	Signaling by PDGF	0.000999565100899	0.0167516	BCAR1|BTC|CD19|CD28|CSF2RA|CSF2RB|EGFR|ERBB3|FGF1|FGF10|FGF16|FGF17|FGF18|FGF19|FGF2|FGF20|FGF22|FGF23|FGF3|FGF4|FGF5|FGF6|FGF7|FGF8|FGF9|FOXO1|HBEGF|ICOS|IL2RB|IL2RG|IL5RA|ITGB3|LAT|NCAM1|NRG1|NRG2|NRG4|PHLPP1|PHLPP2|PIK3AP1|STAT5A|STAT6|THBS1|THBS2|THBS3|THBS4|TNRC6A
 KEGG:hsa05164	Influenza A	0.00101655429989	0.0169163	AGFG1|FAS|ICAM1|IFNA1|IFNA10|IFNA13|IFNA14|IFNA16|IFNA17|IFNA2|IFNA21|IFNA4|IFNA5|IFNA6|IFNA7|IFNA8|IFNAR2|IFNB1|IFNG|IL12B|IL1A|IL1B|NXF5|TLR3|TLR4|TNFRSF10D
 KEGG:hsa05332	Graft-versus-host disease	0.00102428116687	0.0169257	CD28|FAS|IFNG|IL1A|IL1B|KIR2DL1|KIR2DL3|KIR3DL2|KLRC1|KLRD1
 REACT:R-HSA-1250196	SHC1 events in ERBB2 signaling	0.00108886832937	0.0175567	BTC|EGFR|ERBB3|HBEGF|NRG1|NRG2|NRG4
 REACT:R-HSA-3595172	Defective CHST3 causes SEDCJD	0.00109961659386	0.0175567	BCAN|BGN|DCN|VCAN
 REACT:R-HSA-3595174	"Defective CHST14 causes EDS musculocontractural type"	0.00109961659386	0.0175567	BCAN|BGN|DCN|VCAN
 REACT:R-HSA-3595177	Defective CHSY1 causes TPBS	0.00109961659386	0.0175567	BCAN|BGN|DCN|VCAN
 REACT:R-HSA-4411364	Binding of TCF/LEF:CTNNB1 to target gene promoters	0.00109961659386	0.0175567	LEF1|TCF7|TCF7L1|TCF7L2
 KEGG:hsa04360	Axon guidance	0.001206897916	0.0191403	ABLIM1|EFNA1|EFNA2|EFNA3|EFNA4|ITGB1|LRRC4|LRRC4C|NTN4|NTNG1|PLXNA1|PLXNA2|PLXNC1|ROBO1|ROBO2|SEMA3B|SEMA3C|SEMA3E|SEMA3F|SEMA3G|SLIT1|SLIT2|SLIT3|TRPC1|UNC5B|UNC5C
 REACT:R-HSA-6783783	Interleukin-10 signaling	0.00122198641466	0.0192504	CSF1|ICAM1|IL10RA|IL10RB|IL12B|IL1A|IL1B|IL1R1|IL1R2|IL1RN|TNFRSF1B
 REACT:R-HSA-5684996	MAPK1/MAPK3 signaling	0.00125619059564	0.0196581	BTC|CSF2RA|CSF2RB|EGFR|ERBB3|FGF1|FGF10|FGF16|FGF17|FGF18|FGF19|FGF2|FGF20|FGF22|FGF23|FGF3|FGF4|FGF5|FGF6|FGF7|FGF8|FGF9|HBEGF|IL2RB|IL2RG|IL5RA|IL6R|IL6ST|ITGB3|LAT|NCAM1|NRG1|NRG2|NRG4
 REACT:R-HSA-451927	Interleukin-2 signaling	0.00137264602184	0.0212546	BTC|CSF2RA|CSF2RB|EGFR|ERBB3|FGF1|FGF10|FGF16|FGF17|FGF18|FGF19|FGF2|FGF20|FGF22|FGF23|FGF3|FGF4|FGF5|FGF6|FGF7|FGF8|FGF9|GAB2|HBEGF|IL2RB|IL2RG|IL5RA|ITGB3|LAT|LGALS9|NCAM1|NRG1|NRG2|NRG4|STAT5A
 REACT:R-HSA-5621480	Dectin-2 family	0.00137619468484	0.0212546	CLEC10A|CLEC4A|CLEC4C|CLEC4D|CLEC4E|CLEC6A|MUC15|MUC7
 REACT:R-HSA-6798695	Neutrophil degranulation	0.00159190745902	0.0244265	A1BG|AGL|ATP6V0A1|CD14|CD44|CD47|CD59|CD68|CEACAM1|CEACAM8|CFP|CHI3L1|CLEC12A|CLEC4C|CLEC4D|CLEC5A|CSNK2B|DEGS1|DSN1|FAF2|FCAR|FCGR2A|FCGR2C|FCGR3B|GAA|GLA|GUSB|GYG1|HEXB|ITGB2|LAMP1|LAMTOR1|LGALS3|LILRA3|LRG1|MGAM|NEU1|NFASC|OLR1|PGLYRP1|PLAUR|PRG2|PRG3|PTX3|SELL|SERPINB6|SIGLEC14|SIGLEC5|SIGLEC9|SLC2A3|SLC2A5|SLPI|STBD1|STK11IP|TLR2|TNFRSF1B|VAPA
 REACT:R-HSA-428542	Regulation of Commissural axon pathfinding by Slit and Robo	0.00182962257209	0.0277141	ROBO1|ROBO2|SLIT2
 REACT:R-HSA-428776	Class II GLUTs	0.00182962257209	0.0277141	SLC2A11|SLC2A5|SLC2A9
 REACT:R-HSA-1643685	Disease	0.00190550948786	0.0286797	ADAMTSL1|ADAMTSL2|ADAMTSL4|AP1M2|BCAN|BGN|BTC|CALR|CANX|CAST|CD14|CD19|CD28|CD320|CD4|CFP|CSF2RA|CSF2RB|DCN|DKK1|DKK2|DLL4|EGFR|EPM2A|ERBB3|ERLEC1|FGF1|FGF10|FGF16|FGF17|FGF18|FGF19|FGF2|FGF20|FGF22|FGF23|FGF3|FGF4|FGF5|FGF6|FGF7|FGF8|FGF9|FMOD|FOXO1|GAB2|GYG1|GYG2|HBEGF|HDAC9|HEY1|ICOS|ITGB3|JAG2|KERA|LUM|MAMLD1|MUC15|MUC7|NFKB2|NRG1|NRG2|NRG4|OGN|OMD|OS9|PIK3AP1|POM121|PORCN|PRELP|PSEN2|RANGAP1|RPL10L|RPS20|RPS23|SFTPD|STAT5A|TAF6|TCF7L2|THBS1|THBS2|THSD1|THSD7B|TLR1|TLR10|TLR2|TLR3|TLR4|TLR5|TLR6|VCAN
 REACT:R-HSA-1433557	Signaling by SCF-KIT	0.00192161163622	0.028739	BTC|CD19|CD28|CSF2RA|CSF2RB|EGFR|ERBB3|FGF1|FGF10|FGF16|FGF17|FGF18|FGF19|FGF2|FGF20|FGF22|FGF23|FGF3|FGF4|FGF5|FGF6|FGF7|FGF8|FGF9|FOXO1|GAB2|HBEGF|ICOS|IL2RB|IL2RG|IL5RA|ITGB3|LAT|NCAM1|NRG1|NRG2|NRG4|PHLPP1|PHLPP2|PIK3AP1|STAT5A|TNRC6A
 REACT:R-HSA-1474244	Extracellular matrix organization	0.00194032156493	0.0288364	ASPN|BCAN|BGN|BSG|CAST|CD44|CD47|CEACAM1|CEACAM8|COL8A2|COMP|DCN|EFEMP1|FGF2|FMOD|ICAM1|ICAM2|ICAM3|ICAM4|ITGB1|ITGB2|ITGB3|ITGB5|ITGB6|ITGB7|JAM2|LAMC3|LTBP1|LTBP3|LUM|NCAM1|NRXN1|NTN4|OPTC|P4HB|THBS1|TNXB|VCAN
 REACT:R-HSA-446210	Synthesis of UDP-N-acetyl-glucosamine	0.00206246610027	0.03046	AMDHD2|NAGK|PGM3|RENBP
 REACT:R-HSA-2892247	"POU5F1 (OCT4) SOX2 NANOG activate genes related to proliferation"	0.00225083871715	0.0326303	DPPA4|FGF2|SALL1|SOX2|TDGF1
 REACT:R-HSA-75205	Dissolution of Fibrin Clot	0.00225083871715	0.0326303	PLAUR|SERPINB2|SERPINB6|SERPINB8|SERPINF2
 REACT:R-HSA-75892	Platelet Adhesion to exposed collagen	0.00225083871715	0.0326303	GP1BA|GP1BB|GP5|GP9|ITGB1
 REACT:R-HSA-1251985	Nuclear signaling by ERBB4	0.00249219141885	0.0359088	BTC|HBEGF|NRG1|NRG2|NRG4|PSEN2|STAT5A
 REACT:R-HSA-186763	Downstream signal transduction	0.00250840115076	0.0359233	BCAR1|BTC|CD19|CD28|CSF2RA|CSF2RB|EGFR|ERBB3|FGF1|FGF10|FGF16|FGF17|FGF18|FGF19|FGF2|FGF20|FGF22|FGF23|FGF3|FGF4|FGF5|FGF6|FGF7|FGF8|FGF9|FOXO1|HBEGF|ICOS|IL2RB|IL2RG|IL5RA|ITGB3|LAT|NCAM1|NRG1|NRG2|NRG4|PHLPP1|PHLPP2|PIK3AP1|STAT5A|STAT6|TNRC6A
 REACT:R-HSA-5173214	O-glycosylation of TSR domain-containing proteins	0.0027358179854	0.0387577	ADAMTSL1|ADAMTSL2|ADAMTSL4|CFP|POFUT2|THBS1|THBS2|THSD1|THSD7B
 REACT:R-HSA-2586552	Signaling by Leptin	0.00274180178182	0.0387577	BTC|CSF2RA|CSF2RB|EGFR|ERBB3|FGF1|FGF10|FGF16|FGF17|FGF18|FGF19|FGF2|FGF20|FGF22|FGF23|FGF3|FGF4|FGF5|FGF6|FGF7|FGF8|FGF9|HBEGF|IL2RB|IL2RG|IL5RA|ITGB3|LAT|NCAM1|NRG1|NRG2|NRG4|STAT5A
 KEGG:hsa05200	Pathways in cancer	0.00275552282162	0.0387577	CSF2RA|EGFR|FAS|FGF1|FGF10|FGF11|FGF12|FGF13|FGF14|FGF16|FGF17|FGF18|FGF19|FGF2|FGF20|FGF21|FGF22|FGF23|FGF3|FGF4|FGF5|FGF6|FGF7|FGF8|FGF9|FOXO1|GLI1|GNAS|HHIP|ITGB1|LAMB4|LAMC3|LEF1|MITF|NFKB2|PAX8|RASSF5|RUNX1|SKP2|SLC2A1|STAT5A|TCF7|TCF7L1|TCF7L2|TGFA|VEGFA|WNT2
 KEGG:hsa05146	Amoebiasis	0.00285898197967	0.039975	C8A|CD14|GNAS|IFNG|IL12B|IL1B|IL1R1|IL1R2|ITGB2|LAMB4|LAMC3|SERPINB13|SERPINB6|SERPINB9|TLR2|TLR4
 REACT:R-HSA-112412	SOS-mediated signalling	0.00308640812413	0.0419955	BTC|CSF2RA|CSF2RB|EGFR|ERBB3|FGF1|FGF10|FGF16|FGF17|FGF18|FGF19|FGF2|FGF20|FGF22|FGF23|FGF3|FGF4|FGF5|FGF6|FGF7|FGF8|FGF9|HBEGF|IL2RB|IL2RG|IL5RA|ITGB3|LAT|NCAM1|NRG1|NRG2|NRG4
 REACT:R-HSA-179812	GRB2 events in EGFR signaling	0.00308640812413	0.0419955	BTC|CSF2RA|CSF2RB|EGFR|ERBB3|FGF1|FGF10|FGF16|FGF17|FGF18|FGF19|FGF2|FGF20|FGF22|FGF23|FGF3|FGF4|FGF5|FGF6|FGF7|FGF8|FGF9|HBEGF|IL2RB|IL2RG|IL5RA|ITGB3|LAT|NCAM1|NRG1|NRG2|NRG4
 REACT:R-HSA-180336	SHC1 events in EGFR signaling	0.00308640812413	0.0419955	BTC|CSF2RA|CSF2RB|EGFR|ERBB3|FGF1|FGF10|FGF16|FGF17|FGF18|FGF19|FGF2|FGF20|FGF22|FGF23|FGF3|FGF4|FGF5|FGF6|FGF7|FGF8|FGF9|HBEGF|IL2RB|IL2RG|IL5RA|ITGB3|LAT|NCAM1|NRG1|NRG2|NRG4
 REACT:R-HSA-5673001	RAF/MAP kinase cascade	0.00308640812413	0.0419955	BTC|CSF2RA|CSF2RB|EGFR|ERBB3|FGF1|FGF10|FGF16|FGF17|FGF18|FGF19|FGF2|FGF20|FGF22|FGF23|FGF3|FGF4|FGF5|FGF6|FGF7|FGF8|FGF9|HBEGF|IL2RB|IL2RG|IL5RA|ITGB3|LAT|NCAM1|NRG1|NRG2|NRG4
 REACT:R-HSA-2424491	DAP12 signaling	0.00310065155826	0.0419955	BTC|CD19|CD28|CSF2RA|CSF2RB|EGFR|ERBB3|FGF1|FGF10|FGF16|FGF17|FGF18|FGF19|FGF2|FGF20|FGF22|FGF23|FGF3|FGF4|FGF5|FGF6|FGF7|FGF8|FGF9|FOXO1|HBEGF|ICOS|IL2RB|IL2RG|IL5RA|ITGB3|KLRC2|KLRC4-KLRK1|KLRD1|LAT|NCAM1|NRG1|NRG2|NRG4|PHLPP1|PHLPP2|PIK3AP1|TNRC6A
 REACT:R-HSA-912526	Interleukin receptor SHC signaling	0.00311011937137	0.0419955	BTC|CSF2RA|CSF2RB|EGFR|ERBB3|FGF1|FGF10|FGF16|FGF17|FGF18|FGF19|FGF2|FGF20|FGF22|FGF23|FGF3|FGF4|FGF5|FGF6|FGF7|FGF8|FGF9|GAB2|HBEGF|IL2RB|IL2RG|IL5RA|ITGB3|LAT|NCAM1|NRG1|NRG2|NRG4
 REACT:R-HSA-1250347	SHC1 events in ERBB4 signaling	0.00327652751807	0.0439911	BTC|HBEGF|NRG1|NRG2|NRG4
 REACT:R-HSA-5218921	VEGFR2 mediated cell proliferation	0.00374148859425	0.0496724	BTC|CSF2RA|CSF2RB|EGFR|ERBB3|FGF1|FGF10|FGF16|FGF17|FGF18|FGF19|FGF2|FGF20|FGF22|FGF23|FGF3|FGF4|FGF5|FGF6|FGF7|FGF8|FGF9|HBEGF|IL2RB|IL2RG|IL5RA|ITGB3|LAT|NCAM1|NRG1|NRG2|NRG4|VEGFA
 REACT:R-HSA-5663202	Diseases of signal transduction	0.00374172412889	0.0496724	BTC|CD19|CD28|DKK1|DKK2|DLL4|EGFR|ERBB3|ERLEC1|FGF1|FGF10|FGF16|FGF17|FGF18|FGF19|FGF2|FGF20|FGF22|FGF23|FGF3|FGF4|FGF5|FGF6|FGF7|FGF8|FGF9|FOXO1|GAB2|HBEGF|HDAC9|HEY1|ICOS|ITGB3|JAG2|MAMLD1|NRG1|NRG2|NRG4|OS9|PIK3AP1|PORCN|PSEN2|STAT5A|TCF7L2
