 REACT:R-HSA-372790	Signaling by GPCR	0.0	0	ADORA3|AVPR2|FGF5|GPR31|GRP|HRH4|KALRN|MC3R|MC4R|NRG1|OR10G3|OR10G4|OR10G8|OR10G9|OR10H1|OR10H3|OR10H4|OR10J1|OR10J3|OR11A1|OR11L1|OR14A16|OR14I1|OR14J1|OR1A1|OR1A2|OR1C1|OR1D2|OR1D5|OR1E1|OR1E2|OR1J1|OR1J4|OR1K1|OR1L1|OR1M1|OR1N1|OR1S2|OR2A14|OR2A2|OR2B6|OR2G3|OR2S2|OR2T10|OR2T2|OR2T35|OR2W3|OR3A3|OR4A16|OR4B1|OR4C3|OR4D1|OR4D10|OR4D9|OR4F17|OR4K15|OR4K2|OR4L1|OR4M1|OR4N5|OR4S1|OR4X2|OR52E2|OR52M1|OR52W1|OR56A3|OR5A2|OR5AP2|OR5AS1|OR5B12|OR5D13|OR5D14|OR5I1|OR5M9|OR5R1|OR6C3|OR6C4|OR6C6|OR6C70|OR6S1|OR6V1|OR6X1|OR7A10|OR7A5|OR7C1|OR7C2|OR7D4|OR8D1|OR8G1|OR8G5|OR8H1|OR9A2|OR9A4|PPP2R1A|PPP2R1B|TBXA2R
 REACT:R-HSA-388396	GPCR downstream signaling	0.0	0	ADORA3|AVPR2|GRP|HRH4|KALRN|MC3R|MC4R|OR10G3|OR10G4|OR10G8|OR10G9|OR10H1|OR10H3|OR10H4|OR10J1|OR10J3|OR11A1|OR11L1|OR14A16|OR14I1|OR14J1|OR1A1|OR1A2|OR1C1|OR1D2|OR1D5|OR1E1|OR1E2|OR1J1|OR1J4|OR1K1|OR1L1|OR1M1|OR1N1|OR1S2|OR2A14|OR2A2|OR2B6|OR2G3|OR2S2|OR2T10|OR2T2|OR2T35|OR2W3|OR3A3|OR4A16|OR4B1|OR4C3|OR4D1|OR4D10|OR4D9|OR4F17|OR4K15|OR4K2|OR4L1|OR4M1|OR4N5|OR4S1|OR4X2|OR52E2|OR52M1|OR52W1|OR56A3|OR5A2|OR5AP2|OR5AS1|OR5B12|OR5D13|OR5D14|OR5I1|OR5M9|OR5R1|OR6C3|OR6C4|OR6C6|OR6C70|OR6S1|OR6V1|OR6X1|OR7A10|OR7A5|OR7C1|OR7C2|OR7D4|OR8D1|OR8G1|OR8G5|OR8H1|OR9A2|OR9A4|TBXA2R
 REACT:R-HSA-162582	Signal Transduction	7.43183292684e-13	5.85381e-10	ADORA3|APH1B|AVPR2|CRABP1|CRABP2|FABP5|FGF5|GPR31|GRP|HRH4|KALRN|MC3R|MC4R|NRG1|OR10G3|OR10G4|OR10G8|OR10G9|OR10H1|OR10H3|OR10H4|OR10J1|OR10J3|OR11A1|OR11L1|OR14A16|OR14I1|OR14J1|OR1A1|OR1A2|OR1C1|OR1D2|OR1D5|OR1E1|OR1E2|OR1J1|OR1J4|OR1K1|OR1L1|OR1M1|OR1N1|OR1S2|OR2A14|OR2A2|OR2B6|OR2G3|OR2S2|OR2T10|OR2T2|OR2T35|OR2W3|OR3A3|OR4A16|OR4B1|OR4C3|OR4D1|OR4D10|OR4D9|OR4F17|OR4K15|OR4K2|OR4L1|OR4M1|OR4N5|OR4S1|OR4X2|OR52E2|OR52M1|OR52W1|OR56A3|OR5A2|OR5AP2|OR5AS1|OR5B12|OR5D13|OR5D14|OR5I1|OR5M9|OR5R1|OR6C3|OR6C4|OR6C6|OR6C70|OR6S1|OR6V1|OR6X1|OR7A10|OR7A5|OR7C1|OR7C2|OR7D4|OR8D1|OR8G1|OR8G5|OR8H1|OR9A2|OR9A4|PIK3AP1|PPP2R1A|PPP2R1B|RBP1|RBP2|TBXA2R
 KEGG:hsa04740	Olfactory transduction	1.73983050189e-12	1.0278e-09	OR10G3|OR10G4|OR10G8|OR10G9|OR10H1|OR10H3|OR10H4|OR10J1|OR10J3|OR11A1|OR11L1|OR14A16|OR14I1|OR14J1|OR1A1|OR1A2|OR1C1|OR1D2|OR1D5|OR1E1|OR1E2|OR1J1|OR1J4|OR1K1|OR1L1|OR1M1|OR1N1|OR1S2|OR2A14|OR2A2|OR2B6|OR2G3|OR2S2|OR2T10|OR2T2|OR2W3|OR3A3|OR4A16|OR4B1|OR4C3|OR4D1|OR4D10|OR4D9|OR4F17|OR4K15|OR4K2|OR4L1|OR4M1|OR4N5|OR4S1|OR4X2|OR52E2|OR52M1|OR52W1|OR56A3|OR5A2|OR5AP2|OR5AS1|OR5B12|OR5D13|OR5D14|OR5I1|OR5M9|OR5R1|OR6C3|OR6C4|OR6C6|OR6C70|OR6S1|OR6V1|OR6X1|OR7A10|OR7A5|OR7C1|OR7C2|OR7D4|OR8D1|OR8G1|OR8G5|OR8H1|OR9A2|OR9A4|SLC8A1
 REACT:R-HSA-381753	Olfactory Signaling Pathway	5.65469893132e-12	2.67241e-09	OR10G3|OR10G4|OR10G8|OR10G9|OR10H1|OR10H3|OR10H4|OR10J1|OR10J3|OR11A1|OR11L1|OR14A16|OR14I1|OR14J1|OR1A1|OR1A2|OR1C1|OR1D2|OR1D5|OR1E1|OR1E2|OR1J1|OR1J4|OR1K1|OR1L1|OR1M1|OR1N1|OR1S2|OR2A14|OR2A2|OR2B6|OR2G3|OR2S2|OR2T10|OR2T2|OR2T35|OR2W3|OR3A3|OR4A16|OR4B1|OR4C3|OR4D1|OR4D10|OR4D9|OR4F17|OR4K15|OR4K2|OR4L1|OR4M1|OR4N5|OR4S1|OR4X2|OR52E2|OR52M1|OR52W1|OR56A3|OR5A2|OR5AP2|OR5AS1|OR5B12|OR5D13|OR5D14|OR5I1|OR5M9|OR5R1|OR6C3|OR6C4|OR6C6|OR6C70|OR6S1|OR6V1|OR6X1|OR7A10|OR7A5|OR7C1|OR7C2|OR7D4|OR8D1|OR8G1|OR8G5|OR8H1|OR9A2|OR9A4
 REACT:R-HSA-163560	Hormone-sensitive lipase (HSL)-mediated triacylglycerol hydrolysis	1.37462374816e-10	5.41373e-08	FABP1|FABP2|FABP3|FABP4|FABP5|FABP6|FABP7|FABP9
 KEGG:hsa_M00415	"Fatty acid biosynthesis elongation endoplasmic reticulum"	5.9018720755e-07	0.00019923	ELOVL1|ELOVL3|ELOVL4|ELOVL7|TECR
 REACT:R-HSA-75876	Synthesis of very long-chain fatty acyl-CoAs	1.98709385069e-06	0.000586938	ELOVL1|ELOVL3|ELOVL4|ELOVL7|TECR|TECRL
 KEGG:hsa00062	Fatty acid elongation	2.12697515092e-05	0.00558449	ELOVL1|ELOVL3|ELOVL4|ELOVL7|TECR
 KEGG:hsa03320	PPAR signaling pathway	6.29879907627e-05	0.0148841	FABP1|FABP2|FABP3|FABP4|FABP5|FABP6|FABP7
 REACT:R-HSA-75105	Fatty Acyl-CoA Biosynthesis	0.000100913658579	0.0216781	ELOVL1|ELOVL3|ELOVL4|ELOVL7|TECR|TECRL
 REACT:R-HSA-73923	"Lipid digestion mobilization and transport"	0.000204498723747	0.0402692	FABP1|FABP2|FABP3|FABP4|FABP5|FABP6|FABP7|FABP9
