 KEGG:hsa04740	Olfactory transduction	0.0	0	OR10H3|OR10J1|OR10J5|OR11L1|OR12D3|OR14A16|OR1A2|OR1C1|OR1D2|OR1D5|OR1E1|OR1E2|OR1F1|OR1J1|OR1J4|OR1N1|OR1S2|OR2A2|OR2T2|OR4C12|OR4K15|OR4S1|OR52W1|OR5AS1|OR5B12|OR5D13|OR5D14|OR5H6|OR5M9|OR8D1|OR9A4|SLC8A1|SLC8A2|SLC8A3
 REACT:R-HSA-162582	Signal Transduction	0.0	0	ADORA3|ANXA1|APH1A|APH1B|AR|AVPR2|CRABP1|CRABP2|CSF2RA|FABP5|GRP|HRH4|KALRN|LRAT|MC3R|MC4R|NR3C1|NUP107|OR10H3|OR10J1|OR10J5|OR11L1|OR12D3|OR14A16|OR1A2|OR1C1|OR1D2|OR1D5|OR1E1|OR1E2|OR1F1|OR1J1|OR1J4|OR1N1|OR1S2|OR2A2|OR2T2|OR4C12|OR4K15|OR4S1|OR52W1|OR5AS1|OR5B12|OR5D13|OR5D14|OR5H6|OR5M9|OR8D1|OR9A4|PGR|PPP2R1A|PPP2R1B|PSEN2|PTGER1|PTGER3|RBP1|RBP2|RBP3|RBP4|RDH11|RDH12|RDH13|RDH14|RDH8|RLBP1|TBXA2R
 REACT:R-HSA-163560	Hormone-sensitive lipase (HSL)-mediated triacylglycerol hydrolysis	0.0	0	FABP1|FABP2|FABP3|FABP4|FABP5|FABP6|FABP7|FABP9
 REACT:R-HSA-372790	Signaling by GPCR	0.0	0	ADORA3|ANXA1|AVPR2|CSF2RA|GRP|HRH4|KALRN|MC3R|MC4R|OR10H3|OR10J1|OR10J5|OR11L1|OR12D3|OR14A16|OR1A2|OR1C1|OR1D2|OR1D5|OR1E1|OR1E2|OR1F1|OR1J1|OR1J4|OR1N1|OR1S2|OR2A2|OR2T2|OR4C12|OR4K15|OR4S1|OR52W1|OR5AS1|OR5B12|OR5D13|OR5D14|OR5H6|OR5M9|OR8D1|OR9A4|PPP2R1A|PPP2R1B|PTGER1|PTGER3|TBXA2R
 REACT:R-HSA-388396	GPCR downstream signaling	0.0	0	ADORA3|ANXA1|AVPR2|CSF2RA|GRP|HRH4|KALRN|MC3R|MC4R|OR10H3|OR10J1|OR10J5|OR11L1|OR12D3|OR14A16|OR1A2|OR1C1|OR1D2|OR1D5|OR1E1|OR1E2|OR1F1|OR1J1|OR1J4|OR1N1|OR1S2|OR2A2|OR2T2|OR4C12|OR4K15|OR4S1|OR52W1|OR5AS1|OR5B12|OR5D13|OR5D14|OR5H6|OR5M9|OR8D1|OR9A4|PTGER1|PTGER3|TBXA2R
 REACT:R-HSA-381753	Olfactory Signaling Pathway	2.1911361614e-12	8.62942e-10	OR10H3|OR10J1|OR10J5|OR11L1|OR12D3|OR14A16|OR1A2|OR1C1|OR1D2|OR1D5|OR1E1|OR1E2|OR1F1|OR1J1|OR1J4|OR1N1|OR1S2|OR2A2|OR2T2|OR4C12|OR4K15|OR4S1|OR52W1|OR5AS1|OR5B12|OR5D13|OR5D14|OR5H6|OR5M9|OR8D1|OR9A4
 REACT:R-HSA-2453902	The canonical retinoid cycle in rods (twilight vision)	1.71517244851e-11	5.78993e-09	LRAT|RBP1|RBP3|RBP4|RDH11|RDH12|RDH8|RLBP1
 REACT:R-HSA-383280	Nuclear Receptor transcription pathway	8.99149643629e-11	2.65586e-08	AR|NR0B1|NR1I2|NR1I3|NR2C1|NR3C1|NR3C2|NR4A3|PGR|VDR
 REACT:R-HSA-556833	Metabolism of lipids and lipoproteins	3.164134732e-09	8.30761e-07	CDIPT|CYP11B1|ELOVL1|ELOVL3|ELOVL4|ELOVL7|FABP1|FABP2|FABP3|FABP4|FABP5|FABP6|FABP7|FABP9|HSD3B7|OSBPL10|OSBPL3|OSBPL5|OSBPL6|OSBPL7|OSBPL8|OSBPL9|PTGR2|SRD5A1|SRD5A2|SRD5A3|TECR|TECRL|TMEM86B
 KEGG:hsa_M00415	"Fatty acid biosynthesis elongation endoplasmic reticulum"	1.37520905774e-07	3.24962e-05	ELOVL1|ELOVL3|ELOVL4|ELOVL7|TECR
 REACT:R-HSA-75876	Synthesis of very long-chain fatty acyl-CoAs	3.57272507023e-07	7.67486e-05	ELOVL1|ELOVL3|ELOVL4|ELOVL7|TECR|TECRL
 REACT:R-HSA-2187338	Visual phototransduction	1.02016133807e-06	0.000200887	LRAT|RBP1|RBP2|RBP3|RBP4|RDH11|RDH12|RDH8|RLBP1
 REACT:R-HSA-194068	Bile acid and bile salt metabolism	5.08803609145e-06	0.000809003	FABP6|HSD3B7|OSBPL3|OSBPL6|OSBPL7|OSBPL9
 REACT:R-HSA-5362517	Signaling by Retinoic Acid	5.08803609145e-06	0.000809003	CRABP1|CRABP2|FABP5|RDH11|RDH13|RDH14
 KEGG:hsa00062	Fatty acid elongation	5.13543980318e-06	0.000809003	ELOVL1|ELOVL3|ELOVL4|ELOVL7|TECR
 KEGG:hsa03320	PPAR signaling pathway	9.55048573303e-06	0.00141049	FABP1|FABP2|FABP3|FABP4|FABP5|FABP6|FABP7
 REACT:R-HSA-75105	Fatty Acyl-CoA Biosynthesis	1.96295039565e-05	0.0027285	ELOVL1|ELOVL3|ELOVL4|ELOVL7|TECR|TECRL
 REACT:R-HSA-192105	Synthesis of bile acids and bile salts	2.49495414125e-05	0.00324547	HSD3B7|OSBPL3|OSBPL6|OSBPL7|OSBPL9
 REACT:R-HSA-73923	"Lipid digestion mobilization and transport"	2.60955884832e-05	0.00324547	FABP1|FABP2|FABP3|FABP4|FABP5|FABP6|FABP7|FABP9
 REACT:R-HSA-5365859	RA biosynthesis pathway	8.59002918422e-05	0.00882106	CRABP1|RDH11|RDH13|RDH14
 REACT:R-HSA-2453864	Retinoid cycle disease events	8.91086154685e-05	0.00882106	RBP1|RBP4|RLBP1
 REACT:R-HSA-2474795	Diseases associated with visual transduction	8.91086154685e-05	0.00882106	RBP1|RBP4|RLBP1
 REACT:R-HSA-391908	Prostanoid ligand receptors	8.91086154685e-05	0.00882106	PTGER1|PTGER3|TBXA2R
 REACT:R-HSA-975634	Retinoid metabolism and transport	8.95918356434e-05	0.00882106	LRAT|RBP1|RBP2|RBP4|RDH11
 REACT:R-HSA-1251985	Nuclear signaling by ERBB4	0.000120750168805	0.0114133	APH1A|APH1B|PGR|PSEN2
 REACT:R-HSA-193692	Regulated proteolysis of p75NTR	0.000126328197486	0.0114813	APH1A|APH1B|PSEN2
 KEGG:hsa04080	Neuroactive ligand-receptor interaction	0.000148634164051	0.0130082	ADORA3|AVPR2|HRH4|MC3R|MC4R|NR3C1|PRLR|PTGER1|PTGER3|TBXA2R|TRPV1
 REACT:R-HSA-193048	Androgen biosynthesis	0.000172378489573	0.0135777	SRD5A1|SRD5A2|SRD5A3
 REACT:R-HSA-1980148	Signaling by NOTCH3	0.000172378489573	0.0135777	APH1A|APH1B|PSEN2
 REACT:R-HSA-1980150	Signaling by NOTCH4	0.000172378489573	0.0135777	APH1A|APH1B|PSEN2
 REACT:R-HSA-75109	Triglyceride Biosynthesis	0.000196146013886	0.0149514	ELOVL1|ELOVL3|ELOVL4|ELOVL7|TECR|TECRL
 REACT:R-HSA-6806667	Metabolism of fat-soluble vitamins	0.000219666269196	0.016221	LRAT|RBP1|RBP2|RBP4|RDH11
 REACT:R-HSA-425561	Sodium/Calcium exchangers	0.000294259098274	0.0210707	SLC8A1|SLC8A2|SLC8A3
 REACT:R-HSA-196071	Metabolism of steroid hormones	0.000324427074205	0.0225477	CYP11B1|SRD5A1|SRD5A2|SRD5A3
 REACT:R-HSA-418359	Reduction of cytosolic Ca++ levels	0.000371663443191	0.0250926	SLC8A1|SLC8A2|SLC8A3
 REACT:R-HSA-205043	NRIF signals cell death from the nucleus	0.000461047869179	0.0294448	APH1A|APH1B|PSEN2
 REACT:R-HSA-391903	Eicosanoid ligand-binding receptors	0.000461047869179	0.0294448	PTGER1|PTGER3|TBXA2R
 REACT:R-HSA-1430728	Metabolism	0.000538891720683	0.0335106	CDIPT|COX7A2L|CYP11B1|ELOVL1|ELOVL3|ELOVL4|ELOVL7|FABP1|FABP2|FABP3|FABP4|FABP5|FABP6|FABP7|FABP9|HSD3B7|LRAT|NUP107|OSBPL10|OSBPL3|OSBPL5|OSBPL6|OSBPL7|OSBPL8|OSBPL9|PPP2R1A|PPP2R1B|PTGR2|RBP1|RBP2|RBP4|RDH11|SRD5A1|SRD5A2|SRD5A3|TECR|TECRL|TMEM86B
 KEGG:hsa_M00682	Notch signaling	0.000563132128709	0.0338106	APH1A|APH1B|PSEN2
 KEGG:hsa00830	Retinol metabolism	0.000572333924937	0.0338106	LRAT|RDH11|RDH12|RDH8|RETSAT
