 REACT:R-HSA-163560	Hormone-sensitive lipase (HSL)-mediated triacylglycerol hydrolysis	1.41161460299e-09	3.33565e-06	FABP2|FABP3|FABP4|FABP5|FABP7|FABP9
 REACT:R-HSA-383280	Nuclear Receptor transcription pathway	2.02362643309e-08	2.39091e-05	AR|NR0B1|NR3C1|NR3C2|NR4A3|PGR|VDR
 REACT:R-HSA-2453902	The canonical retinoid cycle in rods (twilight vision)	2.15106900181e-07	0.000169433	LRAT|RBP1|RBP3|RDH8|RLBP1
 KEGG:hsa_M00415	"Fatty acid biosynthesis elongation endoplasmic reticulum"	8.37864070125e-07	0.000494968	ELOVL1|ELOVL3|ELOVL4|ELOVL7
 REACT:R-HSA-216083	Integrin cell surface interactions	3.18411848144e-06	0.00150481	ITGB1|ITGB2|ITGB3|ITGB5|ITGB6|ITGB7
 KEGG:hsa05412	Arrhythmogenic right ventricular cardiomyopathy (ARVC)	4.45983523789e-06	0.00175643	ITGB1|ITGB3|ITGB5|ITGB6|ITGB7|SLC8A1
 KEGG:hsa05410	Hypertrophic cardiomyopathy (HCM)	1.02270444818e-05	0.00345236	ITGB1|ITGB3|ITGB5|ITGB6|ITGB7|SLC8A1
 KEGG:hsa00062	Fatty acid elongation	1.40345045707e-05	0.00401818	ELOVL1|ELOVL3|ELOVL4|ELOVL7
 KEGG:hsa05414	Dilated cardiomyopathy	1.53040988081e-05	0.00401818	ITGB1|ITGB3|ITGB5|ITGB6|ITGB7|SLC8A1
 REACT:R-HSA-75876	Synthesis of very long-chain fatty acyl-CoAs	2.24075702089e-05	0.00529491	ELOVL1|ELOVL3|ELOVL4|ELOVL7
 REACT:R-HSA-2187338	Visual phototransduction	3.15330328559e-05	0.00668878	LRAT|RBP1|RBP2|RBP3|RDH8|RLBP1
 REACT:R-HSA-2129379	Molecules associated with elastic fibres	3.39675648486e-05	0.00668878	ITGB1|ITGB3|ITGB5|ITGB6
 REACT:R-HSA-425561	Sodium/Calcium exchangers	5.78161789986e-05	0.0105092	SLC8A1|SLC8A2|SLC8A3
 REACT:R-HSA-73923	"Lipid digestion mobilization and transport"	6.55202807964e-05	0.0108204	FABP2|FABP3|FABP4|FABP5|FABP7|FABP9
 KEGG:hsa03320	PPAR signaling pathway	7.11491694855e-05	0.0108204	FABP2|FABP3|FABP4|FABP5|FABP7
 REACT:R-HSA-418359	Reduction of cytosolic Ca++ levels	7.32657428842e-05	0.0108204	SLC8A1|SLC8A2|SLC8A3
 REACT:R-HSA-1566948	Elastic fibre formation	0.00011493305568	0.0159757	ITGB1|ITGB3|ITGB5|ITGB6
 REACT:R-HSA-1236394	Signaling by ERBB4	0.000126146193749	0.0164696	APH1A|APH1B|ERBB3|PGR
 KEGG:hsa04512	ECM-receptor interaction	0.000132426029257	0.0164696	ITGB1|ITGB3|ITGB5|ITGB6|ITGB7
 KEGG:hsa04144	Endocytosis	0.000163533964892	0.0193215	ARFGEF1|ARFGEF2|ERBB3|GBF1|PSD|PSD2|PSD3|PSD4
 REACT:R-HSA-418346	Platelet homeostasis	0.00021642997098	0.0240134	PPP2R1A|PPP2R1B|SLC8A1|SLC8A2|SLC8A3
 REACT:R-HSA-3000170	Syndecan interactions	0.00022356913637	0.0240134	ITGB1|ITGB3|ITGB5
 REACT:R-HSA-75105	Fatty Acyl-CoA Biosynthesis	0.00030750409947	0.0315927	ELOVL1|ELOVL3|ELOVL4|ELOVL7
 REACT:R-HSA-3000178	ECM proteoglycans	0.000378889919438	0.0354559	ITGB1|ITGB3|ITGB5|ITGB6
 KEGG:hsa04977	Vitamin digestion and absorption	0.000390119407799	0.0354559	LRAT|RBP2|SLC19A3
 KEGG:hsa_M00154	Cytochrome c oxidase	0.000390119407799	0.0354559	COX7A1|COX7A2|COX7A2L
 REACT:R-HSA-1251985	Nuclear signaling by ERBB4	0.000441403704419	0.038631	APH1A|APH1B|PGR
 REACT:R-HSA-2187335	The retinoid cycle in cones (daylight vision)	0.000531193487958	0.0448289	RBP3|RLBP1
