 KEGG:hsa_M00415	"Fatty acid biosynthesis elongation endoplasmic reticulum"	4.88997000669e-08	0.00011555	ELOVL1|ELOVL3|ELOVL4|ELOVL7
 REACT:R-HSA-383280	Nuclear Receptor transcription pathway	3.9682876507e-07	0.000468853	AR|NR3C1|NR3C2|NR4A3|PGR
 KEGG:hsa00062	Fatty acid elongation	8.43232119796e-07	0.000664186	ELOVL1|ELOVL3|ELOVL4|ELOVL7
 REACT:R-HSA-75876	Synthesis of very long-chain fatty acyl-CoAs	1.35610406671e-06	0.000801118	ELOVL1|ELOVL3|ELOVL4|ELOVL7
 REACT:R-HSA-425561	Sodium/Calcium exchangers	7.07147805823e-06	0.00334198	SLC8A1|SLC8A2|SLC8A3
 REACT:R-HSA-418359	Reduction of cytosolic Ca++ levels	8.98140207861e-06	0.00353718	SLC8A1|SLC8A2|SLC8A3
 REACT:R-HSA-75105	Fatty Acyl-CoA Biosynthesis	1.98114335038e-05	0.00668777	ELOVL1|ELOVL3|ELOVL4|ELOVL7
 KEGG:hsa_M00154	Cytochrome c oxidase	4.89168271085e-05	0.0129993	COX7A1|COX7A2|COX7A2L
 REACT:R-HSA-216083	Integrin cell surface interactions	4.95105036995e-05	0.0129993	ITGB2|ITGB3|ITGB5|ITGB7
 REACT:R-HSA-1251985	Nuclear signaling by ERBB4	5.54723111237e-05	0.0131081	APH1A|APH1B|PGR
 KEGG:hsa05412	Arrhythmogenic right ventricular cardiomyopathy (ARVC)	6.20120679405e-05	0.0133213	ITGB3|ITGB5|ITGB7|SLC8A1
 KEGG:hsa04260	Cardiac muscle contraction	8.48831863224e-05	0.0167149	COX7A1|COX7A2|COX7A2L|SLC8A1
 REACT:R-HSA-75109	Triglyceride Biosynthesis	9.83716300319e-05	0.0170433	ELOVL1|ELOVL3|ELOVL4|ELOVL7
 REACT:R-HSA-418360	Platelet calcium homeostasis	0.000107073904761	0.0170433	SLC8A1|SLC8A2|SLC8A3
 KEGG:hsa05410	Hypertrophic cardiomyopathy (HCM)	0.000108188608716	0.0170433	ITGB3|ITGB5|ITGB7|SLC8A1
 KEGG:hsa05414	Dilated cardiomyopathy	0.000141915404131	0.0208065	ITGB3|ITGB5|ITGB7|SLC8A1
 KEGG:hsa05010	Alzheimer's disease	0.000149687182777	0.0208065	APH1A|APH1B|COX7A1|COX7A2|COX7A2L
 REACT:R-HSA-1236394	Signaling by ERBB4	0.000286762536628	0.0376455	APH1A|APH1B|PGR
 REACT:R-HSA-397014	Muscle contraction	0.000340030106056	0.042289	ANXA1|ITGB5|SLC8A1|SLC8A2|SLC8A3
 REACT:R-HSA-193692	Regulated proteolysis of p75NTR	0.000392808124839	0.0442003	APH1A|APH1B
 REACT:R-HSA-2046105	Linoleic acid (LA) metabolism	0.000392808124839	0.0442003	ELOVL1|ELOVL3
 REACT:R-HSA-1980148	Signaling by NOTCH3	0.000479188431151	0.0492314	APH1A|APH1B
 REACT:R-HSA-1980150	Signaling by NOTCH4	0.000479188431151	0.0492314	APH1A|APH1B
