 KEGG:hsa05230	Central carbon metabolism in cancer	0.0	0	EGFR|ERBB2|FGFR1|FGFR2|FGFR3|FLT3|KIT|MET|NTRK1|NTRK3|RET
 REACT:R-HSA-194138	Signaling by VEGF	0.0	0	AXL|BCAR1|EGFR|ERBB2|ERBB3|ERBB4|FGFR1|FGFR2|FGFR3|FLT1|KDR|KIT|MET|PTK2|PTK2B|RET|TEK
 REACT:R-HSA-2219530	Constitutive Signaling by Aberrant PI3K in Cancer	4.92628160487e-12	3.88027e-09	EGFR|ERBB2|ERBB3|ERBB4|FGFR1|FGFR2|FGFR3|KIT|MET
 REACT:R-HSA-449147	Signaling by Interleukins	9.16822173735e-12	5.41613e-09	EGFR|ERBB2|ERBB3|ERBB4|FGFR1|FGFR2|FGFR3|FLT3|IRAK1|IRAK3|IRAK4|KIT|MAP3K7|MET|PTK2|PTK2B|RET|TEK
 REACT:R-HSA-4420097	VEGFA-VEGFR2 Pathway	1.81641368613e-11	8.58437e-09	AXL|BCAR1|EGFR|ERBB2|ERBB3|ERBB4|FGFR1|FGFR2|FGFR3|KDR|KIT|MET|PTK2|PTK2B|RET|TEK
 REACT:R-HSA-170968	Frs2-mediated activation	3.18616244499e-11	1.11899e-08	EGFR|ERBB2|ERBB3|ERBB4|FGFR1|FGFR2|FGFR3|KIT|MET|NTRK1|PTK2|RET|TEK
 REACT:R-HSA-170984	ARMS-mediated activation	4.03722610898e-11	1.11899e-08	EGFR|ERBB2|ERBB3|ERBB4|FGFR1|FGFR2|FGFR3|KIT|MET|NTRK1|PTK2|RET|TEK
 REACT:R-HSA-187706	Signalling to p38 via RIT and RIN	4.03722610898e-11	1.11899e-08	EGFR|ERBB2|ERBB3|ERBB4|FGFR1|FGFR2|FGFR3|KIT|MET|NTRK1|PTK2|RET|TEK
 REACT:R-HSA-169893	Prolonged ERK activation events	4.39829284105e-11	1.11899e-08	EGFR|ERBB2|ERBB3|ERBB4|FGFR1|FGFR2|FGFR3|KIT|MET|NTRK1|PTK2|RET|TEK
 REACT:R-HSA-5218921	VEGFR2 mediated cell proliferation	5.16251486005e-11	1.11899e-08	EGFR|ERBB2|ERBB3|ERBB4|FGFR1|FGFR2|FGFR3|KDR|KIT|MET|PTK2|RET|TEK
 REACT:R-HSA-167044	Signalling to RAS	5.22133447589e-11	1.11899e-08	EGFR|ERBB2|ERBB3|ERBB4|FGFR1|FGFR2|FGFR3|KIT|MET|NTRK1|PTK2|RET|TEK
 REACT:R-HSA-451927	Interleukin-2 signaling	5.68256552924e-11	1.11899e-08	EGFR|ERBB2|ERBB3|ERBB4|FGFR1|FGFR2|FGFR3|KIT|MET|PTK2|PTK2B|RET|TEK
 REACT:R-HSA-422475	Axon guidance	7.1550543268e-11	1.30057e-08	EGFR|EPHA3|ERBB2|ERBB3|ERBB4|FES|FGFR1|FGFR2|FGFR3|KALRN|KDR|KIT|LIMK2|MET|PTK2|RET|TEK
 REACT:R-HSA-187687	Signalling to ERKs	8.8284490829e-11	1.49012e-08	EGFR|ERBB2|ERBB3|ERBB4|FGFR1|FGFR2|FGFR3|KIT|MET|NTRK1|PTK2|RET|TEK
 REACT:R-HSA-166520	Signalling by NGF	1.01349595383e-10	1.59659e-08	EGFR|ERBB2|ERBB3|ERBB4|FGFR1|FGFR2|FGFR3|IRAK1|KALRN|KIT|MET|NTRK1|NTRK2|PTK2|RET|TEK
 REACT:R-HSA-6811558	"PI5P PP2A and IER3 Regulate PI3K/AKT Signaling"	1.14509290938e-10	1.69116e-08	EGFR|ERBB2|ERBB3|ERBB4|FGFR1|FGFR2|FGFR3|KIT|MET
 REACT:R-HSA-2219528	PI3K/AKT Signaling in Cancer	1.36131661499e-10	1.89223e-08	EGFR|ERBB2|ERBB3|ERBB4|FGFR1|FGFR2|FGFR3|KIT|MET
 REACT:R-HSA-198203	PI3K/AKT activation	1.75100933753e-10	2.29869e-08	EGFR|ERBB2|ERBB3|ERBB4|FGFR1|FGFR2|FGFR3|KIT|MET|NTRK1
 REACT:R-HSA-5683057	MAPK family signaling cascades	2.26861307517e-10	2.82144e-08	EGFR|ERBB2|ERBB3|ERBB4|FGFR1|FGFR2|FGFR3|KALRN|KIT|MET|PTK2|RET|TEK
 REACT:R-HSA-199418	Negative regulation of the PI3K/AKT network	2.47163844946e-10	2.92024e-08	EGFR|ERBB2|ERBB3|ERBB4|FGFR1|FGFR2|FGFR3|KIT|MET
 REACT:R-HSA-112399	IRS-mediated signalling	2.86847989805e-10	3.2168e-08	EGFR|ERBB2|ERBB3|ERBB4|FGFR1|FGFR2|FGFR3|KIT|MET|PTK2|RET|RPTOR|TEK
 REACT:R-HSA-74751	Insulin receptor signalling cascade	3.15927839445e-10	3.2168e-08	EGFR|ERBB2|ERBB3|ERBB4|FGFR1|FGFR2|FGFR3|KIT|MET|PTK2|RET|RPTOR|TEK
 REACT:R-HSA-2428924	IGF1R signaling cascade	3.26717319865e-10	3.2168e-08	EGFR|ERBB2|ERBB3|ERBB4|FGFR1|FGFR2|FGFR3|KIT|MET|PTK2|RET|RPTOR|TEK
 REACT:R-HSA-2428928	IRS-related events triggered by IGF1R	3.26717319865e-10	3.2168e-08	EGFR|ERBB2|ERBB3|ERBB4|FGFR1|FGFR2|FGFR3|KIT|MET|PTK2|RET|RPTOR|TEK
 REACT:R-HSA-2404192	Signaling by Type 1 Insulin-like Growth Factor 1 Receptor (IGF1R)	3.40477424032e-10	3.21819e-08	EGFR|ERBB2|ERBB3|ERBB4|FGFR1|FGFR2|FGFR3|KIT|MET|PTK2|RET|RPTOR|TEK
 REACT:R-HSA-112412	SOS-mediated signalling	4.90368967654e-10	3.99566e-08	EGFR|ERBB2|ERBB3|ERBB4|FGFR1|FGFR2|FGFR3|KIT|MET|PTK2|RET|TEK
 REACT:R-HSA-179812	GRB2 events in EGFR signaling	4.90368967654e-10	3.99566e-08	EGFR|ERBB2|ERBB3|ERBB4|FGFR1|FGFR2|FGFR3|KIT|MET|PTK2|RET|TEK
 REACT:R-HSA-180336	SHC1 events in EGFR signaling	4.90368967654e-10	3.99566e-08	EGFR|ERBB2|ERBB3|ERBB4|FGFR1|FGFR2|FGFR3|KIT|MET|PTK2|RET|TEK
 REACT:R-HSA-5673001	RAF/MAP kinase cascade	4.90368967654e-10	3.99566e-08	EGFR|ERBB2|ERBB3|ERBB4|FGFR1|FGFR2|FGFR3|KIT|MET|PTK2|RET|TEK
 REACT:R-HSA-5684996	MAPK1/MAPK3 signaling	6.16778628171e-10	4.85816e-08	EGFR|ERBB2|ERBB3|ERBB4|FGFR1|FGFR2|FGFR3|KIT|MET|PTK2|RET|TEK
 REACT:R-HSA-2586552	Signaling by Leptin	6.75728251132e-10	5.15079e-08	EGFR|ERBB2|ERBB3|ERBB4|FGFR1|FGFR2|FGFR3|KIT|MET|PTK2|RET|TEK
 REACT:R-HSA-187037	NGF signalling via TRKA from the plasma membrane	7.1788408551e-10	5.20707e-08	EGFR|ERBB2|ERBB3|ERBB4|FGFR1|FGFR2|FGFR3|KIT|MET|NTRK1|NTRK2|PTK2|RET|TEK
 REACT:R-HSA-912526	Interleukin receptor SHC signaling	7.27183535609e-10	5.20707e-08	EGFR|ERBB2|ERBB3|ERBB4|FGFR1|FGFR2|FGFR3|KIT|MET|PTK2|RET|TEK
 REACT:R-HSA-74752	Signaling by Insulin receptor	8.4804963052e-10	5.89394e-08	EGFR|ERBB2|ERBB3|ERBB4|FGFR1|FGFR2|FGFR3|KIT|MET|PTK2|RET|RPTOR|TEK
 REACT:R-HSA-8853659	RET signaling	1.41568257117e-09	9.03686e-08	EGFR|ERBB2|ERBB3|ERBB4|FGFR1|FGFR2|FGFR3|KIT|MET|PTK2|RET|TEK
 REACT:R-HSA-1433557	Signaling by SCF-KIT	1.46697476389e-09	9.03686e-08	EGFR|ERBB2|ERBB3|ERBB4|FES|FGFR1|FGFR2|FGFR3|KIT|MET|PTK2|RET|TEK
 REACT:R-HSA-1280215	Cytokine Signaling in Immune system	1.47193590649e-09	9.03686e-08	EGFR|ERBB2|ERBB3|ERBB4|FGFR1|FGFR2|FGFR3|FLT3|IRAK1|IRAK3|IRAK4|KIT|MAP3K7|MET|PTK2|PTK2B|RET|TEK
 REACT:R-HSA-2871796	FCERI mediated MAPK activation	1.49148371431e-09	9.03686e-08	EGFR|ERBB2|ERBB3|ERBB4|FGFR1|FGFR2|FGFR3|KIT|MET|PTK2|RET|TEK
 REACT:R-HSA-512988	"Interleukin-3 5 and GM-CSF signaling"	1.49148371431e-09	9.03686e-08	EGFR|ERBB2|ERBB3|ERBB4|FGFR1|FGFR2|FGFR3|KIT|MET|PTK2|RET|TEK
 KEGG:hsa01521	EGFR tyrosine kinase inhibitor resistance	1.61052615688e-09	9.51418e-08	AXL|EGFR|ERBB2|ERBB3|FGFR2|FGFR3|KDR|MET
 REACT:R-HSA-375165	NCAM signaling for neurite out-growth	1.8136273594e-09	1.04527e-07	EGFR|ERBB2|ERBB3|ERBB4|FGFR1|FGFR2|FGFR3|KIT|MET|PTK2|RET|TEK
 REACT:R-HSA-186763	Downstream signal transduction	2.52933007872e-09	1.42305e-07	BCAR1|EGFR|ERBB2|ERBB3|ERBB4|FGFR1|FGFR2|FGFR3|KIT|MET|PTK2|RET|TEK
 REACT:R-HSA-1257604	PIP3 activates AKT signaling	3.06027814201e-09	1.68173e-07	EGFR|ERBB2|ERBB3|ERBB4|FGFR1|FGFR2|FGFR3|KIT|MET
 REACT:R-HSA-180292	GAB1 signalosome	3.80302322966e-09	2.0424e-07	EGFR|ERBB2|ERBB3|ERBB4|FGFR1|FGFR2|FGFR3|KIT|MET
 REACT:R-HSA-186797	Signaling by PDGF	5.56815449304e-09	2.9239e-07	BCAR1|EGFR|ERBB2|ERBB3|ERBB4|FGFR1|FGFR2|FGFR3|KIT|MET|PTK2|RET|TEK
 REACT:R-HSA-2454202	Fc epsilon receptor (FCERI) signaling	5.9625814286e-09	3.06295e-07	EGFR|ERBB2|ERBB3|ERBB4|FGFR1|FGFR2|FGFR3|KIT|MAP3K7|MET|PTK2|RET|TEK
 REACT:R-HSA-2730905	Role of LAT2/NTAL/LAB on calcium mobilization	6.92250878842e-09	3.4804e-07	EGFR|ERBB2|ERBB3|ERBB4|FGFR1|FGFR2|FGFR3|KIT|MET
 REACT:R-HSA-1168372	Downstream signaling events of B Cell Receptor (BCR)	1.11841366168e-08	5.50586e-07	EGFR|ERBB2|ERBB3|ERBB4|FGFR1|FGFR2|FGFR3|KIT|MAP3K7|MET
 KEGG:hsa04144	Endocytosis	1.26182035931e-08	6.08506e-07	EGFR|ERBB3|ERBB4|FGFR2|FGFR3|FLT1|KDR|KIT|MET|NTRK1|RET
 KEGG:hsa04015	Rap1 signaling pathway	2.06238228717e-08	9.74682e-07	BCAR1|EGFR|FGFR1|FGFR2|FGFR3|FLT1|KDR|KIT|MET|TEK
 REACT:R-HSA-2424491	DAP12 signaling	3.16899348984e-08	1.4683e-06	EGFR|ERBB2|ERBB3|ERBB4|FGFR1|FGFR2|FGFR3|KIT|MET|PTK2|RET|TEK
 REACT:R-HSA-881907	Gastrin-CREB signalling pathway via PKC and MAPK	3.94840489193e-08	1.79425e-06	EGFR|ERBB2|ERBB3|ERBB4|FGFR1|FGFR2|FGFR3|KALRN|KIT|MET|PTK2|RET|TEK
 REACT:R-HSA-177929	Signaling by EGFR	4.05040097018e-08	1.80587e-06	EGFR|ERBB2|ERBB3|ERBB4|FGFR1|FGFR2|FGFR3|KIT|MET|PTK2|RET|TEK
 KEGG:hsa04014	Ras signaling pathway	4.32008699924e-08	1.89044e-06	EGFR|FGFR1|FGFR2|FGFR3|FLT1|KDR|KIT|MET|TEK|ZAP70
 REACT:R-HSA-2172127	DAP12 interactions	4.99674311927e-08	2.14678e-06	EGFR|ERBB2|ERBB3|ERBB4|FGFR1|FGFR2|FGFR3|KIT|MET|PTK2|RET|TEK
 REACT:R-HSA-983705	Signaling by the B Cell Receptor (BCR)	5.7551852839e-08	2.42848e-06	EGFR|ERBB2|ERBB3|ERBB4|FGFR1|FGFR2|FGFR3|KIT|MAP3K7|MET
 KEGG:hsa04151	PI3K-Akt signaling pathway	2.02509102487e-07	8.39525e-06	EGFR|FGFR1|FGFR2|FGFR3|FLT1|KDR|KIT|MET|PTK2|RPTOR|TEK
 REACT:R-HSA-8847993	ERBB2 Activates PTK6 Signaling	2.31080328872e-07	9.41453e-06	EGFR|ERBB2|ERBB3|ERBB4
 REACT:R-HSA-6785631	ERBB2 Regulates Cell Motility	3.22448482915e-07	1.29143e-05	EGFR|ERBB2|ERBB3|ERBB4
 REACT:R-HSA-1963642	PI3K events in ERBB2 signaling	5.82515213732e-07	2.29414e-05	EGFR|ERBB2|ERBB3|ERBB4
 KEGG:hsa05200	Pathways in cancer	8.76191466936e-07	3.39416e-05	EGFR|ERBB2|FGFR1|FGFR2|FGFR3|FLT3|KIT|MET|NTRK1|PTK2|RET
 REACT:R-HSA-162582	Signal Transduction	1.73366221479e-06	6.55905e-05	AXL|BCAR1|EGFR|ERBB2|ERBB3|ERBB4|FES|FGFR1|FGFR2|FGFR3|FLT1|IRAK1|KALRN|KDR|KIT|LIMK2|MAP3K7|MET|NTRK1|NTRK2|PTK2|PTK2B|RET|ROR2|RPTOR|RYK|TEK
 REACT:R-HSA-1266738	Developmental Biology	1.74870871261e-06	6.55905e-05	EGFR|EPHA3|ERBB2|ERBB3|ERBB4|FES|FGFR1|FGFR2|FGFR3|KALRN|KDR|KIT|LIMK2|MET|PTK2|RET|TEK
 REACT:R-HSA-1250196	SHC1 events in ERBB2 signaling	2.29603090762e-06	8.47738e-05	EGFR|ERBB2|ERBB3|ERBB4
 KEGG:hsa05205	Proteoglycans in cancer	2.57836754447e-06	9.37336e-05	EGFR|ERBB2|ERBB3|ERBB4|FGFR1|KDR|MET|PTK2
 REACT:R-HSA-8863795	Downregulation of ERBB2 signaling	8.38142851356e-06	0.000300081	EGFR|ERBB2|ERBB3|ERBB4
 REACT:R-HSA-8848021	Signaling by PTK6	1.06189711826e-05	0.000374517	BCAR1|EGFR|ERBB2|ERBB3|ERBB4
 KEGG:hsa04722	Neurotrophin signaling pathway	1.27628269698e-05	0.000443508	IRAK1|IRAK3|IRAK4|NTRK1|NTRK2|NTRK3
 KEGG:hsa04020	Calcium signaling pathway	1.30915255192e-05	0.000448337	EGFR|ERBB2|ERBB3|ERBB4|PTK2B|SLC8A1|SLC8A3
 KEGG:hsa04520	Adherens junction	1.5131767321e-05	0.000510805	EGFR|ERBB2|FGFR1|MAP3K7|MET
 KEGG:hsa_M00415	"Fatty acid biosynthesis elongation endoplasmic reticulum"	2.22679954317e-05	0.000741117	ELOVL1|ELOVL4|ELOVL7
 KEGG:hsa04510	Focal adhesion	2.41964184714e-05	0.000794113	BCAR1|EGFR|ERBB2|FLT1|KDR|MET|PTK2
 REACT:R-HSA-5663202	Diseases of signal transduction	2.90460000798e-05	0.000940215	EGFR|ERBB2|ERBB3|ERBB4|FGFR1|FGFR2|FGFR3|KIT|MET
 KEGG:hsa_M00686	Toll-like receptor signaling	3.5206860953e-05	0.00112424	IRAK1|IRAK4|MAP3K7
 KEGG:hsa04012	ErbB signaling pathway	3.59593421776e-05	0.00112922	EGFR|ERBB2|ERBB3|ERBB4|PTK2
 KEGG:hsa04810	Regulation of actin cytoskeleton	3.63185517585e-05	0.00112922	BCAR1|EGFR|FGFR1|FGFR2|FGFR3|LIMK2|PTK2
 REACT:R-HSA-1963640	GRB2 events in ERBB2 signaling	4.31970943865e-05	0.00130865	EGFR|ERBB2|ERBB4
 REACT:R-HSA-8866910	TFAP2 (AP-2) family regulates transcription of growth factors and their receptors	4.31970943865e-05	0.00130865	EGFR|ERBB2|KIT
 REACT:R-HSA-446652	Interleukin-1 signaling	4.73834683212e-05	0.00141731	IRAK1|IRAK3|IRAK4|MAP3K7
 REACT:R-HSA-2682334	EPH-Ephrin signaling	5.80706974861e-05	0.00171526	EPHA3|KALRN|KDR|LIMK2|PTK2
 REACT:R-HSA-1227986	Signaling by ERBB2	6.6009887386e-05	0.0019257	EGFR|ERBB2|ERBB3|ERBB4
 REACT:R-HSA-168249	Innate Immune System	8.83058896849e-05	0.00254472	EGFR|ERBB2|ERBB3|ERBB4|FGFR1|FGFR2|FGFR3|IRAK1|IRAK3|IRAK4|KIT|MAP3K7|MET|PTK2|RET|TEK
 KEGG:hsa05130	Pathogenic Escherichia coli infection	9.61839153476e-05	0.00273834	OCLN|TUBA4A|TUBAL3|TUBB1
 KEGG:hsa04360	Axon guidance	0.000111617356155	0.00311333	EPHA3|FES|LIMK2|MET|PTK2|RYK
 REACT:R-HSA-1251932	PLCG1 events in ERBB2 signaling	0.00011330781712	0.00311333	EGFR|ERBB2
 REACT:R-HSA-194306	Neurophilin interactions with VEGF and VEGFR	0.00011330781712	0.00311333	FLT1|KDR
 KEGG:hsa04010	MAPK signaling pathway	0.000116547083748	0.00316553	EGFR|FGFR1|FGFR2|FGFR3|MAP3K7|NTRK1|NTRK2
 REACT:R-HSA-389977	Post-chaperonin tubulin folding pathway	0.00013367329814	0.00358943	TUBA4A|TUBAL3|TUBB1
 KEGG:hsa00062	Fatty acid elongation	0.000172527556767	0.0045807	ELOVL1|ELOVL4|ELOVL7
 REACT:R-HSA-1306955	GRB7 events in ERBB2 signaling	0.000188314224137	0.00488996	ERBB2|ERBB3
 REACT:R-HSA-187024	NGF-independant TRKA activation	0.000188314224137	0.00488996	NTRK1|NTRK2
 REACT:R-HSA-389960	Formation of tubulin folding intermediates by CCT/TriC	0.000194426967813	0.00499381	TUBA4A|TUBAL3|TUBB1
 REACT:R-HSA-400685	Sema4D in semaphorin signaling	0.000218052840608	0.00553553	ERBB2|LIMK2|MET
 REACT:R-HSA-373755	Semaphorin interactions	0.00022020302456	0.00553553	ERBB2|FES|LIMK2|MET
 REACT:R-HSA-75876	Synthesis of very long-chain fatty acyl-CoAs	0.000243462890882	0.00605582	ELOVL1|ELOVL4|ELOVL7
 REACT:R-HSA-187015	Activation of TRKA receptors	0.000281675583968	0.00693333	NTRK1|NTRK2
 REACT:R-HSA-109704	PI3K Cascade	0.000392057995811	0.00955086	FGFR1|FGFR2|FGFR3|RPTOR
 REACT:R-HSA-389958	Cooperation of Prefoldin and TriC/CCT in actin and tubulin folding	0.000436517956725	0.0104191	TUBA4A|TUBAL3|TUBB1
 REACT:R-HSA-3928663	EPHA-mediated growth cone collapse	0.000436517956725	0.0104191	EPHA3|KDR|PTK2
 REACT:R-HSA-194313	VEGF ligand-receptor interactions	0.000522837503256	0.0122323	FLT1|KDR
 REACT:R-HSA-195399	VEGF binds to VEGFR leading to receptor dimerization	0.000522837503256	0.0122323	FLT1|KDR
 KEGG:hsa05215	Prostate cancer	0.000565986441951	0.013112	EGFR|ERBB2|FGFR1|FGFR2
 KEGG:hsa04540	Gap junction	0.0005910246852	0.0135591	EGFR|TUBA4A|TUBAL3|TUBB1
 REACT:R-HSA-8864260	Transcriptional regulation by the AP-2 (TFAP2) family of transcription factors	0.000707450775655	0.0159443	EGFR|ERBB2|KIT
 REACT:R-HSA-1280218	Adaptive Immune System	0.000708483605906	0.0159443	EGFR|ERBB2|ERBB3|ERBB4|FGFR1|FGFR2|FGFR3|KIT|MAP3K7|MET|ZAP70
 KEGG:hsa04064	NF-kappa B signaling pathway	0.000758063843831	0.0167929	IRAK1|IRAK4|MAP3K7|ZAP70
 KEGG:hsa05219	Bladder cancer	0.000760942733869	0.0167929	EGFR|ERBB2|FGFR3
 REACT:R-HSA-166058	MyD88:Mal cascade initiated on plasma membrane	0.000788832766749	0.0167929	IRAK1|IRAK3|IRAK4|MAP3K7
 REACT:R-HSA-168179	Toll Like Receptor TLR1:TLR2 Cascade	0.000788832766749	0.0167929	IRAK1|IRAK3|IRAK4|MAP3K7
 REACT:R-HSA-168188	Toll Like Receptor TLR6:TLR2 Cascade	0.000788832766749	0.0167929	IRAK1|IRAK3|IRAK4|MAP3K7
 REACT:R-HSA-181438	Toll Like Receptor 2 (TLR2) Cascade	0.000788832766749	0.0167929	IRAK1|IRAK3|IRAK4|MAP3K7
 REACT:R-HSA-3928662	EPHB-mediated forward signaling	0.00081694406562	0.0172361	KALRN|LIMK2|PTK2
 REACT:R-HSA-1236394	Signaling by ERBB4	0.000875501048476	0.018308	EGFR|ERBB3|ERBB4
 KEGG:hsa04066	HIF-1 signaling pathway	0.000992268762737	0.0205678	EGFR|ERBB2|FLT1|TEK
 REACT:R-HSA-168256	Immune System	0.00106861193935	0.0219577	EGFR|ERBB2|ERBB3|ERBB4|FGFR1|FGFR2|FGFR3|FLT3|IRAK1|IRAK3|IRAK4|KIT|MAP3K7|MET|PTK2|PTK2B|RET|TEK|ZAP70
 KEGG:hsa05202	Transcriptional misregulation in cancer	0.00109923887364	0.0223923	FLT1|FLT3|MET|NTRK1|PTK2
 KEGG:hsa04060	Cytokine-cytokine receptor interaction	0.00113088531326	0.02284	EGFR|FLT1|FLT3|KDR|KIT|MET
 REACT:R-HSA-975110	TRAF6 mediated IRF7 activation in TLR7/8 or 9 signaling	0.00121859228362	0.0244028	IRAK1|IRAK4
 REACT:R-HSA-1358803	Downregulation of ERBB2:ERBB3 signaling	0.00143610577126	0.0280456	ERBB2|ERBB3
 REACT:R-HSA-391160	Signal regulatory protein (SIRP) family interactions	0.00143610577126	0.0280456	PTK2|PTK2B
 REACT:R-HSA-425561	Sodium/Calcium exchangers	0.00143610577126	0.0280456	SLC8A1|SLC8A3
 KEGG:hsa04670	Leukocyte transendothelial migration	0.00155506946139	0.0301199	BCAR1|OCLN|PTK2|PTK2B
 REACT:R-HSA-166054	Activated TLR4 signalling	0.00160591959696	0.0308519	IRAK1|IRAK3|IRAK4|MAP3K7
 REACT:R-HSA-418359	Reduction of cytosolic Ca++ levels	0.00167074786042	0.0318385	SLC8A1|SLC8A3
 REACT:R-HSA-75105	Fatty Acyl-CoA Biosynthesis	0.00170081045737	0.0321521	ELOVL1|ELOVL4|ELOVL7
 KEGG:hsa05206	MicroRNAs in cancer	0.00190396231962	0.0357068	EGFR|ERBB2|ERBB3|FGFR3|MET|RPTOR
 KEGG:hsa05223	Non-small cell lung cancer	0.00208981662911	0.0388838	ALK|EGFR|ERBB2
 REACT:R-HSA-372708	p130Cas linkage to MAPK signaling for integrins	0.00219082279576	0.0404446	BCAR1|PTK2
 REACT:R-HSA-166016	Toll Like Receptor 4 (TLR4) Cascade	0.00224403727132	0.0411059	IRAK1|IRAK3|IRAK4|MAP3K7
 REACT:R-HSA-1226099	Signaling by FGFR in disease	0.00264835920248	0.048139	FGFR1|FGFR2|FGFR3
