 KEGG:hsa04740	Olfactory transduction	0.0	0	OR10G3|OR10G4|OR10G7|OR10G8|OR10G9|OR10H1|OR10H5|OR10J1|OR10J5|OR10S1|OR12D3|OR14A16|OR14I1|OR14J1|OR1A1|OR1C1|OR1D2|OR1D5|OR1E2|OR1F1|OR1K1|OR1L1|OR1M1|OR1S2|OR2A2|OR2B6|OR2G3|OR2G6|OR2S2|OR2T12|OR2T2|OR2W3|OR3A3|OR4A16|OR4B1|OR4C12|OR4D1|OR4D10|OR4F17|OR4K15|OR4K5|OR4L1|OR4M1|OR4N5|OR4X2|OR52E2|OR52M1|OR56A3|OR5AP2|OR5B12|OR5D14|OR5H6|OR5I1|OR5M9|OR6C3|OR6C4|OR6C6|OR6C70|OR6S1|OR6V1|OR6X1|OR7A10|OR7A5|OR7C1|OR7C2|OR7D4|OR8D1|OR8G1|OR8G5|OR8H1|OR9A2|SLC8A1|SLC8A2|SLC8A3
 REACT:R-HSA-162582	Signal Transduction	0.0	0	ADORA3|AGTR1|APH1B|AVPR2|CCR2|CCR5|CRABP1|CRABP2|CX3CR1|FABP5|GPR132|GPR31|HRH4|KALRN|OR10G3|OR10G4|OR10G7|OR10G8|OR10G9|OR10H1|OR10H5|OR10J1|OR10J5|OR10S1|OR12D3|OR14A16|OR14I1|OR14J1|OR1A1|OR1C1|OR1D2|OR1D5|OR1E2|OR1F1|OR1K1|OR1L1|OR1M1|OR1S2|OR2A2|OR2B6|OR2G3|OR2G6|OR2S2|OR2T12|OR2T2|OR2T35|OR2W3|OR3A3|OR4A16|OR4B1|OR4C12|OR4D1|OR4D10|OR4F17|OR4K15|OR4K5|OR4L1|OR4M1|OR4N5|OR4X2|OR52E2|OR52M1|OR56A3|OR5AP2|OR5B12|OR5D14|OR5H6|OR5I1|OR5M9|OR6C3|OR6C4|OR6C6|OR6C70|OR6S1|OR6V1|OR6X1|OR7A10|OR7A5|OR7C1|OR7C2|OR7D4|OR8D1|OR8G1|OR8G5|OR8H1|OR9A2|PPP2R1A|PPP2R1B|PTGER1|PTGER3|RBP1|RBP2|TBXA2R
 REACT:R-HSA-372790	Signaling by GPCR	0.0	0	ADORA3|AGTR1|AVPR2|CCR2|CCR5|CX3CR1|GPR132|GPR31|HRH4|KALRN|OR10G3|OR10G4|OR10G7|OR10G8|OR10G9|OR10H1|OR10H5|OR10J1|OR10J5|OR10S1|OR12D3|OR14A16|OR14I1|OR14J1|OR1A1|OR1C1|OR1D2|OR1D5|OR1E2|OR1F1|OR1K1|OR1L1|OR1M1|OR1S2|OR2A2|OR2B6|OR2G3|OR2G6|OR2S2|OR2T12|OR2T2|OR2T35|OR2W3|OR3A3|OR4A16|OR4B1|OR4C12|OR4D1|OR4D10|OR4F17|OR4K15|OR4K5|OR4L1|OR4M1|OR4N5|OR4X2|OR52E2|OR52M1|OR56A3|OR5AP2|OR5B12|OR5D14|OR5H6|OR5I1|OR5M9|OR6C3|OR6C4|OR6C6|OR6C70|OR6S1|OR6V1|OR6X1|OR7A10|OR7A5|OR7C1|OR7C2|OR7D4|OR8D1|OR8G1|OR8G5|OR8H1|OR9A2|PPP2R1A|PPP2R1B|PTGER1|PTGER3|TBXA2R
 REACT:R-HSA-388396	GPCR downstream signaling	0.0	0	ADORA3|AGTR1|AVPR2|CCR2|CCR5|GPR132|HRH4|KALRN|OR10G3|OR10G4|OR10G7|OR10G8|OR10G9|OR10H1|OR10H5|OR10J1|OR10J5|OR10S1|OR12D3|OR14A16|OR14I1|OR14J1|OR1A1|OR1C1|OR1D2|OR1D5|OR1E2|OR1F1|OR1K1|OR1L1|OR1M1|OR1S2|OR2A2|OR2B6|OR2G3|OR2G6|OR2S2|OR2T12|OR2T2|OR2T35|OR2W3|OR3A3|OR4A16|OR4B1|OR4C12|OR4D1|OR4D10|OR4F17|OR4K15|OR4K5|OR4L1|OR4M1|OR4N5|OR4X2|OR52E2|OR52M1|OR56A3|OR5AP2|OR5B12|OR5D14|OR5H6|OR5I1|OR5M9|OR6C3|OR6C4|OR6C6|OR6C70|OR6S1|OR6V1|OR6X1|OR7A10|OR7A5|OR7C1|OR7C2|OR7D4|OR8D1|OR8G1|OR8G5|OR8H1|OR9A2|PTGER1|PTGER3|TBXA2R
 REACT:R-HSA-381753	Olfactory Signaling Pathway	4.75197659e-12	2.24578e-09	OR10G3|OR10G4|OR10G7|OR10G8|OR10G9|OR10H1|OR10H5|OR10J1|OR10J5|OR10S1|OR12D3|OR14A16|OR14I1|OR14J1|OR1A1|OR1C1|OR1D2|OR1D5|OR1E2|OR1F1|OR1K1|OR1L1|OR1M1|OR1S2|OR2A2|OR2B6|OR2G3|OR2G6|OR2S2|OR2T12|OR2T2|OR2T35|OR2W3|OR3A3|OR4A16|OR4B1|OR4C12|OR4D1|OR4D10|OR4F17|OR4K15|OR4K5|OR4L1|OR4M1|OR4N5|OR4X2|OR52E2|OR52M1|OR56A3|OR5AP2|OR5B12|OR5D14|OR5H6|OR5I1|OR5M9|OR6C3|OR6C4|OR6C6|OR6C70|OR6S1|OR6V1|OR6X1|OR7A10|OR7A5|OR7C1|OR7C2|OR7D4|OR8D1|OR8G1|OR8G5|OR8H1|OR9A2
 REACT:R-HSA-163560	Hormone-sensitive lipase (HSL)-mediated triacylglycerol hydrolysis	3.06910052927e-11	1.20871e-08	FABP1|FABP2|FABP3|FABP4|FABP5|FABP6|FABP7|FABP9
 KEGG:hsa03320	PPAR signaling pathway	1.86235035892e-05	0.00628676	FABP1|FABP2|FABP3|FABP4|FABP5|FABP6|FABP7
 REACT:R-HSA-73923	"Lipid digestion mobilization and transport"	5.43143010288e-05	0.0160431	FABP1|FABP2|FABP3|FABP4|FABP5|FABP6|FABP7|FABP9
 REACT:R-HSA-391908	Prostanoid ligand receptors	0.000120706710402	0.0316922	PTGER1|PTGER3|TBXA2R
