 KEGG:hsa_M00415	"Fatty acid biosynthesis elongation endoplasmic reticulum"	8.50878769665e-08	0.000201063	ELOVL1|ELOVL3|ELOVL4|ELOVL7
 REACT:R-HSA-383280	Nuclear Receptor transcription pathway	7.9118010865e-07	0.000863175	AR|NR3C1|NR3C2|NR4A3|PGR
 KEGG:hsa00062	Fatty acid elongation	1.46115110555e-06	0.000863175	ELOVL1|ELOVL3|ELOVL4|ELOVL7
 REACT:R-HSA-1251985	Nuclear signaling by ERBB4	1.46115110555e-06	0.000863175	APH1A|APH1B|NRG1|PGR
 REACT:R-HSA-75876	Synthesis of very long-chain fatty acyl-CoAs	2.34742362848e-06	0.00110939	ELOVL1|ELOVL3|ELOVL4|ELOVL7
 REACT:R-HSA-425561	Sodium/Calcium exchangers	1.06402078331e-05	0.00402614	SLC8A1|SLC8A2|SLC8A3
 REACT:R-HSA-418359	Reduction of cytosolic Ca++ levels	1.35096435193e-05	0.00402614	SLC8A1|SLC8A2|SLC8A3
 REACT:R-HSA-1236394	Signaling by ERBB4	1.36306149247e-05	0.00402614	APH1A|APH1B|NRG1|PGR
 REACT:R-HSA-75105	Fatty Acyl-CoA Biosynthesis	3.39877743095e-05	0.00892368	ELOVL1|ELOVL3|ELOVL4|ELOVL7
 KEGG:hsa_M00154	Cytochrome c oxidase	7.33421576778e-05	0.0173308	COX7A1|COX7A2|COX7A2L
 KEGG:hsa04260	Cardiac muscle contraction	0.000144427238742	0.0303928	COX7A1|COX7A2|COX7A2L|SLC8A1
 REACT:R-HSA-418360	Platelet calcium homeostasis	0.000160176330226	0.0303928	SLC8A1|SLC8A2|SLC8A3
 REACT:R-HSA-75109	Triglyceride Biosynthesis	0.000167205610573	0.0303928	ELOVL1|ELOVL3|ELOVL4|ELOVL7
 KEGG:hsa05010	Alzheimer's disease	0.000285874729248	0.0482516	APH1A|APH1B|COX7A1|COX7A2|COX7A2L
