 REACT:R-HSA-425366	"Transport of glucose and other sugars bile salts and organic acids metal ions and amine compounds"	0.0	0	SLC22A8|SLC2A1|SLC2A10|SLC2A11|SLC2A14|SLC2A2|SLC2A3|SLC2A5|SLC2A6|SLC2A8|SLC2A9|SLC39A8
 REACT:R-HSA-428790	Facilitative Na+-independent glucose transporters	0.0	0	SLC2A1|SLC2A10|SLC2A11|SLC2A14|SLC2A2|SLC2A3|SLC2A5|SLC2A6|SLC2A8|SLC2A9
 REACT:R-HSA-425407	SLC-mediated transmembrane transport	3.46729189804e-09	2.73107e-06	SLC22A8|SLC2A1|SLC2A10|SLC2A11|SLC2A14|SLC2A2|SLC2A3|SLC2A5|SLC2A6|SLC2A8|SLC2A9|SLC39A8
 REACT:R-HSA-428776	Class II GLUTs	3.39871929711e-07	0.000200779	SLC2A11|SLC2A5|SLC2A9
 REACT:R-HSA-216083	Integrin cell surface interactions	5.36988241095e-07	0.000253781	ITGB1|ITGB2|ITGB3|ITGB5|ITGB6|ITGB7
 KEGG:hsa04144	Endocytosis	1.98638415505e-06	0.000758735	ARFGEF1|ARFGEF2|GBF1|IL2RB|IL2RG|PSD|PSD2|PSD3|PSD4
 KEGG:hsa04151	PI3K-Akt signaling pathway	2.2476286935e-06	0.000758735	IL2RB|IL2RG|IL4R|ITGB1|ITGB3|ITGB5|ITGB6|ITGB7|PPP2R1A|PPP2R1B
 REACT:R-HSA-189200	Hexose transport	4.00228597897e-06	0.00118218	SLC2A1|SLC2A14|SLC2A2|SLC2A3|SLC2A5
 REACT:R-HSA-382551	Transmembrane transport of small molecules	6.18035007971e-06	0.00162269	CLCN2|SLC22A8|SLC2A1|SLC2A10|SLC2A11|SLC2A14|SLC2A2|SLC2A3|SLC2A5|SLC2A6|SLC2A8|SLC2A9|SLC39A8
 REACT:R-HSA-2129379	Molecules associated with elastic fibres	1.03718749656e-05	0.00245087	ITGB1|ITGB3|ITGB5|ITGB6
 KEGG:hsa05412	Arrhythmogenic right ventricular cardiomyopathy (ARVC)	1.66610599645e-05	0.0035791	ITGB1|ITGB3|ITGB5|ITGB6|ITGB7
 KEGG:hsa04512	ECM-receptor interaction	3.14111623161e-05	0.0060046	ITGB1|ITGB3|ITGB5|ITGB6|ITGB7
 KEGG:hsa05410	Hypertrophic cardiomyopathy (HCM)	3.33119058589e-05	0.0060046	ITGB1|ITGB3|ITGB5|ITGB6|ITGB7
 REACT:R-HSA-1566948	Elastic fibre formation	3.55753110366e-05	0.0060046	ITGB1|ITGB3|ITGB5|ITGB6
 KEGG:hsa05414	Dilated cardiomyopathy	4.66667781597e-05	0.00692474	ITGB1|ITGB3|ITGB5|ITGB6|ITGB7
 REACT:R-HSA-3000171	Non-integrin membrane-ECM interactions	4.68877697325e-05	0.00692474	ITGB1|ITGB3|ITGB5|NRXN1
 REACT:R-HSA-70153	Glucose transport	5.1183547585e-05	0.00711451	SLC2A1|SLC2A14|SLC2A2|SLC2A3
 REACT:R-HSA-3000170	Syndecan interactions	9.20671695692e-05	0.0120864	ITGB1|ITGB3|ITGB5
 KEGG:hsa04659	Th17 cell differentiation	0.000112470069991	0.0139877	IL21R|IL2RB|IL2RG|IL4R|PPP3R2
 REACT:R-HSA-3000178	ECM proteoglycans	0.000119467005989	0.014115	ITGB1|ITGB3|ITGB5|ITGB6
 REACT:R-HSA-6785807	Interleukin-4 and 13 signaling	0.000151683283277	0.017068	ANXA1|IL2RG|IL4R|ITGB1|ITGB2
 REACT:R-HSA-71387	Metabolism of carbohydrates	0.000330031409354	0.034607	PPP2R1A|PPP2R1B|SLC2A1|SLC2A14|SLC2A2|SLC2A3|SLC2A5
 REACT:R-HSA-1474244	Extracellular matrix organization	0.000336843284424	0.034607	ITGB1|ITGB2|ITGB3|ITGB5|ITGB6|ITGB7|NRXN1
 KEGG:hsa04810	Regulation of actin cytoskeleton	0.000352529192832	0.0347094	ITGB1|ITGB2|ITGB3|ITGB5|ITGB6|ITGB7
 REACT:R-HSA-163767	PP2A-mediated dephosphorylation of key metabolic factors	0.000408846813052	0.0386442	PPP2R1A|PPP2R1B
 REACT:R-HSA-113510	E2F mediated regulation of DNA replication	0.000462316846237	0.0420175	ORC3|PPP2R1A|PPP2R1B
 REACT:R-HSA-449147	Signaling by Interleukins	0.000503941726412	0.0441042	ANXA1|IL2RB|IL2RG|IL4R|ITGB1|ITGB2|ITGB3|PPP2R1A|PPP2R1B
 REACT:R-HSA-196836	Vitamin C (ascorbate) metabolism	0.000543563070224	0.0458728	SLC2A1|SLC2A3
