 REACT:R-HSA-162582	Signal Transduction	5.1692872205e-11	7.76306e-08	ADORA3|AVPR2|BTRC|CCR2|CCR5|CX3CR1|GNB4|GPR132|GPR31|HRH4|MC3R|MC4R|NUP43|OR10G7|OR10H5|OR10S1|OR1D2|OR4C12|OR4K5|OR52W1|OR5AK2|PAFAH1B1|PSEN2|PTGER1|PTGER3|RBBP5|RPTOR|TLE4
 REACT:R-HSA-388396	GPCR downstream signaling	6.57051080211e-11	7.76306e-08	ADORA3|AVPR2|CCR2|CCR5|GNB4|GPR132|HRH4|MC3R|MC4R|OR10G7|OR10H5|OR10S1|OR1D2|OR4C12|OR4K5|OR52W1|OR5AK2|PTGER1|PTGER3
 REACT:R-HSA-372790	Signaling by GPCR	1.24044441385e-10	9.77057e-08	ADORA3|AVPR2|CCR2|CCR5|CX3CR1|GNB4|GPR132|GPR31|HRH4|MC3R|MC4R|OR10G7|OR10H5|OR10S1|OR1D2|OR4C12|OR4K5|OR52W1|OR5AK2|PTGER1|PTGER3
 REACT:R-HSA-373076	Class A/1 (Rhodopsin-like receptors)	3.24080762226e-10	1.91451e-07	ADORA3|AVPR2|CCR2|CCR5|CX3CR1|GPR132|GPR31|HRH4|MC3R|MC4R|PTGER1|PTGER3
 REACT:R-HSA-500792	GPCR ligand binding	1.3638997709e-09	6.44579e-07	ADORA3|AVPR2|CCR2|CCR5|CX3CR1|GNB4|GPR132|GPR31|HRH4|MC3R|MC4R|PTGER1|PTGER3
 REACT:R-HSA-5684264	MAP3K8 (TPL2)-dependent MAPK1/3 activation	1.91495202534e-05	0.00754172	BTRC|FBXW11|TNIP2
 KEGG:hsa04080	Neuroactive ligand-receptor interaction	3.30100966756e-05	0.0103929	ADORA3|AVPR2|HRH4|MC3R|MC4R|PTGER1|PTGER3
 REACT:R-HSA-375276	Peptide ligand-binding receptors	3.51855537525e-05	0.0103929	AVPR2|CCR2|CCR5|CX3CR1|MC3R|MC4R
 KEGG:hsa04740	Olfactory transduction	6.061978487e-05	0.0159161	OR10G7|OR10H5|OR10S1|OR1D2|OR4C12|OR4K5|OR52W1|OR5AK2
 REACT:R-HSA-381753	Olfactory Signaling Pathway	7.90050148407e-05	0.0186689	OR10G7|OR10H5|OR10S1|OR1D2|OR4C12|OR4K5|OR52W1|OR5AK2
 KEGG:hsa_M00380	SCF-BTRC complex	0.000109671151332	0.0235594	BTRC|FBXW11
 REACT:R-HSA-418594	G alpha (i) signalling events	0.000146007171625	0.0287512	ADORA3|CCR2|CCR5|GNB4|HRH4|PTGER3
 REACT:R-HSA-2565942	Regulation of PLK1 Activity at G2/M Transition	0.000227352418133	0.0413257	BTRC|FBXW11|NEDD1|PAFAH1B1
