 REACT:R-HSA-2453902	The canonical retinoid cycle in rods (twilight vision)	1.63750124571e-11	2.62687e-08	LRAT|RBP1|RBP3|RBP4|RDH11|RDH12|RDH8|RLBP1
 REACT:R-HSA-163560	Hormone-sensitive lipase (HSL)-mediated triacylglycerol hydrolysis	2.22333262911e-11	2.62687e-08	FABP1|FABP2|FABP3|FABP4|FABP5|FABP6|FABP7|FABP9
 REACT:R-HSA-383280	Nuclear Receptor transcription pathway	5.93929350146e-11	4.67818e-08	AR|NR0B1|NR1I2|NR1I3|NR2C1|NR3C1|NR3C2|NR4A3|PGR|VDR
 REACT:R-HSA-556833	Metabolism of lipids and lipoproteins	7.07080061169e-10	4.17708e-07	CDIPT|CYP11B1|ELOVL1|ELOVL3|ELOVL4|ELOVL7|FABP1|FABP2|FABP3|FABP4|FABP5|FABP6|FABP7|FABP9|HSD3B7|OSBPL10|OSBPL3|OSBPL5|OSBPL6|OSBPL7|OSBPL8|OSBPL9|PTGR2|SRD5A1|SRD5A2|SRD5A3|TECR|TECRL|TMEM86B
 KEGG:hsa_M00415	"Fatty acid biosynthesis elongation endoplasmic reticulum"	1.01968975486e-07	4.81905e-05	ELOVL1|ELOVL3|ELOVL4|ELOVL7|TECR
 REACT:R-HSA-162582	Signal Transduction	2.29653492445e-07	8.46622e-05	ANXA1|APH1A|APH1B|AR|ATP6V0A1|AVPR2|CRABP1|CRABP2|CSF2RA|ERBB3|FABP5|GRP|HRH4|ITGB1|KALRN|LRAT|MC3R|MC4R|NR3C1|NRG1|NUP107|OR10H3|OR10J5|OR1A2|OR1D2|OR1D5|OR1E1|OR1E2|OR1J1|OR1N1|OR1S2|OR52W1|OR5B12|OR5H6|OR8D1|PGR|PPP2R1A|PPP2R1B|PTGER3|RBP1|RBP2|RBP3|RBP4|RDH11|RDH12|RDH13|RDH14|RDH8|RLBP1|TBXA2R
 REACT:R-HSA-75876	Synthesis of very long-chain fatty acyl-CoAs	2.50797880907e-07	8.46622e-05	ELOVL1|ELOVL3|ELOVL4|ELOVL7|TECR|TECRL
 REACT:R-HSA-2187338	Visual phototransduction	6.15503257806e-07	0.000162292	LRAT|RBP1|RBP2|RBP3|RBP4|RDH11|RDH12|RDH8|RLBP1
 KEGG:hsa04740	Olfactory transduction	6.18123886076e-07	0.000162292	OR10H3|OR10J5|OR1A2|OR1D2|OR1D5|OR1E1|OR1E2|OR1J1|OR1N1|OR1S2|OR52W1|OR5B12|OR5H6|OR8D1|SLC8A1|SLC8A2|SLC8A3
 REACT:R-HSA-194068	Bile acid and bile salt metabolism	3.59920531368e-06	0.000754383	FABP6|HSD3B7|OSBPL3|OSBPL6|OSBPL7|OSBPL9
 REACT:R-HSA-5362517	Signaling by Retinoic Acid	3.59920531368e-06	0.000754383	CRABP1|CRABP2|FABP5|RDH11|RDH13|RDH14
 KEGG:hsa00062	Fatty acid elongation	3.83097398848e-06	0.000754383	ELOVL1|ELOVL3|ELOVL4|ELOVL7|TECR
 KEGG:hsa03320	PPAR signaling pathway	6.44186690202e-06	0.00117093	FABP1|FABP2|FABP3|FABP4|FABP5|FABP6|FABP7
 REACT:R-HSA-75105	Fatty Acyl-CoA Biosynthesis	1.39646302045e-05	0.00235703	ELOVL1|ELOVL3|ELOVL4|ELOVL7|TECR|TECRL
 REACT:R-HSA-73923	"Lipid digestion mobilization and transport"	1.69063846576e-05	0.00266332	FABP1|FABP2|FABP3|FABP4|FABP5|FABP6|FABP7|FABP9
 REACT:R-HSA-192105	Synthesis of bile acids and bile salts	1.86963221165e-05	0.00276121	HSD3B7|OSBPL3|OSBPL6|OSBPL7|OSBPL9
 REACT:R-HSA-388396	GPCR downstream signaling	4.14370057532e-05	0.00575974	ANXA1|AVPR2|CSF2RA|GRP|HRH4|KALRN|MC3R|MC4R|OR10H3|OR10J5|OR1A2|OR1D2|OR1D5|OR1E1|OR1E2|OR1J1|OR1N1|OR1S2|OR52W1|OR5B12|OR5H6|OR8D1|PTGER3|TBXA2R
 REACT:R-HSA-1236394	Signaling by ERBB4	6.02762738563e-05	0.00751341	APH1A|APH1B|ERBB3|NRG1|PGR
 REACT:R-HSA-1430728	Metabolism	6.04125495578e-05	0.00751341	CDIPT|COX7A2L|CYP11B1|ELOVL1|ELOVL3|ELOVL4|ELOVL7|FABP1|FABP2|FABP3|FABP4|FABP5|FABP6|FABP7|FABP9|GATM|HSD3B7|LRAT|NUP107|OSBPL10|OSBPL3|OSBPL5|OSBPL6|OSBPL7|OSBPL8|OSBPL9|PPP2R1A|PPP2R1B|PTGR2|RBP1|RBP2|RBP4|RDH11|SRD5A1|SRD5A2|SRD5A3|TECR|TECRL|TMEM86B
 REACT:R-HSA-975634	Retinoid metabolism and transport	6.74739650337e-05	0.00757306	LRAT|RBP1|RBP2|RBP4|RDH11
 REACT:R-HSA-5365859	RA biosynthesis pathway	6.80960898961e-05	0.00757306	CRABP1|RDH11|RDH13|RDH14
 REACT:R-HSA-2453864	Retinoid cycle disease events	7.46095692389e-05	0.00757306	RBP1|RBP4|RLBP1
 REACT:R-HSA-2474795	Diseases associated with visual transduction	7.46095692389e-05	0.00757306	RBP1|RBP4|RLBP1
 REACT:R-HSA-372790	Signaling by GPCR	7.69164173646e-05	0.00757306	ANXA1|AVPR2|CSF2RA|ERBB3|GRP|HRH4|KALRN|MC3R|MC4R|NRG1|OR10H3|OR10J5|OR1A2|OR1D2|OR1D5|OR1E1|OR1E2|OR1J1|OR1N1|OR1S2|OR52W1|OR5B12|OR5H6|OR8D1|PPP2R1A|PPP2R1B|PTGER3|TBXA2R
 REACT:R-HSA-381753	Olfactory Signaling Pathway	8.62270276184e-05	0.00815018	OR10H3|OR10J5|OR1A2|OR1D2|OR1D5|OR1E1|OR1E2|OR1J1|OR1N1|OR1S2|OR52W1|OR5B12|OR5H6|OR8D1
 REACT:R-HSA-1251985	Nuclear signaling by ERBB4	9.58150030531e-05	0.00870811	APH1A|APH1B|NRG1|PGR
 REACT:R-HSA-75109	Triglyceride Biosynthesis	0.000141485055477	0.0121915	ELOVL1|ELOVL3|ELOVL4|ELOVL7|TECR|TECRL
 REACT:R-HSA-193048	Androgen biosynthesis	0.000144461441233	0.0121915	SRD5A1|SRD5A2|SRD5A3
 REACT:R-HSA-6806667	Metabolism of fat-soluble vitamins	0.000166180245257	0.0135408	LRAT|RBP1|RBP2|RBP4|RDH11
 REACT:R-HSA-425561	Sodium/Calcium exchangers	0.000246826645588	0.0194417	SLC8A1|SLC8A2|SLC8A3
 REACT:R-HSA-196071	Metabolism of steroid hormones	0.000258298689824	0.019689	CYP11B1|SRD5A1|SRD5A2|SRD5A3
 REACT:R-HSA-418359	Reduction of cytosolic Ca++ levels	0.000311894988212	0.0230315	SLC8A1|SLC8A2|SLC8A3
 REACT:R-HSA-113510	E2F mediated regulation of DNA replication	0.000328110929831	0.0234947	CDC45|ORC3|PPP2R1A|PPP2R1B
 KEGG:hsa00830	Retinol metabolism	0.000435562380755	0.0302716	LRAT|RDH11|RDH12|RDH8|RETSAT
